ticker,shares,price,position_market_value,average_daily_volume,average_daily_dollar_volume,position_shares_pct_adv,position_pct_of_daily_market_volume,position_value_pct_dollar_adv,liquidation_participation_rate,estimated_days_to_liquidate,estimated_full_trading_days
A,-1087,133.87,-145516.69,1967750.55,278165002.08500004,0.000552407417698346,0.055240741769834595,0.0005231308356884303,0.1,0.0055240741769834595,1
AA,4157,60.01,249461.56999999998,8795114.25,543140165.2639999,0.00047264877770064216,0.04726487777006422,0.0004592950143518591,0.1,0.004726487777006422,1
AAL,-17480,13.44,-234931.19999999998,57899545.0,881165181.418,0.0003019021997495835,0.03019021997495835,0.00026661425684335483,0.1,0.003019021997495835,1
AAMI,111,55.29,6137.19,205241.45,10744992.035,0.000540826426630683,0.0540826426630683,0.0005711674778361061,0.1,0.00540826426630683,1
AAOI,1655,45.23,74855.65,4572998.2,170799954.95874998,0.00036190698697410374,0.03619069869741037,0.0004382650453161913,0.1,0.0036190698697410374,1
AAON,-363,91.22,-33112.86,1029000.1,88185224.653,0.0003527696450175272,0.03527696450175272,0.00037549215449975636,0.1,0.003527696450175272,1
AAP,-1670,49.59,-82815.3,1996996.15,86270254.84700002,0.0008362559937834632,0.08362559937834632,0.0009599519573330649,0.1,0.008362559937834631,1
AAPL,411,256.44,105396.84,46487705.5,11981731656.6,8.841047231294304e-06,0.0008841047231294304,8.796461398127152e-06,0.1,8.841047231294303e-05,1
AAT,-3231,17.76,-57382.560000000005,466016.7,8533745.485000001,0.006933227929385363,0.6933227929385363,0.006724193977997458,0.1,0.06933227929385363,1
ABBV,2867,218.67,626926.89,6857637.75,1516659295.3845,0.0004180739934826683,0.04180739934826683,0.0004133603980194266,0.1,0.004180739934826682,1
ABCB,-1974,79.68,-157288.32,476014.0,37601636.842,0.004146936854798389,0.41469368547983887,0.004183017900548235,0.1,0.04146936854798389,1
ABEO,4196,4.83,20266.68,1259183.0,6539479.274499999,0.0033323194484042432,0.33323194484042434,0.0030991274915462695,0.1,0.03332319448404243,1
ABG,1087,243.89,265108.43,158348.3,38613061.8775,0.006864614271198365,0.6864614271198365,0.006865770729113815,0.1,0.06864614271198365,1
ABM,3719,44.79,166574.01,695871.9,30985084.43999999,0.0053443744459289125,0.5344374445928912,0.005375941780070233,0.1,0.05344374445928912,1
ABNB,-5282,131.55,-694847.1000000001,3901045.75,525198768.5224999,0.0013539959125062812,0.13539959125062812,0.0013230173824564713,0.1,0.013539959125062812,1
ABR,26301,7.74,203569.74000000002,3683313.75,29099341.190000005,0.007140580951052568,0.7140580951052568,0.006995682090217108,0.1,0.07140580951052568,1
ABT,2857,106.05,302984.85,10695302.15,1238837399.35,0.00026712662811494294,0.026712662811494294,0.00024457192700105097,0.1,0.002671266281149429,1
ABUS,964,4.14,3990.9599999999996,1588033.75,6985823.861749999,0.0006070399952142075,0.06070399952142075,0.000571294106318941,0.1,0.006070399952142074,1
ACA,489,113.05,55281.45,204855.45,22921984.236,0.0023870490143171686,0.23870490143171685,0.0024117218400830243,0.1,0.023870490143171684,1
ACAD,130,25.62,3330.6,1242484.3,33078805.144500006,0.0001046290886733941,0.01046290886733941,0.00010068682908740967,0.1,0.001046290886733941,1
ACGL,-2500,94.17,-235425.0,2236831.2,207601102.68649998,0.0011176525077082257,0.11176525077082257,0.0011340257684253109,0.1,0.011176525077082257,1
ACHC,-92,13.44,-1236.48,3599116.95,49887156.590500005,2.556182565837434e-05,0.002556182565837434,2.4785537691588188e-05,0.1,0.0002556182565837434,1
ACHR,-371,7.73,-2867.8300000000004,43927476.75,375349683.4735001,8.445738918978542e-06,0.0008445738918978542,7.640422055138009e-06,0.1,8.445738918978541e-05,1
ACI,-1089,16.69,-18175.41,10032855.9,170111259.0685,0.00010854337098572301,0.010854337098572302,0.00010684425063646827,0.1,0.00108543370985723,1
ACIC,132,10.81,1426.92,182206.75,2065539.2470000007,0.0007244517560408712,0.07244517560408711,0.0006908220224197945,0.1,0.007244517560408711,1
ACIW,2559,43.5,111316.5,610151.05,27465169.8025,0.004194043425804151,0.41940434258041515,0.004053006072799429,0.1,0.04194043425804151,1
ACLS,-21,91.23,-1915.8300000000002,526356.3,48340648.37675,3.98969291333646e-05,0.00398969291333646,3.963186395574787e-05,0.1,0.00039896929133364595,1
ACLX,5033,68.14,342948.62,952329.15,63949230.5645,0.005284937460960845,0.5284937460960845,0.005362826369804367,0.1,0.052849374609608445,1
ACM,668,97.49,65123.32,1281979.8,125456234.813,0.0005210690527261037,0.052106905272610374,0.0005190919374957346,0.1,0.005210690527261037,1
ACMR,-3115,55.79,-173785.85,1497184.95,74203056.5435,0.0020805712747780426,0.20805712747780425,0.0023420308824896137,0.1,0.020805712747780425,1
ACN,-1104,270.43,-298554.72000000003,4061886.25,1129405373.8445,0.0002717949080922687,0.02717949080922687,0.00026434682082635984,0.1,0.002717949080922687,1
ACT,1026,39.31,40332.060000000005,266742.05,10492898.861000001,0.003846412667219136,0.38464126672191357,0.0038437480942379205,0.1,0.03846412667219136,1
ACVA,31108,8.04,250108.31999999998,2185709.6,18676240.828,0.014232448812047126,1.4232448812047125,0.013391791330139083,0.1,0.14232448812047124,1
AD,-1251,46.59,-58284.090000000004,355019.75,19003531.715499997,0.003523747622491425,0.3523747622491425,0.0030670135884511038,0.1,0.03523747622491425,1
ADAM,-12371,8.44,-104411.23999999999,671352.55,5343993.019,0.01842697998242503,1.842697998242503,0.01953805696017508,0.1,0.1842697998242503,1
ADBE,1294,299.58,387656.51999999996,4585373.2,1432108771.4620001,0.0002822016755364645,0.02822016755364645,0.00027068929939186965,0.1,0.0028220167553646446,1
ADC,-3471,71.08,-246718.68,1391690.7,99862771.78050001,0.002494088664959822,0.24940886649598218,0.0024705771290055084,0.1,0.024940886649598218,1
ADEA,2739,18.37,50315.43,793136.1,14812847.69725,0.0034533795649952133,0.3453379564995213,0.0033967425459549582,0.1,0.03453379564995213,1
ADI,148,317.625,47008.5,3427230.55,1017506766.3484999,4.318355530531788e-05,0.004318355530531788,4.61996927732463e-05,0.1,0.00043183555305317876,1
ADM,75,67.4,5055.0,3446475.15,219793651.927,2.1761363925690863e-05,0.002176136392569086,2.2998844396465627e-05,0.1,0.00021761363925690863,1
ADMA,1703,16.33,27809.989999999998,2323068.0,41077778.025,0.0007330822860114297,0.07330822860114297,0.0006770081376620419,0.1,0.007330822860114297,1
ADNT,-3876,21.59,-83682.84,1301683.5,27700096.001500003,0.002977682362878534,0.29776823628785337,0.0030210306850730205,0.1,0.029776823628785337,1
ADP,1094,250.69,274254.86,2136374.3,551143146.27875,0.0005120825503283765,0.05120825503283765,0.000497610941643264,0.1,0.005120825503283764,1
ADSK,-2227,268.33,-597570.9099999999,1820821.6,494459043.37,0.0012230742429681194,0.12230742429681193,0.0012085346966803114,0.1,0.012230742429681193,1
ADT,-12949,7.95,-102944.55,5076012.4,41270303.91599999,0.0025510181968822613,0.25510181968822615,0.002494397671738241,0.1,0.025510181968822612,1
ADTN,21943,9.6,210652.8,1216423.1,11199211.556500003,0.018038953716022,1.8038953716022,0.01880960984951994,0.1,0.18038953716021996,1
ADUS,-247,102.48,-25312.56,183552.3,19956130.2955,0.001345665513316913,0.13456655133169132,0.0012684102391187458,0.1,0.01345665513316913,1
AEE,3816,103.58,395261.27999999997,1411913.4,143653176.66450003,0.0027027153365071824,0.27027153365071827,0.0027514969677498126,0.1,0.02702715336507182,1
AEIS,702,263.76,185159.52,534314.5,131039424.581,0.0013138329579302078,0.13138329579302077,0.001413006204751353,0.1,0.013138329579302077,1
AEO,1862,23.13,43068.06,6163259.45,159164929.83,0.000302112869838702,0.030211286983870198,0.00027058762282620855,0.1,0.0030211286983870198,1
AEP,613,119.12,73020.56,3317442.8,388612423.27500004,0.00018478088001999614,0.018478088001999612,0.0001879007350939146,0.1,0.0018478088001999612,1
AER,3087,142.64,440329.67999999993,936254.15,135239667.721,0.0032971816466714726,0.32971816466714726,0.003255921043139517,0.1,0.03297181646671472,1
AES,-3778,15.19,-57387.82,8800939.85,126699008.65699999,0.00042927233504498955,0.04292723350449895,0.00045294608543749944,0.1,0.004292723350449895,1
AFG,2241,128.45,287856.44999999995,444160.4,58358671.536,0.005045474562793081,0.5045474562793081,0.004932539456838535,0.1,0.05045474562793081,1
AFL,39,108.92,4247.88,2082839.15,228078108.11749998,1.872444158734005e-05,0.0018724441587340051,1.8624672201382878e-05,0.1,0.0001872444158734005,1
AFRM,-1010,65.36,-66013.6,5074213.75,377358432.80149996,0.00019904561568775064,0.019904561568775063,0.00017493606677851777,0.1,0.001990456156877506,1
AGCO,-1126,112.75,-126956.5,735821.75,81602019.0555,0.0015302619146552816,0.15302619146552815,0.0015558009650919673,0.1,0.015302619146552815,1
AGIO,1021,28.31,28904.51,976797.7,27290055.982,0.0010452522564293508,0.10452522564293508,0.0010591590584887352,0.1,0.010452522564293508,1
AGM,82,167.28,13716.960000000001,106191.55,18392376.0685,0.0007721895009537011,0.07721895009537011,0.0007457959726852569,0.1,0.00772189500953701,1
AGNC,-34534,12.02,-415098.68,20781341.75,238609782.76600003,0.0016617791293480845,0.16617791293480844,0.001739654909317273,0.1,0.016617791293480844,1
AGO,60,83.6,5016.0,288806.6,25118856.888500005,0.00020775148490373836,0.020775148490373836,0.00019969061578978305,0.1,0.0020775148490373833,1
AGX,229,358.87,82181.23,330849.35,115543416.194,0.0006921579262585827,0.06921579262585828,0.0007112584403945254,0.1,0.006921579262585827,1
AGYS,-230,85.67,-19704.100000000002,316500.45,33488009.638500005,0.0007266972290244769,0.07266972290244769,0.0005883926877919577,0.1,0.007266972290244768,1
AI,-154,13.13,-2022.0200000000002,6299387.35,84644840.90849999,2.444682180085338e-05,0.0024446821800853382,2.3888284014684115e-05,0.1,0.00024446821800853377,1
AIG,730,73.39,53574.7,5812751.7,438118635.3755,0.0001255859595722969,0.012558595957229688,0.0001222835453097824,0.1,0.0012558595957229688,1
AIN,-1034,55.56,-57449.04,293377.2,16422336.540500004,0.0035244729310934864,0.35244729310934864,0.0034982257158304997,0.1,0.035244729310934864,1
AIR,1808,104.06,188140.48,641388.35,61700427.8885,0.0028188850015750987,0.2818885001575099,0.0030492572975343414,0.1,0.028188850015750985,1
AIT,382,256.26,97891.31999999999,327865.9,89149672.8535,0.0011651104918199789,0.11651104918199788,0.0010980558522168127,0.1,0.011651104918199788,1
AIV,68960,5.84,402726.39999999997,1772946.45,10467465.325000001,0.03889570381553261,3.889570381553261,0.038474108821564205,0.1,0.38895703815532606,1
AIZ,-1323,237.29,-313934.67,323980.55,76789142.29900001,0.004083578474078151,0.4083578474078151,0.004088269000031378,0.1,0.040835784740781506,1
AJG,699,242.37,169416.63,1916243.05,489201543.4415,0.0003647762740744187,0.03647762740744187,0.0003463125418782725,0.1,0.0036477627407441866,1
AKAM,-24,102.1,-2450.3999999999996,3298602.95,308463622.531,7.275807474797778e-06,0.0007275807474797778,7.943886478068379e-06,0.1,7.275807474797777e-05,1
AKBA,39030,1.45,56593.5,3035844.95,4381311.025500001,0.012856387807289038,1.2856387807289038,0.012917024075811068,0.1,0.12856387807289038,1
AKR,-1101,19.41,-21370.41,1598701.4,32991512.478000004,0.0006886839531134457,0.06886839531134457,0.0006477547828172656,0.1,0.006886839531134457,1
ALB,2689,184.33,495663.37000000005,3457548.5,586958935.6995,0.000777718663960896,0.0777718663960896,0.0008444600462710398,0.1,0.00777718663960896,1
ALDX,-4400,5.42,-23848.0,865273.9,4054929.0415,0.005085095020201118,0.5085095020201118,0.005881237317824468,0.1,0.05085095020201118,1
ALG,1858,190.9,354692.2,102067.1,19021978.785499997,0.018203711088097926,1.8203711088097925,0.018646440730465615,0.1,0.18203711088097924,1
ALGM,895,34.55,30922.249999999996,2305323.7,73469769.202,0.00038823181317226726,0.03882318131722673,0.00042088399536115904,0.1,0.0038823181317226723,1
ALGN,-3279,164.92,-540772.6799999999,833479.95,139283166.09225,0.00393410783306785,0.39341078330678503,0.003882541553096485,0.1,0.0393410783306785,1
ALGT,136,86.75,11798.0,495951.0,44078882.905999996,0.0002742206387324554,0.027422063873245542,0.0002676565108321759,0.1,0.002742206387324554,1
ALHC,38,22.08,839.04,3121501.7,67709012.25675,1.217362784072807e-05,0.001217362784072807,1.2391851129335519e-05,0.1,0.0001217362784072807,1
ALK,666,52.37,34878.42,3611632.95,180551383.40749997,0.00018440412113307362,0.01844041211330736,0.0001931772514934448,0.1,0.0018440412113307362,1
ALKS,3118,33.9,105700.2,2136877.15,66491798.31400001,0.001459138631343407,0.1459138631343407,0.001589672751830876,0.1,0.01459138631343407,1
ALKT,-166,22.41,-3720.06,1465536.65,31754161.9345,0.00011326908815279373,0.011326908815279374,0.0001171518872919225,0.1,0.0011326908815279372,1
ALL,-286,197.33,-56436.380000000005,1813352.4,363499804.27900004,0.0001577189298671345,0.01577189298671345,0.00015525835044654637,0.1,0.0015771892986713447,1
ALLE,642,164.9,105865.8,807181.75,131867868.74050005,0.0007953599050028077,0.07953599050028076,0.000802817251929134,0.1,0.007953599050028076,1
ALLO,-3142,1.45,-4555.9,5454757.8,8592667.574499998,0.0005760109092286371,0.05760109092286371,0.0005302078732244107,0.1,0.005760109092286371,1
ALLY,7995,42.3,338188.5,3860347.55,168631063.35999998,0.0020710570477002776,0.20710570477002777,0.0020054934913030964,0.1,0.020710570477002775,1
ALNT,1007,59.89,60309.23,136015.05,8157936.807499999,0.007403592470097978,0.7403592470097978,0.007392706198037072,0.1,0.07403592470097978,1
ALNY,1534,349.58,536255.72,1394129.35,524787062.69200003,0.0011003283160203176,0.11003283160203176,0.0010218539253791226,0.1,0.011003283160203174,1
ALRM,-2366,48.72,-115271.52,323229.35,16382928.782499999,0.007319879831457138,0.7319879831457138,0.0070360752665378935,0.1,0.07319879831457138,1
ALSN,2303,110.59,254688.77000000002,783340.3,82991206.12,0.002939973852998499,0.29399738529984987,0.0030688645448981216,0.1,0.029399738529984988,1
ALV,2088,126.25,263610.0,621278.2,78082151.62900001,0.0033608132395438954,0.33608132395438955,0.0033760596307914016,0.1,0.03360813239543895,1
ALX,192,237.85,45667.2,85469.3,20113958.59,0.0022464206446057237,0.22464206446057236,0.0022704232881688557,0.1,0.022464206446057237,1
AMAL,7231,37.65,272247.14999999997,222301.45,7784759.714999999,0.03252790298938671,3.2527902989386708,0.03497181158660849,0.1,0.3252790298938671,1
AMAT,1163,336.75,391640.25,7263128.25,2235207646.86525,0.000160123841954739,0.0160123841954739,0.00017521425830358664,0.1,0.00160123841954739,1
AMBA,-3306,66.69,-220477.13999999998,1067999.25,74367302.5385,0.0030955077917891797,0.309550779178918,0.002964705354021128,0.1,0.030955077917891795,1
AMBP,-31398,4.41,-138465.18,927766.7,3982216.8950000005,0.033842559772839446,3.3842559772839444,0.03477087854603158,0.1,0.3384255977283944,1
AMC,-3732,1.43,-5336.76,40065794.5,63125641.171000004,9.3146786344147e-05,0.0093146786344147,8.454187396755844e-05,0.1,0.00093146786344147,1
AMCR,-1080,44.19,-47725.2,5349708.85,230030334.40249997,0.00020188014530921622,0.020188014530921623,0.00020747350615285336,0.1,0.002018801453092162,1
AMCX,2618,7.72,20210.96,364257.75,3123710.7189999996,0.007187218391372593,0.7187218391372593,0.006470176600242348,0.1,0.07187218391372592,1
AMD,827,252.74,209015.98,36096677.4,8324194247.344501,2.2910695930146748e-05,0.002291069593014675,2.5109454896091373e-05,0.1,0.00022910695930146747,1
AME,422,222.49,93890.78,1204348.45,259096240.867,0.0003503969303900379,0.03503969303900379,0.0003623780093675549,0.1,0.003503969303900379,1
AMG,182,313.58,57071.56,389716.85,120756396.6805,0.0004670057247973754,0.04670057247973754,0.0004726172821386946,0.1,0.0046700572479737535,1
AMGN,704,342.22,240922.88,2598455.4,871496561.6370001,0.000270930184139393,0.0270930184139393,0.00027644730984073616,0.1,0.0027093018413939297,1
AMH,2410,30.79,74203.9,4680610.9,147552978.49199998,0.0005148900542021128,0.05148900542021128,0.000502896659615876,0.1,0.005148900542021127,1
AMKR,-10001,50.96,-509650.96,4310065.55,214389469.439,0.00232038234314093,0.23203823431409298,0.002377220118756861,0.1,0.0232038234314093,1
AMN,-315,20.49,-6454.349999999999,1353421.1,24938853.281999998,0.00023274352675601112,0.02327435267560111,0.0002588070079652991,0.1,0.002327435267560111,1
AMP,1505,499.67,752003.35,505862.25,253960279.343,0.0029751182263550997,0.29751182263550996,0.0029611061696161573,0.1,0.029751182263550995,1
AMPH,9756,26.12,254826.72,323055.05,8727132.032249998,0.030199187414033615,3.0199187414033615,0.02919936573187165,0.1,0.3019918741403361,1
AMPL,-16387,9.9,-162231.30000000002,1203541.5,12662700.0645,0.013615650145840421,1.361565014584042,0.012811746244769471,0.1,0.13615650145840422,1
AMR,1095,215.74,236235.30000000002,259253.05,59119950.927999996,0.004223672585529852,0.42236725855298524,0.003995864277487346,0.1,0.04223672585529852,1
AMRC,-8229,33.31,-274107.99,517845.7,16301363.3815,0.015890833891253706,1.5890833891253706,0.016815034643732813,0.1,0.15890833891253706,1
AMRX,-22245,13.95,-310317.75,1865168.6,24941198.476,0.011926535756606668,1.1926535756606669,0.012441974281973954,0.1,0.11926535756606668,1
AMSF,4553,36.37,165592.61,136410.55,5153760.944,0.03337718380286569,3.3377183802865686,0.032130440623712404,0.1,0.33377183802865684,1
AMT,-1316,177.51,-233603.15999999997,3051769.95,539394090.6194999,0.00043122516492437443,0.043122516492437445,0.00043308438869195663,0.1,0.004312251649243744,1
AMZN,-905,243.01,-219924.05,39726996.1,9457793591.7315,2.278047899020485e-05,0.002278047899020485,2.325320888714141e-05,0.1,0.0002278047899020485,1
AN,240,215.93,51823.200000000004,274741.25,58697886.46099999,0.000873549203113839,0.0873549203113839,0.0008828801703862428,0.1,0.00873549203113839,1
ANAB,-1958,31.6287,-61928.9946,495117.5,15269819.34694,0.0039546168333779354,0.3954616833377935,0.004055646841192675,0.1,0.03954616833377935,1
ANDE,348,61.01,21231.48,284406.4,16183245.090000004,0.0012236011566547024,0.12236011566547024,0.0013119420661261204,0.1,0.012236011566547023,1
ANET,-649,150.15,-97447.35,7918775.7,1055412101.7459999,8.195711364826257e-05,0.008195711364826257,9.233109023365369e-05,0.1,0.0008195711364826256,1
ANF,564,96.51,54431.64,1884063.5,205147471.9305,0.0002993529676680218,0.029935296766802177,0.00026532932376783266,0.1,0.002993529676680218,1
ANGI,-1430,13.47,-19262.100000000002,813205.85,10600375.1415,0.0017584723474382287,0.17584723474382286,0.0018171149362997288,0.1,0.017584723474382287,1
ANGO,2334,10.01,23363.34,883230.2,9576658.986499999,0.002642572683769192,0.2642572683769192,0.002439612816216467,0.1,0.02642572683769192,1
ANIP,1794,79.51,142640.94,576238.1,46897159.379,0.003113296396055728,0.3113296396055728,0.0030415688687505655,0.1,0.03113296396055728,1
AON,586,333.0,195138.0,1039342.9,356088883.0805,0.0005638177737106782,0.056381777371067816,0.0005480036285094744,0.1,0.005638177737106781,1
AORT,54,41.29,2229.66,276853.55,12112711.582500001,0.00019504897083674744,0.019504897083674744,0.000184076041505135,0.1,0.0019504897083674744,1
AOS,-544,69.49,-37802.56,1237634.2,86932123.252,0.00043954829302551596,0.043954829302551596,0.00043485145175181596,0.1,0.004395482930255159,1
AOSL,-337,22.47,-7572.389999999999,293314.55,6438026.959000001,0.0011489372075132313,0.11489372075132312,0.0011761973114160734,0.1,0.011489372075132311,1
APA,-648,26.01,-16854.48,5590298.05,142012590.9515,0.00011591510760325204,0.011591510760325203,0.00011868299766290529,0.1,0.0011591510760325203,1
APAM,-88,44.23,-3892.24,397747.0,17191337.530500002,0.0002212461690471581,0.022124616904715812,0.00022640704907890875,0.1,0.002212461690471581,1
APD,-555,255.89,-142018.94999999998,1415605.0,368504835.6515,0.0003920585191490564,0.03920585191490564,0.00038539236465897893,0.1,0.003920585191490564,1
APEI,240,41.46,9950.4,247401.6,9851460.406,0.0009700826510418688,0.09700826510418688,0.0010100431397906996,0.1,0.009700826510418687,1
APG,2942,41.92,123328.64,2335690.45,96664985.063,0.0012595847193706683,0.12595847193706683,0.001275835711551834,0.1,0.012595847193706683,1
APH,-2348,145.96,-342714.08,10297867.55,1528010123.0254998,0.00022800837052910046,0.022800837052910045,0.00022428783346108808,0.1,0.0022800837052910044,1
APLD,1201,40.22,48304.22,41466268.95,1429406470.9815001,2.8963300301943367e-05,0.0028963300301943365,3.379320087087053e-05,0.1,0.00028963300301943363,1
APLE,-4190,11.48,-48101.200000000004,2310321.3,27989096.7415,0.0018136005585024041,0.1813600558502404,0.0017185692144426861,0.1,0.01813600558502404,1
APLS,3192,23.07,73639.44,3012374.1,69463939.9485,0.0010596293468331174,0.10596293468331175,0.001060110325653795,0.1,0.010596293468331174,1
APO,-367,132.89,-48770.63,2938304.4,414761157.94100004,0.00012490196727064765,0.012490196727064765,0.0001175872645406628,0.1,0.0012490196727064765,1
APOG,2341,38.06,89098.46,356570.6,12968299.815000001,0.006565319743130814,0.6565319743130814,0.00687048119422276,0.1,0.06565319743130814,1
APP,-652,542.36,-353618.72000000003,4953945.55,2917793187.173,0.0001316122661057508,0.01316122661057508,0.00012119389460313848,0.1,0.0013161226610575079,1
APPF,-610,218.0,-132980.0,292066.3,64739878.62750001,0.002088566876767364,0.2088566876767364,0.0020540662543583016,0.1,0.02088566876767364,1
APPN,5767,30.21,174221.07,953777.35,29842264.845,0.00604648453855609,0.604648453855609,0.0058380646008236985,0.1,0.0604648453855609,1
APTV,-3078,65.9136,-202882.0608,2314423.1,159445803.53819498,0.0013299210503040693,0.13299210503040693,0.0012724201973205267,0.1,0.013299210503040691,1
AR,-4927,34.46,-169784.42,6535851.35,217419710.0515,0.0007538421142335191,0.07538421142335192,0.000780906293913203,0.1,0.007538421142335191,1
ARCB,1211,85.98,104121.78,320424.2,27705943.718000002,0.003779364979299316,0.3779364979299316,0.0037581026316874434,0.1,0.037793649792993156,1
ARDX,155,7.86,1218.3,6702845.5,47517132.13350001,2.3124507345425163e-05,0.0023124507345425164,2.563917360536764e-05,0.1,0.00023124507345425162,1
ARE,-3455,54.61,-188677.55,2686308.1,147899036.87350005,0.0012861518006813887,0.12861518006813888,0.0012757185847084205,0.1,0.012861518006813887,1
ARES,-996,149.8,-149200.80000000002,1947344.25,318367834.719,0.0005114658078560069,0.05114658078560069,0.00046864282043972393,0.1,0.005114658078560069,1
ARI,-45628,10.68,-487307.04,1188177.4,12004830.098,0.038401673016167454,3.8401673016167455,0.040592581154579206,0.1,0.38401673016167454,1
ARLO,3164,12.87,40720.68,1111760.75,15127060.941499999,0.002845936052338599,0.2845936052338599,0.002691909562437589,0.1,0.02845936052338599,1
ARMK,13663,38.5,526025.5,2322659.9,89622963.787,0.005882479824101669,0.588247982410167,0.005869316052191315,0.1,0.05882479824101669,1
AROC,15857,28.37,449863.09,1295443.1,34552452.122499995,0.012240599374839388,1.224059937483939,0.013019715312970696,0.1,0.12240599374839388,1
ARQT,23,25.45,585.35,1553279.35,42828835.448,1.4807381556962048e-05,0.001480738155696205,1.3667193933178364e-05,0.1,0.00014807381556962047,1
ARR,22471,18.47,415039.37,3961522.45,73068882.07,0.005672314188198024,0.5672314188198024,0.005680111125860558,0.1,0.056723141881980244,1
ARVN,5212,12.93,67391.16,731700.2,8982557.581499998,0.007123135951035684,0.7123135951035684,0.00750244675734618,0.1,0.07123135951035683,1
ARW,-3269,128.41,-419772.29,508010.05,59432681.535500005,0.006434912065223906,0.6434912065223907,0.007062987554234178,0.1,0.06434912065223906,1
ARWR,2261,65.58,148276.38,2672096.15,178123508.53925,0.0008461521865521194,0.08461521865521195,0.0008324357700787536,0.1,0.008461521865521194,1
ASAN,13855,11.11,153929.05,3677012.1,43893913.14400001,0.003768005006021057,0.3768005006021057,0.003506842725437001,0.1,0.037680050060210565,1
ASB,1862,26.8,49901.6,2369864.1,63025577.98250002,0.0007856990618154012,0.07856990618154011,0.0007917674315316223,0.1,0.007856990618154012,1
ASC,567,12.26,6951.42,636993.15,7346574.407,0.000890119462038171,0.08901194620381711,0.000946212427029462,0.1,0.00890119462038171,1
ASH,442,62.12,27457.039999999997,576372.6,35846192.44950001,0.0007668650452849424,0.07668650452849424,0.000765968102154263,0.1,0.007668650452849424,1
ASIX,-9807,16.37,-160540.59,343177.35,5967934.926,0.028577060811268578,2.857706081126858,0.02690052622735317,0.1,0.2857706081126858,1
ASMB,-2985,26.42,-78863.70000000001,110919.35,3317718.61625,0.026911445117556134,2.6911445117556134,0.023770460705657807,0.1,0.2691144511755613,1
ASO,-489,55.13,-26958.57,1517933.85,84457556.67999999,0.0003221484256379156,0.03221484256379156,0.0003191966599524414,0.1,0.003221484256379156,1
ASTE,801,47.65,38167.65,180481.35,8518170.9865,0.004438131696155863,0.44381316961558626,0.004480733018918016,0.1,0.04438131696155862,1
ASTH,3424,22.0,75328.0,534007.15,13722805.738499999,0.00641189916651865,0.641189916651865,0.00548925645640116,0.1,0.06411899166518649,1
ASTS,-717,121.23,-86921.91,17681627.0,1764982766.9919999,4.055056698119466e-05,0.004055056698119466,4.924802192156134e-05,0.1,0.0004055056698119466,1
ASUR,267,9.81,2619.27,73955.25,703246.7724999998,0.0036102913586256555,0.3610291358625656,0.0037245389562026044,0.1,0.03610291358625655,1
ATEC,9509,15.26,145107.34,3786523.0,67670637.479,0.0025112748555865105,0.25112748555865105,0.002144317615524616,0.1,0.025112748555865105,1
ATEN,-1239,18.44,-22847.16,534479.45,9386878.590499999,0.0023181433823133892,0.23181433823133893,0.0024339464689702595,0.1,0.023181433823133892,1
ATEX,2874,27.91,80213.34,292677.1,7194728.885,0.009819695493771123,0.9819695493771122,0.011148903771375396,0.1,0.09819695493771122,1
ATI,1162,121.72,141438.63999999998,1317287.4,160684356.045,0.0008821157782272875,0.08821157782272875,0.0008802265726502324,0.1,0.008821157782272875,1
ATKR,583,68.36,39853.88,372512.15,25673919.3195,0.001565049623213632,0.15650496232136318,0.001552309933829618,0.1,0.015650496232136317,1
ATO,1853,166.0,307598.0,1327198.2,222523947.90150005,0.0013961742865534327,0.13961742865534327,0.0013823141414701031,0.1,0.013961742865534326,1
ATR,-1112,123.7,-137554.4,399836.55,49491158.315,0.002781136441878563,0.2781136441878563,0.002779373219040408,0.1,0.027811364418785626,1
ATRC,1256,37.77,47439.12,518292.0,20454228.27425,0.002423344369583169,0.2423344369583169,0.0023192818308242656,0.1,0.02423344369583169,1
ATRO,-927,63.6926,-59043.040199999996,921372.25,52118639.89529,0.0010061080090050466,0.10061080090050466,0.001132858422986893,0.1,0.010061080090050465,1
AUB,-3958,38.9,-153966.19999999998,1159753.05,44029149.4515,0.003412795508492088,0.3412795508492088,0.0034969151554835364,0.1,0.03412795508492088,1
AUR,-6464,4.5,-29088.0,17297867.65,76955568.15699999,0.0003736876782035039,0.037368767820350396,0.00037798434468908683,0.1,0.0037368767820350392,1
AVA,-286,40.36,-11542.96,572858.35,22690122.1625,0.000499250818286929,0.0499250818286929,0.000508721809311237,0.1,0.00499250818286929,1
AVAV,-494,306.94,-151628.36,1785352.35,590598274.87,0.00027669608186865746,0.027669608186865747,0.0002567368826693166,0.1,0.0027669608186865744,1
AVB,1946,172.97,336599.62,1121654.15,201053169.7375,0.0017349376365254836,0.17349376365254834,0.0016741821103316739,0.1,0.017349376365254833,1
AVGO,1228,333.24,409218.72000000003,24900507.3,8433205942.626999,4.931626433169094e-05,0.004931626433169094,4.852469188870843e-05,0.1,0.0004931626433169094,1
AVNS,-270,12.85,-3469.5,574231.05,7014304.183,0.00047019400988504537,0.04701940098850454,0.0004946320988486279,0.1,0.004701940098850454,1
AVNT,-220,36.16,-7955.199999999999,827024.9,28828229.6695,0.00026601375605498696,0.026601375605498696,0.0002759517351985206,0.1,0.0026601375605498695,1
AVPT,5338,12.4,66191.2,1915547.1,25257762.556,0.002786671233508171,0.27866712335081706,0.0026206280090425595,0.1,0.027866712335081707,1
AVT,-3631,59.96,-217714.76,1115669.3,58311132.3495,0.0032545486373067715,0.32545486373067717,0.0037336740211985756,0.1,0.032545486373067714,1
AVTR,-11302,11.05,-124887.1,11291981.1,134987281.571,0.001000887257949803,0.10008872579498031,0.0009251767910765167,0.1,0.01000887257949803,1
AVXL,54504,4.87,265434.48,1631181.55,7217932.3775,0.03341381589314813,3.341381589314813,0.03677430961079962,0.1,0.3341381589314813,1
AVY,709,184.87,131072.83000000002,604265.05,111938778.98600002,0.0011733261753265392,0.11733261753265392,0.0011709331760389585,0.1,0.011733261753265391,1
AWI,-819,183.61,-150376.59000000003,521711.9,100061567.94299999,0.001569831932144925,0.1569831932144925,0.001502840631936349,0.1,0.01569831932144925,1
AWK,1116,127.05,141787.8,1443309.6,187898938.5215,0.0007732228760897869,0.07732228760897869,0.0007545960669904273,0.1,0.007732228760897869,1
AWR,-1645,72.23,-118818.35,221356.7,16316843.511000004,0.007431444361069712,0.7431444361069712,0.007281944569726282,0.1,0.07431444361069711,1
AX,-2814,91.86,-258494.04,335590.35,30765160.449,0.008385223234219936,0.8385223234219936,0.008402167784189216,0.1,0.08385223234219935,1
AXGN,43,34.11,1466.73,1013793.55,33027627.74,4.241494730362015e-05,0.004241494730362015,4.440918407905006e-05,0.1,0.00042414947303620143,1
AXON,343,549.86,188601.98,644371.5,391702648.47300005,0.0005323016303483317,0.05323016303483317,0.000481492736225398,0.1,0.0053230163034833165,1
AXP,950,356.99,339140.5,2795903.95,1021674836.0309999,0.00033978277401124595,0.03397827740112459,0.00033194563283705044,0.1,0.003397827740112459,1
AXS,115,103.78,11934.7,670684.3,69036616.903,0.00017146666471840773,0.017146666471840773,0.00017287492544382452,0.1,0.0017146666471840773,1
AXSM,981,185.17,181651.77,883636.6,157380761.41099998,0.0011101848882221492,0.11101848882221492,0.001154218396018661,0.1,0.011101848882221491,1
AXTI,4513,16.83,75953.79,8134259.3,168039676.3495,0.0005548138845291052,0.055481388452910514,0.000451999144785463,0.1,0.005548138845291051,1
AYI,194,312.16,60559.04000000001,484433.85,159520640.1235,0.0004004674735260552,0.04004674735260552,0.00037963137530739303,0.1,0.004004674735260552,1
AZO,102,3782.14,385778.27999999997,186343.85,652722462.559,0.000547375188395002,0.0547375188395002,0.000591029575552763,0.1,0.00547375188395002,1
AZTA,3149,39.03,122905.47,508332.35,19432881.126000002,0.00619476608167865,0.619476608167865,0.0063246138955463495,0.1,0.061947660816786494,1
AZZ,155,123.15,19088.25,155270.45,18382724.192500003,0.0009982582004496026,0.09982582004496025,0.0010383798288062138,0.1,0.009982582004496025,1
BA,1244,241.59,300537.96,8886466.15,2128925287.9305,0.0001399881549090242,0.01399881549090242,0.00014116886191536997,0.1,0.001399881549090242,1
BAC,11485,51.81,595037.85,37820421.5,2035031086.5000005,0.00030367191967968943,0.030367191967968943,0.00029239742525181316,0.1,0.003036719196796894,1
BAH,-1145,91.1,-104309.5,2585563.4,242845883.60249996,0.0004428435210677874,0.04428435210677874,0.0004295296195785556,0.1,0.004428435210677873,1
BALL,-6708,56.26,-377392.07999999996,1992604.25,109870321.306,0.0033664487065105876,0.33664487065105875,0.0034348864690121796,0.1,0.03366448706510587,1
BANC,1258,20.06,25235.48,2185382.55,44306535.089,0.0005756429234780886,0.05756429234780886,0.0005695656396806623,0.1,0.005756429234780886,1
BAND,5268,13.98,73646.64,220272.55,3116742.2725,0.02391582609816793,2.391582609816793,0.02362936475364278,0.1,0.23915826098167928,1
BANF,-27,107.94,-2914.38,119939.1,13172719.041250002,0.0002251142454795809,0.02251142454795809,0.00022124361651331822,0.1,0.002251142454795809,1
BANR,-5769,60.88,-351216.72000000003,199857.6,12749907.2635,0.02886555227321853,2.886555227321853,0.027546609770680554,0.1,0.2886555227321853,1
BAP,1435,358.18,513988.3,445632.95,144628272.8135,0.0032201389057967995,0.32201389057967994,0.0035538576932519586,0.1,0.032201389057967995,1
BATRK,-2266,39.48,-89461.68,377673.9,14997866.527999997,0.005999885086049102,0.5999885086049102,0.005964960405067022,0.1,0.05999885086049102,1
BAX,-7685,19.61,-150702.85,8728448.1,174730260.257,0.0008804543387271788,0.08804543387271788,0.0008624885568094527,0.1,0.008804543387271787,1
BBBY,-744,6.52,-4850.88,2034271.55,13361112.875999998,0.0003657328835965877,0.03657328835965877,0.00036305957782255027,0.1,0.0036573288359658764,1
BBIO,298,77.49,23092.019999999997,2937512.2,225320303.11675,0.00010144638718436641,0.010144638718436641,0.00010248530505497694,0.1,0.001014463871843664,1
BBSI,847,36.65,31042.55,143222.55,5412957.2655,0.005913873199436821,0.5913873199436821,0.005734859611372264,0.1,0.05913873199436821,1
BBT,11486,28.18,323675.48,643946.75,17717134.153999995,0.017836878592833956,1.7836878592833956,0.018269065255507127,0.1,0.17836878592833955,1
BBW,-26,61.39,-1596.14,339802.1,22003145.7495,7.65151245386653e-05,0.00765151245386653,7.254144558108338e-05,0.1,0.000765151245386653,1
BBWI,11836,21.63,256012.68,4978372.15,109124753.5975,0.002377483973350606,0.2377483973350606,0.0023460550568048673,0.1,0.023774839733506057,1
BBY,-796,65.56,-52185.76,4302764.1,293237877.168,0.00018499736018528183,0.01849973601852818,0.00017796391279323737,0.1,0.0018499736018528182,1
BC,471,84.17,39644.07,991101.55,84342818.15200001,0.0004752287997128044,0.04752287997128044,0.0004700349225769844,0.1,0.004752287997128043,1
BCC,2492,80.85,201478.19999999998,357664.85,29041047.9115,0.006967416563299413,0.6967416563299413,0.006937704197657977,0.1,0.06967416563299413,1
BCO,1475,124.67,183888.25,221872.3,27291568.3305,0.006647968223162604,0.6647968223162604,0.006737914354100846,0.1,0.06647968223162604,1
BCPC,-1582,168.14,-265997.48,150845.7,24467205.003500003,0.010487537927829563,1.0487537927829562,0.010871592401418526,0.1,0.10487537927829563,1
BCRX,4754,6.66,31661.64,4912634.55,34771098.01450001,0.0009677088640757942,0.09677088640757942,0.0009105734879812158,0.1,0.009677088640757942,1
BCSF,-5949,13.17,-78348.33,384831.45,5295420.823000001,0.01545871575724905,1.5458715757249049,0.014795487010154847,0.1,0.15458715757249047,1
BDC,-782,118.67,-92799.94,238779.35,27923193.2045,0.0032749900692836294,0.3274990069283629,0.0033233999894053913,0.1,0.032749900692836294,1
BDX,-1217,201.92,-245736.63999999998,1670336.85,339281975.4845,0.0007285955524479987,0.07285955524479987,0.0007242843939737271,0.1,0.0072859555244799866,1
BE,-569,165.39,-94106.90999999999,12162272.85,1604459757.9905,4.6784018663090595e-05,0.00467840186630906,5.865333146021927e-05,0.1,0.00046784018663090595,1
BEAM,-5426,29.02,-157462.52,2088226.65,65387105.59175,0.0025983769529998096,0.25983769529998096,0.0024081585899080886,0.1,0.025983769529998094,1
BELFB,-302,207.78,-62749.56,156791.5,30313523.802250005,0.0019261248218175092,0.19261248218175092,0.0020700186626057128,0.1,0.01926124821817509,1
BEN,-3230,25.66,-82881.8,4362732.6,110153648.97849998,0.0007403616714900199,0.07403616714900199,0.0007524199222503927,0.1,0.007403616714900198,1
BEPC,2029,40.63,82438.27,891934.15,34968420.89749999,0.002274831611728287,0.2274831611728287,0.002357506226593543,0.1,0.02274831611728287,1
BF/B,9675,26.31,254549.25,4919864.1,131258631.19049999,0.001966517733691059,0.1966517733691059,0.0019392953262674533,0.1,0.01966517733691059,1
BFAM,1212,91.91,111394.92,561462.2,54940461.75450001,0.0021586493267044516,0.21586493267044515,0.002027557039796375,0.1,0.021586493267044513,1
BFH,900,68.2,61380.0,947040.05,68869176.73950002,0.0009503293973681472,0.09503293973681472,0.0008912550273712712,0.1,0.009503293973681472,1
BFS,3917,30.83,120761.11,69083.25,2194285.343,0.05669970651351811,5.669970651351811,0.05503436933817226,0.1,0.5669970651351811,1
BFST,486,26.96,13102.560000000001,116358.15,3131189.0695,0.004176759427680829,0.41767594276808284,0.004184531725544209,0.1,0.04176759427680828,1
BG,-3709,115.3,-427647.7,1724543.05,179127442.262,0.0021507146487297025,0.21507146487297024,0.002387393548412883,0.1,0.021507146487297023,1
BGC,-4964,8.99,-44626.36,1827800.05,16354512.650999999,0.002715833167856626,0.2715833167856626,0.0027286878522345525,0.1,0.02715833167856626,1
BGS,-2544,4.28,-10888.320000000002,1824299.4,7802273.266000001,0.001394507940966269,0.1394507940966269,0.0013955317416845779,0.1,0.01394507940966269,1
BH,45,382.08,17193.6,70534.8,29285453.3255,0.0006379829530954933,0.06379829530954934,0.0005871037681711026,0.1,0.006379829530954933,1
BH/A,-164,1987.05,-325876.2,15904.9,33547204.2945,0.010311287716364139,1.031128771636414,0.009713959981262187,0.1,0.10311287716364138,1
BHB,2797,32.89,91993.33,77248.55,2503593.802,0.036207799369696904,3.6207799369696905,0.03674451100115002,0.1,0.362077993696969,1
BHE,146,49.78,7267.88,210982.75,10023015.8925,0.0006919997013973892,0.06919997013973891,0.0007251190737349218,0.1,0.006919997013973891,1
BHVN,-52,12.18,-633.36,3220970.75,38027282.610999994,1.6144201247403443e-05,0.0016144201247403442,1.6655410445152098e-05,0.1,0.00016144201247403442,1
BIIB,-2184,174.83,-381828.72000000003,1505298.55,264447338.14900002,0.0014508749775916545,0.14508749775916546,0.001443874317936461,0.1,0.014508749775916544,1
BILL,1331,46.55,61958.049999999996,2515090.2,125733342.22600003,0.0005292056722259901,0.05292056722259901,0.0004927734275020955,0.1,0.0052920567222599,1
BIO,-132,299.79,-39572.280000000006,218240.6,68361752.5,0.0006048370468189695,0.06048370468189695,0.000578865791949965,0.1,0.0060483704681896944,1
BJ,3563,91.58,326299.54,1825515.9,169938215.23299998,0.001951777029167481,0.1951777029167481,0.0019201069021033033,0.1,0.01951777029167481,1
BJRI,481,41.34,19884.54,342097.7,14763913.145,0.0014060310841025824,0.14060310841025825,0.0013468339866747436,0.1,0.014060310841025823,1
BKD,8532,13.11,111854.51999999999,4598322.3,54803409.31049999,0.0018554593269810601,0.18554593269810601,0.0020410138968958154,0.1,0.0185545932698106,1
BKE,1892,47.91,90645.71999999999,556223.05,29810884.9345,0.0034015131160062494,0.34015131160062495,0.0030406920223658342,0.1,0.034015131160062495,1
BKH,61,72.16,4401.76,904920.85,64812683.75450001,6.740921042984036e-05,0.006740921042984036,6.791510156674204e-05,0.1,0.0006740921042984035,1
BKNG,92,203.409,18713.628,5081088.75,1064670687.41625,1.8106355650646726e-05,0.0018106355650646725,1.757691671348101e-05,0.1,0.00018106355650646724,1
BKR,4650,56.63,263329.5,9508253.4,493565867.17300004,0.0004890488089011174,0.04890488089011174,0.000533524535455164,0.1,0.0048904880890111736,1
BKU,1955,46.94,91767.7,993273.3,46599422.45149999,0.001968239758382713,0.1968239758382713,0.0019692883553548437,0.1,0.01968239758382713,1
BL,1626,51.82,84259.32,822471.9,44307477.54099999,0.001976967237421728,0.19769672374217281,0.0019016952594972376,0.1,0.01976967237421728,1
BLBD,1599,49.76,79566.23999999999,483194.3,23438021.284500003,0.0033092277785561628,0.3309227778556163,0.0033947507357465633,0.1,0.033092277785561626,1
BLD,-16,482.24,-7715.84,303429.4,141996490.56300002,5.273055280734167e-05,0.005273055280734167,5.43382443425719e-05,0.1,0.0005273055280734166,1
BLDR,605,117.09,70839.45,1977313.45,236071248.9725,0.0003059707099043907,0.03059707099043907,0.00030007656717337953,0.1,0.0030597070990439072,1
BLFS,-235,22.94,-5390.900000000001,292032.3,7232471.639,0.0008047055068908474,0.08047055068908474,0.0007453745094457605,0.1,0.008047055068908474,1
BLK,52,1121.67,58326.840000000004,732025.5,815401247.2129999,7.103577675914295e-05,0.007103577675914296,7.153145791640395e-05,0.1,0.0007103577675914295,1
BLKB,5140,54.87,282031.8,314245.7,18347003.556,0.01635662795067681,1.635662795067681,0.015372090550871857,0.1,0.16356627950676808,1
BLMN,14979,6.18,92570.22,2043808.55,14103672.414250001,0.007328964349424999,0.7328964349424999,0.006563554319828738,0.1,0.07328964349424999,1
BLX,43,47.61,2047.23,159891.65,7191747.525999999,0.00026893211746829805,0.026893211746829807,0.00028466377505588763,0.1,0.0026893211746829805,1
BMI,-69,146.32,-10096.08,359137.95,59585768.50699999,0.00019212673013252986,0.019212673013252985,0.0001694377743708036,0.1,0.0019212673013252984,1
BMRN,9070,56.68,514087.6,2032080.6,116971027.12749998,0.004463405634599336,0.4463405634599336,0.004394999450929311,0.1,0.04463405634599336,1
BMY,2410,54.62,131634.19999999998,11957689.8,659204120.1035,0.00020154394705907154,0.020154394705907155,0.00019968655532573494,0.1,0.002015439470590715,1
BNL,1812,17.95,32525.399999999998,1769069.4,32053586.837000005,0.0010242673351311148,0.10242673351311149,0.001014719512215568,0.1,0.010242673351311148,1
BOH,3556,74.14,263641.84,388632.95,27951668.3535,0.009150021890835556,0.9150021890835556,0.00943206096558411,0.1,0.09150021890835555,1
BOKF,-26,128.77,-3348.0200000000004,312163.4,39638671.24050001,8.328971301568345e-05,0.008328971301568344,8.446347708495407e-05,0.1,0.0008328971301568345,1
BOOT,378,172.29,65125.619999999995,689725.4,130119102.825,0.0005480441926598614,0.05480441926598614,0.0005005077547113805,0.1,0.005480441926598614,1
BOX,-2830,26.47,-74910.09999999999,2488495.8,69150393.51650001,0.0011372331831944423,0.11372331831944424,0.001083292461410587,0.1,0.011372331831944422,1
BPOP,-660,131.54,-86816.4,556088.3,70745161.4075,0.0011868618706777322,0.11868618706777322,0.0012271708520096218,0.1,0.011868618706777322,1
BPRN,-464,36.27,-16829.280000000002,14530.75,521785.41149999993,0.03193228154087022,3.193228154087022,0.03225325896256876,0.1,0.3193228154087022,1
BR,536,204.89,109821.04,705321.85,151993324.6865,0.0007599367579495801,0.07599367579495801,0.0007225385734966705,0.1,0.0075993675794958,1
BRBR,-56,24.78,-1387.68,4146796.45,104389269.6815,1.350440048727253e-05,0.001350440048727253,1.3293320321465248e-05,0.1,0.0001350440048727253,1
BRC,-1481,85.16,-126121.95999999999,155154.4,12851917.757499998,0.009545330329014196,0.9545330329014196,0.009813473940603064,0.1,0.09545330329014196,1
BRK/B,-632,473.49,-299245.68,4646021.7,2279452262.2790003,0.00013603035904890414,0.013603035904890414,0.00013127964333888424,0.1,0.0013603035904890413,1
BRKR,2961,46.55,137834.55,2505939.0,126522339.65949997,0.0011815930076510242,0.11815930076510242,0.001089408798248149,0.1,0.011815930076510241,1
BRO,-7474,72.1,-538875.3999999999,2904585.25,227698216.001,0.0025731728824278785,0.2573172882427878,0.0023666210893704734,0.1,0.025731728824278783,1
BROS,-2114,57.44,-121428.15999999999,3277570.7,199243929.09750003,0.0006449899005992456,0.06449899005992456,0.0006094447170863565,0.1,0.006449899005992455,1
BRSL,3694,13.94,51494.36,1644648.7,24185027.265000004,0.0022460723679166255,0.22460723679166256,0.0021291834586649985,0.1,0.022460723679166253,1
BRSP,2664,6.0,15984.0,646159.2,3781743.0160000003,0.004122822982323861,0.4122822982323861,0.004226622468098451,0.1,0.04122822982323861,1
BRX,1948,26.02,50686.96,2764925.65,72220510.46300001,0.0007045397405170732,0.07045397405170732,0.0007018360805683854,0.1,0.007045397405170732,1
BRZE,-4036,23.77,-95935.72,2350466.1,63587598.5395,0.0017171062369289222,0.17171062369289222,0.001508717457546469,0.1,0.01717106236928922,1
BSX,-376,93.79,-35265.04,11069649.95,1031634590.0020001,3.396674706954035e-05,0.003396674706954035,3.418365411723121e-05,0.1,0.0003396674706954035,1
BSY,-7347,37.35,-274410.45,2048514.8,79659598.19974999,0.003586500815127135,0.3586500815127135,0.0034447882766355862,0.1,0.035865008151271346,1
BTU,256,35.18,9006.08,3046885.35,106144042.42849998,8.40202274102634e-05,0.00840202274102634,8.48477200787469e-05,0.1,0.000840202274102634,1
BURL,-989,288.66,-285484.74000000005,814570.15,245970600.14449996,0.0012141372968307272,0.12141372968307272,0.0011606457838143533,0.1,0.012141372968307272,1
BUSE,-591,24.39,-14414.49,541189.8,13243762.062,0.001092038320012683,0.1092038320012683,0.001088398442415327,0.1,0.01092038320012683,1
BV,4891,13.12,64169.92,494505.25,6461054.895500001,0.009890693779287479,0.9890693779287479,0.009931802319880164,0.1,0.09890693779287478,1
BW,334,10.48,3500.32,3510898.6,28556938.6985,9.513234019347639e-05,0.009513234019347639,0.00012257336253566493,0.1,0.0009513234019347638,1
BWA,3692,48.28,178249.76,1830492.05,87199015.418,0.0020169440233296834,0.20169440233296834,0.0020441717047553374,0.1,0.020169440233296834,1
BWIN,-75,22.82,-1711.5,1198765.8,30357537.5455,6.256434743133313e-05,0.006256434743133313,5.6378090529734074e-05,0.1,0.0006256434743133312,1
BWXT,-409,216.3,-88466.70000000001,1119673.7,227604808.6185,0.0003652849932976009,0.03652849932976009,0.00038868554903109955,0.1,0.003652849932976009,1
BX,-3908,146.79,-573655.32,3600861.3,559408298.5455,0.0010852958985118366,0.10852958985118366,0.0010254680194976427,0.1,0.010852958985118365,1
BXC,319,68.65,21899.350000000002,91993.65,6535397.908,0.003467630646245692,0.34676306462456924,0.0033508824264843833,0.1,0.03467630646245692,1
BXMT,3500,19.27,67445.0,1377638.4,26596725.994,0.0025405795889545473,0.25405795889545474,0.002535838434219875,0.1,0.02540579588954547,1
BXP,-4458,64.15,-285980.7,1786927.65,118481300.5395,0.0024947848336221113,0.24947848336221112,0.0024137201288118716,0.1,0.02494784833622111,1
BY,-8236,30.99,-255233.63999999998,216391.85,6589017.113999999,0.03806058315042826,3.806058315042826,0.038736223564770064,0.1,0.3806058315042826,1
BYD,2736,83.5,228456.0,714225.05,61685238.017000005,0.0038307253435034233,0.38307253435034233,0.003703576533773594,0.1,0.03830725343503423,1
BZH,-683,23.58,-16105.14,412712.5,9344513.7415,0.0016549050489141957,0.1654905048914196,0.0017234861487201122,0.1,0.016549050489141955,1
C,3217,114.2,367381.4,14263476.0,1667428388.4115002,0.0002255410953122507,0.02255410953122507,0.00022032814275759765,0.1,0.002255410953122507,1
CAAP,3245,29.12,94494.40000000001,188876.85,5169774.9290000005,0.017180506769357916,1.7180506769357915,0.018278242534298925,0.1,0.17180506769357914,1
CABO,1496,72.84,108968.64,158497.9,14580356.705000002,0.00943861085856658,0.9438610858566581,0.0074736607755715384,0.1,0.0943861085856658,1
CAC,882,45.67,40280.94,99423.45,4512766.96725,0.008871146595697495,0.8871146595697494,0.008925996022468338,0.1,0.08871146595697495,1
CACC,-5,433.43,-2167.15,146054.6,66647885.092499994,3.423377284933169e-05,0.0034233772849331687,3.2516410640671225e-05,0.1,0.00034233772849331684,1
CACI,52,638.24,33188.48,337959.4,206039773.85649997,0.00015386463581128383,0.015386463581128383,0.00016107802575591402,0.1,0.0015386463581128383,1
CAG,1708,17.68,30197.44,12673763.65,217169370.67750007,0.00013476659713470356,0.013476659713470356,0.0001390501796169206,0.1,0.0013476659713470354,1
CAH,3488,210.39,733840.32,1665012.2,346728907.494,0.0020948795450267572,0.2094879545026757,0.0021164670846277756,0.1,0.020948795450267572,1
CAKE,-444,57.88,-25698.72,1272496.75,72891901.205,0.00034892034105391624,0.03489203410539162,0.0003525593320405423,0.1,0.0034892034105391623,1
CAL,7608,12.3,93578.40000000001,640120.45,8399218.329,0.011885263156332532,1.1885263156332533,0.011141322481986408,0.1,0.11885263156332532,1
CALM,-3618,81.4,-294505.2,1720204.0,134080395.84449999,0.0021032389181748212,0.21032389181748212,0.0021964821788082504,0.1,0.021032389181748212,1
CALX,2295,52.96,121543.2,839097.1,46003705.3645,0.0027350827454891693,0.2735082745489169,0.0026420306589867017,0.1,0.02735082745489169,1
CALY,13499,14.79,199650.21,3040083.25,43606165.640499994,0.004440338928218495,0.4440338928218495,0.004578485795929999,0.1,0.04440338928218495,1
CAMT,-1040,150.17,-156176.8,556381.55,76740124.77149999,0.0018692208611159012,0.1869220861115901,0.002035138729120251,0.1,0.01869220861115901,1
CAR,-6,115.1,-690.5999999999999,493213.2,61521085.049,1.2165124534379858e-05,0.0012165124534379858,1.1225419698790331e-05,0.1,0.00012165124534379857,1
CARG,244,33.42,8154.4800000000005,811302.4,29232462.564,0.00030075099001309496,0.030075099001309495,0.0002789528929404088,0.1,0.0030075099001309496,1
CARR,-6255,57.91,-362227.05,7369606.55,411450419.59099996,0.0008487563016508663,0.08487563016508663,0.0008803662185107742,0.1,0.008487563016508663,1
CARS,26511,11.66,309118.26,574084.55,6967446.1015,0.04617960890952386,4.617960890952387,0.04436607840187682,0.1,0.4617960890952386,1
CASH,-1407,85.71,-120593.96999999999,247765.55,19341736.832999997,0.005678755581637561,0.5678755581637561,0.006234909048821718,0.1,0.0567875558163756,1
CASS,5842,43.06,251556.52000000002,82186.65,3471959.64225,0.07108210396700682,7.108210396700682,0.07245375693277906,0.1,0.7108210396700682,1
CASY,-412,615.29,-253499.47999999998,320028.4,194232645.89249998,0.0012873857445151742,0.12873857445151743,0.0013051332273993827,0.1,0.01287385744515174,1
CAT,-748,643.28,-481173.44,2254927.45,1409115464.4299998,0.0003317179894191274,0.03317179894191274,0.00034147197454442745,0.1,0.003317179894191274,1
CATY,5150,49.98,257396.99999999997,360899.85,18081260.7905,0.014269886784380764,1.4269886784380765,0.014235567031655108,0.1,0.14269886784380764,1
CB,1277,303.65,387761.05,1552319.1,473476945.30599993,0.0008226401388735086,0.08226401388735087,0.0008189650073656633,0.1,0.008226401388735085,1
CBOE,-741,264.6,-196068.6,796678.65,210683783.02699995,0.0009301115324227654,0.09301115324227655,0.0009306297674314736,0.1,0.009301115324227654,1
CBRE,1001,169.5,169669.5,1219278.55,203702613.3665,0.0008209772902180555,0.08209772902180555,0.0008329274582979066,0.1,0.008209772902180555,1
CBRL,-1622,29.43,-47735.46,1764537.5,54294878.7365,0.0009192210423411234,0.09192210423411233,0.0008791889973945111,0.1,0.009192210423411232,1
CBSH,-3439,52.66,-181097.74,1203292.65,64458202.256000005,0.002857991362284146,0.28579913622841463,0.0028095375555271984,0.1,0.02857991362284146,1
CBT,880,71.49,62911.2,391024.65,27730178.4375,0.0022504975069985995,0.22504975069985994,0.0022686907746299998,0.1,0.022504975069985993,1
CBU,-2172,61.08,-132665.76,229676.5,14024390.820499998,0.009456779426715401,0.9456779426715402,0.00945964510672915,0.1,0.094567794267154,1
CBZ,8245,38.55,317844.75,805052.35,36356713.6405,0.010241570004733233,1.0241570004733234,0.008742394957445577,0.1,0.10241570004733233,1
CC,-3750,15.11,-56662.5,2868621.5,41903229.335,0.0013072480980847422,0.13072480980847423,0.001352222749874607,0.1,0.013072480980847422,1
CCBG,1039,40.17,41736.630000000005,74813.85,3231178.2604999994,0.013887802860031932,1.3887802860031933,0.01291684538430312,0.1,0.1388780286003193,1
CCC,-15450,7.91,-122209.5,7104801.0,57318725.45599999,0.0021745858891755025,0.21745858891755024,0.0021321042822875155,0.1,0.021745858891755024,1
CCEP,4095,91.03,372767.85,1533023.1,136107555.886,0.002671192625864542,0.2671192625864542,0.0027387741082664082,0.1,0.026711926258645418,1
CCI,5423,84.89,460358.47000000003,2769491.7,241600330.37150002,0.0019581210515994684,0.19581210515994685,0.0019054546377983987,0.1,0.019581210515994683,1
CCK,-2283,104.23,-237957.09,1014107.95,105186616.1545,0.0022512396239473325,0.22512396239473326,0.0022622373330318407,0.1,0.022512396239473324,1
CCL,1791,28.72,51437.52,17120216.25,516509575.94249994,0.00010461316456794172,0.010461316456794172,9.958676933750836e-05,0.1,0.001046131645679417,1
CCNE,-4337,26.85,-116448.45000000001,143654.75,3834425.9800000004,0.030190439230168165,3.0190439230168167,0.030369200137747868,0.1,0.30190439230168165,1
CCOI,5573,23.39,130352.47,873539.2,19589877.11425,0.006379793831805145,0.6379793831805145,0.0066540728785470255,0.1,0.06379793831805144,1
CCRN,13478,9.07,122245.46,696561.35,6014206.7335,0.01934933656597513,1.934933656597513,0.0203261153826115,0.1,0.19349336565975128,1
CCS,47,63.99,3007.53,276875.85,17997331.2655,0.00016975117186999157,0.016975117186999157,0.00016710977620139087,0.1,0.0016975117186999156,1
CDE,7513,25.62,192483.06,25901276.1,576373871.1635001,0.0002900629285983326,0.029006292859833263,0.00033395521488759213,0.1,0.002900629285983326,1
CDNA,2018,20.46,41288.28,764849.95,15045146.149500001,0.0026384260076110356,0.26384260076110355,0.0027442923843828625,0.1,0.026384260076110354,1
CDNS,94,320.49,30126.06,1727473.8,545215605.6845,5.4414718185595634e-05,0.005441471818559564,5.525531493578167e-05,0.1,0.0005441471818559563,1
CDP,-7598,29.55,-224520.9,1235933.5,36305896.35599999,0.006147579946655706,0.6147579946655707,0.006184144244737678,0.1,0.06147579946655706,1
CDRE,-148,40.34,-5970.320000000001,225280.75,9559468.708,0.0006569580401343657,0.06569580401343657,0.0006245451690221695,0.1,0.0065695804013436564,1
CDW,-1814,124.72,-226242.08,1462610.1,190956856.953,0.0012402485118898057,0.12402485118898057,0.0011847811260094457,0.1,0.012402485118898056,1
CDZI,8608,6.09,52422.72,954573.1,5945480.421999999,0.009017643593769822,0.9017643593769822,0.008817238688739223,0.1,0.09017643593769821,1
CE,-24,46.17,-1108.08,1989545.1,90900620.55400002,1.2063059037968026e-05,0.0012063059037968026,1.2190015791385481e-05,0.1,0.00012063059037968026,1
CECO,-2246,69.58,-156276.68,235958.9,15296594.99425,0.009518606842123778,0.9518606842123778,0.010216435753103518,0.1,0.09518606842123777,1
CEG,45,287.95,12957.75,3801431.05,1199427385.7749999,1.1837647298640338e-05,0.0011837647298640337,1.080328009321503e-05,0.1,0.00011837647298640337,1
CELC,-320,114.53,-36649.6,760064.95,82195351.6325,0.00042101665127434177,0.04210166512743418,0.0004458840952936415,0.1,0.004210166512743418,1
CELH,-2857,53.91,-154020.87,4029808.9,211728234.25700003,0.0007089666212211701,0.07089666212211701,0.0007274460609398288,0.1,0.007089666212211701,1
CENTA,112,29.08,3256.96,222023.3,6507835.7415,0.0005044515598137673,0.050445155981376735,0.0005004674563665768,0.1,0.005044515598137673,1
CENX,26,49.0,1274.0,2119529.2,96396421.8215,1.2266875115473756e-05,0.0012266875115473756,1.3216258196378928e-05,0.1,0.00012266875115473754,1
CERT,-3920,9.4,-36848.0,1913313.5,18107736.880499996,0.0020488017253837386,0.20488017253837387,0.0020349312696100177,0.1,0.020488017253837386,1
CEVA,11220,22.51,252562.2,287171.95,6538634.4520000005,0.03907066828776278,3.907066828776278,0.03862613850859146,0.1,0.3907066828776278,1
CF,-1294,93.17,-120561.98,2433158.55,206295123.16700003,0.0005318190218224785,0.05318190218224785,0.0005844150755924688,0.1,0.005318190218224785,1
CFFN,-60304,7.1,-428158.39999999997,985604.55,6692970.2485,0.06118478247690719,6.118478247690719,0.06397135862003227,0.1,0.6118478247690718,1
CFG,5436,62.92,342033.12,5403166.4,331839621.027,0.0010060767330800694,0.10060767330800693,0.0010307181491512449,0.1,0.010060767330800692,1
CFR,-1044,135.19,-141138.36,512556.75,69817924.32800001,0.002036847627116412,0.20368476271164118,0.0020215204241383813,0.1,0.020368476271164115,1
CG,9888,60.54,598619.52,2170657.85,137044981.52899998,0.0045553010576954815,0.45553010576954817,0.004368051374966449,0.1,0.045553010576954815,1
CGNX,660,39.05,25772.999999999996,1543962.75,60528408.23275001,0.0004274714529220345,0.042747145292203456,0.0004258000623590666,0.1,0.004274714529220345,1
CHCO,324,120.4,39009.6,85063.15,10365375.783249998,0.0038089348913131014,0.38089348913131016,0.0037634525574111685,0.1,0.03808934891313101,1
CHCT,213,16.66,3548.58,178194.65,2992978.7079999996,0.001195322081779672,0.1195322081779672,0.0011856348962707023,0.1,0.01195322081779672,1
CHD,-5212,91.48,-476793.76,2561134.35,227990957.9025,0.0020350357645236377,0.20350357645236378,0.0020912836385550875,0.1,0.020350357645236374,1
CHDN,1694,98.9,167536.6,725404.6,77680572.07699999,0.0023352484944264206,0.23352484944264207,0.0021567374636985324,0.1,0.023352484944264205,1
CHE,-139,432.56,-60125.840000000004,142033.6,63059288.646000005,0.0009786416735195053,0.09786416735195053,0.000953481101531803,0.1,0.009786416735195052,1
CHEF,3194,63.58,203074.52,441204.8,27528945.485000003,0.007239268475773609,0.7239268475773609,0.0073767634910189865,0.1,0.07239268475773608,1
CHH,-203,99.96,-20291.879999999997,812444.75,84525245.504,0.00024986314453998254,0.024986314453998255,0.00024006886793413363,0.1,0.0024986314453998254,1
CHKP,2558,180.24,461053.92000000004,1177676.9,218177813.74899998,0.0021720728325400626,0.21720728325400626,0.002113202584981505,0.1,0.021720728325400625,1
CHRD,-392,98.16,-38478.72,771224.15,71779271.11649999,0.0005082828383939999,0.050828283839399996,0.0005360700854366137,0.1,0.005082828383939999,1
CHRW,-482,184.28,-88822.96,1717538.3,297496155.57374996,0.0002806342076913219,0.02806342076913219,0.00029856842966154097,0.1,0.002806342076913219,1
CHTR,-834,182.81,-152463.54,1826189.55,361181638.983,0.00045668862796854795,0.045668862796854795,0.0004221242819244644,0.1,0.004566886279685479,1
CHWY,7591,31.02,235472.82,7359104.8,239510549.89800006,0.0010315113327371015,0.10315113327371014,0.0009831417451142774,0.1,0.010315113327371015,1
CI,-648,272.38,-176502.24,1473654.35,407901077.10499996,0.00043972319560553664,0.04397231956055366,0.00043270844306833155,0.1,0.0043972319560553665,1
CIEN,100,257.3,25730.0,2305898.9,552338761.602,4.336703573604203e-05,0.004336703573604203,4.658373047253259e-05,0.1,0.00043367035736042027,1
CIM,-21975,12.89,-283257.75,783654.2,10075362.525,0.028041705129634987,2.804170512963499,0.028113901539240146,0.1,0.28041705129634986,1
CINF,-1653,158.4,-261835.2,585341.7,94466357.63000001,0.0028239915249502986,0.28239915249502984,0.002771729603734061,0.1,0.028239915249502985,1
CL,-7692,85.0,-653820.0,6783530.9,559462544.694,0.0011339227481074788,0.11339227481074789,0.0011686573233559525,0.1,0.011339227481074788,1
CLB,-7993,18.82,-150428.26,339703.65,6326129.2865,0.023529332110502784,2.3529332110502783,0.02377887855074585,0.1,0.23529332110502782,1
CLBK,24792,7.2864,180644.42880000002,250273.0,1794318.8473999999,0.09905982666927715,9.905982666927715,0.10067576844648153,0.1,0.9905982666927715,1
CLF,8827,14.05,124019.35,15500734.15,210681017.80650002,0.0005694568989172684,0.05694568989172684,0.0005886593452567501,0.1,0.0056945689891726835,1
CLFD,3895,29.93,116577.35,131857.5,4073845.717500001,0.029539464952695143,2.9539464952695145,0.028616044417003616,0.1,0.29539464952695144,1
CLH,-1967,258.65,-508764.54999999993,422520.7,107830890.94549999,0.004655393215054315,0.46553932150543154,0.004718170698015843,0.1,0.046553932150543154,1
CLSK,-3398,13.45,-45703.1,30591153.3,385517099.0885,0.0001110778651159909,0.01110778651159909,0.00011855012425663721,0.1,0.001110778651159909,1
CLX,-2783,108.8,-302790.39999999997,2252952.65,241420246.18899995,0.0012352678606006211,0.12352678606006211,0.0012542046691599981,0.1,0.012352678606006211,1
CMC,2705,75.05,203010.25,1356958.6,100599136.77700001,0.001993428539382115,0.19934285393821152,0.002018011848849326,0.1,0.01993428539382115,1
CMCO,-164,20.75,-3403.0,319477.75,6415757.784499999,0.0005133377833041581,0.05133377833041581,0.0005304127921134116,0.1,0.005133377833041581,1
CMCSA,44,28.41,1250.04,34978725.45,1000757200.8275001,1.257907469009852e-06,0.0001257907469009852,1.2490941848496063e-06,0.1,1.257907469009852e-05,1
CME,-1464,286.05,-418777.2,1966372.3,539034457.8979999,0.000744518217633558,0.0744518217633558,0.0007769024667421988,0.1,0.00744518217633558,1
CMG,-324,39.16,-12687.839999999998,15300155.3,603411933.758,2.1176255642320177e-05,0.0021176255642320176,2.1026829749589426e-05,0.1,0.00021176255642320175,1
CMI,875,577.86,505627.5,780983.65,437195074.864,0.0011203819695841262,0.11203819695841262,0.0011565260659839032,0.1,0.011203819695841262,1
CMP,-722,25.9,-18699.8,452589.65,10448677.004500002,0.001595264054314985,0.15952640543149849,0.0017896811234519386,0.1,0.01595264054314985,1
CMPR,229,77.91,17841.39,126912.65,9428128.789,0.0018043906576688772,0.18043906576688773,0.001892357476153267,0.1,0.01804390657668877,1
CMRE,142,16.53,2347.26,490460.15,7839545.925999999,0.00028952403166699676,0.028952403166699676,0.0002994127494317329,0.1,0.0028952403166699675,1
CMS,968,71.8,69502.4,2604158.35,184254142.3035,0.0003717131871032343,0.03717131871032343,0.00037720943003559143,0.1,0.003717131871032343,1
CNA,9816,47.23,463609.68,341212.95,15929403.848999998,0.028767958543191283,2.8767958543191283,0.02910401948464029,0.1,0.2876795854319128,1
CNC,6258,41.9,262210.2,6347726.15,283896869.2485,0.0009858648360247866,0.09858648360247867,0.0009236107488402161,0.1,0.009858648360247866,1
CNH,-27130,10.76,-291918.8,12513984.6,130433913.2615,0.002167974539460437,0.2167974539460437,0.002238059049986084,0.1,0.021679745394604367,1
CNK,-7768,23.52,-182703.36,2805434.2,66004783.6475,0.002768911849723654,0.2768911849723654,0.002768032101669044,0.1,0.02768911849723654,1
CNM,-3664,55.2,-202252.80000000002,1893903.35,106254792.87799999,0.0019346288183079668,0.19346288183079668,0.0019034699002446259,0.1,0.019346288183079666,1
CNMD,407,38.69,15746.83,601469.0,25122361.9045,0.0006766766034492218,0.06766766034492218,0.0006268053163098242,0.1,0.006766766034492218,1
CNNE,-183,14.32,-2620.56,455810.0,7159019.0254999995,0.0004014830740878875,0.040148307408788754,0.0003660501516570526,0.1,0.004014830740878875,1
CNO,117,41.01,4798.17,509973.2,21458553.6455,0.00022942382070273497,0.022942382070273496,0.00022360174312149915,0.1,0.0022942382070273494,1
CNOB,552,27.85,15373.2,258227.05,6969656.1735,0.0021376536656403738,0.21376536656403738,0.002205732910965095,0.1,0.021376536656403735,1
CNP,2282,39.79,90800.78,4741588.5,184224844.45499998,0.0004812733116760343,0.048127331167603433,0.0004928802098795074,0.1,0.004812733116760343,1
CNR,-1844,93.91,-173170.04,665416.0,63373221.09749999,0.0027711987688904386,0.2771198768890439,0.002732542815420051,0.1,0.027711987688904385,1
CNS,3678,63.95,235208.1,364020.6,24378680.568,0.01010382379458745,1.010382379458745,0.00964810623544325,0.1,0.10103823794587449,1
CNX,13229,36.73,485901.17,1994665.2,72709123.21950002,0.006632190705487818,0.6632190705487818,0.00668280882074624,0.1,0.06632190705487817,1
CNXC,303,36.32,11004.960000000001,1134966.9,46940833.182000004,0.00026696813801354034,0.026696813801354035,0.00023444321828143387,0.1,0.0026696813801354033,1
CNXN,-785,57.88,-45435.8,63687.6,3684411.7704999996,0.012325790263724807,1.2325790263724807,0.012331900675106696,0.1,0.12325790263724806,1
COCO,-1787,54.17,-96801.79000000001,627430.4,33673226.2805,0.0028481246684891265,0.28481246684891265,0.0028747405785722836,0.1,0.028481246684891263,1
COF,-1614,218.41,-352513.74,6141267.8,1432260666.0535,0.0002628121835038687,0.02628121835038687,0.00024612401105123443,0.1,0.002628121835038687,1
COHR,3,221.14,663.42,4192720.7,809074709.547,7.155258398204297e-07,7.155258398204296e-05,8.199737208093527e-07,0.1,7.155258398204296e-06,1
COHU,-1116,28.99,-32352.839999999997,745143.6,20645946.052999996,0.0014976978933993394,0.14976978933993393,0.0015670311216035998,0.1,0.014976978933993393,1
COIN,-1262,209.43,-264300.66000000003,8667340.1,2039529566.9954998,0.00014560407061908187,0.014560407061908186,0.00012958903086134234,0.1,0.0014560407061908185,1
COKE,1521,149.5,227389.5,416322.85,62725179.404999994,0.0036534146516339423,0.3653414651633942,0.0036251709784966223,0.1,0.03653414651633942,1
COLB,-511,28.96,-14798.560000000001,2620578.2,75729648.3415,0.0001949951350430985,0.01949951350430985,0.00019541302942892923,0.1,0.001949951350430985,1
COLD,-3242,12.29,-39844.18,4955351.85,64886558.545,0.0006542421402427761,0.06542421402427762,0.0006140590731494465,0.1,0.006542421402427761,1
COLL,-3717,44.82,-166595.94,520759.1,24323328.894499995,0.007137657316021938,0.7137657316021938,0.006849224492362588,0.1,0.07137657316021938,1
COLM,-4116,53.88,-221770.08000000002,536151.45,29275826.628499996,0.007676935313706603,0.7676935313706603,0.0075751944706526925,0.1,0.07676935313706602,1
COO,-173,80.48,-13923.04,2196702.15,180971306.24400002,7.875441829926739e-05,0.007875441829926739,7.693506937076446e-05,0.1,0.0007875441829926738,1
COP,5362,101.39,543653.18,8597830.85,839541405.9725001,0.0006236456722104506,0.06236456722104507,0.0006475596988218206,0.1,0.006236456722104506,1
COR,-553,350.54,-193848.62000000002,1058332.8,367353812.36,0.0005225199483565094,0.05225199483565093,0.0005276891472955013,0.1,0.005225199483565093,1
CORT,2533,45.85,116138.05,3477389.05,134415667.99525002,0.0007284200771265442,0.07284200771265442,0.000864021670480439,0.1,0.0072842007712654415,1
COST,-279,960.78,-268057.62,2716847.05,2538403175.151,0.0001026925678425659,0.01026925678425659,0.00010560088429768619,0.1,0.001026925678425659,1
COUR,1712,6.18,10580.16,3637709.0,24356072.6985,0.0004706258801899767,0.04706258801899767,0.0004343951560241316,0.1,0.004706258801899767,1
CPAY,-1041,317.64,-330663.24,491708.45,157540686.43600002,0.0021171082172779417,0.21171082172779415,0.0020989069394104108,0.1,0.021171082172779417,1
CPB,-1286,26.98,-34696.28,7053682.1,188453298.0025,0.000182316126778665,0.0182316126778665,0.00018411076042585214,0.1,0.00182316126778665,1
CPF,-10357,31.86,-329974.02,139456.15,4428177.7025,0.07426707248120647,7.426707248120647,0.07451688757063833,0.1,0.7426707248120646,1
CPK,-618,125.85,-77775.3,112211.75,13979448.7845,0.005507444630352882,0.5507444630352882,0.0055635455445306944,0.1,0.05507444630352882,1
CPNG,690,20.33,14027.699999999999,23182397.65,492145706.2790001,2.9763961882519086e-05,0.0029763961882519085,2.8503144131968955e-05,0.1,0.00029763961882519084,1
CPRI,2373,23.04,54673.92,2354256.65,58733306.6225,0.0010079614726797098,0.10079614726797098,0.0009308844188087156,0.1,0.010079614726797097,1
CPRT,-235,40.62,-9545.699999999999,8176598.2,327449517.5635,2.874055863476329e-05,0.002874055863476329,2.915166915202087e-05,0.1,0.0002874055863476329,1
CPRX,-7298,24.2,-176611.6,1224394.25,28401318.578499995,0.005960498426058437,0.5960498426058437,0.006218429595508156,0.1,0.059604984260584366,1
CPS,1191,31.37,37361.67,207950.15,6811358.665000001,0.005727334171194394,0.5727334171194395,0.0054852008002429856,0.1,0.05727334171194394,1
CPT,2037,107.22,218407.13999999998,1265115.0,137423944.601,0.0016101303043596826,0.16101303043596826,0.0015892946504637785,0.1,0.016101303043596825,1
CR,-1807,182.27,-329361.89,437672.15,85727861.576,0.0041286611451059885,0.41286611451059885,0.0038419468763724153,0.1,0.041286611451059885,1
CRAI,39,186.74,7282.860000000001,124742.0,26173680.528,0.0003126452998989915,0.03126452998989915,0.00027825127582683547,0.1,0.0031264529989899147,1
CRBG,4059,30.38,123312.42,3903835.65,118643669.08200002,0.0010397466399488411,0.10397466399488411,0.0010393510328374387,0.1,0.01039746639948841,1
CRC,-962,50.88,-48946.560000000005,900757.4,42668332.154999994,0.001067990115873597,0.1067990115873597,0.0011471402215158838,0.1,0.01067990115873597,1
CRDO,11,129.66,1426.26,5790900.55,825087208.7255,1.8995318439720054e-06,0.00018995318439720055,1.7286172721100872e-06,0.1,1.8995318439720055e-05,1
CRGY,7853,9.25,72640.25,5920334.9,49860028.117,0.00132644523200875,0.132644523200875,0.0014568834544085021,0.1,0.0132644523200875,1
CRH,3760,122.46,460449.6,4617506.35,576284607.7520001,0.0008142923290186705,0.08142923290186704,0.0007989968737776025,0.1,0.008142923290186704,1
CRI,-1878,33.03,-62030.340000000004,1315096.05,46577854.204,0.0014280325760236295,0.14280325760236295,0.0013317560686312805,0.1,0.014280325760236294,1
CRK,-397,22.41,-8896.77,2561810.65,58135138.18549999,0.0001549685180674848,0.015496851806748481,0.00015303601707476503,0.1,0.001549685180674848,1
CRL,-1463,216.88,-317295.44,674570.2,146579560.861,0.0021687883633163757,0.21687883633163757,0.0021646636006836468,0.1,0.021687883633163756,1
CRM,2312,227.96,527043.52,8474580.65,2021647418.9309998,0.0002728158590360456,0.027281585903604563,0.00026070001873951314,0.1,0.002728158590360456,1
CRNX,-573,51.32,-29406.36,1550076.5,80170630.35625,0.0003696591748858847,0.03696591748858847,0.00036679716586146956,0.1,0.003696591748858847,1
CROX,110,82.87,9115.7,998881.2,85391624.50299999,0.00011012320584269681,0.011012320584269682,0.00010675168733532815,0.1,0.001101232058426968,1
CRS,977,331.61,323982.97000000003,810417.85,270205846.586,0.0012055509389384748,0.12055509389384748,0.0011990227972246486,0.1,0.012055509389384747,1
CRSP,-2302,53.69,-123594.37999999999,1787069.95,99433214.9535,0.0012881420786019036,0.12881420786019035,0.0012429888750735754,0.1,0.012881420786019036,1
CRUS,-3170,130.66,-414192.2,455351.0,56951079.636,0.006961662541643699,0.69616625416437,0.007272771695414537,0.1,0.06961662541643698,1
CRVL,-42,67.09,-2817.78,158743.75,11002705.483,0.00026457734556478604,0.026457734556478603,0.0002560988299063063,0.1,0.0026457734556478603,1
CRWD,-796,117.2975,-93368.81,10193600.8,1176262606.6220002,7.808820608317327e-05,0.007808820608317327,7.937752120518159e-05,0.1,0.0007808820608317327,1
CSCO,4009,78.96,316550.63999999996,17926239.65,1350747265.216,0.00022363864805299534,0.022363864805299533,0.00023435223461243124,0.1,0.0022363864805299534,1
CSGP,730,65.2,47596.0,7001209.85,446353835.4755,0.00010426769310449965,0.010426769310449965,0.0001066328912560952,0.1,0.0010426769310449965,1
CSIQ,4558,21.74,99090.92,4306351.35,93590521.763,0.0010584366275640748,0.10584366275640747,0.0010587708897587802,0.1,0.010584366275640748,1
CSL,-16,341.01,-5456.16,371969.35,128616787.572,4.30142967424601e-05,0.0043014296742460096,4.242183390675675e-05,0.1,0.00043014296742460093,1
CSR,75,63.97,4797.75,138955.15,9088853.74,0.0005397424996482678,0.05397424996482678,0.0005278718458065978,0.1,0.005397424996482678,1
CSTM,-12214,23.07,-281776.98,1365757.65,29367081.846999995,0.008943021479689315,0.8943021479689315,0.0095949942002421,0.1,0.08943021479689314,1
CSV,-1149,41.7,-47913.3,83196.0,3568633.3915,0.013810760132698687,1.3810760132698687,0.013426232045612468,0.1,0.13810760132698685,1
CSW,-895,299.96,-268464.19999999995,144255.5,45588208.066999994,0.006204269507921708,0.6204269507921708,0.005888895646116293,0.1,0.06204269507921708,1
CSX,-9401,37.38,-351409.38,15280159.15,552135169.0345,0.000615242282996771,0.061524228299677096,0.000636455345915562,0.1,0.006152422829967709,1
CTAS,1914,189.16,362052.24,1635308.8,313719309.53599995,0.0011704211461468317,0.11704211461468317,0.0011540642510513167,0.1,0.011704211461468316,1
CTBI,-570,60.14,-34279.8,73121.55,4362050.517250001,0.007795239570277161,0.7795239570277162,0.00785864351282462,0.1,0.07795239570277161,1
CTMX,-11221,5.9,-66203.90000000001,3265700.75,16553855.992999997,0.0034360159913611192,0.34360159913611193,0.003999303849688867,0.1,0.03436015991361119,1
CTO,854,17.39,14851.060000000001,244313.15,4442432.02,0.003495513851792259,0.3495513851792259,0.0033430021963509987,0.1,0.03495513851792259,1
CTRA,3799,27.79,105574.20999999999,10341834.45,268570253.27000004,0.0003673429523908111,0.03673429523908111,0.0003930971830073219,0.1,0.003673429523908111,1
CTRE,-1816,36.52,-66320.32,1736522.05,64182349.42549999,0.0010457684657675381,0.10457684657675381,0.001033310880540166,0.1,0.010457684657675381,1
CTS,-697,50.44,-35156.68,154045.9,7375742.1385,0.00452462545254369,0.452462545254369,0.0047665278069427995,0.1,0.045246254525436895,1
CTSH,-526,83.3,-43815.799999999996,4355902.5,367152705.34549993,0.00012075568725424869,0.012075568725424868,0.00011933944476527342,0.1,0.0012075568725424869,1
CTVA,4228,73.05,308855.39999999997,3625863.2,254360637.30749997,0.001166067158849236,0.1166067158849236,0.001214242122009706,0.1,0.01166067158849236,1
CUBE,-7473,37.07,-277024.11,2290801.05,85889961.197,0.003262177656152201,0.3262177656152201,0.003225337468305621,0.1,0.03262177656152201,1
CUBI,2194,76.51,167862.94,327738.1,25214434.934499998,0.0066943696811569975,0.6694369681156997,0.006657414311923335,0.1,0.06694369681156997,1
CUZ,-13841,24.82,-343533.62,1547145.7,40488163.1515,0.008946151613257885,0.8946151613257884,0.008484791436809669,0.1,0.08946151613257884,1
CVBF,3662,19.36,70896.31999999999,1365082.3,26679967.94775,0.0026826221393391443,0.2682622139339144,0.002657286550675144,0.1,0.026826221393391442,1
CVCO,57,616.11,35118.270000000004,192119.15,124901107.46849999,0.000296690881674211,0.0296690881674211,0.00028116860380006495,0.1,0.00296690881674211,1
CVI,2702,21.99,59416.979999999996,1498852.15,35686417.8755,0.0018027128292807267,0.18027128292807268,0.0016649746188392833,0.1,0.018027128292807264,1
CVLG,-9328,25.4,-236931.19999999998,146766.8,3690420.7649999997,0.06355660817024014,6.355660817024014,0.06420167647197812,0.1,0.6355660817024014,1
CVLT,1279,89.85,114918.15,1002474.75,108778935.96199998,0.0012758426085046032,0.12758426085046032,0.001056437526104729,0.1,0.01275842608504603,1
CVNA,-331,82.008,-27144.647999999997,18038150.5,1582744514.4264998,1.8349996580857886e-05,0.0018349996580857887,1.715036618518039e-05,0.1,0.00018349996580857886,1
CVS,100,74.03,7403.0,9605626.55,752221946.8465,1.0410565045337932e-05,0.0010410565045337933,9.841510249780936e-06,0.1,0.00010410565045337932,1
CVX,82,169.93,13934.26,11752550.75,1915656843.2779999,6.977208756150234e-06,0.0006977208756150234,7.27388104445482e-06,0.1,6.977208756150233e-05,1
CW,832,664.46,552830.72,216127.05,135482784.11849996,0.003849587545843984,0.3849587545843984,0.00408044995234573,0.1,0.03849587545843984,1
CWEN,6509,36.95,240507.55000000002,1205722.4,41670163.98099999,0.005398423385017978,0.5398423385017977,0.0057716967494935295,0.1,0.05398423385017977,1
CWH,1635,13.86,22661.1,2541462.05,31786200.531999994,0.0006433304797921339,0.06433304797921338,0.0007129225771160187,0.1,0.006433304797921338,1
CWK,-10115,16.53,-167200.95,1427009.25,23700987.5175,0.007088251179871469,0.7088251179871469,0.007054598458251773,0.1,0.07088251179871469,1
CWST,4085,104.39,426433.15,605861.35,62056329.697500005,0.006742466737645503,0.6742466737645503,0.006871710784035931,0.1,0.06742466737645503,1
CWT,1626,43.62,70926.12,317900.75,14082490.034,0.0051148039128564495,0.5114803912856449,0.0050364757815386215,0.1,0.05114803912856449,1
CXM,922,6.57,6057.54,1567287.1,11104204.8295,0.0005882776678248676,0.05882776678248676,0.0005455176748817914,0.1,0.005882776678248675,1
CXT,-32,50.14,-1604.48,496096.45,24852145.8505,6.450358594583775e-05,0.006450358594583775,6.456102461541444e-05,0.1,0.0006450358594583775,1
CXW,5585,18.47,103154.95,873954.5,17022215.0885,0.006390492868907935,0.6390492868907935,0.006060019184559019,0.1,0.06390492868907935,1
CYD,-1794,46.0,-82524.0,167746.85,7100120.625499999,0.010694686666247384,1.0694686666247384,0.011622901124188796,0.1,0.10694686666247383,1
CYRX,-811,9.78,-7931.58,344860.5,3617876.9230000004,0.0023516755325704163,0.23516755325704164,0.0021923299683238007,0.1,0.023516755325704162,1
CYTK,-661,65.14,-43057.54,1787867.15,113523264.59425001,0.00036971427099603013,0.036971427099603014,0.00037928384242555407,0.1,0.003697142709960301,1
CZR,-2869,21.28,-61052.32,4777182.0,113372657.16950002,0.0006005632609350031,0.06005632609350031,0.0005385100916239665,0.1,0.006005632609350031,1
D,2743,60.71,166527.53,5770612.75,342783178.06499994,0.00047533946893248033,0.04753394689324803,0.0004858100999589378,0.1,0.004753394689324803,1
DAKT,-7012,21.93,-153773.16,392131.25,8156827.023999999,0.017881767902966163,1.7881767902966164,0.018852080539105472,0.1,0.1788176790296616,1
DAL,-866,65.83,-57008.78,7747718.1,539047856.714,0.00011177484632539741,0.01117748463253974,0.00010575829082694391,0.1,0.001117748463253974,1
DAN,839,29.15,24456.85,1869917.25,51972043.68699999,0.0004486829564249434,0.044868295642494345,0.00047057703074542565,0.1,0.004486829564249434,1
DAR,1660,44.02,73073.20000000001,2329225.1,93499636.25100002,0.0007126833726804678,0.07126833726804678,0.0007815345912558934,0.1,0.007126833726804678,1
DASH,-669,206.66,-138255.54,3840526.85,826122319.874,0.00017419485037580194,0.017419485037580194,0.0001673548053042396,0.1,0.0017419485037580193,1
DAVE,3,174.89,524.67,499114.75,100054629.857,6.010641841380164e-06,0.0006010641841380164,5.243835300274145e-06,0.1,6.0106418413801636e-05,1
DBI,1135,6.51,7388.849999999999,924231.95,6917118.106999999,0.0012280467040768283,0.12280467040768284,0.0010681977502339619,0.1,0.012280467040768283,1
DBX,5292,26.23,138809.16,3298254.2,88243205.3355,0.0016044851849199495,0.16044851849199496,0.0015730294414425295,0.1,0.016044851849199494,1
DCI,-1457,101.75,-148249.75,606482.05,58786080.5335,0.0024023794273878344,0.24023794273878343,0.002521851238500549,0.1,0.02402379427387834,1
DCO,1245,111.12,138344.4,143708.85,15631105.287999999,0.008663349543190972,0.8663349543190972,0.008850583336944638,0.1,0.08663349543190972,1
DCOM,-238,33.22,-7906.36,341453.05,10763781.359,0.0006970211570814787,0.06970211570814787,0.0007345336862857398,0.1,0.0069702115708147865,1
DD,8287,133.8901,1109547.2587,1609217.6,208013520.93175998,0.0051497075348914895,0.514970753489149,0.005334015085798164,0.1,0.05149707534891489,1
DDOG,316,140.56,44416.96,5330671.4,690094430.433,5.927958718295785e-05,0.0059279587182957845,6.436359727194228e-05,0.1,0.0005927958718295785,1
DDS,-204,603.73,-123160.92,146681.65,95269530.679,0.0013907670114155384,0.13907670114155385,0.0012927629549785115,0.1,0.013907670114155384,1
DE,-387,525.01,-203178.87,1301460.6,650916906.2335,0.00029735821430168535,0.029735821430168535,0.00031214256083112813,0.1,0.0029735821430168534,1
DEA,-2862,22.54,-64509.479999999996,450934.85,10111262.289500002,0.006346814844760834,0.6346814844760834,0.006379963070188536,0.1,0.06346814844760834,1
DECK,-806,97.62,-78681.72,2659581.25,273312549.7605,0.00030305522720917063,0.030305522720917064,0.0002878818410239402,0.1,0.003030552272091706,1
DEI,16055,10.35,166169.25,2677750.1,29374048.994000006,0.005995705125732233,0.5995705125732234,0.005657008675717196,0.1,0.05995705125732233,1
DELL,4744,117.32,556566.08,6911742.45,821256057.2665001,0.000686368167552308,0.0686368167552308,0.0006777010349884002,0.1,0.006863681675523079,1
DFH,-1448,18.43,-26686.64,426204.9,7904508.2299999995,0.0033974269183671985,0.33974269183671985,0.0033761290675511134,0.1,0.03397426918367198,1
DFIN,-193,51.96,-10028.28,214520.75,11053806.444,0.0008996798677983366,0.08996798677983366,0.0009072241359394659,0.1,0.008996798677983366,1
DG,1409,145.04,204361.36,3310005.9,480805180.333,0.0004256789995449857,0.04256789995449857,0.00042503984640610926,0.1,0.004256789995449857,1
DGICA,-12480,18.16,-226636.8,108419.35,2088985.5985000003,0.11510860376860772,11.510860376860773,0.10849131758626623,0.1,1.1510860376860772,2
DGII,-5371,44.9,-241157.9,248987.85,10744536.295,0.021571333701624396,2.1571333701624393,0.022444700578862907,0.1,0.21571333701624396,1
DGX,-2998,182.74,-547854.52,980574.15,178313057.95000002,0.0030573924470678735,0.30573924470678737,0.003072430736696925,0.1,0.030573924470678734,1
DHC,-16318,5.56,-90728.07999999999,1746777.9,9718861.7905,0.009341771498254015,0.9341771498254015,0.009335257765336774,0.1,0.09341771498254015,1
DHI,-1307,150.17,-196272.18999999997,3606850.4,548976493.3420001,0.0003623660132951453,0.03623660132951453,0.0003575238509852311,0.1,0.0036236601329514527,1
DHR,-2135,224.54,-479392.89999999997,3412881.25,802642671.5189999,0.0006255711358254847,0.06255711358254847,0.0005972681456030112,0.1,0.0062557113582548465,1
DHT,1307,13.82,18062.74,2424574.15,31955396.925499998,0.0005390637362029122,0.05390637362029122,0.0005652484943970815,0.1,0.005390637362029122,1
DIN,-2264,34.05,-77089.2,427793.95,15319035.792499999,0.0052922674572653495,0.5292267457265349,0.005032248833685856,0.1,0.05292267457265349,1
DINO,1676,50.77,85090.52,2421286.9,119193447.573,0.0006921938907776687,0.06921938907776687,0.0007138858866204565,0.1,0.006921938907776686,1
DIOD,750,59.98,44985.0,288497.4,16066769.160500001,0.002599676808179207,0.2599676808179207,0.0027998784043400085,0.1,0.02599676808179207,1
DIS,-1989,109.56,-217914.84,9375720.25,1056526638.635,0.00021214370170654357,0.02121437017065436,0.00020625588795521453,0.1,0.0021214370170654358,1
DK,196,28.67,5619.320000000001,1445683.55,41865769.242,0.00013557600485943137,0.013557600485943138,0.000134222303847284,0.1,0.0013557600485943136,1
DKNG,4111,30.12,123823.32,12395404.1,410077532.5955,0.00033165518177822055,0.033165518177822054,0.00030195099745232613,0.1,0.0033165518177822053,1
DKS,-21,205.68,-4319.28,1165184.8,244082398.942,1.8022892162685266e-05,0.0018022892162685266,1.7695991266565548e-05,0.1,0.00018022892162685266,1
DLB,1402,61.19,85788.37999999999,675211.55,42600476.8085,0.0020763862821955577,0.20763862821955575,0.0020137891973754335,0.1,0.020763862821955574,1
DLR,-1833,163.21,-299163.93,1941378.65,307717871.385,0.000944174388649015,0.0944174388649015,0.0009722020000122197,0.1,0.00944174388649015,1
DLTR,-1148,119.1,-136726.8,3106925.2,405891415.48100007,0.000369497147855378,0.036949714785537796,0.00033685560912386485,0.1,0.00369497147855378,1
DLX,179,23.9,4278.099999999999,415803.75,9825121.955000002,0.0004304915479958995,0.04304915479958995,0.0004354246206402431,0.1,0.004304915479958995,1
DNLI,-1564,20.84,-32593.76,1653904.85,30630605.288,0.0009456408571508814,0.09456408571508813,0.0010640912803890656,0.1,0.009456408571508814,1
DNOW,-5417,14.88,-80604.96,2298356.1,32177278.3805,0.0023569019613627323,0.23569019613627323,0.0025050272756706495,0.1,0.023569019613627323,1
DOC,-18235,17.15,-312730.25,9031344.85,154802782.15099996,0.00201907914079928,0.20190791407992797,0.002020184945351642,0.1,0.020190791407992795,1
DOCN,-348,60.24,-20963.52,2630123.85,144973547.3495,0.0001323131608422166,0.01323131608422166,0.0001446023801118798,0.1,0.0013231316084221661,1
DOCS,-1205,38.73,-46669.649999999994,2541692.4,107886468.75700001,0.0004740935606527368,0.047409356065273675,0.00043258112474806455,0.1,0.004740935606527367,1
DOCU,6868,56.215,386084.62,3485741.9,214120370.475,0.0019703122597803354,0.19703122597803355,0.0018031195217135026,0.1,0.019703122597803352,1
DOMO,-133,6.29,-836.57,1183103.75,8077566.103499999,0.00011241617651875417,0.011241617651875417,0.00010356708806598504,0.1,0.0011241617651875416,1
DORM,623,122.46,76292.58,177386.3,22291116.93525,0.003512108883267761,0.3512108883267761,0.0034225552816222918,0.1,0.03512108883267761,1
DOV,-3376,206.0,-695456.0,1114427.6,227082882.5845,0.003029357851510497,0.3029357851510497,0.0030625646111446256,0.1,0.030293578515104967,1
DOW,1969,27.78,54698.82,11262670.6,301223535.00350004,0.000174825320736984,0.0174825320736984,0.00018158879915994755,0.1,0.0017482532073698398,1
DOX,2673,81.82,218704.86,893144.25,73748638.22199999,0.0029927976359921706,0.29927976359921704,0.0029655443852623985,0.1,0.029927976359921706,1
DPZ,-587,405.37,-237952.19,672497.35,273636544.702,0.000872865893077497,0.0872865893077497,0.0008695921455196653,0.1,0.00872865893077497,1
DRH,705,9.04,6373.2,2666725.0,24758500.522,0.0002643692169233798,0.026436921692337977,0.00025741461985296233,0.1,0.0026436921692337976,1
DRI,-2282,196.5,-448413.0,1692422.35,342106147.9165,0.001348363190783908,0.1348363190783908,0.0013107423024430623,0.1,0.01348363190783908,1
DRS,-2230,42.47,-94708.09999999999,1315880.25,52438369.59250001,0.0016946830838140477,0.16946830838140478,0.0018060839941435862,0.1,0.016946830838140477,1
DRVN,-4316,15.3,-66034.8,833135.2,12914241.4965,0.0051804316994408595,0.518043169944086,0.00511333166705119,0.1,0.05180431699440859,1
DSGR,6558,28.02,183755.16,66437.7,1930363.7595,0.0987090161158499,9.870901611584989,0.0951919860159393,0.1,0.9870901611584989,1
DT,10009,40.65,406865.85,4176730.0,171500286.317,0.002396372281665322,0.2396372281665322,0.0023723916661453955,0.1,0.02396372281665322,1
DTE,-583,136.56,-79614.48,1458890.75,194441947.1045,0.00039961868289315014,0.039961868289315014,0.00040945115591345296,0.1,0.003996186828931501,1
DTM,-909,124.31,-112997.79000000001,681515.45,81729609.033,0.001333792212634358,0.1333792212634358,0.0013825808215279095,0.1,0.013337922126343578,1
DUK,26,120.24,3126.24,3665564.45,433488180.86100006,7.0930412913623705e-06,0.0007093041291362371,7.211822923962125e-06,0.1,7.09304129136237e-05,1
DUOL,-10,142.8,-1428.0,1972587.7,317669582.85300004,5.069483095732575e-06,0.0005069483095732574,4.4952368028915116e-06,0.1,5.069483095732575e-05,1
DV,-10500,10.97,-115185.0,2082753.05,22770342.141500004,0.005041404212563751,0.504140421256375,0.0050585537663077095,0.1,0.05041404212563751,1
DVA,-842,105.88,-89150.95999999999,866750.45,94027912.62050001,0.0009714445490048491,0.09714445490048491,0.0009481329268662639,0.1,0.00971444549004849,1
DVN,1497,39.83,59625.509999999995,9348440.35,345731271.78950006,0.0001601336633655688,0.01601336633655688,0.00017246200984764618,0.1,0.001601336633655688,1
DX,199,14.64,2913.36,7275626.85,103834560.9505,2.7351595141248897e-05,0.00273515951412489,2.805771000841287e-05,0.1,0.00027351595141248894,1
DXC,13870,14.43,200144.1,1562111.3,23071226.841,0.008879008813264458,0.8879008813264458,0.008675052322935983,0.1,0.08879008813264458,1
DXCM,-76,73.36,-5575.36,5835571.1,412199161.264,1.302357536180135e-05,0.001302357536180135,1.3525888754609e-05,0.1,0.00013023575361801348,1
DXPE,292,128.39,37489.88,126760.9,14795202.4375,0.002303549438352047,0.23035494383520472,0.0025339213950177487,0.1,0.02303549438352047,1
DY,10,369.99,3699.9,310294.3,111511035.99249999,3.222746921229298e-05,0.0032227469212292976,3.3179675599541984e-05,0.1,0.00032227469212292977,1
EAF,1895,17.17,32537.15,193202.7,3336322.166,0.009808351539600637,0.9808351539600637,0.009752400512031367,0.1,0.09808351539600636,1
EAT,-569,156.64,-89128.15999999999,1184605.5,186787043.5055,0.0004803286832620649,0.04803286832620649,0.00047716457376967687,0.1,0.004803286832620649,1
EBAY,551,95.17,52438.67,4025422.75,370743162.2019999,0.00013688003328346074,0.013688003328346073,0.0001414420422174333,0.1,0.0013688003328346072,1
EBC,-849,19.93,-16920.57,1900880.65,37166877.8095,0.00044663508989898975,0.04466350898989897,0.0004552593867778432,0.1,0.004466350898989897,1
EBF,-564,18.98,-10704.72,188821.15,3532492.5245,0.0029869535271869704,0.298695352718697,0.0030303588544791553,0.1,0.029869535271869703,1
EBS,4357,11.71,51020.47,964715.8,11711607.8575,0.00451635600868152,0.451635600868152,0.0043564018383118065,0.1,0.0451635600868152,1
ECL,-193,281.46,-54321.78,1105410.1,302693143.72999996,0.0001745958355184198,0.01745958355184198,0.00017946154752832664,0.1,0.001745958355184198,1
ECPG,905,53.91,48788.549999999996,157898.7,8796785.926499998,0.00573152280544425,0.573152280544425,0.005546179071270367,0.1,0.057315228054442495,1
ECVT,-2394,10.73,-25687.620000000003,1104226.9,11602172.826,0.002168032675168482,0.21680326751684822,0.0022140352833251273,0.1,0.021680326751684822,1
ED,-2701,105.18,-284091.18,1832200.85,186629245.52800003,0.0014741833571357637,0.14741833571357638,0.0015222221961850976,0.1,0.014741833571357636,1
EE,-3243,36.27,-117623.61000000002,390546.35,12746056.632000001,0.008303751910624694,0.8303751910624694,0.009228235319831898,0.1,0.08303751910624693,1
EEFT,2013,72.32,145580.15999999997,565822.75,42012871.97,0.0035576512255825698,0.355765122558257,0.003465132307640238,0.1,0.0355765122558257,1
EEX,-166,4.62,-766.9200000000001,45906.95,214478.91,0.00361601021196137,0.361601021196137,0.0035757361877678325,0.1,0.0361601021196137,1
EFSC,-2266,56.105,-127133.93,169867.85,9460990.79375,0.013339781483076402,1.3339781483076403,0.013437697253017687,0.1,0.13339781483076402,1
EFX,3012,205.33,618453.9600000001,1595075.4,342004457.41349995,0.0018883119882608685,0.18883119882608684,0.0018083213437544742,0.1,0.018883119882608684,1
EG,10,324.91,3249.1000000000004,319375.9,104922643.816,3.131106636411827e-05,0.0031311066364118267,3.096662342685397e-05,0.1,0.00031311066364118266,1
EGBN,2039,25.84,52687.76,446283.95,10804733.124000002,0.004568840084883178,0.4568840084883178,0.004876359221031325,0.1,0.04568840084883178,1
EGP,-1824,177.56,-323869.44,339065.65,61780306.769499995,0.005379489193316987,0.5379489193316986,0.005242276332623998,0.1,0.053794891933169865,1
EGY,-4024,4.89,-19677.359999999997,1230319.1,5185209.5770000005,0.003270696195808063,0.32706961958080627,0.0037949015768393877,0.1,0.03270696195808063,1
EHC,1737,95.7,166230.9,1162497.5,117749444.9665,0.0014941967617134661,0.1494196761713466,0.0014117340429697404,0.1,0.01494196761713466,1
EIG,-1818,43.65,-79355.7,283691.55,12499954.0075,0.006408368525604658,0.6408368525604659,0.006348479358594951,0.1,0.06408368525604657,1
EIX,366,62.25,22783.5,3005758.5,182458416.578,0.00012176626964541563,0.012176626964541562,0.00012486954796223486,0.1,0.0012176626964541563,1
EL,2373,114.62,271993.26,3289009.15,372932694.829,0.0007214938882125031,0.07214938882125031,0.0007293360538547485,0.1,0.007214938882125031,1
ELAN,-1678,24.12,-40473.36,4721815.15,113094425.6645,0.0003553718107749305,0.03553718107749305,0.0003578722802843188,0.1,0.0035537181077493047,1
ELF,1584,84.98,134608.32,1790988.8,152968445.487,0.0008844276413118831,0.0884427641311883,0.000879974425911517,0.1,0.00884427641311883,1
ELS,-5817,61.92,-360188.64,1638827.05,101054796.99,0.003549489862276803,0.35494898622768034,0.0035642903724366786,0.1,0.03549489862276803,1
ELV,332,341.85,113494.20000000001,1622051.15,580238253.2405001,0.00020467911878118024,0.020467911878118025,0.00019559930660579587,0.1,0.002046791187811802,1
EME,-404,727.35,-293849.4,336237.15,225157202.42599997,0.0012015329061645923,0.12015329061645923,0.0013050854995259428,0.1,0.012015329061645923,1
EMN,1586,69.03,109481.58,1516792.2,102924095.223,0.0010456277399105824,0.10456277399105823,0.0010637118525335808,0.1,0.010456277399105823,1
EMR,201,148.42,29832.42,2852472.75,414353039.791,7.046517797584569e-05,0.007046517797584569,7.199758933842381e-05,0.1,0.0007046517797584568,1
ENOV,-8917,21.46,-191358.82,1036044.65,26090708.869999997,0.008606771918565478,0.8606771918565478,0.007334366457939785,0.1,0.08606771918565477,1
ENPH,2941,40.47,119022.26999999999,6300665.55,230205150.85050002,0.0004667760852661034,0.04667760852661034,0.0005170269629513872,0.1,0.004667760852661034,1
ENR,-336,21.05,-7072.8,1073126.1,22068924.788500004,0.00031310393065642515,0.03131039306564252,0.00032048684146522615,0.1,0.0031310393065642514,1
ENS,980,181.02,177399.6,389914.55,64868090.276,0.002513371198894732,0.2513371198894732,0.002734774513095765,0.1,0.02513371198894732,1
ENSG,235,171.8,40373.0,317005.0,56086756.266499996,0.0007413132284979732,0.07413132284979732,0.0007198312522864573,0.1,0.007413132284979732,1
ENTA,-9940,12.65,-125741.0,271350.05,3703122.334,0.036631649782264644,3.6631649782264644,0.03395539997302179,0.1,0.3663164978226464,1
ENTG,1316,120.65,158775.4,3109519.0,336490817.4352499,0.00042321658108537044,0.042321658108537046,0.0004718565612286069,0.1,0.004232165810853704,1
ENVA,483,159.26,76922.58,293825.5,46758656.700500004,0.001643832819139251,0.1643832819139251,0.0016450981578172122,0.1,0.016438328191392508,1
ENVX,7825,7.2,56340.0,6231513.4,48775782.8505,0.0012557142218453706,0.12557142218453707,0.0011550814094093511,0.1,0.012557142218453705,1
EOG,-501,111.02,-55621.02,4181682.25,447477505.745,0.00011980824224509168,0.011980824224509167,0.0001242990301990649,0.1,0.0011980824224509167,1
EOLS,-238,4.8,-1142.3999999999999,1502772.2,8169545.375999999,0.0001583739704527406,0.015837397045274062,0.0001398364226430609,0.1,0.001583739704527406,1
EPAC,2467,39.4,97199.8,408297.9,16374756.945999999,0.006042156964314535,0.6042156964314536,0.005935953756171253,0.1,0.06042156964314535,1
EPAM,-406,218.35,-88650.09999999999,673756.3,144288640.083,0.0006025917679730787,0.06025917679730786,0.0006143941750993375,0.1,0.006025917679730786,1
EPC,-6633,18.79,-124634.06999999999,587185.7,10706879.223000001,0.011296256022583656,1.1296256022583657,0.011640559999244886,0.1,0.11296256022583656,1
EPR,-3421,51.7,-176865.7,796190.9,42298822.271000005,0.004296708239192384,0.42967082391923844,0.0041813386402783795,0.1,0.042967082391923844,1
EPRT,1836,29.49,54143.64,1831607.65,55147423.221,0.001002398084546109,0.1002398084546109,0.0009817981845320787,0.1,0.01002398084546109,1
EQBK,-316,45.19,-14280.039999999999,88241.8,4090448.2685000002,0.003581069289157746,0.3581069289157746,0.0034910696976584925,0.1,0.035810692891577456,1
EQH,12334,46.11,568720.74,2690581.05,126259786.41349998,0.004584139920259975,0.45841399202599753,0.004504369571301532,0.1,0.04584139920259975,1
EQIX,142,816.15,115893.3,506972.35,400785838.46199995,0.00028009417081621907,0.028009417081621905,0.00028916515724391865,0.1,0.0028009417081621907,1
EQR,5451,60.76,331202.76,2376129.55,146260840.73999995,0.0022940668365493792,0.22940668365493794,0.002264466403476795,0.1,0.022940668365493792,1
EQT,7500,55.96,419700.0,11925629.35,633053476.8890002,0.000628897627109298,0.0628897627109298,0.0006629771659457932,0.1,0.00628897627109298,1
ERIE,-270,273.53,-73853.09999999999,151737.5,42717546.4775,0.0017793887470137573,0.17793887470137573,0.0017288703610096048,0.1,0.017793887470137573,1
ERII,-294,14.65,-4307.1,335566.9,4753714.42925,0.0008761293202637089,0.0876129320263709,0.0009060493776189112,0.1,0.00876129320263709,1
ES,761,69.9,53193.9,2219613.85,153200741.16249996,0.00034285242903850144,0.03428524290385014,0.0003472169886148087,0.1,0.0034285242903850143,1
ESAB,-914,117.6,-107486.4,305436.95,35933809.372,0.002992434281444992,0.29924342814449917,0.0029912330999271822,0.1,0.029924342814449917,1
ESE,1258,223.06,280609.48,168543.55,35948761.816999994,0.007463946261960188,0.7463946261960188,0.007805817664276301,0.1,0.07463946261960187,1
ESI,-64,29.89,-1912.96,1905605.2,53758659.720000006,3.358513085501656e-05,0.0033585130855016557,3.558422047654427e-05,0.1,0.0003358513085501656,1
ESNT,5423,62.11,336822.52999999997,692946.65,42969487.83400001,0.007825999303120954,0.7825999303120954,0.007838644279429508,0.1,0.07825999303120953,1
ESQ,-28,105.08,-2942.24,75256.8,8050301.276000001,0.000372059401941087,0.0372059401941087,0.00036548197379538663,0.1,0.00372059401941087,1
ESRT,-942,6.52,-6141.839999999999,1504110.1,9761824.358,0.0006262839402514484,0.06262839402514483,0.0006291692797122134,0.1,0.006262839402514484,1
ESS,94,245.48,23075.12,570804.3,144923495.69650003,0.00016467990868323872,0.016467990868323873,0.00015922276708204793,0.1,0.0016467990868323872,1
ESTC,1127,73.38,82699.26,1298700.95,96040740.5095,0.0008677902330016776,0.08677902330016776,0.0008610851973993234,0.1,0.008677902330016776,1
ETD,-71,24.15,-1714.6499999999999,321247.65,7723177.360500002,0.00022101328990266542,0.022101328990266542,0.00022201354701104425,0.1,0.002210132899026654,1
ETN,-440,347.32,-152820.8,2771214.3,918535239.5415001,0.00015877516220957723,0.015877516220957722,0.00016637445513389629,0.1,0.0015877516220957721,1
ETR,-1593,96.48,-153692.64,2289570.95,215464277.4045,0.0006957635446938213,0.06957635446938212,0.000713309147350985,0.1,0.006957635446938212,1
ETSY,2262,57.19,129363.78,3028560.5,182238831.583,0.0007468894875965001,0.07468894875965001,0.0007098584800851389,0.1,0.007468894875965,1
EVCM,-730,11.86,-8657.8,141473.25,1707930.3985,0.005159986075106072,0.5159986075106071,0.0050691761254461915,0.1,0.05159986075106071,1
EVEX,-16470,4.09,-67362.3,989245.8,4351218.578500001,0.01664904718321776,1.664904718321776,0.01548124939823682,0.1,0.1664904718321776,1
EVR,544,363.18,197569.92,326064.5,119810403.67650001,0.0016683815625436072,0.16683815625436071,0.0016490214032953135,0.1,0.016683815625436072,1
EVRG,-9709,76.65,-744194.8500000001,1974088.3,147418114.645,0.004918219716919451,0.4918219716919451,0.0050481913419670845,0.1,0.0491821971691945,1
EVTC,86,28.73,2470.78,335329.15,9919676.055999998,0.0002564644320364036,0.02564644320364036,0.0002490786983417194,0.1,0.0025646443203640357,1
EW,9027,81.86,738950.22,3450843.75,290749327.989,0.0026158819853840092,0.26158819853840093,0.0025415371554288056,0.1,0.026158819853840092,1
EWBC,3889,114.07,443618.23,1139636.9,130556660.56650002,0.0034124904169038402,0.341249041690384,0.003397898108569035,0.1,0.0341249041690384,1
EWTX,4461,28.68,127941.48,1194660.75,32101379.276249997,0.0037341144755948497,0.37341144755948497,0.003985544636540172,0.1,0.0373411447559485,1
EXC,3982,44.76,178234.31999999998,7168776.95,316439074.76100004,0.0005554643459788493,0.05554643459788493,0.000563250035206988,0.1,0.005554643459788493,1
EXE,356,109.66,39038.96,3431702.35,363715181.34650004,0.00010373860075597757,0.010373860075597758,0.00010733387552170612,0.1,0.0010373860075597757,1
EXEL,5830,42.66,248707.8,2354422.8,103769875.8015,0.0024761907674356537,0.24761907674356537,0.0023967244643883917,0.1,0.024761907674356536,1
EXLS,847,39.78,33693.66,1102914.1,46329532.51800001,0.0007679655197081985,0.07679655197081985,0.0007272609536241123,0.1,0.007679655197081984,1
EXP,-2089,217.92,-455234.87999999995,437221.65,97858306.52199998,0.004777896977425523,0.47778969774255226,0.004651979951212997,0.1,0.04777896977425523,1
EXPD,2069,160.07,331184.82999999996,1287558.3,204996630.88,0.0016069175275403062,0.1606917527540306,0.0016155623074306398,0.1,0.01606917527540306,1
EXPE,57,265.76,15148.32,1588759.2,449756595.6795,3.5877054244595404e-05,0.0035877054244595405,3.36811514172764e-05,0.1,0.000358770542445954,1
EXPO,-729,73.49,-53574.21,300030.95,22060633.0445,0.0024297493308606997,0.24297493308606996,0.0024284983070037847,0.1,0.024297493308606994,1
EXR,391,137.16,53629.56,1322095.8,184609477.427,0.00029574256267964847,0.02957425626796485,0.000290502745294898,0.1,0.0029574256267964846,1
EXTR,-4334,15.02,-65096.68,1554740.5,24174888.831,0.0027876034617995735,0.2787603461799573,0.002692739580110295,0.1,0.027876034617995732,1
EYE,-77,25.73,-1981.21,1103055.55,29831699.3025,6.980609453440491e-05,0.006980609453440491,6.641291130988197e-05,0.1,0.000698060945344049,1
EYPT,-6663,15.04,-100211.51999999999,907098.1,14761776.179500002,0.007345401781791848,0.7345401781791848,0.006788581453982881,0.1,0.07345401781791848,1
EZPW,2853,20.98,59855.94,748981.2,15809330.0865,0.0038091743824811624,0.38091743824811625,0.0037861148873798616,0.1,0.03809174382481162,1
F,-9470,13.82,-130875.40000000001,59863157.4,826358707.4419999,0.00015819412826360542,0.01581941282636054,0.00015837601615541254,0.1,0.0015819412826360542,1
FA,-1329,12.91,-17157.39,530255.1,7749672.4095,0.002506340815958206,0.2506340815958206,0.0022139503573038095,0.1,0.025063408159582058,1
FAF,-2711,63.81,-172988.91,1009942.1,62683369.202499986,0.002684312298695143,0.26843122986951434,0.0027597257805520243,0.1,0.02684312298695143,1
FANG,-1341,160.27,-214922.07,1969434.35,296351469.94699997,0.0006809061698350087,0.06809061698350087,0.0007252269409645144,0.1,0.006809061698350087,1
FAST,7086,43.62,309091.32,9036354.4,385228066.3395,0.0007841657914612113,0.07841657914612113,0.0008023592957206784,0.1,0.007841657914612112,1
FBIN,-5419,54.88,-297394.72000000003,1846472.3,105535246.383,0.0029347854284085388,0.2934785428408539,0.0028179658473598394,0.1,0.029347854284085387,1
FBK,-4572,57.08,-260969.75999999998,299679.4,17487656.3435,0.015256303903438139,1.525630390343814,0.014923083738262047,0.1,0.15256303903438137,1
FBNC,-722,56.8,-41009.6,288448.35,16215352.5975,0.0025030477726775005,0.2503047772677501,0.0025290600221867915,0.1,0.025030477726775004,1
FBP,3020,21.88,66077.59999999999,1390745.4,29675717.084500004,0.0021714973855027674,0.21714973855027675,0.0022266555450656035,0.1,0.021714973855027672,1
FBRX,90,29.85,2686.5,218957.35,6480143.304500001,0.00041103895347655603,0.0411038953476556,0.000414574165070457,0.1,0.00411038953476556,1
FCBC,-165,33.58,-5540.7,49028.1,1651773.52775,0.0033654169751632227,0.3365416975163223,0.003354394477763176,0.1,0.033654169751632226,1
FCF,-9764,17.6,-171846.40000000002,593813.45,10323077.121500002,0.016442874441459688,1.6442874441459687,0.016646819352157446,0.1,0.16442874441459687,1
FCFS,-1059,166.07,-175868.13,250102.05,41462887.837,0.004234271570344985,0.4234271570344985,0.004241579377957885,0.1,0.04234271570344985,1
FCN,-2459,179.24,-440751.16000000003,201811.3,35944284.779,0.01218464971981252,1.218464971981252,0.012262065101862965,0.1,0.12184649719812518,1
FCNCA,-128,1980.05,-253446.4,101630.6,215348137.33850002,0.0012594631931721351,0.1259463193172135,0.001176914753628049,0.1,0.012594631931721351,1
FCPT,-2351,23.94,-56282.94,938529.45,22646593.3035,0.0025049826619718755,0.25049826619718757,0.0024852718131031896,0.1,0.025049826619718753,1
FCX,-776,63.63,-49376.880000000005,21348140.65,1244629903.578,3.6349769880310396e-05,0.0036349769880310396,3.9671937704576923e-05,0.1,0.00036349769880310393,1
FDS,-910,269.86,-245572.6,524226.8,149811666.29500002,0.0017358898858280424,0.17358898858280425,0.0016392087884292896,0.1,0.017358898858280424,1
FDX,-628,253.3744,-159119.1232,1788271.8,441801743.4894401,0.000351177041431845,0.0351177041431845,0.00036015956375193265,0.1,0.0035117704143184498,1
FE,7130,47.41,338033.3,4293618.05,198091025.09350002,0.0016606041610990527,0.16606041610990527,0.0017064543930773565,0.1,0.016606041610990527,1
FELE,-605,98.16,-59386.799999999996,275775.5,27427732.330000002,0.0021938134460820487,0.21938134460820485,0.00216520998839717,0.1,0.021938134460820484,1
FERG,-1920,251.73,-483321.6,1191474.55,286461100.3445,0.0016114486037490268,0.1611448603749027,0.0016872154698098774,0.1,0.01611448603749027,1
FET,49,43.6,2136.4,181761.35,7576730.238,0.00026958426530172667,0.026958426530172667,0.00028196859765247987,0.1,0.0026958426530172665,1
FFBC,-4327,27.2,-117694.4,1117544.2,29427850.811,0.0038718826512633684,0.38718826512633686,0.003999422205715626,0.1,0.03871882651263368,1
FFIN,-805,31.32,-25212.6,781061.55,24809994.531,0.0010306486089348527,0.10306486089348528,0.001016227551702881,0.1,0.010306486089348527,1
FFIV,1031,292.3,301361.3,1174334.9,316547271.325,0.0008779437620392616,0.08779437620392616,0.0009520262131420854,0.1,0.008779437620392615,1
FG,3801,28.52,108404.52,1221085.45,35616079.7495,0.003112804267711158,0.31128042677111584,0.003043696014902422,0.1,0.03112804267711158,1
FHB,-2865,27.01,-77383.65000000001,1425183.15,38233486.6805,0.0020102679434569515,0.20102679434569515,0.0020239757531574417,0.1,0.020102679434569514,1
FHI,3256,52.91,172274.96,545846.55,29023195.494000006,0.005965046403609219,0.5965046403609219,0.005935768169828666,0.1,0.059650464036092185,1
FHN,14324,24.2,346640.8,6444274.4,156629349.19849998,0.0022227483050690704,0.22227483050690702,0.002213128010643102,0.1,0.0222274830506907,1
FIBK,6872,36.66,251927.52,998762.55,36688714.652499996,0.006880514292411144,0.6880514292411144,0.0068666215861239895,0.1,0.06880514292411144,1
FICO,280,1525.67,427187.60000000003,281039.4,444994077.7075001,0.0009963015861832896,0.09963015861832897,0.0009599849108122188,0.1,0.009963015861832895,1
FIS,5997,56.19,336971.43,3196073.2,200027687.9045,0.0018763650344428907,0.18763650344428906,0.0016846239314673354,0.1,0.018763650344428905,1
FISI,808,31.97,25831.76,126670.05,4031177.6245,0.006378776987930454,0.6378776987930453,0.006407993496243916,0.1,0.06378776987930453,1
FISV,-609,64.95,-39554.55,9056128.35,607463273.7184999,6.724728012495539e-05,0.0067247280124955395,6.51143068417494e-05,0.1,0.0006724728012495539,1
FITB,-750,49.69,-37267.5,9241334.65,459873222.9045,8.115710862175086e-05,0.008115710862175086,8.10386387896718e-05,0.1,0.0008115710862175086,1
FIVE,970,185.42,179857.4,1151155.85,225167141.9795,0.0008426313430974615,0.08426313430974615,0.0007987728512198944,0.1,0.008426313430974615,1
FIVN,1677,18.27,30638.79,1948720.1,36656417.585,0.0008605648394553943,0.08605648394553943,0.0008358369971357364,0.1,0.008605648394553942,1
FIX,84,1169.05,98200.2,393633.3,420166149.57750005,0.000213396580014953,0.0213396580014953,0.00023371754268816192,0.1,0.00213396580014953,1
FIZZ,2577,33.16,85453.31999999999,273766.0,8993201.752,0.009413148455250105,0.9413148455250104,0.009501990765524193,0.1,0.09413148455250105,1
FLEX,73,66.27,4837.71,2977518.2,189097578.73225,2.4517062565730075e-05,0.0024517062565730077,2.5583140897059745e-05,0.1,0.0002451706256573007,1
FLG,19503,12.94,252368.81999999998,4680385.55,59993064.68100001,0.004166964407451433,0.41669644074514334,0.004206633239057147,0.1,0.04166964407451433,1
FLO,-1424,11.08,-15777.92,3888853.45,41937067.3205,0.0003661747654697556,0.03661747654697556,0.00037622850161216006,0.1,0.0036617476546975556,1
FLR,-7387,46.78,-345563.86,2580537.0,113667609.28299996,0.0028625824779881085,0.28625824779881087,0.0030401260498023183,0.1,0.028625824779881084,1
FLS,7567,76.9,581902.3,1130078.25,84754126.4585,0.006695996494048089,0.6695996494048089,0.006865769542028488,0.1,0.06695996494048088,1
FLYW,-13251,13.2,-174913.19999999998,1066203.0,15013673.980000004,0.01242821488965985,1.242821488965985,0.011650259638846902,0.1,0.12428214889659848,1
FMBH,-8768,42.06,-368782.08,103961.1,4248522.12575,0.08433923842668074,8.433923842668074,0.08680243837376703,0.1,0.8433923842668074,1
FMC,-16331,16.02,-261622.62,3629088.2,55073740.1615,0.004500028409339845,0.45000284093398446,0.004750405896400162,0.1,0.04500028409339844,1
FN,315,501.0,157815.0,632416.25,300047442.20699996,0.0004980896679995177,0.049808966799951775,0.0005259668232436552,0.1,0.004980896679995177,1
FNB,10227,17.23,176211.21,5962454.45,103834844.22199999,0.0017152332291611888,0.17152332291611888,0.0016970335085518939,0.1,0.017152332291611887,1
FND,-1245,69.32,-86303.4,2629271.9,187041976.07250002,0.0004735151202886244,0.04735151202886244,0.0004614119344341594,0.1,0.004735151202886244,1
FNF,4213,54.32,228850.16,1481399.4,79954236.56799999,0.002843932568083935,0.2843932568083935,0.0028622643379924723,0.1,0.028439325680839348,1
FOR,-14751,25.18,-371430.18,169890.1,4356100.969500001,0.08682671915550111,8.682671915550111,0.0852666599329614,0.1,0.8682671915550111,1
FORM,-1413,72.55,-102513.15,1443521.9,105043374.12649998,0.0009788559494663712,0.09788559494663712,0.000975912577565788,0.1,0.009788559494663712,1
FOUR,-4089,59.98,-245258.22,1954553.2,126061397.0005,0.0020920382213183045,0.20920382213183045,0.0019455457882878073,0.1,0.020920382213183042,1
FOXA,3219,71.14,228999.66,2912828.05,213673712.6665,0.0011051115770462317,0.11051115770462318,0.0010717259373754628,0.1,0.011051115770462317,1
FOXF,-167,18.83,-3144.6099999999997,556030.2,10322520.9285,0.0003003433986139602,0.03003433986139602,0.0003046358560841352,0.1,0.003003433986139602,1
FPI,-378,10.95,-4139.099999999999,463743.05,4808558.478499999,0.0008151065552357065,0.08151065552357065,0.0008607777192492763,0.1,0.008151065552357064,1
FR,3025,56.87,172031.75,983727.6,57274743.911,0.003075038252459319,0.3075038252459319,0.0030036232072433613,0.1,0.030750382524593188,1
FRME,1511,37.86,57206.46,288932.45,11025879.305500003,0.00522959605264137,0.522959605264137,0.005188380755398247,0.1,0.0522959605264137,1
FRPT,-297,71.5,-21235.5,1052161.75,69860767.6035,0.00028227599035984726,0.028227599035984725,0.0003039688902435723,0.1,0.0028227599035984723,1
FRSH,742,11.4,8458.800000000001,3833654.55,44735352.609749995,0.00019354899882672007,0.019354899882672007,0.00018908535434582492,0.1,0.0019354899882672006,1
FRT,3136,99.82,313035.51999999996,654679.6,66522119.230000004,0.004790129400702267,0.4790129400702267,0.004705735830779544,0.1,0.04790129400702267,1
FSK,554,13.89,7695.06,2113312.45,30655088.795500003,0.00026214770087594003,0.026214770087594003,0.00025102063971609153,0.1,0.0026214770087594,1
FSLR,764,249.41,190549.24,2223463.4,546676528.484,0.0003436080845765215,0.034360808457652145,0.0003485593949467998,0.1,0.0034360808457652146,1
FSS,-380,108.97,-41408.6,345520.0,39336501.688,0.0010997916184301922,0.10997916184301922,0.0010526762224163954,0.1,0.010997916184301921,1
FTAI,-611,275.66,-168428.26,2234222.2,567973074.0725,0.00027347324719985324,0.027347324719985324,0.00029654268430777874,0.1,0.0027347324719985324,1
FTDR,-1162,59.81,-69499.22,495607.9,29399070.366499998,0.0023445953948675958,0.23445953948675957,0.00236399379754517,0.1,0.023445953948675956,1
FTI,-1745,55.25,-96411.25,3123247.7,159404535.60900003,0.0005587132906557491,0.05587132906557491,0.0006048212469718245,0.1,0.00558713290655749,1
FTK,-2566,17.06,-43775.96,352269.5,6193360.3705,0.007284195764890233,0.7284195764890233,0.007068208110174266,0.1,0.07284195764890232,1
FTNT,-2005,82.08,-164570.4,6065854.2,476007772.7924999,0.00033053877226392947,0.03305387722639295,0.0003457304888837164,0.1,0.0033053877226392947,1
FTV,-5809,52.8,-306715.2,3277589.5,178852706.31199998,0.0017723390924946519,0.1772339092494652,0.0017149038799835101,0.1,0.017723390924946517,1
FUL,-4225,59.63,-251936.75,520739.45,32255350.037000008,0.008113462500296454,0.8113462500296453,0.007810696511152543,0.1,0.08113462500296453,1
FULT,5657,20.2,114271.4,1861214.35,37311462.210499994,0.003039413488295961,0.3039413488295961,0.003062635266216995,0.1,0.030394134882959608,1
FUN,-11102,17.45,-193729.9,2916268.55,47409892.83499999,0.0038069196336530807,0.3806919633653081,0.0040862758469890565,0.1,0.0380691963365308,1
FWONK,1913,88.03,168401.39,1617926.25,147337076.27124998,0.0011823777505309651,0.11823777505309652,0.001142966823163847,0.1,0.01182377750530965,1
FWRD,-63,27.42,-1727.46,492372.2,13424070.7925,0.0001279519842915583,0.01279519842915583,0.0001286837671449951,0.1,0.0012795198429155828,1
G,-3725,44.78,-166805.5,1244815.25,57771401.089,0.00299241192618744,0.299241192618744,0.002887336932386788,0.1,0.0299241192618744,1
GABC,-9459,40.68,-384792.12,125849.15,5062587.177,0.07516141348590753,7.516141348590753,0.07600701114800773,0.1,0.7516141348590752,1
GAP,6600,26.98,178068.0,7750115.55,209557536.527,0.0008516002061414427,0.08516002061414427,0.0008497332186239801,0.1,0.008516002061414426,1
GATX,1109,180.07,199697.63,161869.25,28916591.667499997,0.0068512086143600465,0.6851208614360047,0.0069059878251296345,0.1,0.06851208614360046,1
GBCI,-1263,48.96,-61836.48,935854.4,44533853.285000004,0.0013495689073001098,0.134956890730011,0.0013885275007367913,0.1,0.013495689073001098,1
GBTG,488,6.85,3342.7999999999997,1223695.05,9372959.014,0.0003987921663979927,0.03987921663979927,0.00035664297635431863,0.1,0.003987921663979927,1
GBX,65,49.38,3209.7000000000003,554387.6,27500882.4365,0.00011724648964010018,0.011724648964010018,0.0001167126184918339,0.1,0.0011724648964010016,1
GCMG,6850,11.22,76857.0,497730.3,5761580.149499999,0.013762473371623146,1.3762473371623147,0.01333956970236191,0.1,0.13762473371623146,1
GCO,587,30.72,18032.64,253118.7,8243659.8565,0.0023190700647561795,0.23190700647561796,0.0021874556099960307,0.1,0.023190700647561794,1
GD,906,356.68,323152.08,1478096.65,529382192.081,0.0006129504454258794,0.06129504454258793,0.0006104324717265046,0.1,0.006129504454258793,1
GDDY,-3077,103.35,-318007.94999999995,1459951.75,160956414.31049997,0.002107603898553497,0.21076038985534967,0.001975739527761428,0.1,0.021076038985534968,1
GE,1316,292.48,384903.68000000005,5882070.3,1823806207.6210003,0.00022373075003880862,0.022373075003880864,0.00021104417694798512,0.1,0.002237307500388086,1
GEF,1900,72.46,137674.0,194545.65,13809453.304499999,0.009766345328204461,0.9766345328204461,0.00996954745160962,0.1,0.09766345328204461,1
GEHC,-61,79.26,-4834.860000000001,3309063.85,274616764.4425,1.843421667430201e-05,0.0018434216674302008,1.7605844311126667e-05,0.1,0.00018434216674302007,1
GEN,-1639,24.79,-40630.81,4064022.35,105140129.738,0.0004032950261703162,0.04032950261703162,0.00038644435860264216,0.1,0.004032950261703162,1
GEO,-7513,16.05,-120583.65000000001,1719094.1,29154175.973500002,0.004370325045033893,0.43703250450338926,0.004136067852152837,0.1,0.043703250450338925,1
GFF,1941,81.39,157977.99,222817.45,17912317.808,0.008711166921621265,0.8711166921621265,0.008819516920889147,0.1,0.08711166921621265,1
GFS,-3900,45.79,-178581.0,3942540.55,165583743.021,0.00098920986367534,0.098920986367534,0.0010784935570477571,0.1,0.0098920986367534,1
GGG,-2802,86.83,-243297.66,834983.55,71714687.80950001,0.0033557547331321677,0.33557547331321674,0.003392577830726755,0.1,0.03355754733132167,1
GH,351,109.73,38515.23,1951845.85,215485019.409,0.00017982977497941243,0.017982977497941244,0.00017873739021688747,0.1,0.0017982977497941243,1
GHC,100,1143.07,114307.0,15434.3,17605053.250999995,0.006479075824624376,0.6479075824624375,0.006492851704013289,0.1,0.06479075824624375,1
GHM,654,69.22,45269.88,109797.25,7751383.3665,0.0059564333350789755,0.5956433335078976,0.0058402323636381846,0.1,0.059564333350789755,1
GIC,1947,30.03,58468.41,83345.7,2558254.511000001,0.02336053329685875,2.3360533296858748,0.02285480578597521,0.1,0.2336053329685875,1
GIII,-3452,28.13,-97104.76,364742.4,10724767.248,0.009464213647768945,0.9464213647768945,0.009054253370217289,0.1,0.09464213647768945,1
GILD,-2763,139.72,-386046.36,7241814.95,925249958.8370001,0.0003815341898511229,0.03815341898511229,0.00041723466865672043,0.1,0.003815341898511229,1
GIS,1325,44.35,58763.75,8214351.05,365522435.926,0.0001613030648355356,0.016130306483553562,0.00016076646526807652,0.1,0.001613030648355356,1
GKOS,-1996,123.94,-247384.24,857344.15,100059022.22350001,0.002328119927102786,0.2328119927102786,0.0024723831444946795,0.1,0.02328119927102786,1
GL,33,138.55,4572.150000000001,462970.9,64683871.137,7.127877799663003e-05,0.007127877799663003,7.068454499756543e-05,0.1,0.0007127877799663002,1
GLDD,613,15.32,9391.16,950562.4,14050683.257499998,0.000644881388112974,0.06448813881129739,0.0006683774609314582,0.1,0.00644881388112974,1
GLNG,3072,40.89,125614.08,998527.95,39170989.798999995,0.0030765288042262614,0.3076528804226261,0.0032068140387712858,0.1,0.030765288042262612,1
GLOB,-14,69.75,-976.5,1117702.1,75302659.92300001,1.252569893176366e-05,0.001252569893176366,1.2967669415642296e-05,0.1,0.0001252569893176366,1
GLPI,8953,44.78,400915.34,2370389.05,106918213.7235,0.003777017110334694,0.37770171103346944,0.003749738478018373,0.1,0.03777017110334694,1
GLW,87,104.28,9072.36,6818190.5,654146628.3315,1.2759983752287355e-05,0.0012759983752287354,1.3869000629324388e-05,0.1,0.00012759983752287353,1
GM,1886,84.9,160121.40000000002,8978679.2,739425101.1875,0.00021005316683995125,0.021005316683995124,0.00021654850470027143,0.1,0.0021005316683995125,1
GME,-5861,23.64,-138554.04,8541948.5,191593062.134,0.0006861432142795054,0.06861432142795054,0.0007231683572294253,0.1,0.006861432142795054,1
GMED,2951,91.83,270990.33,1525336.15,140889402.2975,0.0019346555183917986,0.19346555183917985,0.0019234259325465856,0.1,0.019346555183917986,1
GNL,-9565,9.39,-89815.35,2072740.75,18867545.6495,0.0046146629770269145,0.46146629770269143,0.0047603091397518445,0.1,0.04614662977026914,1
GNRC,1910,174.17,332664.69999999995,1039159.65,165878331.37249997,0.0018380236376576015,0.18380236376576015,0.002005474116163858,0.1,0.018380236376576015,1
GNTX,-8494,23.57,-200203.58000000002,2373087.65,56704680.08049999,0.003579303107493733,0.3579303107493733,0.003530635914280512,0.1,0.03579303107493733,1
GNW,545,8.17,4452.65,3846894.35,33153904.5825,0.00014167272360885087,0.014167272360885087,0.00013430243152567594,0.1,0.0014167272360885086,1
GO,-3678,9.45,-34757.1,2589837.55,25173758.116,0.0014201662957585893,0.14201662957585892,0.001380687771759791,0.1,0.014201662957585893,1
GOGO,-30773,4.54,-139709.42,2282149.05,11111750.535,0.013484220060035081,1.3484220060035081,0.012573124239960272,0.1,0.1348422006003508,1
GOLF,-1311,94.68,-124125.48000000001,336098.65,29885564.960500002,0.0039006404815966978,0.3900640481596698,0.004153358993348718,0.1,0.039006404815966976,1
GOOD,-326,11.26,-3670.7599999999998,443825.0,4983700.5165,0.0007345237424660621,0.07345237424660621,0.0007365530869776131,0.1,0.007345237424660621,1
GOOG,-523,336.28,-175874.43999999997,19648506.65,6428214689.03,2.661779896641662e-05,0.002661779896641662,2.7359764492641572e-05,0.1,0.0002661779896641662,1
GPC,1901,140.02,266178.02,1043723.05,137469349.5265,0.0018213643935524849,0.18213643935524848,0.0019362717647011841,0.1,0.018213643935524847,1
GPI,549,396.41,217629.09000000003,153376.35,60957881.26250001,0.003579430596698904,0.35794305966989043,0.003570155088934838,0.1,0.035794305966989036,1
GPK,-137,14.84,-2033.08,4184220.3,64293885.06700001,3.274206188426551e-05,0.0032742061884265513,3.162166974170791e-05,0.1,0.0003274206188426551,1
GPN,-314,72.01,-22611.140000000003,3291981.5,249767882.88950005,9.538328207494483e-05,0.009538328207494482,9.05286129602316e-05,0.1,0.0009538328207494483,1
GPOR,-388,198.78,-77126.64,292871.0,54646684.04849999,0.0013248153623950476,0.13248153623950476,0.0014113690765124671,0.1,0.013248153623950475,1
GPRE,4471,11.93,53339.03,1186471.5,13121004.511500001,0.0037683163902377764,0.37683163902377764,0.004065163604909259,0.1,0.03768316390237776,1
GPRO,-2845,1.22,-3470.9,2323523.6,3229735.102,0.001224433442380357,0.1224433442380357,0.001074670178941505,0.1,0.01224433442380357,1
GRBK,2415,69.39,167576.85,221753.2,15319576.145000001,0.010890485458608939,1.0890485458608938,0.010938739323717757,0.1,0.10890485458608938,1
GRC,754,52.74,39765.96,76580.9,3926675.864000001,0.009845797059057807,0.9845797059057807,0.010127130778625426,0.1,0.09845797059057806,1
GRMN,1694,204.48,346389.12,871684.1,180864190.48950002,0.0019433645743911125,0.19433645743911127,0.001915189065687989,0.1,0.019433645743911123,1
GRND,17541,11.62,203826.41999999998,1253135.75,15800145.502500001,0.01399768540638953,1.399768540638953,0.012900287530121115,0.1,0.1399768540638953,1
GRPN,-3219,15.49,-49862.31,961440.25,15824365.272499999,0.0033481019751357404,0.33481019751357405,0.0031509832553380224,0.1,0.0334810197513574,1
GS,174,936.81,163004.94,2431547.4,2283206695.2365003,7.155936997156625e-05,0.007155936997156625,7.139298441095169e-05,0.1,0.0007155936997156625,1
GSAT,-623,67.55,-42083.65,717802.25,44920574.420499995,0.0008679270648705824,0.08679270648705824,0.0009368457670655847,0.1,0.008679270648705825,1
GSBC,1260,59.49,74957.40000000001,57448.95,3587244.8845000006,0.02193251573788555,2.193251573788555,0.0208955347107416,0.1,0.2193251573788555,1
GSHD,-920,62.61,-57601.2,228843.95,16132828.0165,0.004020206782831707,0.4020206782831707,0.0035704341446575784,0.1,0.04020206782831706,1
GSIT,3572,7.85,28040.199999999997,1764744.25,13422924.539750004,0.0020240893262578985,0.20240893262578985,0.0020889784425862706,0.1,0.020240893262578982,1
GSM,13895,4.89,67946.54999999999,1093912.6,5441330.1274999995,0.012702111667787718,1.2702111667787719,0.01248712142213246,0.1,0.12702111667787716,1
GT,-8932,9.45,-84407.4,5509725.3,50578484.04,0.0016211334528783133,0.16211334528783133,0.0016688400532773263,0.1,0.016211334528783133,1
GTES,12764,22.96,293061.44,2062521.55,46937823.4105,0.006188541399725011,0.6188541399725012,0.006243609496695199,0.1,0.06188541399725011,1
GTLB,-432,37.225,-16081.2,5072887.55,183452624.44125003,8.515859966184348e-05,0.008515859966184348,8.765859877436609e-05,0.1,0.0008515859966184348,1
GTM,7567,8.715,65946.405,4635954.55,44298041.528,0.0016322420589735937,0.16322420589735936,0.0014886979813388919,0.1,0.016322420589735934,1
GTN,25357,4.21,106752.97,1219944.2,5449303.381999999,0.020785376904943687,2.0785376904943687,0.019590204933831304,0.1,0.20785376904943687,1
GTX,-10538,18.14,-191159.32,2404468.4,43935793.8085,0.004382673525674116,0.4382673525674116,0.004350878940146008,0.1,0.04382673525674116,1
GTY,923,28.8,26582.4,455836.0,13133050.463000001,0.0020248510429189447,0.20248510429189448,0.002024084204571597,0.1,0.020248510429189445,1
GVA,606,119.63,72495.78,643417.0,77368928.60699998,0.000941846423081765,0.0941846423081765,0.0009370141386892737,0.1,0.00941846423081765,1
GWRE,-2902,162.69,-472126.38,1402021.75,239961906.94450003,0.0020698680316478687,0.20698680316478688,0.001967505534573021,0.1,0.020698680316478684,1
GWW,-599,1070.01,-640935.99,220927.25,229632743.237,0.0027112997604415027,0.2711299760441503,0.0027911350139579226,0.1,0.027112997604415025,1
GXO,3142,57.56,180853.52000000002,998378.6,56255407.354499996,0.0031471027123377844,0.3147102712337784,0.003214864641550465,0.1,0.03147102712337784,1
H,-967,158.16,-152940.72,713346.05,117327138.26000002,0.0013555833105124784,0.13555833105124784,0.0013035408710053028,0.1,0.013555833105124784,1
HAE,95,66.06,6275.7,773620.75,57849593.683000006,0.0001227991881034732,0.01227991881034732,0.00010848304370794934,0.1,0.0012279918810347318,1
HAFC,-2131,24.77,-52784.87,276117.75,7654244.328,0.007717721877713403,0.7717721877713403,0.006896156921318492,0.1,0.07717721877713403,1
HAIN,35901,1.28,45953.28,1891942.9,2207020.104,0.018975731244320324,1.8975731244320324,0.020821414320927274,0.1,0.18975731244320324,1
HAL,-16365,33.36,-545936.4,15960006.15,515839910.66149986,0.0010253755447331078,0.10253755447331078,0.0010583446311858754,0.1,0.010253755447331078,1
HALO,327,72.83,23815.41,1758334.7,126072559.074,0.00018597141943453655,0.018597141943453657,0.00018890240806503517,0.1,0.0018597141943453655,1
HAS,728,89.875,65429.0,1669093.25,144909994.51325002,0.00043616496561830803,0.0436164965618308,0.0004515147503785008,0.1,0.00436164965618308,1
HASI,-7415,34.62,-256707.3,883345.7,29426488.26,0.008394222103532061,0.8394222103532061,0.008723681117904484,0.1,0.0839422210353206,1
HAYW,11445,16.3,186553.5,1459412.4,23780624.0585,0.007842197311739985,0.7842197311739985,0.007844768898456199,0.1,0.07842197311739985,1
HBAN,18182,17.06,310184.92,30828493.35,548841883.4775,0.0005897790655410021,0.058977906554100214,0.0005651626257723755,0.1,0.0058977906554100205,1
HBNC,8128,17.25,140208.0,347670.55,6039770.998,0.023378454114103137,2.3378454114103135,0.023214125178989114,0.1,0.23378454114103137,1
HCA,475,491.23,233334.25,1104254.1,529480886.322,0.0004301546174924775,0.043015461749247745,0.0004406849350518376,0.1,0.004301546174924774,1
HCC,9,90.09,810.8100000000001,856731.05,82003792.20099999,1.0505047062319032e-05,0.001050504706231903,9.887469569853779e-06,0.1,0.00010505047062319031,1
HCI,33,155.5,5131.5,180173.35,30521116.070499998,0.00018315694302181758,0.01831569430218176,0.0001681295005119364,0.1,0.0018315694302181757,1
HCKT,17573,18.63,327384.99,183181.75,3646475.079,0.09593204563227505,9.593204563227504,0.0897812223880003,0.1,0.9593204563227504,1
HCSG,208,18.55,3858.4,622777.55,11630926.9655,0.000333987633305022,0.0333987633305022,0.00033173624178407275,0.1,0.0033398763330502197,1
HD,-1605,375.3,-602356.5,4311486.05,1592649039.3495002,0.000372261438721343,0.0372261438721343,0.0003782104438062675,0.1,0.0037226143872134297,1
HE,-6326,15.8,-99950.8,3622618.25,50870528.217,0.001746250795263895,0.1746250795263895,0.001964807591020812,0.1,0.01746250795263895,1
HEI,-297,331.11,-98339.67,446669.25,153767503.7635,0.000664921527506091,0.0664921527506091,0.0006395348015224984,0.1,0.006649215275060909,1
HELE,-2041,17.31,-35329.71,955607.4,18610277.436499998,0.0021358143522120067,0.21358143522120068,0.0018983978138181047,0.1,0.021358143522120066,1
HFWA,-14512,25.2,-365702.39999999997,265445.05,6729957.450499999,0.054670448742592866,5.467044874259287,0.05433948174112605,0.1,0.5467044874259286,1
HGV,847,44.12,37369.64,703499.4,32492650.3685,0.0012039811263520623,0.12039811263520622,0.0011500951623271702,0.1,0.012039811263520623,1
HHH,1067,80.3,85680.09999999999,328050.75,26689969.148000002,0.003252545528397664,0.3252545528397664,0.0032101985403164236,0.1,0.032525455283976636,1
HIFS,285,300.85,85742.25,81078.7,23380378.051250003,0.0035151032268647625,0.35151032268647625,0.0036672738914679736,0.1,0.035151032268647624,1
HIG,-1690,130.67,-220832.3,1364904.25,181473233.3205,0.0012381820922603179,0.12381820922603179,0.0012168863471451348,0.1,0.012381820922603178,1
HII,359,425.39,152715.01,615228.65,245286465.352,0.0005835228902295106,0.05835228902295106,0.0006225986002971884,0.1,0.005835228902295105,1
HIMS,-1454,28.67,-41686.18,16066270.8,508567404.64550006,9.050015514490145e-05,0.009050015514490145,8.196785641238176e-05,0.1,0.0009050015514490144,1
HIW,1212,25.47,30869.64,1180767.2,31468342.112000007,0.001026451276763108,0.10264512767631079,0.0009809744628468463,0.1,0.010264512767631078,1
HL,6073,27.19,165124.87,28025238.0,723605642.525,0.00021669753527160055,0.021669753527160055,0.00022819732226493116,0.1,0.0021669753527160055,1
HLF,1651,16.49,27224.989999999998,1676095.55,25800292.657500003,0.0009850273750801378,0.09850273750801378,0.0010552202008486072,0.1,0.009850273750801377,1
HLI,-1599,180.53,-288667.47000000003,467592.95,85856945.847,0.0034196409505318675,0.34196409505318676,0.0033621912257910417,0.1,0.03419640950531867,1
HLIO,933,64.05,59758.649999999994,334461.7,20710196.908499997,0.0027895570703611204,0.27895570703611205,0.0028854699095339606,0.1,0.027895570703611202,1
HLIT,-102,10.04,-1024.08,976615.65,9835700.117500002,0.00010444231566430458,0.010444231566430458,0.00010411866850006163,0.1,0.0010444231566430458,1
HLMN,4251,9.35,39746.85,1136631.6,10845103.202499999,0.003739998078533097,0.3739998078533097,0.0036649582081282185,0.1,0.037399980785330966,1
HLNE,-728,148.64,-108209.91999999998,453296.2,66711125.89450002,0.001606013904374226,0.1606013904374226,0.0016220670622637673,0.1,0.016060139043742257,1
HLT,-2127,296.31,-630251.37,1773727.65,524556452.7875,0.0011991694440800988,0.11991694440800987,0.0012014938843108987,0.1,0.011991694440800987,1
HLX,1499,7.56,11332.439999999999,1488824.3,10577457.457,0.0010068347218674494,0.10068347218674494,0.0010713765615290056,0.1,0.010068347218674494,1
HMN,100,43.17,4317.0,225129.45,9877999.467500001,0.0004441888877710135,0.044418888777101345,0.000437031811370666,0.1,0.004441888877710134,1
HNI,-345,47.33,-16328.849999999999,486916.95,22022487.431499995,0.0007085397211988615,0.07085397211988614,0.0007414625641535811,0.1,0.007085397211988614,1
HNRG,59,18.21,1074.39,535101.0,10325407.549000002,0.00011025955847587652,0.011025955847587652,0.00010405303566967223,0.1,0.0011025955847587651,1
HOG,5202,19.88,103415.76,2801960.8,57851073.019499995,0.0018565570224965318,0.18565570224965317,0.0017876204295319018,0.1,0.018565570224965317,1
HOMB,5048,28.31,142908.88,1263376.95,36036844.072,0.0039956404143672245,0.3995640414367225,0.003965632498630415,0.1,0.03995640414367224,1
HON,-1166,227.089,-264785.774,2336834.55,518915953.27984494,0.0004989655771736173,0.04989655771736173,0.0005102671681731941,0.1,0.004989655771736172,1
HOOD,-2827,103.4,-292311.8,20441235.0,2304287535.8960004,0.0001382988845830499,0.01382988845830499,0.00012685560957406182,0.1,0.0013829888458304989,1
HOPE,8443,11.76,99289.68,995819.05,11499289.727500001,0.008478447967027744,0.8478447967027745,0.008634418503479695,0.1,0.08478447967027744,1
HOV,503,112.72,56698.159999999996,93105.5,10619533.889,0.005402473538083142,0.5402473538083142,0.005339044123088065,0.1,0.05402473538083142,1
HP,48,33.1,1588.8000000000002,1582051.9,50144521.321499996,3.034034471309064e-05,0.003034034471309064,3.1684418519292664e-05,0.1,0.0003034034471309064,1
HPE,12147,21.71,263711.37,16241387.05,360174361.187,0.0007479041021930451,0.0747904102193045,0.0007321769632100018,0.1,0.007479041021930451,1
HPP,9727,8.69,84527.62999999999,1211831.5,12015851.389,0.008026693480075406,0.8026693480075406,0.007034676716905923,0.1,0.08026693480075406,1
HPQ,25529,19.05,486327.45,16844859.2,349526849.1585001,0.0015155365620390581,0.15155365620390582,0.001391387961098991,0.1,0.015155365620390581,1
HQY,-2268,82.85,-187903.8,1078641.65,94905563.86899999,0.0021026445622603206,0.21026445622603207,0.0019799028880895463,0.1,0.021026445622603206,1
HR,6839,16.34,111749.26,3133144.45,53424736.704500005,0.0021827911572988596,0.21827911572988595,0.0020917138182280884,0.1,0.021827911572988596,1
HRB,4647,39.05,181465.34999999998,1634801.25,68398973.276,0.0028425473738780175,0.28425473738780177,0.002653042016694613,0.1,0.028425473738780172,1
HRI,-2564,156.94,-402394.16,444119.7,71448749.1525,0.005773218346315194,0.5773218346315193,0.005631927287364136,0.1,0.05773218346315193,1
HRL,4894,24.6,120392.40000000001,4457580.9,106343846.15400001,0.0010979049196841273,0.10979049196841273,0.0011321050004685352,0.1,0.010979049196841272,1
HRMY,5164,36.84,190241.76,645971.55,23841383.699999996,0.007994160114327015,0.7994160114327015,0.007979476459665387,0.1,0.07994160114327015,1
HRTG,72,25.72,1851.84,309186.65,8187196.082,0.00023286904528381155,0.023286904528381155,0.000226187327316048,0.1,0.0023286904528381155,1
HSIC,7023,75.08,527286.84,1186061.35,91954575.5235,0.005921278861333775,0.5921278861333774,0.005734209929175804,0.1,0.059212788613337744,1
HST,-15295,18.44,-282039.80000000005,7299689.75,134210562.4075,0.0020952945294695573,0.20952945294695574,0.0021014724544827553,0.1,0.02095294529469557,1
HSTM,-263,21.74,-5717.62,261398.2,5815035.6555,0.001006127815723291,0.10061278157232911,0.0009832476254194827,0.1,0.01006127815723291,1
HSY,-671,192.0,-128832.0,1766005.45,336957820.17750007,0.0003799535273234859,0.037995352732348595,0.0003823386557170119,0.1,0.003799535273234859,1
HTB,-7714,41.98,-323833.72,64256.55,2778992.7649999997,0.12005001824716702,12.005001824716702,0.11652916987712993,0.1,1.2005001824716701,2
HTH,-3234,36.42,-117782.28,269926.35,9578004.4515,0.01198104594086498,1.198104594086498,0.012297162795905179,0.1,0.1198104594086498,1
HTLD,5483,10.05,55104.15,515764.75,5244565.3005,0.010630815696497289,1.0630815696497289,0.010506905118475034,0.1,0.10630815696497288,1
HTO,-1030,51.26,-52797.799999999996,330279.65,17090436.525000002,0.0031185693699263637,0.3118569369926364,0.003089318398787944,0.1,0.031185693699263637,1
HTZ,4566,5.19,23697.54,5274558.05,28858333.440000005,0.0008656649441937605,0.08656649441937606,0.000821168001585056,0.1,0.008656649441937605,1
HUBB,-240,485.73,-116575.20000000001,474210.3,225533926.68450004,0.0005061045700610046,0.050610457006100465,0.0005168854270119518,0.1,0.005061045700610046,1
HUBG,1426,47.53,67777.78,550556.8,25319650.585,0.002590105144464658,0.25901051444646583,0.0026768844922430827,0.1,0.02590105144464658,1
HUBS,1349,317.11,427781.39,1006946.65,346373547.1880001,0.0013396936173331526,0.13396936173331525,0.001235029041544603,0.1,0.013396936173331524,1
HUM,-1239,194.01,-240378.38999999998,1828830.55,430429560.562,0.0006774821210199053,0.06774821210199053,0.0005584616207263845,0.1,0.006774821210199053,1
HUN,4350,11.41,49633.5,4583032.75,52112741.343,0.000949153156280631,0.0949153156280631,0.0009524254284248467,0.1,0.00949153156280631,1
HURN,-1236,169.22,-209155.92,156291.15,27853838.027000003,0.007908317265564941,0.7908317265564941,0.0075090520666220425,0.1,0.0790831726556494,1
HWC,5374,67.29,361616.46,842118.45,56768055.793,0.006381525069305868,0.6381525069305868,0.006370069486237197,0.1,0.06381525069305868,1
HWKN,-66,153.75,-10147.5,132367.8,19918913.2325,0.0004986106893066139,0.04986106893066139,0.0005094404439416496,0.1,0.004986106893066138,1
HWM,-1243,210.84,-262074.12,2439688.2,527189954.8410001,0.0005094913358190608,0.05094913358190607,0.0004971151623688302,0.1,0.005094913358190607,1
HXL,-1153,80.23,-92505.19,1185596.7,95523158.527,0.0009725060806933757,0.09725060806933758,0.0009684058968156193,0.1,0.009725060806933757,1
HY,7868,31.43,247291.24,90411.95,2922898.9620000003,0.08702389451836842,8.702389451836842,0.08460478559641706,0.1,0.8702389451836842,1
HZO,4457,26.86,119715.02,272519.55,7400655.073499998,0.016354789959105685,1.6354789959105684,0.01617627342593918,0.1,0.16354789959105684,1
IART,1442,10.88,15688.960000000001,673688.3,8336714.4805,0.002140455756764664,0.21404557567646637,0.0018819116375758435,0.1,0.021404557567646636,1
IBCP,-417,34.12,-14228.039999999999,124852.85,4199458.27425,0.003339931767676909,0.3339931767676909,0.003388065571991199,0.1,0.03339931767676909,1
IBKR,290,75.45,21880.5,5181238.65,378104205.94200003,5.5971172067127226e-05,0.005597117206712723,5.7868967486059646e-05,0.1,0.0005597117206712722,1
IBM,246,294.16,72363.36,4121230.85,1230705682.4915001,5.969090520614733e-05,0.0059690905206147326,5.8798265929433356e-05,0.1,0.0005969090520614733,1
IBOC,861,68.52,58995.719999999994,218919.4,15077740.018999998,0.003932954320174457,0.3932954320174457,0.003912769415420175,0.1,0.03932954320174457,1
IBP,-98,293.96,-28808.079999999998,285488.15,83450838.87349999,0.0003432716909616038,0.03432716909616038,0.0003452101906808761,0.1,0.003432716909616038,1
IBRX,16792,6.15,103270.8,50502523.15,277609183.23700005,0.00033249823875383937,0.03324982387538394,0.0003720006622109321,0.1,0.0033249823875383935,1
ICE,-2220,172.44,-382816.8,3075774.95,520945419.85350007,0.000721769321906988,0.0721769321906988,0.0007348501117596071,0.1,0.007217693219069879,1
ICFI,-287,92.41,-26521.67,128063.5,11905035.427499998,0.002241075716343845,0.2241075716343845,0.002227769094977773,0.1,0.022410757163438447,1
ICHR,808,30.88,24951.04,954496.2,25834258.009000003,0.0008465198709015291,0.08465198709015291,0.0009658121394973948,0.1,0.00846519870901529,1
ICLR,-1470,186.32,-273890.39999999997,912188.4,170751474.287,0.0016115092013886604,0.16115092013886603,0.0016040294887272452,0.1,0.016115092013886605,1
ICUI,-1288,149.28,-192272.64,230379.7,34731184.381,0.005590770367354415,0.5590770367354415,0.005536023128113778,0.1,0.05590770367354415,1
IDA,-1598,132.35,-211495.3,445611.05,58150992.832,0.003586087014673447,0.3586087014673447,0.0036370023915329596,0.1,0.03586087014673447,1
IDCC,-273,331.92,-90614.16,266906.8,85296489.455,0.0010228289425372452,0.10228289425372453,0.001062343369334156,0.1,0.010228289425372452,1
IDT,386,47.68,18404.48,137068.8,6908396.691999999,0.0028161040295092686,0.2816104029509269,0.002664073998719934,0.1,0.028161040295092685,1
IDXX,111,687.74,76339.14,445721.55,311860725.209,0.0002490344027566089,0.024903440275660892,0.0002447860016641715,0.1,0.002490344027566089,1
IDYA,-1032,33.65,-34726.799999999996,915808.3,32785221.52850001,0.0011268733860568855,0.11268733860568855,0.0010592211484620345,0.1,0.011268733860568854,1
IESC,-186,475.04,-88357.44,158836.6,68197467.70125,0.0011710147409350238,0.11710147409350238,0.0012956117430498154,0.1,0.011710147409350237,1
IEX,-1853,196.4,-363929.2,627332.7,119584174.07749999,0.0029537755643855327,0.2953775564385533,0.0030432889870874147,0.1,0.029537755643855326,1
IFF,-590,72.16,-42574.4,1558937.4,109385732.493,0.0003784629196784938,0.03784629196784938,0.00038921346531847284,0.1,0.003784629196784938,1
IIIN,3976,32.08,127550.07999999999,165259.05,5473341.6219999995,0.024059196758059544,2.4059196758059542,0.023303877011315116,0.1,0.24059196758059542,1
IIIV,-66,22.59,-1490.94,268398.85,6811187.3625,0.0002459026929511807,0.02459026929511807,0.00021889575497637768,0.1,0.002459026929511807,1
IIPR,-408,47.86,-19526.88,352069.25,17429925.452000003,0.00115886292256424,0.115886292256424,0.0011203077175387106,0.1,0.011588629225642398,1
ILMN,-187,149.86,-28023.820000000003,1880466.95,275671679.18700004,9.944338559100973e-05,0.009944338559100973,0.00010165650705450317,0.1,0.0009944338559100972,1
IMAX,2949,34.51,101769.98999999999,1202142.25,42655378.751,0.0024531206685398503,0.24531206685398502,0.0023858653464098973,0.1,0.0245312066853985,1
IMKTA,334,71.38,23840.92,115716.25,8149839.50925,0.0028863707560519807,0.2886370756051981,0.0029253238634872197,0.1,0.028863707560519807,1
IMVT,-31,26.06,-807.86,1500815.4,39175536.832499996,2.0655438370368537e-05,0.002065543837036854,2.062154255739005e-05,0.1,0.00020655438370368535,1
INCY,514,101.18,52006.520000000004,2036142.6,212470437.33999997,0.00025243811509076034,0.025243811509076033,0.000244770616802459,0.1,0.0025243811509076033,1
INDB,-1007,79.55,-80106.84999999999,326879.45,25052528.505999997,0.0030806463973186444,0.30806463973186443,0.0031975554874955903,0.1,0.030806463973186444,1
INGR,-3065,116.45,-356919.25,473450.2,53867284.5845,0.006473753733761228,0.6473753733761227,0.006625900168405768,0.1,0.06473753733761227,1
INN,2086,4.46,9303.56,739403.75,3498796.171,0.0028211920753715408,0.2821192075371541,0.002659074591744773,0.1,0.028211920753715408,1
INSM,7,155.89,1091.23,2628124.95,437261874.7139999,2.6634958889606826e-06,0.0002663495888960683,2.4955983201456593e-06,0.1,2.6634958889606826e-05,1
INSP,-187,82.01,-15335.87,1237369.7,110128081.15599999,0.00015112702371813372,0.015112702371813372,0.0001392548552469215,0.1,0.0015112702371813372,1
INSW,-1129,59.66,-67356.14,559261.45,30328404.9375,0.002018733814032775,0.2018733814032775,0.00222089292657513,0.1,0.020187338140327752,1
INTA,-4540,36.5,-165710.0,499780.25,20336298.562,0.009083992414666247,0.9083992414666247,0.008148483830269998,0.1,0.09083992414666246,1
INTC,1403,48.78,68438.34,141004438.85,6506080542.662001,9.950041370630227e-06,0.0009950041370630227,1.0519135069299043e-05,0.1,9.950041370630227e-05,1
INTU,493,538.7,265579.10000000003,2540266.85,1476011664.042,0.00019407409894751804,0.019407409894751804,0.0001799302176737019,0.1,0.0019407409894751802,1
INVA,1090,19.55,21309.5,632878.75,12438210.3905,0.0017222888270462548,0.17222888270462547,0.0017132287789789818,0.1,0.017222888270462547,1
INVH,6094,26.21,159723.74,7072388.6,190294826.527,0.0008616607973153512,0.08616607973153512,0.0008393488299974227,0.1,0.008616607973153511,1
INVX,-209,25.16,-5258.44,364045.0,8809086.5035,0.0005741048496751775,0.05741048496751775,0.0005969336318709927,0.1,0.005741048496751775,1
IONQ,-1500,45.8,-68700.0,19429307.4,933655967.6185,7.720295783677807e-05,0.007720295783677807,7.358170716268739e-05,0.1,0.0007720295783677807,1
IONS,7236,81.92,592773.12,2306501.05,184674897.15525,0.003137219469290942,0.3137219469290942,0.003209819683839734,0.1,0.031372194692909416,1
IOSP,3001,79.26,237859.26,136826.9,10864562.853000002,0.021932821689302325,2.1932821689302324,0.0218931275209403,0.1,0.21932821689302323,1
IP,-958,41.49,-39747.420000000006,6237619.4,262052855.179,0.00015358423439557726,0.015358423439557727,0.00015167711098911633,0.1,0.0015358423439557724,1
IPAR,2991,95.24,284862.83999999997,233214.75,20965284.399499997,0.012825089322180523,1.2825089322180523,0.013587358729404772,0.1,0.12825089322180522,1
IPGP,-38,92.44,-3512.72,342764.0,27781028.9995,0.00011086345123758621,0.01108634512375862,0.0001264431205936692,0.1,0.001108634512375862,1
IPI,46,33.39,1535.94,203352.7,6567057.9925,0.00022620796281534495,0.022620796281534496,0.00023388555449855046,0.1,0.002262079628153449,1
IQV,-2837,239.76,-680199.12,1156750.05,276414687.9285001,0.0024525609486682103,0.24525609486682104,0.002460792243341086,0.1,0.0245256094866821,1
IR,-92,85.25,-7843.0,2661944.6,227608375.2095,3.456120010912323e-05,0.003456120010912323,3.445831021279856e-05,0.1,0.00034561200109123227,1
IRDM,-326,21.19,-6907.9400000000005,2178817.25,43070457.8965,0.00014962246145242334,0.014962246145242334,0.00016038696446181398,0.1,0.0014962246145242334,1
IRM,8064,92.24,743823.36,1936401.1,173722167.261,0.004164426471354514,0.4164426471354514,0.004281683631556821,0.1,0.04164426471354514,1
IRON,588,80.01,47045.880000000005,537019.95,41056187.883,0.001094931389420449,0.10949313894204489,0.0011458901185387486,0.1,0.010949313894204489,1
IRT,5106,16.44,83942.64,2485427.35,42612769.499000005,0.002054375075578049,0.20543750755780488,0.001969894024418429,0.1,0.020543750755780486,1
IRTC,1011,151.845,153515.295,669907.1,111251005.92899999,0.0015091644796718828,0.15091644796718828,0.0013799002869059264,0.1,0.015091644796718828,1
IRWD,7426,4.79,35570.54,7647215.55,33741779.00200001,0.0009710724055633557,0.09710724055633557,0.0010541987130521953,0.1,0.009710724055633557,1
ISRG,700,522.04,365428.0,1978494.0,1086468791.141,0.00035380445935140564,0.035380445935140566,0.000336344681945471,0.1,0.003538044593514056,1
IT,1903,225.98,430039.94,888214.8,209996257.914,0.0021424997646965573,0.21424997646965574,0.0020478457295944517,0.1,0.021424997646965573,1
ITGR,-514,85.9,-44152.600000000006,519943.8,43359247.25250001,0.000988568379890288,0.0988568379890288,0.0010182971983549425,0.1,0.00988568379890288,1
ITIC,221,251.35,55548.35,17536.8,4445997.830499999,0.012602071073399937,1.2602071073399936,0.012494011944615142,0.1,0.12602071073399937,1
ITRI,-584,99.21,-57938.64,518306.15,50797667.23650001,0.0011267471937193875,0.11267471937193875,0.0011405767853522402,0.1,0.011267471937193874,1
ITRN,991,45.06,44654.46,136195.0,5983715.3065,0.007276331730239729,0.7276331730239729,0.007462664534105204,0.1,0.0727633173023973,1
ITT,2558,180.75,462358.5,779682.8,140717861.581,0.0032808213801817864,0.32808213801817865,0.003285712949339109,0.1,0.032808213801817865,1
ITW,1984,258.25,512368.0,1307080.25,333690716.0535,0.0015178869086270718,0.1517886908627072,0.0015354577617851767,0.1,0.015178869086270717,1
IVR,-919,8.95,-8225.05,2746677.15,24299368.2765,0.00033458610161008547,0.033458610161008547,0.00033848822349651255,0.1,0.0033458610161008545,1
IVT,2850,28.56,81396.0,504684.1,14426597.9,0.005647096867129359,0.5647096867129359,0.005642078649741807,0.1,0.05647096867129359,1
IVZ,893,27.56,24611.079999999998,5901664.35,166239013.91650003,0.0001513132477620487,0.015131324776204871,0.0001480463545841403,0.1,0.001513132477620487,1
J,-1031,136.7,-140937.69999999998,650228.0,89729211.1755,0.001585597667279785,0.1585597667279785,0.0015707003121240202,0.1,0.01585597667279785,1
JACK,-60,20.81,-1248.6,528972.25,11243641.454,0.0001134275002138581,0.01134275002138581,0.00011104943225984871,0.1,0.0011342750021385809,1
JANX,11100,13.95,154845.0,1759188.9,24818447.445499998,0.0063097260334009616,0.6309726033400962,0.006239109047414487,0.1,0.06309726033400961,1
JAZZ,1653,165.41,273422.73,1155100.2,193635146.7725,0.0014310446833962977,0.14310446833962978,0.0014120511413211652,0.1,0.014310446833962976,1
JBGS,-936,16.43,-15378.48,429390.25,7317506.522,0.0021798352431150916,0.21798352431150916,0.0021016011333593997,0.1,0.021798352431150914,1
JBHT,1202,205.06,246482.12,1008797.4,206322345.16599995,0.001191517741818129,0.11915177418181291,0.0011946457849812092,0.1,0.01191517741818129,1
JBL,-978,243.62,-238260.36000000002,1109874.75,263809689.84050003,0.0008811805115847531,0.08811805115847532,0.0009031524207623033,0.1,0.00881180511584753,1
JBLU,11760,5.04,59270.4,20495666.85,103004328.0235,0.0005737798182448501,0.05737798182448501,0.0005754165978974953,0.1,0.0057377981824485004,1
JBSS,1719,74.14,127446.66,43577.8,3151862.6184999994,0.03944669074620563,3.9446690746205633,0.04043534742026702,0.1,0.3944669074620563,1
JBTM,-1447,157.45,-227830.15,470235.75,73319116.10000001,0.0030771799039099007,0.30771799039099007,0.0031073772041831796,0.1,0.030771799039099004,1
JCI,2710,116.74,316365.39999999997,5793331.9,661245849.452,0.00046777917212027846,0.04677791721202785,0.00047843839059584904,0.1,0.004677791721202785,1
JJSF,-2622,93.63,-245497.86,198117.9,18601764.155,0.013234543673236997,1.3234543673236998,0.013197557928074912,0.1,0.13234543673236995,1
JKHY,650,179.81,116876.5,643307.9,119158222.07049999,0.0010104026392338723,0.10104026392338723,0.0009808513249790686,0.1,0.010104026392338723,1
JLL,-542,356.37,-193152.54,365297.45,127704928.91850002,0.0014837223747387232,0.14837223747387232,0.0015124908774920346,0.1,0.01483722374738723,1
JNJ,528,227.72,120236.16,8935272.55,1919464917.8535,5.909165020377582e-05,0.005909165020377582,6.264045718244111e-05,0.1,0.0005909165020377582,1
JOBY,-18768,13.37,-250928.15999999997,23396446.1,348062344.9499999,0.0008021731129498338,0.08021731129498338,0.0007209287750906995,0.1,0.008021731129498338,1
JOE,457,64.65,29545.050000000003,186820.3,11821564.614999998,0.0024462009749475835,0.24462009749475835,0.002499250392161394,0.1,0.024462009749475835,1
JPM,-535,300.77,-160911.94999999998,11644685.95,3647685136.7555,4.594370361701339e-05,0.004594370361701339,4.411344290070114e-05,0.1,0.0004594370361701339,1
JXN,43,115.98,4987.14,472816.35,53736202.33,9.094440156310162e-05,0.009094440156310162,9.280782384608087e-05,0.1,0.0009094440156310162,1
KAI,-29,316.26,-9171.539999999999,122372.5,37775469.808000006,0.0002369813479335635,0.023698134793356352,0.0002427908917245993,0.1,0.002369813479335635,1
KALU,15,123.31,1849.65,165748.85,20620920.635999996,9.049836544868939e-05,0.009049836544868939,8.969774107810113e-05,0.1,0.0009049836544868939,1
KBH,1290,57.95,74755.5,1206970.2,71424604.936,0.001068791922120364,0.1068791922120364,0.0010466351205860311,0.1,0.01068791922120364,1
KBR,-4962,43.16,-214159.91999999998,1260478.7,54542120.731000006,0.00393659964265957,0.39365996426595706,0.003926505187728762,0.1,0.039365996426595704,1
KD,-14451,23.7,-342488.7,1968207.6,50819423.42249999,0.007342213290915043,0.7342213290915043,0.006739326756083683,0.1,0.07342213290915042,1
KDP,285,26.71,7612.35,10163673.4,280723321.3275,2.8041042719849693e-05,0.0028041042719849692,2.7116913422092252e-05,0.1,0.00028041042719849693,1
KE,4444,29.05,129098.2,154820.7,4556118.961,0.028704171987337608,2.8704171987337608,0.028335124939684382,0.1,0.28704171987337607,1
KELYA,-1407,9.94,-13985.58,422807.85,4107966.3285000003,0.003327752784154788,0.3327752784154788,0.003404502101921257,0.1,0.03327752784154788,1
KEX,-487,128.13,-62399.31,830444.35,103076326.137,0.0005864330343147015,0.05864330343147015,0.0006053699461219089,0.1,0.005864330343147014,1
KEY,-5246,21.31,-111792.26,15615027.1,331520101.58199996,0.0003359584307093518,0.033595843070935175,0.0003372111056510059,0.1,0.003359584307093518,1
KEYS,-1751,221.5,-387846.5,970619.3,205959199.03149998,0.00180400286703551,0.18040028670355102,0.0018831229768993306,0.1,0.0180400286703551,1
KFRC,-538,32.53,-17501.14,167326.4,5576649.2575,0.0032152726646841145,0.32152726646841145,0.0031382895340715264,0.1,0.03215272664684114,1
KFY,504,66.35,33440.399999999994,378505.75,25548380.3155,0.0013315517663866402,0.13315517663866402,0.0013089048928754193,0.1,0.013315517663866402,1
KHC,-20512,23.19,-475673.28,15968574.45,374527531.051,0.0012845229274677052,0.12845229274677053,0.0012700622532745847,0.1,0.012845229274677052,1
KIDS,-2725,17.32,-47197.0,167036.35,3093206.024,0.016313814328438092,1.6313814328438092,0.015258278832318735,0.1,0.16313814328438092,1
KIM,-897,20.48,-18370.56,4630962.1,95511602.49949999,0.00019369625158452498,0.0193696251584525,0.00019233851719843326,0.1,0.0019369625158452497,1
KKR,-4584,116.77,-535273.6799999999,4036365.25,513121441.50999993,0.0011356752216613697,0.11356752216613697,0.0010431715315283084,0.1,0.011356752216613695,1
KLAC,-62,162.72,-10088.64,10988463.5,1606830568.0645,5.642281106908168e-06,0.0005642281106908167,6.278596014110076e-06,0.1,5.642281106908167e-05,1
KLIC,149,58.34,8692.66,689078.35,38167566.5265,0.00021623085386444083,0.021623085386444082,0.0002277499141572106,0.1,0.002162308538644408,1
KMB,5645,99.54,561903.3,6390199.0,637464536.8425,0.0008833840698857735,0.08833840698857734,0.0008814659757909497,0.1,0.008833840698857735,1
KMI,6799,30.07,204445.93,14820669.0,418127923.957,0.000458751221014382,0.0458751221014382,0.0004889554566583433,0.1,0.00458751221014382,1
KMPR,-5262,38.38,-201955.56000000003,723870.15,28389582.472500004,0.007269259548829303,0.7269259548829303,0.007113720682423819,0.1,0.07269259548829303,1
KMT,988,34.29,33878.52,1001522.5,32462014.132999998,0.0009864980567086611,0.09864980567086612,0.0010436357972489457,0.1,0.009864980567086611,1
KMX,580,46.96,27236.8,3616634.75,162728355.999,0.00016037007884194001,0.016037007884194,0.00016737586902289712,0.1,0.0016037007884194,1
KN,355,24.32,8633.6,654369.05,15343930.626999998,0.0005425073206014251,0.05425073206014251,0.0005626719912828501,0.1,0.005425073206014251,1
KNF,-682,68.94,-47017.08,481959.85,36466445.3775,0.001415055631708741,0.1415055631708741,0.0012893244601517922,0.1,0.01415055631708741,1
KNSA,42,43.28,1817.76,689279.85,28516683.836249996,6.093316089248801e-05,0.006093316089248801,6.374373719041237e-05,0.1,0.00060933160892488,1
KNSL,-83,389.74,-32348.420000000002,222383.95,88410201.98950002,0.0003732283737203157,0.03732283737203157,0.0003658901266150466,0.1,0.0037322837372031565,1
KNX,-604,55.57,-33564.28,3431834.9,193495893.6955,0.0001759991426160973,0.017599914261609728,0.00017346249245381575,0.1,0.0017599914261609729,1
KO,1253,73.06,91544.18000000001,16965319.3,1198093972.2289999,7.385655276172727e-05,0.007385655276172727,7.640818009432615e-05,0.1,0.0007385655276172726,1
KODK,228,7.39,1684.9199999999998,846468.35,6505070.1675,0.0002693544300858975,0.026935443008589747,0.00025901642205460496,0.1,0.0026935443008589744,1
KOP,-908,29.24,-26549.92,125074.45,3544207.5365000004,0.0072596761368928665,0.7259676136892866,0.00749107373836769,0.1,0.07259676136892866,1
KR,2912,61.82,180019.84,6634496.15,411228016.6825,0.00043891803298431336,0.043891803298431335,0.0004377616132584403,0.1,0.004389180329843133,1
KRC,-3057,34.33,-104946.81,1773444.5,66536099.355,0.001723764121177742,0.17237641211777419,0.0015772912902522523,0.1,0.017237641211777417,1
KREF,-19693,8.4,-165421.2,878535.6,7113578.586499999,0.02241571087159132,2.241571087159132,0.023254287274471517,0.1,0.22415710871591318,1
KRG,3603,22.68,81716.04,1948979.1,45993757.024000004,0.0018486601523843944,0.18486601523843943,0.0017766767771843414,0.1,0.018486601523843942,1
KRNT,-2913,12.96,-37752.48,328734.75,4665458.3565,0.008861247555970278,0.8861247555970277,0.008091912329986307,0.1,0.08861247555970277,1
KRNY,1478,7.6,11232.8,436845.1,3378055.242,0.0033833502996828855,0.33833502996828857,0.003325226852521673,0.1,0.03383350299682885,1
KRO,31099,5.42,168556.58,342658.2,1760794.9119999998,0.0907580790420308,9.07580790420308,0.0957275483085903,0.1,0.9075807904203079,1
KRYS,269,272.91,73412.79000000001,311118.15,83902547.99075,0.0008646232950408068,0.08646232950408068,0.0008749768839927668,0.1,0.008646232950408067,1
KSS,139,17.22,2393.58,3437522.15,67055667.083000004,4.0436103080819424e-05,0.004043610308081942,3.569541701877755e-05,0.1,0.0004043610308081942,1
KTB,2639,57.48,151689.72,736001.85,44079584.711,0.0035855888133976836,0.3585588813397684,0.003441269263186729,0.1,0.03585588813397683,1
KTOS,-3155,112.67,-355473.85,4252325.0,471171533.6615,0.0007419470524948116,0.07419470524948116,0.0007544467876435426,0.1,0.007419470524948116,1
KURA,-5355,8.04,-43054.2,1404536.4,12884381.6445,0.0038126459378340074,0.3812645937834007,0.0033415806196938204,0.1,0.03812645937834007,1
KWR,931,151.26,140823.06,110979.15,16666807.7335,0.008388963152087578,0.8388963152087578,0.008449312084938019,0.1,0.08388963152087578,1
KYMR,-1752,71.16,-124672.31999999999,739904.05,53981032.88199999,0.002367874591306805,0.2367874591306805,0.002309557882534924,0.1,0.02367874591306805,1
L,6639,102.81,682555.59,684228.15,70939609.951,0.009702903921740138,0.9702903921740138,0.009621642837780761,0.1,0.09702903921740137,1
LAB,-2922,1.43,-4178.46,1538876.0,2259724.126,0.0018987884663871552,0.18987884663871551,0.0018491018226177932,0.1,0.01898788466387155,1
LAD,1278,329.37,420934.86,214455.75,70964059.54550001,0.005959271318209001,0.5959271318209001,0.005931662628884827,0.1,0.05959271318209001,1
LADR,395,11.08,4376.6,642915.35,7073867.1165,0.0006143888149505219,0.06143888149505219,0.0006186997759388856,0.1,0.006143888149505218,1
LAMR,3565,127.12,453182.8,423080.4,54466424.096499994,0.008426294387544305,0.8426294387544305,0.008320406700411996,0.1,0.08426294387544304,1
LAND,-177,9.75,-1725.75,649315.6,6240821.788,0.0002725947135722598,0.02725947135722598,0.0002765260824012493,0.1,0.002725947135722598,1
LASR,34,45.98,1563.32,816584.5,34775649.455,4.163684223739246e-05,0.004163684223739246,4.495444440291331e-05,0.1,0.00041636842237392454,1
LAUR,-8615,34.17,-294374.55,868608.15,30192437.936999995,0.009918166206476418,0.9918166206476419,0.009749943035876946,0.1,0.09918166206476418,1
LAZ,7517,52.61,395469.37,967920.15,50179995.367,0.00776613649380065,0.776613649380065,0.007881016470959531,0.1,0.0776613649380065,1
LBRT,-1621,21.8,-35337.8,3489793.55,70081705.6145,0.00046449739125685533,0.046449739125685535,0.0005042371570461402,0.1,0.004644973912568553,1
LBTYK,-12767,10.74,-137117.58000000002,742024.6,7918420.938499999,0.017205629031705957,1.7205629031705958,0.0173162782156886,0.1,0.17205629031705957,1
LCID,-2881,10.91,-31431.71,8608909.75,94021126.589,0.0003346532933511122,0.03346532933511122,0.00033430475830606936,0.1,0.003346532933511122,1
LCII,1619,147.82,239320.58,363379.5,51041420.642500006,0.0044553971811838585,0.44553971811838583,0.004688752330704682,0.1,0.04455397181183858,1
LDOS,1574,187.77,295549.98000000004,925793.05,178147886.279,0.0017001639837326494,0.17001639837326493,0.0016590148004177545,0.1,0.017001639837326492,1
LE,-257,17.56,-4512.92,296224.0,5082717.408,0.0008675866911526412,0.08675866911526413,0.0008878951233638996,0.1,0.008675866911526412,1
LEA,326,119.33,38901.58,469861.0,57167782.373,0.000693822215506288,0.0693822215506288,0.0006804808300273159,0.1,0.00693822215506288,1
LECO,599,256.87,153865.13,268576.05,68088161.65349999,0.0022302807714984266,0.22302807714984266,0.00225979269029201,0.1,0.022302807714984264,1
LEN,-2219,110.79,-245843.01,3344098.3,380547815.4840001,0.0006635570491453556,0.06635570491453556,0.0006460239685972822,0.1,0.006635570491453555,1
LEVI,6620,20.47,135511.4,1916410.05,40810364.418,0.0034543755393059016,0.34543755393059017,0.00332051433336946,0.1,0.03454375539305901,1
LFST,5879,7.1,41740.9,1582831.2,11462448.1215,0.0037142305509267194,0.3714230550926719,0.003641534474795747,0.1,0.03714230550926719,1
LFUS,-224,314.25,-70392.0,208713.4,59798058.554500006,0.0010732420630395556,0.10732420630395556,0.001177161963140403,0.1,0.010732420630395556,1
LGIH,1058,49.88,52773.04,423190.05,20883574.862999998,0.0025000587797373783,0.25000587797373786,0.002527011794972873,0.1,0.025000587797373783,1
LGND,369,190.22,70191.18,238027.0,46603677.556,0.0015502443000163847,0.15502443000163846,0.0015061296378522217,0.1,0.015502443000163846,1
LH,-361,268.04,-96762.44,769306.85,201455529.93150002,0.000469253588473832,0.0469253588473832,0.0004803166238866795,0.1,0.004692535884738319,1
LHX,343,360.3,123582.90000000001,1742185.4,587135393.7405,0.00019687916108124888,0.019687916108124887,0.00021048450036827577,0.1,0.001968791610812489,1
LII,-393,487.49,-191583.57,457541.5,233322397.373,0.0008589384788046548,0.08589384788046549,0.0008211109270136876,0.1,0.008589384788046548,1
LILAK,-8459,4.998,-42278.082,999080.25,5001232.77328,0.0084667873276446,0.84667873276446,0.008453532142290672,0.1,0.084667873276446,1
LIN,-233,451.5,-105199.5,2250785.4,990616420.0380001,0.00010351942037654946,0.010351942037654946,0.00010619599864492913,0.1,0.0010351942037654944,1
LIND,7456,16.24,121085.43999999999,722816.95,11531362.8625,0.010315198059481036,1.0315198059481037,0.010500531588834995,0.1,0.10315198059481036,1
LITE,1082,385.0,416570.0,4143014.75,1486554245.9480004,0.00026116247836192234,0.026116247836192236,0.00028022522631479643,0.1,0.0026116247836192232,1
LIVN,1460,63.91,93308.59999999999,544714.45,34290819.594500005,0.0026803034140181156,0.26803034140181153,0.002721095649022224,0.1,0.026803034140181155,1
LKFN,-100,58.13,-5813.0,173829.55,10144352.20075,0.0005752761829044601,0.05752761829044601,0.0005730282116555681,0.1,0.005752761829044601,1
LKQ,2048,32.57,66703.36,2983725.0,97649935.38249998,0.0006863903342298637,0.06863903342298637,0.0006830865759277709,0.1,0.006863903342298637,1
LLY,90,1023.8,92142.0,2819389.5,2998484887.8389997,3.192180434806897e-05,0.0031921804348068973,3.0729519556260465e-05,0.1,0.0003192180434806897,1
LMAT,1108,85.06,94246.48,145115.25,12247030.627,0.0076353105548865475,0.7635310554886547,0.007695455565549309,0.1,0.07635310554886547,1
LMB,-342,81.72,-27948.239999999998,163917.25,13523446.151499998,0.0020864186045092873,0.20864186045092872,0.002066650740270077,0.1,0.02086418604509287,1
LMND,1109,92.06,102094.54000000001,2226388.8,189008876.22050002,0.0004981160523265299,0.04981160523265299,0.0005401573833013815,0.1,0.004981160523265298,1
LMT,-158,597.27,-94368.66,2039805.85,1118352999.52,7.745835222504141e-05,0.007745835222504141,8.438181865699227e-05,0.1,0.000774583522250414,1
LNC,134,40.91,5481.94,1638046.6,69848911.3655,8.180475451675184e-05,0.008180475451675185,7.848282661578685e-05,0.1,0.0008180475451675184,1
LNG,-955,208.04,-198678.19999999998,1879421.25,376715995.99700004,0.0005081351506481052,0.050813515064810515,0.0005273951786257098,0.1,0.005081351506481051,1
LNN,444,123.59,54873.96,118188.9,14574481.039499998,0.0037566979640220022,0.3756697964022002,0.003765071281185223,0.1,0.03756697964022002,1
LNT,-1205,66.26,-79843.3,2057411.0,136188173.13099998,0.0005856875461441589,0.05856875461441589,0.0005862719072029728,0.1,0.005856875461441588,1
LNTH,946,66.31,62729.26,840143.75,56452968.51625,0.0011259977831174725,0.11259977831174725,0.0011111773507879107,0.1,0.011259977831174724,1
LOB,-2925,38.31,-112056.75,382822.05,14365985.2195,0.0076406257163086615,0.7640625716308661,0.0078001437623572934,0.1,0.0764062571630866,1
LOPE,-1371,174.93,-239829.03,286823.65,50077151.9275,0.0047799405662678094,0.47799405662678096,0.004789190694135647,0.1,0.04779940566267809,1
LOVE,17322,13.53,234366.65999999997,303022.1,4559267.704000001,0.05716414743347103,5.716414743347102,0.05140445247257188,0.1,0.5716414743347102,1
LOW,-848,269.42,-228468.16,2808239.25,746286759.1205,0.0003019685733685262,0.030196857336852623,0.0003061399082964437,0.1,0.003019685733685262,1
LPLA,-822,366.9,-301591.8,562630.55,206271320.7835,0.0014609942528005277,0.14609942528005276,0.0014621121290852997,0.1,0.014609942528005276,1
LPX,-101,88.43,-8931.43,1018794.4,90465702.5545,9.913678363367525e-05,0.009913678363367526,9.87272496404852e-05,0.1,0.0009913678363367524,1
LQDA,-3319,41.91,-139099.28999999998,2229390.7,82339830.06875001,0.0014887475757389675,0.14887475757389676,0.0016893317594153206,0.1,0.014887475757389674,1
LQDT,-85,31.71,-2695.35,133435.9,4166364.962,0.000637009980072829,0.0637009980072829,0.0006469308436930927,0.1,0.00637009980072829,1
LRCX,393,239.58,94154.94,12958882.35,2765251332.0889997,3.0326689400031478e-05,0.003032668940003148,3.404932452518555e-05,0.1,0.00030326689400031476,1
LRN,-7,82.75,-579.25,1479019.9,107642433.67849998,4.73286397295939e-06,0.00047328639729593905,5.381242138486662e-06,0.1,4.73286397295939e-05,1
LSCC,4177,84.84,354376.68,1814940.35,151187651.383,0.0023014530477544343,0.23014530477544343,0.0023439525434670997,0.1,0.023014530477544343,1
LSTR,-1467,153.51,-225199.16999999998,470251.55,71668178.186,0.0031196069422844007,0.3119606942284401,0.003142247726955496,0.1,0.031196069422844006,1
LTC,-11188,35.25,-394377.0,431648.4,15530192.063000003,0.025919243532467627,2.5919243532467626,0.025394212666537835,0.1,0.25919243532467623,1
LTH,1917,28.96,55516.32,2259349.8,63389339.273,0.0008484741937702609,0.08484741937702608,0.0008757990008526019,0.1,0.008484741937702609,1
LULU,-656,180.35,-118309.59999999999,2840392.15,574189772.37,0.00023095402513346618,0.023095402513346616,0.00020604616399151553,0.1,0.0023095402513346615,1
LUMN,3378,9.16,30942.48,11573043.9,96888541.40450001,0.00029188517983587707,0.02918851798358771,0.0003193616040809019,0.1,0.0029188517983587707,1
LUV,6135,40.86,250676.1,8431461.6,358391555.96800005,0.000727631849737654,0.0727631849737654,0.0006994475618236449,0.1,0.00727631849737654,1
LVS,1881,61.26,115230.06,6278644.65,381953300.61050004,0.0002995869498682331,0.029958694986823308,0.00030168625278488375,0.1,0.0029958694986823306,1
LW,-2240,45.47,-101852.8,2880857.65,123036007.35899997,0.0007775462282907314,0.07775462282907314,0.0008278292037127745,0.1,0.007775462282907314,1
LXP,1710,48.22,82456.2,490519.7,24487931.383500002,0.0034860985195905485,0.34860985195905486,0.003367217863717108,0.1,0.03486098519590548,1
LXU,1239,9.45,11708.55,523696.3,4971528.259000001,0.0023658750310055657,0.23658750310055657,0.002355120878334325,0.1,0.023658750310055654,1
LYB,-1875,50.47,-94631.25,5438702.7,264955652.09700003,0.00034475133196745615,0.03447513319674562,0.0003571588273397375,0.1,0.0034475133196745613,1
LYFT,-7565,17.2,-130118.0,11204064.95,209849896.3105,0.0006752013696600358,0.06752013696600358,0.000620052724769869,0.1,0.0067520136966003575,1
LYTS,2160,21.53,46504.8,153160.55,3122282.582,0.014102848285671474,1.4102848285671474,0.01489448785580805,0.1,0.14102848285671474,1
LYV,724,147.53,106811.72,2608629.7,378413532.7375001,0.00027754035001594895,0.027754035001594894,0.0002822618927692888,0.1,0.0027754035001594894,1
LZ,-15884,9.32,-148038.88,2337834.35,21912763.5365,0.006794322275228782,0.6794322275228781,0.006755828846207018,0.1,0.06794322275228781,1
LZB,-92,37.13,-3415.96,417226.75,15995202.2225,0.00022050359906214067,0.022050359906214068,0.00021356153879660648,0.1,0.0022050359906214067,1
M,1153,20.02,23083.06,6274844.1,136942613.3555,0.00018374958510921412,0.018374958510921413,0.000168560095607909,0.1,0.0018374958510921412,1
MA,-215,521.37,-112094.55,4016058.45,2195204544.601,5.353507740904518e-05,0.005353507740904518,5.1063373695946084e-05,0.1,0.0005353507740904518,1
MAA,666,132.46,88218.36,942119.2,128398160.19000003,0.0007069169166704171,0.07069169166704171,0.0006870687233326157,0.1,0.007069169166704171,1
MAC,-1239,17.9,-22178.1,1598899.45,29388734.187,0.0007749080156353798,0.07749080156353798,0.0007546463164721944,0.1,0.007749080156353797,1
MAGN,4258,13.21,56248.18,483142.8,6968216.569,0.008813129368791174,0.8813129368791174,0.00807210560163059,0.1,0.08813129368791174,1
MAN,-8571,28.96,-248216.16,898080.8,27160483.777499996,0.009543684710774353,0.9543684710774353,0.009138871090566679,0.1,0.09543684710774353,1
MANH,-1198,161.14,-193045.71999999997,685830.05,116939103.3925,0.001746788435414867,0.1746788435414867,0.0016508226452878819,0.1,0.017467884354148668,1
MANU,12890,17.82,229699.80000000002,323729.85,5419259.84,0.03981715000949094,3.981715000949094,0.04238582514618824,0.1,0.39817150009490937,1
MAR,391,312.07,122019.37,1463362.7,467291850.5670001,0.00026719281556103627,0.026719281556103626,0.0002611202610358918,0.1,0.0026719281556103623,1
MARA,-261,10.37,-2706.5699999999997,40238481.65,419574950.48749995,6.4863282434515026e-06,0.0006486328243451503,6.450742583310236e-06,0.1,6.486328243451502e-05,1
MAS,-4938,66.48,-328278.24,2122908.15,143996049.726,0.0023260544739064667,0.23260544739064667,0.0022797725397652063,0.1,0.023260544739064665,1
MASI,-138,137.67,-18998.46,788060.0,108820280.49949999,0.0001751135700327386,0.017511357003273862,0.00017458565547519696,0.1,0.001751135700327386,1
MAT,853,20.345,17354.285,2787567.7,58668415.39575,0.00030600153675191453,0.030600153675191453,0.00029580285887962065,0.1,0.003060015367519145,1
MATV,7208,12.3,88658.40000000001,271038.4,3405765.3470000005,0.02659401767424837,2.659401767424837,0.026031858030998986,0.1,0.26594017674248366,1
MATW,-99,25.89,-2563.11,233368.4,6335473.2645000005,0.00042422195978547225,0.042422195978547225,0.00040456488299967316,0.1,0.0042422195978547225,1
MATX,-1060,158.96,-168497.6,311774.55,44627810.0115,0.003399892646785955,0.33998926467859547,0.0037756188340091162,0.1,0.03399892646785955,1
MBIN,-228,34.95,-7968.6,145220.9,5064501.2695,0.0015700219458769365,0.15700219458769366,0.0015734224508915388,0.1,0.015700219458769364,1
MBUU,-466,31.88,-14856.08,168033.0,5342316.091,0.0027732647753715045,0.27732647753715045,0.0027808313373720965,0.1,0.027732647753715044,1
MBWM,-1420,49.97,-70957.4,103191.0,5151442.079000001,0.013760890000096908,1.3760890000096908,0.013774278912939707,0.1,0.13760890000096906,1
MC,-2155,72.9,-157099.5,716239.95,53272821.796,0.0030087682207617715,0.30087682207617716,0.0029489614911255902,0.1,0.030087682207617712,1
MCB,583,89.19,51997.77,175260.85,14952457.393000001,0.003326470229945821,0.3326470229945821,0.003477540088115735,0.1,0.03326470229945821,1
MCD,2212,312.8,691913.6,3008986.25,923072960.2884998,0.0007351313087588884,0.07351313087588884,0.0007495762846132416,0.1,0.007351313087588884,1
MCHB,-658,14.92,-9817.36,416203.9,6131909.67,0.0015809558728306005,0.15809558728306006,0.0016010281508272773,0.1,0.015809558728306004,1
MCHP,1961,80.28,157429.08000000002,8770545.65,646819641.2385,0.0002235892814719002,0.02235892814719002,0.00024338945505514054,0.1,0.002235892814719002,1
MCK,-435,826.62,-359579.7,555026.05,458317923.89799994,0.0007837469971004064,0.07837469971004063,0.0007845639047711029,0.1,0.007837469971004063,1
MCO,-1101,516.62,-568798.62,699551.55,368019270.5295,0.0015738654285020167,0.15738654285020168,0.0015455674893915799,0.1,0.015738654285020165,1
MCRI,-1966,90.29,-177510.14,78289.1,7230650.009000001,0.025112052635679807,2.5112052635679807,0.024549679458838815,0.1,0.25112052635679805,1
MCS,-8492,14.88,-126360.96,164997.8,2548526.0880000005,0.051467352898038644,5.146735289803864,0.049581976262665584,0.1,0.5146735289803864,1
MCW,5589,5.4,30180.600000000002,1071450.55,6229892.73,0.005216292996442999,0.5216292996442999,0.004844481487564875,0.1,0.05216292996442999,1
MCY,149,85.3,12709.699999999999,201661.5,17984833.625499997,0.0007388619047264848,0.07388619047264848,0.000706689884635875,0.1,0.007388619047264847,1
MD,-4711,20.67,-97376.37000000001,531211.85,11594126.06,0.0088684015614486,0.8868401561448601,0.008398767573862312,0.1,0.08868401561448601,1
MDB,-891,411.04,-366236.64,1382549.45,562956526.302,0.0006444615778480835,0.06444615778480836,0.0006505593645139324,0.1,0.006444615778480835,1
MDGL,219,496.54,108742.26000000001,327665.05,172094498.924,0.0006683654542954764,0.06683654542954764,0.0006318752817777315,0.1,0.006683654542954764,1
MDLZ,-8205,57.73,-473674.64999999997,11053797.55,617433413.7390001,0.0007422788379184671,0.07422788379184671,0.0007671671786137421,0.1,0.007422788379184671,1
MDT,-2239,100.79,-225668.81000000003,7412178.2,733124617.9255,0.0003020704494125627,0.03020704494125627,0.00030781780407070227,0.1,0.003020704494125627,1
MDU,-6722,20.44,-137397.68000000002,2100120.85,42358869.936000004,0.003200768184364247,0.3200768184364247,0.003243657826745475,0.1,0.03200768184364247,1
MEDP,-92,597.91,-55007.719999999994,212058.1,127157134.91700001,0.0004338433665113476,0.04338433665113476,0.00043259640944179415,0.1,0.004338433665113476,1
MELI,182,2268.6,412885.2,538941.8,1147583790.9625,0.0003376988016145713,0.033769880161457135,0.0003597865386837727,0.1,0.003376988016145713,1
MET,2567,76.26,195759.42,3333039.75,260253642.8595,0.0007701678325318502,0.07701678325318502,0.0007521870504832176,0.1,0.007701678325318501,1
META,-11,668.73,-7356.030000000001,14909021.45,9621570936.306,7.378083153807523e-07,7.378083153807523e-05,7.645352353265707e-07,0.1,7.378083153807522e-06,1
MFA,3625,9.99,36213.75,1451852.3,14138159.929499999,0.002496810453790651,0.24968104537906508,0.002561418896135002,0.1,0.024968104537906505,1
MGEE,2805,78.17,219266.85,105122.55,8288820.944000001,0.02668314267490657,2.6683142674906573,0.026453322068528927,0.1,0.2668314267490657,1
MGM,7816,32.75,255974.0,4417255.15,153651066.5955,0.0017694246165517514,0.17694246165517513,0.001665943528227332,0.1,0.017694246165517513,1
MGNI,-2677,14.86,-39780.22,2206035.95,34465642.39150001,0.0012134888372965997,0.12134888372965996,0.0011541992906480886,0.1,0.012134888372965997,1
MGPI,1445,24.44,35315.8,249486.9,6127094.042,0.005791887269431782,0.5791887269431782,0.005763874319198837,0.1,0.05791887269431782,1
MGRC,-1253,117.4,-147102.2,118894.5,13151755.2995,0.010538754946612333,1.0538754946612332,0.011184986083613683,0.1,0.10538754946612332,1
MGY,-107,25.22,-2698.54,2522645.25,58079709.86750001,4.2415793500889595e-05,0.004241579350088959,4.64626976642326e-05,0.1,0.0004241579350088959,1
MHK,-10,119.74,-1197.3999999999999,756394.15,88635832.11899999,1.3220620492636015e-05,0.0013220620492636016,1.3509209214535315e-05,0.1,0.00013220620492636014,1
MHO,1052,132.36,139242.72,214320.4,28532693.367000002,0.004908538804518842,0.49085388045188416,0.004880111323841712,0.1,0.049085388045188416,1
MIDD,-1804,120.018,-216512.472,728585.5,88439635.3852,0.002476030609997042,0.24760306099970422,0.002448138451238261,0.1,0.02476030609997042,1
MIR,-2384,25.38,-60505.92,2136538.3,54691860.2025,0.0011158236667229416,0.11158236667229415,0.0011063057606008112,0.1,0.011158236667229414,1
MIRM,2567,100.85,258881.94999999998,845489.95,74533999.5615,0.003036109417977115,0.30361094179771153,0.0034733403751718646,0.1,0.03036109417977115,1
MITK,-13776,10.47,-144234.72,427310.05,4426954.822,0.03223888602666846,3.223888602666846,0.03258102370578021,0.1,0.32238886026668456,1
MKC,6181,61.86,382356.66,4516254.85,292666460.1115,0.001368611870962065,0.1368611870962065,0.0013064587580494526,0.1,0.013686118709620651,1
MKL,-244,2010.58,-490581.51999999996,44686.75,93287140.26849999,0.0054602315003888175,0.5460231500388818,0.005258833303154146,0.1,0.05460231500388817,1
MKSI,1069,236.05,252337.45,1257631.75,260009197.2425,0.0008500103468284734,0.08500103468284734,0.0009704943235706202,0.1,0.008500103468284734,1
MKTX,-2293,168.56,-386508.08,541358.3,94049258.259,0.004235642087689428,0.4235642087689428,0.004109634537846164,0.1,0.04235642087689428,1
MLAB,-10,78.94,-789.4,100953.45,8465580.521,9.90555548126389e-05,0.00990555548126389,9.324818280823013e-05,0.1,0.0009905555481263888,1
MLI,-677,67.255,-45531.634999999995,1357555.6,85765771.0995,0.0004986904403768066,0.049869044037680665,0.0005308835263333327,0.1,0.004986904403768066,1
MLKN,4857,19.16,93060.12,510644.75,9775077.2335,0.009511504818173495,0.9511504818173495,0.00952014165996308,0.1,0.09511504818173494,1
MLM,-501,650.23,-325765.23,401850.55,258908721.72399998,0.0012467321495516182,0.12467321495516183,0.0012582242414655692,0.1,0.012467321495516182,1
MLR,-57,40.09,-2285.13,59127.9,2329523.6705,0.0009640119131577478,0.09640119131577478,0.0009809430266529676,0.1,0.009640119131577477,1
MMI,6343,26.45,167772.35,268901.15,7203580.636,0.023588593801104975,2.3588593801104976,0.023290132848871745,0.1,0.23588593801104973,1
MMM,1560,155.94,243266.4,3948911.65,639406824.471,0.00039504555641299295,0.039504555641299295,0.00038045637095171985,0.1,0.003950455564129929,1
MMS,216,94.79,20474.640000000003,493827.25,46505119.782,0.00043739992072126436,0.043739992072126435,0.00044026636413319807,0.1,0.004373999207212644,1
MMSI,857,80.5,68988.5,769282.15,65476111.079500005,0.0011140255886608055,0.11140255886608055,0.0010536438231072598,0.1,0.011140255886608054,1
MMYT,-916,60.27,-55207.32,1398749.85,99040241.1365,0.0006548704902452715,0.06548704902452715,0.0005574231177800925,0.1,0.006548704902452714,1
MNKD,-12943,5.64,-72998.51999999999,4061716.65,22981933.5875,0.003186583682542208,0.3186583682542208,0.0031763437015458217,0.1,0.03186583682542208,1
MNRO,-3299,20.05,-66144.95,770573.15,15722561.9245,0.004281228848941856,0.4281228848941856,0.004207008394537044,0.1,0.04281228848941856,1
MNST,2231,80.92,180532.52,5311427.6,418423955.9244999,0.00042003773147543237,0.042003773147543236,0.000431458374798634,0.1,0.004200377314754323,1
MO,7810,63.13,493045.30000000005,9953544.45,591480326.2804999,0.0007846451120233858,0.07846451120233858,0.0008335785284702459,0.1,0.007846451120233858,1
MOD,428,146.9,62873.200000000004,1409424.65,185845384.65300006,0.00030367001173138276,0.030367001173138276,0.00033830918167482754,0.1,0.0030367001173138273,1
MOG/A,703,286.32,201282.96,185561.05,51203145.823,0.0037885105737437896,0.37885105737437896,0.003931066280493755,0.1,0.03788510573743789,1
MOH,210,187.0,39270.0,1427654.55,264355982.644,0.00014709440739708355,0.014709440739708356,0.00014854969275608827,0.1,0.0014709440739708354,1
MORN,1116,204.6,228333.6,389071.9,83229571.955,0.002868364433411922,0.2868364433411922,0.0027434191314050474,0.1,0.028683644334119216,1
MOS,11107,28.14,312550.98,7310366.25,194818896.74850002,0.0015193493212463877,0.15193493212463877,0.0016043155218330041,0.1,0.015193493212463877,1
MOV,7091,22.28,157987.48,135544.8,3002651.4404999996,0.052314806617443095,5.2314806617443095,0.052615990610515896,0.1,0.5231480661744309,1
MP,-180,67.01,-12061.800000000001,10072249.9,642491779.5785,1.7870883048682103e-05,0.0017870883048682104,1.877346976783581e-05,0.1,0.00017870883048682102,1
MPC,820,172.01,141048.19999999998,2157898.9,375817760.081,0.0003799992668794632,0.03799992668794632,0.0003753100970257496,0.1,0.003799992668794632,1
MPWR,-617,1161.78,-716818.26,525801.6,532856286.0775,0.0011734464102049137,0.11734464102049137,0.0013452375034865294,0.1,0.011734464102049137,1
MQ,-11262,17.24,-194156.87999999998,792392.0,14510369.678,0.014212662419610497,1.4212662419610496,0.013380560544530599,0.1,0.14212662419610494,1
MRCY,895,100.02,89517.9,707669.4,66188413.911999986,0.0012647148513133392,0.1264714851313339,0.0013524708435983593,0.1,0.01264714851313339,1
MRK,-1540,106.9,-164626.0,11693747.8,1273518781.2305002,0.00013169430590935098,0.013169430590935099,0.000129268607912429,0.1,0.0013169430590935097,1
MRNA,5504,45.3,249331.19999999998,14393441.45,599083788.6010001,0.00038239638651533196,0.038239638651533195,0.0004161875262594675,0.1,0.0038239638651533193,1
MRSH,999,178.18,178001.82,2581640.8,471979116.24700004,0.00038696320572559903,0.0386963205725599,0.0003771391866136014,0.1,0.0038696320572559903,1
MRTN,30729,12.46,382883.34,971324.6,12117216.824499998,0.03163618011939572,3.163618011939572,0.03159829072513103,0.1,0.3163618011939572,1
MRVL,3812,83.62,318759.44,14093863.75,1181761736.2535,0.0002704723181391618,0.02704723181391618,0.00026973240901381057,0.1,0.0027047231813916175,1
MS,219,182.34,39932.46,6603520.8,1215633988.2855,3.316412662772259e-05,0.0033164126627722593,3.284908153672122e-05,0.1,0.0003316412662772259,1
MSA,-1132,175.78,-198982.96,224075.75,39191649.001499996,0.0050518630418508025,0.5051863041850803,0.005077177538316499,0.1,0.05051863041850802,1
MSBI,1061,22.86,24254.46,194916.9,4361054.226000001,0.005443345343579751,0.5443345343579751,0.005561604773313359,0.1,0.05443345343579751,1
MSCI,-390,614.87,-239799.3,430980.7,253742452.90399998,0.0009049129114134345,0.09049129114134345,0.0009450499798341778,0.1,0.009049129114134346,1
MSEX,2351,51.62,121358.62,100532.45,5252935.181500001,0.023385483990492624,2.3385483990492624,0.02310301113697456,0.1,0.23385483990492623,1
MSFT,-365,481.63,-175794.95,26309324.6,12336413485.943497,1.3873408213603476e-05,0.0013873408213603477,1.4250085748204402e-05,0.1,0.00013873408213603477,1
MSGE,-3302,60.16,-198648.31999999998,311814.6,18057496.737,0.010589626014946061,1.058962601494606,0.011000878078131809,0.1,0.1058962601494606,1
MSGS,-1740,286.05,-497727.0,198326.8,54719243.7505,0.008773398249757472,0.8773398249757471,0.009096013867981353,0.1,0.0877339824975747,1
MSI,-695,405.08,-281530.6,1195935.0,467656119.8375,0.000581135262367938,0.0581135262367938,0.0006020034552265146,0.1,0.0058113526236793795,1
MSM,1391,83.48,116120.68000000001,828581.35,69905063.99849999,0.0016787730015888,0.16787730015888,0.0016611197151967661,0.1,0.016787730015888,1
MSTR,775,158.45,122798.74999999999,20678389.8,3398041735.57,3.7478740245045575e-05,0.0037478740245045577,3.613809351267467e-05,0.1,0.00037478740245045573,1
MTB,1897,216.89,411440.32999999996,1171786.2,248803469.23999995,0.0016188960067971445,0.16188960067971445,0.0016536760168851094,0.1,0.016188960067971443,1
MTCH,-12157,31.365,-381304.305,3374805.95,107412681.82100001,0.003602281191900826,0.36022811919008263,0.0035499002402289152,0.1,0.03602281191900826,1
MTD,-139,1401.64,-194827.96000000002,125588.05,181733783.34149998,0.001106793202060228,0.1106793202060228,0.0010720514172859895,0.1,0.01106793202060228,1
MTDR,-4800,43.96,-211008.0,1710604.55,72966363.80250001,0.002806025507181072,0.2806025507181072,0.002891853026569077,0.1,0.02806025507181072,1
MTG,6499,26.43,171768.57,2245800.95,61049527.3265,0.0028938450667232996,0.28938450667232996,0.0028135937741395056,0.1,0.028938450667232996,1
MTH,615,69.18,42545.700000000004,970655.6,70548710.11700001,0.000633592388484649,0.0633592388484649,0.0006030684321434225,0.1,0.006335923884846489,1
MTN,-637,132.97,-84701.89,943370.1,129344488.91499999,0.0006752387000605595,0.06752387000605595,0.000654855036426505,0.1,0.006752387000605595,1
MTRN,333,135.22,45028.26,159722.75,22157423.041500002,0.0020848626761059397,0.20848626761059397,0.0020321975130259415,0.1,0.020848626761059395,1
MTSI,-1303,226.25,-294803.75,1496088.25,302686586.18674994,0.0008709379276255929,0.08709379276255928,0.0009739571010197115,0.1,0.008709379276255928,1
MTUS,238,19.26,4583.88,337754.7,6574145.658500001,0.0007046534067475596,0.07046534067475596,0.0006972586611422734,0.1,0.007046534067475596,1
MTW,-7169,12.7,-91046.29999999999,216694.45,2884468.691,0.033083449991451096,3.3083449991451097,0.031564322498655956,0.1,0.3308344999145109,1
MTX,-3229,66.27,-213985.83,147833.45,9694710.1555,0.021842147362454167,2.1842147362454165,0.022072431931201328,0.1,0.21842147362454165,1
MTZ,1788,244.75,437613.0,868017.65,201797662.95,0.0020598659485783497,0.20598659485783496,0.00216857318168461,0.1,0.020598659485783495,1
MU,333,435.28,144948.24,34841312.65,12508508877.091,9.557619236254579e-06,0.0009557619236254579,1.1587971150219898e-05,0.1,9.557619236254578e-05,1
MUR,2655,31.42,83420.1,2660839.25,84687853.346,0.00099780548561887,0.099780548561887,0.0009850302812515453,0.1,0.0099780548561887,1
MUSA,887,421.74,374083.38,257966.5,110430689.902,0.0034384309590586373,0.3438430959058637,0.003387494729336333,0.1,0.03438430959058637,1
MUX,-2995,29.05,-87004.75,1494530.2,35042712.258,0.002003974225479017,0.2003974225479017,0.002482820089935745,0.1,0.020039742254790167,1
MWA,3501,26.71,93511.71,1026544.85,26342563.950000003,0.00341046959614088,0.341046959614088,0.0035498332727782935,0.1,0.0341046959614088,1
MXL,-1309,19.14,-25054.260000000002,1029941.2,19375026.575499997,0.0012709463414027908,0.12709463414027908,0.0012931213230789307,0.1,0.012709463414027908,1
MYE,9110,20.1,183111.0,280585.9,5538683.8149999995,0.032467775465552615,3.2467775465552613,0.033060381512317834,0.1,0.3246777546555261,1
MYGN,-151,5.72,-863.7199999999999,898421.8,5506183.505999999,0.00016807250224783058,0.016807250224783056,0.00015686364231392184,0.1,0.0016807250224783058,1
MYRG,52,251.55,13080.6,196518.5,46869139.434,0.00026460613122937537,0.026460613122937536,0.0002790876930526917,0.1,0.0026460613122937537,1
MZTI,-369,166.28,-61357.32,127702.1,21329337.974000003,0.002889537446917474,0.2889537446917474,0.0028766631235715443,0.1,0.02889537446917474,1
NABL,-4447,6.4,-28460.800000000003,996573.85,6862349.6205,0.004462288469640258,0.4462288469640258,0.00414738414303151,0.1,0.044622884696402576,1
NAGE,-395,6.03,-2381.85,794205.15,5064441.415999999,0.000497352604676512,0.049735260467651206,0.00047030853046795327,0.1,0.00497352604676512,1
NAT,21420,4.19,89749.8,3192873.25,12382200.6105,0.006708690988594677,0.6708690988594678,0.007248291545518406,0.1,0.06708690988594677,1
NAVI,-8775,9.81,-86082.75,844516.4,10244889.471,0.01039056198316575,1.039056198316575,0.008402506463702969,0.1,0.1039056198316575,1
NBHC,-458,39.86,-18255.88,413369.7,16552627.360999998,0.001107967032900573,0.1107967032900573,0.0011028992317565895,0.1,0.011079670329005729,1
NBIS,957,100.43,96111.51000000001,12004483.7,1183210745.5575001,7.972021320667045e-05,0.007972021320667044,8.122940935151379e-05,0.1,0.0007972021320667045,1
NBIX,-413,134.66,-55614.58,1114399.45,151489504.15600002,0.00037060319798255467,0.03706031979825547,0.0003671183710703121,0.1,0.0037060319798255465,1
NBN,1134,114.29,129604.86,128609.25,14173568.1745,0.008817406213005674,0.8817406213005674,0.009144123653574768,0.1,0.08817406213005673,1
NBR,213,66.07,14072.909999999998,367825.4,22759512.485499997,0.0005790790956796349,0.05790790956796349,0.000618330907086248,0.1,0.005790790956796349,1
NBTB,-2134,42.62,-90951.08,197872.2,8521302.334500002,0.010784738836481324,1.0784738836481325,0.010673377898090582,0.1,0.10784738836481324,1
NCLH,-9681,20.79,-201267.99,17108998.75,382564771.17050004,0.000565842580355557,0.0565842580355557,0.0005261017353589508,0.1,0.00565842580355557,1
NCNO,13259,23.23,308006.57,1612665.65,39361115.124,0.008221791045155578,0.8221791045155578,0.007825148475333629,0.1,0.08221791045155577,1
NDAQ,1164,98.71,114898.43999999999,3169863.6,313657569.011,0.0003672082294014165,0.036720822940141645,0.00036631808491753787,0.1,0.0036720822940141647,1
NDSN,870,271.94,236587.8,378300.9,99123845.98499998,0.0022997566223077978,0.22997566223077978,0.0023867899560293684,0.1,0.022997566223077977,1
NE,3994,34.62,138272.28,1848357.8,59281365.79099999,0.0021608370413996685,0.21608370413996686,0.002332474600660977,0.1,0.021608370413996682,1
NEE,-3463,87.57,-303254.91,9212331.65,763623379.6489999,0.0003759091760444816,0.03759091760444816,0.00039712627727478867,0.1,0.003759091760444816,1
NEM,1893,131.95,249781.34999999998,9177758.1,1058515173.2635,0.00020625952213754685,0.020625952213754687,0.00023597332972554472,0.1,0.0020625952213754683,1
NEO,-2214,12.38,-27409.320000000003,2002481.15,25323806.2895,0.0011056283850661966,0.11056283850661966,0.0010823538802444844,0.1,0.011056283850661965,1
NEOG,-568,10.35,-5878.8,4533337.6,41807140.90075,0.0001252939997232944,0.01252939997232944,0.0001406171260062067,0.1,0.0012529399972329438,1
NET,251,184.88,46404.88,3786670.05,713650171.1014999,6.628515204275587e-05,0.0066285152042755875,6.50246883965225e-05,0.1,0.0006628515204275587,1
NEU,377,651.55,245634.34999999998,152817.85,103798359.51099999,0.0024669892947715203,0.24669892947715202,0.002366456957096407,0.1,0.0246698929477152,1
NEXA,-21987,14.12,-310456.44,908941.75,10491588.088,0.024189668919928037,2.418966891992804,0.029590986359356964,0.1,0.24189668919928037,1
NEXT,-180,5.25,-945.0,2951070.95,15116394.873,6.099480597035459e-05,0.006099480597035459,6.251490569936768e-05,0.1,0.0006099480597035458,1
NFE,-126873,1.36,-172547.28,12687882.5,18149825.253,0.009999540900540338,0.9999540900540338,0.009506828721201023,0.1,0.09999540900540338,1
NFG,-3741,83.09,-310839.69,828792.35,67021001.41849999,0.0045137964895549535,0.45137964895549537,0.004637944575895251,0.1,0.04513796489554953,1
NFLX,-3503,84.64,-296493.92,50344261.0,4427828906.9985,6.958092005760101e-05,0.006958092005760101,6.696146717217781e-05,0.1,0.00069580920057601,1
NGVC,3470,25.93,89977.1,227556.15,5820350.629,0.015248983602508656,1.5248983602508657,0.015459051479078858,0.1,0.15248983602508656,1
NGVT,-657,66.25,-43526.25,273046.8,17693430.828499995,0.0024061809184359605,0.24061809184359606,0.002460023181591744,0.1,0.024061809184359604,1
NHC,589,139.09,81924.01,69128.95,9429732.0065,0.008520308785248438,0.8520308785248438,0.00868784075130969,0.1,0.08520308785248437,1
NHI,-903,78.33,-70731.99,194951.4,15300119.738499999,0.004631923648663205,0.46319236486632054,0.00462296970278054,0.1,0.04631923648663205,1
NI,-8463,44.33,-375164.79,3607790.7,155244676.336,0.0023457569198789717,0.23457569198789716,0.002416603254001582,0.1,0.023457569198789715,1
NIC,-106,141.57,-15006.42,171821.65,22960232.59250001,0.0006169187643117151,0.06169187643117151,0.0006535831002383603,0.1,0.00616918764311715,1
NJR,556,48.7,27077.2,455227.5,21502301.181499995,0.0012213673383088676,0.12213673383088676,0.001259269869370842,0.1,0.012213673383088675,1
NKE,1098,62.24,68339.52,17254674.1,1111619639.7115,6.36349312445142e-05,0.006363493124451419,6.147743127112818e-05,0.1,0.0006363493124451419,1
NKTR,-3061,35.91,-109920.51,728150.15,28305089.055,0.004203803295240686,0.4203803295240686,0.003883418624347444,0.1,0.04203803295240686,1
NLY,-19592,24.25,-475106.0,8514470.35,199154848.52249998,0.002301023926872915,0.2301023926872915,0.002385611013363422,0.1,0.02301023926872915,1
NMIH,5404,38.04,205568.16,433176.45,16736101.5285,0.012475285764034495,1.2475285764034494,0.012282917837821242,0.1,0.12475285764034494,1
NMRK,8161,17.35,141593.35,874324.35,15162050.460000003,0.009334064640885273,0.9334064640885273,0.009338667640867354,0.1,0.09334064640885273,1
NN,-12261,14.98,-183669.78,1442402.2,22154020.763,0.008500403008259416,0.8500403008259416,0.008290584448072362,0.1,0.08500403008259415,1
NNI,99,128.83,12754.170000000002,111272.5,14896879.563500002,0.0008897076995663799,0.08897076995663798,0.0008561638661058912,0.1,0.008897076995663798,1
NNN,-3893,41.37,-161053.41,1396377.4,57783366.551,0.002787928249196815,0.2787928249196815,0.0027871932636159774,0.1,0.02787928249196815,1
NOC,-1038,689.13,-715316.94,1137539.85,717217091.3915,0.0009124955051025245,0.09124955051025245,0.0009973506607492948,0.1,0.009124955051025245,1
NOG,-3359,24.36,-81825.24,2047515.1,45789199.4705,0.0016405251419147043,0.16405251419147043,0.001786998701576263,0.1,0.016405251419147043,1
NOMD,185,12.28,2271.7999999999997,2135725.6,25584107.825999998,8.662161468683055e-05,0.008662161468683056,8.879731180976613e-05,0.1,0.0008662161468683054,1
NOV,-5368,18.38,-98663.84,4357219.2,77185731.7825,0.0012319784141224751,0.12319784141224752,0.0012782652664098941,0.1,0.012319784141224751,1
NOVT,1430,138.99,198755.7,512678.2,66100555.91650001,0.0027892740514420156,0.27892740514420156,0.00300686881137692,0.1,0.027892740514420155,1
NOW,-257,129.62,-33312.340000000004,12551160.4,1699596479.8329997,2.0476194376417975e-05,0.0020476194376417975,1.960014650258233e-05,0.1,0.00020476194376417973,1
NPK,358,122.11,43715.38,75922.85,8883003.0385,0.004715312978898974,0.4715312978898974,0.00492123888853041,0.1,0.04715312978898974,1
NPKI,12460,13.6,169456.0,625666.2,8334578.0709999995,0.01991477244575462,1.991477244575462,0.02033168308658825,0.1,0.1991477244575462,1
NPO,1873,233.93,438150.89,162495.9,37669739.735,0.011526444667219296,1.1526444667219296,0.01163137555720625,0.1,0.11526444667219295,1
NRG,1652,155.11,256241.72000000003,1907874.3,291004406.129,0.0008658851371916902,0.08658851371916902,0.0008805424062425022,0.1,0.008658851371916902,1
NRIM,-3785,22.61,-85578.84999999999,213610.4,5637766.05,0.017719174721830024,1.7719174721830024,0.01517956744586803,0.1,0.17719174721830022,1
NSA,-1454,31.52,-45830.08,1673205.3,52630662.244500004,0.0008689907927018878,0.08689907927018878,0.0008707866868004179,0.1,0.008689907927018877,1
NSIT,-902,84.19,-75939.38,371834.8,31309514.089999996,0.00242580845041938,0.242580845041938,0.002425441026702309,0.1,0.024258084504193797,1
NSP,-48,40.74,-1955.52,1038702.4,45365290.832499996,4.6211503891778816e-05,0.004621150389177882,4.310608317756121e-05,0.1,0.00046211503891778813,1
NSSC,1410,38.51,54299.1,319556.8,12707206.453499999,0.00441236112015141,0.44123611201514096,0.004273094971636679,0.1,0.0441236112015141,1
NTAP,-3843,99.33,-381725.19,2366946.95,242241107.367,0.0016236105333919714,0.16236105333919715,0.0015758068238256478,0.1,0.016236105333919712,1
NTB,-5491,50.84,-279162.44,155391.4,7819613.594500001,0.03533657589802267,3.5336575898022673,0.035700285778360145,0.1,0.3533657589802267,1
NTCT,-7153,28.07,-200784.71,420205.1,11520195.598500002,0.017022639658585772,1.7022639658585772,0.01742893237213293,0.1,0.1702263965858577,1
NTGR,1499,21.42,32108.58,413961.25,9402617.785,0.0036211118794331593,0.3621111879433159,0.0034148553875307823,0.1,0.036211118794331594,1
NTLA,-300,13.82,-4146.0,6658767.6,83554885.43,4.505338195013744e-05,0.004505338195013744,4.9620078810034456e-05,0.1,0.0004505338195013744,1
NTNX,-4877,41.78,-203761.06,4047992.45,191492741.57999998,0.001204794737203623,0.12047947372036229,0.0010640667542736845,0.1,0.012047947372036228,1
NTRA,136,235.93,32086.48,1107117.55,264378701.20500007,0.00012284151759675384,0.012284151759675383,0.00012136560113864861,0.1,0.0012284151759675383,1
NTRS,2470,150.25,371117.5,958579.85,140173678.8825,0.002576728480157391,0.25767284801573914,0.002647554825974766,0.1,0.02576728480157391,1
NU,7813,18.76,146571.88,45841124.45,802944231.955,0.00017043648238868625,0.017043648238868624,0.00018254303869040612,0.1,0.0017043648238868625,1
NUE,1181,173.18,204525.58000000002,1766935.4,303572849.00049996,0.0006683888952589891,0.06683888952589892,0.0006737281699380934,0.1,0.006683888952589891,1
NUS,2847,10.1,28754.7,456998.45,4834774.131,0.006229780429233403,0.6229780429233402,0.005947475356837926,0.1,0.06229780429233403,1
NUVL,-82,100.27,-8222.14,583762.8,60471038.092999995,0.00014046801200761678,0.014046801200761677,0.00013596822973925064,0.1,0.0014046801200761677,1
NVAX,-1146,9.23,-10577.58,6251239.2,53770634.34749999,0.00018332365205286016,0.018332365205286017,0.00019671666753345255,0.1,0.0018332365205286016,1
NVCR,-2997,12.58,-37702.26,1173860.05,16063798.677499998,0.0025531152542417643,0.2553115254241764,0.0023470326512998597,0.1,0.02553115254241764,1
NVDA,347,191.52,66457.44,157938122.6,29378457730.425,2.1970629654679712e-06,0.00021970629654679711,2.262114662716796e-06,0.1,2.1970629654679712e-05,1
NVR,-25,7626.08,-190652.0,31856.8,239378978.5045,0.0007847618090957033,0.07847618090957033,0.0007964442040444917,0.1,0.007847618090957032,1
NVST,-13126,24.08,-316074.07999999996,2293473.85,54581932.66950001,0.00572319584110366,0.572319584110366,0.00579081876623654,0.1,0.0572319584110366,1
NVT,1379,114.15,157412.85,1782746.4,193516966.50450003,0.0007735256119434598,0.07735256119434598,0.0008134317772924553,0.1,0.007735256119434598,1
NWBI,-7460,12.55,-93623.0,910010.4,11283806.9835,0.008197708509704945,0.8197708509704945,0.008297111084663389,0.1,0.08197708509704944,1
NWL,-886,4.31,-3818.66,5243502.85,21559678.510500006,0.0001689710152441321,0.01689710152441321,0.00017712045187224075,0.1,0.001689710152441321,1
NWN,64,46.22,2958.08,274738.15,12800536.775,0.00023294908260829445,0.023294908260829444,0.0002310903091015103,0.1,0.0023294908260829443,1
NWPX,1283,66.15,84870.45000000001,65575.5,4361187.16675,0.019565233966954122,1.9565233966954123,0.019460400747543773,0.1,0.1956523396695412,1
NWSA,28022,26.59,745104.98,2936394.95,77683995.1185,0.009542994207914707,0.9542994207914707,0.009591486365542978,0.1,0.09542994207914707,1
NX,5265,18.37,96718.05,606149.4,10527950.678499999,0.00868597741744857,0.8685977417448569,0.009186787909019745,0.1,0.08685977417448569,1
NXPI,-2545,240.03,-610876.35,2573684.9,603326213.0534999,0.0009888545408181088,0.09888545408181088,0.001012514186824882,0.1,0.009888545408181086,1
NXRT,921,29.58,27243.179999999997,191714.95,5833029.541,0.004804007199229898,0.4804007199229898,0.004670502662211701,0.1,0.048040071992298976,1
NXST,-1139,207.31,-236126.09,299913.65,63432543.1935,0.003797759788525797,0.3797759788525797,0.0037224755324676323,0.1,0.037977597885257966,1
NYT,233,72.57,16908.809999999998,1342848.0,95426414.49900001,0.00017351181965494233,0.017351181965494233,0.00017719213373753226,0.1,0.0017351181965494233,1
O,-2669,60.07,-160326.83,6407475.8,380406424.209,0.000416544686754806,0.0416544686754806,0.0004214619412208308,0.1,0.00416544686754806,1
OBK,-4364,40.73,-177745.71999999997,215621.05,8643727.717999998,0.020239211338596116,2.0239211338596115,0.02056354917680437,0.1,0.20239211338596116,1
OC,-1433,120.57,-172776.81,1191746.2,143280664.71550003,0.001202437230343172,0.1202437230343172,0.0012058627055022944,0.1,0.01202437230343172,1
OCFC,277,18.23,5049.71,923818.15,16732227.162999999,0.00029984256100618935,0.029984256100618934,0.00030179544843656153,0.1,0.0029984256100618932,1
OCUL,-7644,10.28,-78580.31999999999,4866493.4,54326217.93049999,0.0015707408541846578,0.1570740854184658,0.0014464529833556328,0.1,0.015707408541846577,1
ODC,836,57.48,48053.28,70443.3,3786848.397000001,0.011867700689774613,1.1867700689774612,0.012689517763126863,0.1,0.11867700689774612,1
ODFL,-44,172.72,-7599.68,1855574.35,317294004.48099995,2.3712334674167058e-05,0.002371233467416706,2.3951539873660237e-05,0.1,0.00023712334674167056,1
OEC,-1499,6.3,-9443.699999999999,594308.5,3570165.9225000003,0.002522259062422967,0.25222590624229674,0.002645171178315172,0.1,0.02522259062422967,1
OFG,-2941,37.73,-110963.93,271400.65,10805333.2105,0.010836377878977076,1.0836377878977077,0.01026936678752041,0.1,0.10836377878977076,1
OFIX,741,13.14,9736.74,210265.5,3070258.5895,0.0035241159391340947,0.3524115939134095,0.00317130942432626,0.1,0.03524115939134095,1
OGE,3898,43.51,169601.97999999998,1515074.9,65256020.363,0.0025728100967153506,0.25728100967153505,0.002599024259471451,0.1,0.025728100967153503,1
OGN,-10716,8.89,-95265.24,6527744.6,56382367.695999995,0.0016416083435617259,0.1641608343561726,0.001689628227633983,0.1,0.01641608343561726,1
OGS,231,78.01,18020.31,422316.45,32838509.921000004,0.0005469831923430878,0.054698319234308776,0.0005487554107464583,0.1,0.005469831923430877,1
OHI,866,43.16,37376.56,1815161.8,80284235.99399999,0.000477092455339243,0.047709245533924305,0.000465552913809796,0.1,0.00477092455339243,1
OI,11033,15.03,165825.99,1943613.7,29892154.179,0.005676539530463281,0.5676539530463282,0.005547475401304365,0.1,0.05676539530463281,1
OII,5237,29.67,155381.79,1028770.8,28395779.412,0.005090541061235408,0.5090541061235407,0.005472002995428819,0.1,0.050905410612354075,1
OIS,528,8.39,4429.92,800680.85,6372390.004,0.0006594387763863717,0.06594387763863717,0.0006951740237523604,0.1,0.006594387763863716,1
OKE,3582,79.26,283909.32,4215933.3,316535479.70150006,0.000849633935147883,0.0849633935147883,0.0008969273215998812,0.1,0.008496339351478829,1
OKTA,-1541,90.74,-139830.34,2383193.5,216506422.19150004,0.0006466113641212935,0.06466113641212935,0.000645848462990719,0.1,0.006466113641212935,1
OLED,-2751,118.03,-324700.53,581271.55,69779729.56750001,0.004732727758652561,0.47327277586525607,0.004653221386963209,0.1,0.04732727758652561,1
OLLI,-1859,106.83,-198596.97,1112163.45,126873955.882,0.0016715168979883309,0.1671516897988331,0.001565309196985286,0.1,0.01671516897988331,1
OLN,4649,22.74,105718.26,2891759.1,66527874.248,0.0016076719530337088,0.16076719530337089,0.0015890821884058342,0.1,0.016076719530337086,1
OMC,1068,76.54,81744.72,3538690.25,279802333.9935,0.00030180657942582004,0.030180657942582005,0.0002921516730518016,0.1,0.0030180657942582003,1
OMCL,4433,49.04,217394.32,434262.95,21333329.129,0.010208100875287656,1.0208100875287656,0.010190360758297191,0.1,0.10208100875287655,1
OMER,-2654,11.81,-31343.74,2874314.25,39150494.553500004,0.0009233506739911964,0.09233506739911963,0.0008005962723451193,0.1,0.009233506739911964,1
OMF,4648,65.05,302352.39999999997,1259581.75,84017195.047,0.003690113801664719,0.3690113801664719,0.0035986966695431954,0.1,0.03690113801664719,1
ON,-3252,64.93,-211152.36000000002,8401941.0,511767503.458,0.0003870534201561282,0.03870534201561282,0.00041259431005925324,0.1,0.0038705342015612817,1
ONB,-2929,23.77,-69622.33,2783815.05,64841424.57175,0.0010521532312284898,0.10521532312284898,0.0010737322700700338,0.1,0.010521532312284898,1
ONTO,479,213.7,102362.29999999999,853251.2,169440010.17099997,0.0005613821580327106,0.056138215803271066,0.000604121186588075,0.1,0.005613821580327106,1
OPCH,-9168,34.72,-318312.95999999996,1879928.2,64128975.70949999,0.00487678199624858,0.48767819962485803,0.004963637052959283,0.1,0.0487678199624858,1
OPLN,-13910,30.14,-419247.4,754071.35,22922941.369,0.018446530291861638,1.8446530291861638,0.01828942426066544,0.1,0.18446530291861638,1
OPY,-882,75.18,-66308.76000000001,36593.7,2787863.9935,0.02410250944834767,2.410250944834767,0.023784790131298066,0.1,0.24102509448347667,1
ORA,-1146,127.97,-146653.62,564882.6,66989732.995000005,0.002028740131135213,0.20287401311352132,0.0021891954698632097,0.1,0.02028740131135213,1
ORC,-2474,8.32,-20583.68,6808450.3,53198240.557,0.0003633719702705328,0.03633719702705328,0.00038692407464012516,0.1,0.0036337197027053276,1
ORCL,-2326,172.8,-401932.80000000005,21496689.8,4015954987.4935007,0.00010820270570215885,0.010820270570215885,0.00010008399029662942,0.1,0.0010820270570215884,1
ORI,5885,39.05,229809.24999999997,2037364.45,84359786.6535,0.002888535725652816,0.2888535725652816,0.0027241563678191854,0.1,0.028885357256528157,1
ORLY,3254,101.37,329857.98000000004,5831724.6,553632706.1065,0.0005579824534238122,0.055798245342381224,0.0005958065272548161,0.1,0.005579824534238122,1
ORN,948,12.05,11423.400000000001,264475.65,2963358.8265,0.0035844509693047353,0.35844509693047355,0.003854882472498982,0.1,0.03584450969304735,1
ORRF,-3164,34.57,-109379.48,285707.2,10354043.292000001,0.011074274642011122,1.1074274642011122,0.010563938831945148,0.1,0.11074274642011121,1
OSBC,-6099,19.51,-118991.49,365864.5,7394880.3355,0.01667010600919193,1.667010600919193,0.01609106362800318,0.1,0.1667010600919193,1
OSCR,2130,14.87,31673.1,8405883.85,136744201.364,0.0002533939366768671,0.025339393667686713,0.00023162298425868336,0.1,0.0025339393667686712,1
OSG,-11347,5.75,-65245.25,822145.25,5426733.120999999,0.013801697449447042,1.3801697449447041,0.012022933235378466,0.1,0.13801697449447042,1
OSIS,415,271.39,112626.84999999999,255316.4,70450552.02849999,0.0016254341671745334,0.16254341671745334,0.0015986652589242741,0.1,0.01625434167174533,1
OSK,-398,146.16,-58171.68,762469.15,112081731.3135,0.0005219883322492457,0.05219883322492457,0.0005190112547181304,0.1,0.005219883322492457,1
OSPN,-8124,11.68,-94888.31999999999,429391.5,5318787.486500001,0.018919796968500775,1.8919796968500775,0.017840216447986106,0.1,0.18919796968500774,1
OSW,-16480,19.37,-319217.60000000003,611373.75,12551293.9345,0.026955687907765095,2.6955687907765093,0.02543304313211565,0.1,0.2695568790776509,1
OTIS,1914,88.6,169580.4,3024177.05,270727684.695,0.000632899452761868,0.0632899452761868,0.0006263873611265437,0.1,0.006328994527618679,1
OTTR,-373,86.57,-32290.609999999997,183844.5,15628112.1505,0.0020288885443948555,0.20288885443948557,0.00206618750166615,0.1,0.020288885443948555,1
OUT,-19656,24.41,-479802.96,1055138.85,25800193.3235,0.01862882785521545,1.862882785521545,0.018596874604151648,0.1,0.1862882785521545,1
OVV,-7854,42.76,-335837.04,3854815.85,153798547.7905,0.0020374514128865583,0.20374514128865584,0.0021836164568827246,0.1,0.02037451412886558,1
OWL,-15131,14.5,-219399.5,10775064.1,165545210.47649997,0.0014042607876458017,0.14042607876458016,0.00132531469420642,0.1,0.014042607876458016,1
OXM,-754,36.95,-27860.300000000003,388557.05,14705916.647,0.0019405129825851828,0.19405129825851827,0.001894495982042948,0.1,0.019405129825851828,1
OXY,-3373,44.83,-151211.59,11465627.9,491186500.133,0.00029418362687315186,0.029418362687315187,0.00030784964562148185,0.1,0.0029418362687315186,1
OZK,-1249,46.8,-58453.2,1618980.95,76666852.11,0.0007714729441381012,0.07714729441381012,0.0007624311992897864,0.1,0.007714729441381012,1
PAG,-132,159.41,-21042.12,246040.75,39901377.591000006,0.0005364964949911752,0.053649649499117526,0.0005273532211265351,0.1,0.005364964949911752,1
PAGS,27467,11.97,328779.99,3685208.35,38548760.655999996,0.007453309932937713,0.7453309932937713,0.00852893801006872,0.1,0.07453309932937713,1
PAHC,-3183,38.8,-123500.4,200221.1,7910210.361,0.015897425396224473,1.5897425396224474,0.015612783271719112,0.1,0.1589742539622447,1
PANW,-2907,183.74,-534132.18,5766042.2,1071768048.1500002,0.0005041586410866018,0.050415864108660176,0.0004983654634246431,0.1,0.005041586410866017,1
PAR,-1096,28.55,-31290.8,894171.1,29769185.182000004,0.0012257161968218387,0.12257161968218387,0.0010511137543301,0.1,0.012257161968218386,1
PARR,34,36.24,1232.16,1192353.7,43768623.925500005,2.8515028720085325e-05,0.0028515028720085323,2.8151673264786656e-05,0.1,0.00028515028720085323,1
PATH,5493,14.11,77506.23,28155245.25,442213668.6925001,0.0001950968621024532,0.01950968621024532,0.0001752687342957169,0.1,0.001950968621024532,1
PATK,-522,129.67,-67687.73999999999,325655.55,39803755.711500004,0.001602920631937641,0.1602920631937641,0.0017005365144587051,0.1,0.016029206319376408,1
PAX,2151,15.45,33232.95,694554.1,11535480.522000002,0.003096950979052604,0.3096950979052604,0.0028809333028320286,0.1,0.03096950979052604,1
PAY,5090,28.39,144505.1,633131.85,18822965.753,0.00803939969218102,0.803939969218102,0.007677063322339033,0.1,0.08039399692181019,1
PAYC,3125,139.65,436406.25,873333.15,132445110.4765,0.003578245025967467,0.3578245025967467,0.003294997062782717,0.1,0.03578245025967467,1
PAYO,9403,6.3,59238.9,4203786.45,24200097.5005,0.0022367929750570464,0.22367929750570464,0.0024478785673808156,0.1,0.02236792975057046,1
PAYX,-1114,102.45,-114129.3,2929774.55,319633967.64699996,0.00038023403541409014,0.03802340354140901,0.00035706248882172334,0.1,0.003802340354140901,1
PB,-948,67.11,-63620.28,1004182.2,70962109.8375,0.0009440517866180062,0.09440517866180062,0.0008965387323698174,0.1,0.00944051786618006,1
PBF,-4861,32.9,-159926.9,3920442.4,120925755.74750002,0.0012399110875854216,0.12399110875854216,0.001322521401759412,0.1,0.012399110875854215,1
PBH,-1577,63.15,-99587.55,346729.95,22356988.504,0.004548208194879041,0.45482081948790404,0.004454425960910714,0.1,0.0454820819487904,1
PBI,-6971,10.13,-70616.23000000001,1772419.25,18349227.8485,0.003933042365681822,0.3933042365681822,0.0038484578524525053,0.1,0.039330423656818214,1
PCAR,-2868,123.06,-352936.08,3155053.8,374544280.8180001,0.0009090177796651201,0.09090177796651201,0.000942308020907947,0.1,0.009090177796651201,1
PCG,16619,14.93,248121.66999999998,20558652.6,319280351.844,0.0008083700971726133,0.08083700971726132,0.0007771279020678102,0.1,0.008083700971726133,1
PCOR,5751,62.2,357712.2,1511661.25,103158463.691,0.0038044237754986444,0.38044237754986443,0.00346759914020713,0.1,0.03804423775498644,1
PCRX,3682,20.38,75039.16,1058170.3,23375972.468500003,0.003479591139535857,0.3479591139535857,0.0032100978943707297,0.1,0.03479591139535857,1
PCT,-2918,11.35,-33119.299999999996,4474722.55,47574792.455000006,0.000652107469769271,0.0652107469769271,0.0006961522749957731,0.1,0.006521074697692709,1
PCTY,1039,140.69,146176.91,537487.25,78539819.54550001,0.0019330691100114467,0.19330691100114467,0.0018611821474241637,0.1,0.019330691100114466,1
PCVX,-2052,51.37,-105411.23999999999,1095064.75,53249825.0505,0.0018738617967567672,0.18738617967567672,0.0019795603065368233,0.1,0.01873861796756767,1
PD,340,10.76,3658.4,2101350.75,24796728.418999996,0.0001618006893899079,0.01618006893899079,0.00014753559171930215,0.1,0.0016180068938990788,1
PDFS,-5101,34.46,-175780.46,290165.65,9578257.224,0.017579613575900523,1.7579613575900523,0.01835202959047198,0.1,0.1757961357590052,1
PDM,-11745,8.02,-94194.9,646613.55,5427706.784,0.018163863098755045,1.8163863098755044,0.017354456264599867,0.1,0.18163863098755043,1
PEB,-1635,11.31,-18491.850000000002,2227225.85,26664221.8745,0.0007340970831494256,0.07340970831494256,0.0006935079556056521,0.1,0.007340970831494255,1
PEBO,-533,31.46,-16768.18,288337.5,9055122.135999998,0.001848528200459531,0.1848528200459531,0.0018517894897668561,0.1,0.01848528200459531,1
PECO,12606,35.19,443605.13999999996,873504.15,30832277.520000003,0.01443152845925231,1.443152845925231,0.014387686401442326,0.1,0.1443152845925231,1
PEG,-2774,81.45,-225942.30000000002,3039517.55,240896906.67,0.0009126448373361095,0.09126448373361096,0.0009379211344939103,0.1,0.009126448373361094,1
PEGA,607,49.35,29955.45,1425473.6,76527346.502,0.0004258233895036709,0.04258233895036709,0.000391434583442889,0.1,0.004258233895036709,1
PENG,-44,19.72,-867.68,1476249.05,29177028.470500004,2.9805268968674356e-05,0.0029805268968674356,2.9738463629950684e-05,0.1,0.0002980526896867435,1
PENN,2058,13.25,27268.5,4023639.35,57263090.576,0.0005114772525524684,0.05114772525524684,0.00047619679143599564,0.1,0.005114772525524684,1
PEP,-3104,148.5,-460944.0,7800354.4,1119656614.4025,0.0003979306376130807,0.039793063761308076,0.0004116833626227277,0.1,0.003979306376130807,1
PFBC,-724,82.72,-59889.28,109129.25,10103008.331500003,0.0066343349743538055,0.6634334974353806,0.0059278660409763494,0.1,0.06634334974353805,1
PFE,11712,25.86,302872.32,47636155.35,1218948173.3865,0.0002458636704399781,0.02458636704399781,0.00024847021933554044,0.1,0.002458636704399781,1
PFG,-4546,94.05,-427551.3,1432462.05,130074621.70249999,0.003173557023727086,0.3173557023727086,0.0032869693903694254,0.1,0.03173557023727085,1
PFGC,2161,97.38,210438.18,2134432.65,196652307.448,0.0010124470312989262,0.10124470312989262,0.0010701027754563487,0.1,0.010124470312989261,1
PFS,-4163,22.22,-92501.86,887833.4,18192303.7795,0.004688942767866133,0.46889427678661333,0.005084669930821831,0.1,0.04688942767866133,1
PFSI,-1173,146.98,-172407.53999999998,435239.35,63982284.556499995,0.0026950688167326786,0.26950688167326786,0.002694613691822059,0.1,0.026950688167326785,1
PG,720,147.34,106084.8,11479398.4,1663268410.6879997,6.272105688047206e-05,0.006272105688047206,6.378092634857337e-05,0.1,0.0006272105688047206,1
PGC,1970,29.23,57583.1,98897.25,2868258.0175,0.01991966409581662,1.9919664095816618,0.020075983279283206,0.1,0.19919664095816617,1
PGEN,-8916,4.46,-39765.36,3842762.35,17209917.29375,0.002320205932068633,0.2320205932068633,0.0023106072691262323,0.1,0.02320205932068633,1
PGNY,73,24.53,1790.69,1437993.2,37034573.015,5.0765191379208196e-05,0.0050765191379208196,4.835184678043196e-05,0.1,0.000507651913792082,1
PGR,-2687,212.74,-571632.38,3705207.2,776837866.846,0.0007251956111928099,0.07251956111928098,0.0007358451543059501,0.1,0.007251956111928098,1
PH,-772,916.27,-707360.44,602610.55,557291298.8939999,0.0012810927389173654,0.12810927389173654,0.00126928312249595,0.1,0.012810927389173653,1
PHM,-1552,123.27,-191315.04,1842563.45,232906232.92599997,0.0008423047792465437,0.08423047792465437,0.0008214251615189084,0.1,0.008423047792465437,1
PHR,1106,14.66,16213.960000000001,1018429.15,16653456.7375,0.0010859861974689157,0.10859861974689157,0.0009736092785763602,0.1,0.010859861974689156,1
PI,-227,161.56,-36674.12,647449.25,116133846.00350001,0.00035060663055830246,0.03506066305583025,0.0003157918321149437,0.1,0.0035060663055830246,1
PII,292,64.94,18962.48,937081.1,64316239.537,0.0003116059004924974,0.03116059004924974,0.0002948319139381776,0.1,0.003116059004924974,1
PINS,6033,22.56,136104.47999999998,13680688.0,349961714.905,0.0004409865936566933,0.04409865936566933,0.0003889124844326091,0.1,0.004409865936566932,1
PIPR,-1032,88.4,-91228.8,468668.0,42486653.145500004,0.0022019852006110938,0.22019852006110938,0.002147234325273337,0.1,0.022019852006110938,1
PJT,-1219,178.73,-217871.87,226372.65,40907814.882,0.005384926138382883,0.5384926138382883,0.005325922947203582,0.1,0.05384926138382883,1
PK,-25762,10.73,-276426.26,4088659.1,45506888.047000006,0.0063008432275510565,0.6300843227551056,0.006074382843197363,0.1,0.06300843227551056,1
PKE,-595,23.36,-13899.199999999999,319732.6,7689745.137999999,0.0018609300396643946,0.18609300396643946,0.001807498135577351,0.1,0.018609300396643946,1
PKG,1299,217.61,282675.39,961452.15,209684478.4235,0.0013510812784598796,0.13510812784598797,0.0013480987821572572,0.1,0.013510812784598794,1
PLAB,36,35.94,1293.84,1282516.6,44044678.675,2.8069812117831454e-05,0.0028069812117831453,2.937562581729971e-05,0.1,0.0002806981211783145,1
PLAY,-114,19.22,-2191.08,1032451.4,19103047.875,0.00011041681961979034,0.011041681961979034,0.00011469792748975141,0.1,0.0011041681961979034,1
PLD,491,127.13,62420.829999999994,3592711.9,464022003.5544999,0.00013666556452801017,0.013666556452801017,0.0001345212716678178,0.1,0.0013666556452801017,1
PLMR,-1193,119.7,-142802.1,180270.35,23309641.54925,0.006617838152530352,0.6617838152530352,0.0061263104238767135,0.1,0.06617838152530352,1
PLNT,86,91.63,7880.179999999999,1915322.2,192514366.89099997,4.490106155507413e-05,0.004490106155507413,4.0932945043326e-05,0.1,0.0004490106155507413,1
PLOW,2411,37.0,89207.0,176886.55,6396115.512500001,0.013630205349134799,1.3630205349134799,0.013947058933764056,0.1,0.13630205349134797,1
PLPC,-147,248.09,-36469.23,100942.5,23772709.629,0.0014562746117839365,0.14562746117839365,0.001534079647172895,0.1,0.014562746117839365,1
PLSE,-56,13.55,-758.8000000000001,168575.9,2417542.0145,0.0003321945782285606,0.033219457822856055,0.0003138725182225784,0.1,0.003321945782285606,1
PLTR,-3831,157.35,-602807.85,36489478.55,6297248276.936,0.00010498916817214973,0.010498916817214973,9.572559687821348e-05,0.1,0.0010498916817214972,1
PLUS,555,84.15,46703.25,122781.65,10688108.564,0.004520219430183582,0.4520219430183582,0.00436964592194612,0.1,0.04520219430183582,1
PLXS,1367,180.85,247221.94999999998,268666.55,46237254.482999995,0.005088091539493845,0.5088091539493845,0.005346812927460817,0.1,0.05088091539493845,1
PM,3415,178.59,609884.85,4902086.35,817111960.0600001,0.0006966421552325369,0.06966421552325369,0.0007463908005400098,0.1,0.006966421552325369,1
PMT,-4918,13.48,-66294.64,1139414.55,14920554.4995,0.004316251710143599,0.43162517101435993,0.004443175352646685,0.1,0.04316251710143599,1
PNC,1403,221.39,310610.17,2951824.8,645530640.2240001,0.0004752992115250201,0.04752992115250201,0.0004811702971871603,0.1,0.004752992115250201,1
PNFP,5522,93.77,517797.94,2320155.3,224038353.41599998,0.002380013096537116,0.23800130965371158,0.0023112022209810655,0.1,0.023800130965371157,1
PNR,-5819,105.17,-611984.23,1594648.6,166826308.23999998,0.0036490798035379076,0.36490798035379074,0.003668391613147646,0.1,0.03649079803537907,1
PNW,-2591,93.68,-242724.88,1268563.05,115701815.027,0.002042468444907015,0.2042468444907015,0.0020978485077641877,0.1,0.020424684449070148,1
PODD,420,258.2,108444.0,822392.5,229781529.83400002,0.0005107050465562368,0.05107050465562368,0.0004719439376974411,0.1,0.0051070504655623674,1
POOL,-1206,258.48,-311726.88,779565.1,197455468.8985,0.0015470164069684494,0.15470164069684494,0.0015787199095520625,0.1,0.015470164069684494,1
POR,103,49.93,5142.79,782202.55,38437742.159,0.0001316794479895265,0.01316794479895265,0.00013379531968153968,0.1,0.0013167944798952648,1
POST,-1611,97.79,-157539.69,735784.95,72354496.4565,0.002189498439727532,0.2189498439727532,0.0021773310259261347,0.1,0.02189498439727532,1
POWI,-1633,46.77,-76375.41,884134.55,37050440.79099999,0.001847003943008448,0.1847003943008448,0.002061390050143547,0.1,0.01847003943008448,1
POWL,-14,147.8133,-2069.3862,801510.6,105841248.16996501,1.7467017903443824e-05,0.0017467017903443824,1.9551793235439542e-05,0.1,0.00017467017903443824,1
PPC,7138,43.06,307362.28,863434.7,34822736.91775,0.008266983015623532,0.8266983015623532,0.00882648255724351,0.1,0.08266983015623532,1
PPG,-769,113.96,-87635.23999999999,2198406.3,240335392.0,0.00034979885201384296,0.03497988520138429,0.0003646372649101968,0.1,0.0034979885201384293,1
PPL,15213,36.7,558317.1000000001,5877459.25,210925340.02449995,0.002588363330634747,0.2588363330634747,0.0026469892139804017,0.1,0.025883633306347468,1
PR,-37273,15.54,-579222.4199999999,9956364.4,142894814.3425,0.0037436355784647656,0.37436355784647657,0.004053488033594279,0.1,0.03743635578464766,1
PRAA,-16544,12.955,-214327.52,294755.85,4727752.97175,0.05612780882890026,5.612780882890026,0.04533390836633871,0.1,0.5612780882890026,1
PRCT,9633,30.02,289182.66,1124670.95,35380199.5175,0.00856517188427424,0.8565171884274241,0.00817357346605585,0.1,0.0856517188427424,1
PRDO,-869,31.79,-27625.51,437201.25,13727262.884000003,0.0019876429904992264,0.19876429904992265,0.0020124558139116926,0.1,0.019876429904992263,1
PRG,-1104,32.49,-35868.96,393504.5,12469714.9485,0.0028055587674346797,0.280555876743468,0.0028764859620399527,0.1,0.028055587674346797,1
PRGO,-365,13.95,-5091.75,2515645.6,36730167.702,0.00014509197956977723,0.014509197956977722,0.00013862583044298892,0.1,0.0014509197956977722,1
PRGS,570,41.41,23603.699999999997,852090.55,35734105.82450001,0.0006689429896857792,0.06689429896857793,0.0006605370263334484,0.1,0.006689429896857792,1
PRI,-1364,259.44,-353876.16,193364.45,50582921.5335,0.007054037078687421,0.7054037078687421,0.006995961270557203,0.1,0.07054037078687421,1
PRIM,483,149.13,72029.79,750550.2,104116355.40550001,0.0006435279079267449,0.06435279079267449,0.0006918201248926446,0.1,0.006435279079267449,1
PRK,-410,158.8,-65108.00000000001,56787.15,9002147.587,0.007219943244202253,0.7219943244202254,0.007232496398306385,0.1,0.07219943244202252,1
PRKS,7982,37.41,298606.62,1041327.85,38703214.722500004,0.007665213217912111,0.7665213217912111,0.007715292441235014,0.1,0.0766521321791211,1
PRLB,-2206,51.86,-114403.16,140443.75,7538054.954499999,0.01570735614792399,1.5707356147923992,0.015176747939692937,0.1,0.1570735614792399,1
PRM,-8227,26.48,-217850.96,773843.75,21800763.986,0.010631345152041352,1.0631345152041352,0.009992813102325191,0.1,0.10631345152041352,1
PRMB,-8847,18.73,-165704.31,6703401.75,120427457.54200001,0.0013197776785495515,0.13197776785495516,0.0013759678513698534,0.1,0.013197776785495514,1
PRSU,-1066,34.6,-36883.6,264911.75,9044363.977000002,0.0040239815712213595,0.40239815712213595,0.004078075594237,0.1,0.04023981571221359,1
PRTA,-740,9.14,-6763.6,514282.35,4818816.6844999995,0.0014388983016819458,0.14388983016819457,0.0014035810952833106,0.1,0.014388983016819457,1
PRU,337,107.69,36291.53,1692053.65,191191380.6765,0.0001991662616607931,0.01991662616607931,0.00018981781433654723,0.1,0.001991662616607931,1
PRVA,3419,22.77,77850.63,677465.95,15936034.0425,0.005046748105938018,0.5046748105938018,0.004885194760024936,0.1,0.050467481059380176,1
PSA,592,273.86,162125.12,1174202.8,327030794.209,0.0005041718517448604,0.05041718517448604,0.0004957487884042764,0.1,0.005041718517448604,1
PSKY,-7416,11.34,-84097.44,6652430.0,80915743.826,0.0011147806140011996,0.11147806140011995,0.0010393211014761462,0.1,0.011147806140011995,1
PSMT,-2718,142.0,-385956.0,216857.45,29606887.611,0.012533579086169278,1.2533579086169278,0.01303602070812076,0.1,0.12533579086169278,1
PSN,-24,71.71,-1721.04,1104857.95,76011916.11449999,2.1722249452972665e-05,0.0021722249452972666,2.2641713141496447e-05,0.1,0.00021722249452972665,1
PSX,26,142.08,3694.0800000000004,2405679.4,334557068.8305,1.0807757675440876e-05,0.0010807757675440877,1.1041703625971117e-05,0.1,0.00010807757675440876,1
PTC,1612,161.91,260998.91999999998,801953.65,134847836.7,0.0020100912315817753,0.20100912315817754,0.001935506911991863,0.1,0.020100912315817752,1
PTCT,11,75.6,831.5999999999999,1333101.8,101539972.2675,8.251432861316367e-06,0.0008251432861316367,8.189878147782112e-06,0.1,8.251432861316366e-05,1
PTEN,-6965,7.33,-51053.45,11220266.9,78156534.6285,0.0006207517220468258,0.062075172204682574,0.0006532204919610549,0.1,0.0062075172204682574,1
PTGX,11,81.76,899.36,811926.25,67452447.963,1.3548028530916448e-05,0.0013548028530916449,1.3333244784434363e-05,0.1,0.00013548028530916447,1
PTN,5489,16.95,93038.55,51325.15,858648.1802499999,0.10694562022712062,10.694562022712063,0.10835468139338669,0.1,1.0694562022712062,2
PTON,-29214,5.84,-170609.76,9630662.85,61115355.847500004,0.003033436063022391,0.3033436063022391,0.002791602169931225,0.1,0.03033436063022391,1
PUMP,10455,10.66,111450.3,2565363.4,26458631.060999997,0.004075445997241561,0.4075445997241561,0.004212247403996561,0.1,0.040754459972415606,1
PVH,-1817,61.23,-111254.90999999999,1040419.9,67632256.639,0.0017464102714682792,0.17464102714682792,0.0016449977500210319,0.1,0.01746410271468279,1
PVLA,-1424,78.71,-112083.04,218034.35,20585757.719,0.006531080997099769,0.6531080997099769,0.005444688581783459,0.1,0.06531080997099768,1
PWP,-397,22.53,-8944.41,989044.05,20268961.368499998,0.0004013976930552284,0.04013976930552284,0.00044128605493819293,0.1,0.0040139769305522835,1
PWR,-735,481.28,-353740.8,936820.35,421413602.76100004,0.0007845687809834617,0.07845687809834617,0.0008394147642182782,0.1,0.007845687809834617,1
PYPL,-613,54.08,-33151.04,14919659.9,852866508.3885,4.108672745281546e-05,0.004108672745281546,3.887013931715906e-05,0.1,0.0004108672745281546,1
PZZA,-40,35.71,-1428.4,942213.0,35537739.5875,4.245324570983419e-05,0.0042453245709834185,4.019389011737887e-05,0.1,0.00042453245709834185,1
QBTS,-3829,24.97,-95610.12999999999,39503399.45,1098171302.9380002,9.692836700918406e-05,0.009692836700918406,8.706303811091108e-05,0.1,0.0009692836700918406,1
QCOM,3332,152.7,508796.39999999997,8798513.45,1459639335.5054996,0.0003787003360209673,0.03787003360209673,0.0003485767940227471,0.1,0.0037870033602096726,1
QCRH,-568,89.49,-50830.32,79049.1,6759927.894750001,0.007185407550497095,0.7185407550497095,0.007519358311421727,0.1,0.07185407550497094,1
QDEL,-4411,26.79,-118170.69,1016769.7,31694872.827,0.004338248867958988,0.4338248867958988,0.0037283850496896017,0.1,0.043382488679589874,1
QGEN,-2997,53.99,-161808.03,3000902.1,158616838.84050998,0.0009986996910029153,0.09986996910029153,0.0010201188674721904,0.1,0.009986996910029152,1
QLYS,343,132.69,45512.67,379512.9,50313540.28000001,0.0009037900951456458,0.09037900951456458,0.0009045809487211062,0.1,0.009037900951456459,1
QNST,3452,13.99,48293.48,551891.05,8101714.533,0.0062548577296189165,0.6254857729618917,0.005960896277360851,0.1,0.06254857729618916,1
QS,-11610,9.93,-115287.3,13750340.35,146820114.99349996,0.0008443427365781532,0.08443427365781532,0.0007852282366425337,0.1,0.008443427365781532,1
QTWO,474,65.09,30852.66,594923.35,40621764.99750001,0.0007967412944877689,0.07967412944877689,0.0007595105727655795,0.1,0.007967412944877688,1
QURE,140,23.02,3222.7999999999997,1867646.8,43858477.682000004,7.496064030950606e-05,0.007496064030950606,7.348180261447314e-05,0.1,0.0007496064030950606,1
R,843,190.63,160701.09,299017.75,57126467.9715,0.002819230630957527,0.2819230630957527,0.0028130758947003806,0.1,0.02819230630957527,1
RAMP,1097,24.83,27238.51,515436.35,13713394.1925,0.002128293823281963,0.2128293823281963,0.00198627047524799,0.1,0.021282938232819626,1
RARE,497,24.44,12146.68,3334168.15,78039577.22199999,0.0001490626680001127,0.01490626680001127,0.0001556476909843606,0.1,0.001490626680001127,1
RBC,233,508.95,118585.34999999999,186611.7,90972103.17999999,0.0012485819485059083,0.12485819485059083,0.001303535324069222,0.1,0.012485819485059082,1
RBCAA,879,70.26,61758.54,35133.2,2482365.6689999998,0.02501907028110164,2.501907028110164,0.024878905139257307,0.1,0.25019070281101635,1
RBLX,-2259,75.27,-170034.93,12068913.95,948797043.7744999,0.0001871750854599473,0.01871750854599473,0.00017921106638735704,0.1,0.0018717508545994727,1
RCL,-680,291.6,-198288.00000000003,2184645.5,629576143.6995,0.0003112633148032484,0.03112633148032484,0.0003149547548527251,0.1,0.003112633148032484,1
RCUS,48,21.7,1041.6,1445431.6,32461682.706,3.32080743218842e-05,0.0033208074321884203,3.208706121101595e-05,0.1,0.000332080743218842,1
RDN,6082,32.94,200341.08,1158129.95,38993862.9535,0.005251569566955764,0.5251569566955764,0.005137759247882309,0.1,0.05251569566955763,1
RDNT,-1676,71.66,-120102.15999999999,644353.0,47525220.691750005,0.0026010587364379465,0.26010587364379467,0.002527124719293492,0.1,0.026010587364379462,1
RDWR,1286,25.06,32227.16,208306.05,5067030.183,0.006173608495768606,0.6173608495768607,0.0063601673635422275,0.1,0.06173608495768606,1
REG,10582,70.45,745501.9,1282505.7,90075251.02325001,0.008251035453487654,0.8251035453487654,0.008276434331640917,0.1,0.08251035453487654,1
REGN,553,751.13,415374.89,847899.9,648416744.369,0.0006521996287533469,0.06521996287533469,0.0006405986483341324,0.1,0.006521996287533469,1
RELY,-826,13.61,-11241.859999999999,2845157.4,38936407.42,0.00029031785728269373,0.029031785728269373,0.0002887236071560502,0.1,0.002903178572826937,1
REPL,-4356,7.36,-32060.16,1463899.75,11580067.17575,0.002975613596491153,0.2975613596491153,0.0027685642503989683,0.1,0.02975613596491153,1
RES,-366,6.35,-2324.1,1943657.8,11717800.495499998,0.00018830475199904016,0.018830475199904016,0.0001983392703172005,0.1,0.0018830475199904015,1
REX,1379,33.6,46334.4,155030.0,5137370.8965,0.008895052570470232,0.8895052570470232,0.009019087960257417,0.1,0.08895052570470231,1
REXR,-3160,38.9,-122924.0,2259033.45,89727703.987,0.0013988283351891047,0.13988283351891048,0.0013699670730213888,0.1,0.013988283351891046,1
REYN,-6427,22.56,-144993.12,810779.55,18997595.208,0.0079269389564648,0.79269389564648,0.007632182832221971,0.1,0.07926938956464799,1
REZI,158,23.1898,3663.9884,1255977.6,31426553.001335006,0.00012579842188268324,0.012579842188268324,0.00011658893674544432,0.1,0.0012579842188268323,1
RF,7748,27.86,215859.28,14532958.3,408326376.5675,0.0005331330235771749,0.053313302357717494,0.0005286439779241558,0.1,0.005331330235771749,1
RGA,2205,196.74,433811.7,355151.7,70951946.44200002,0.006208614515994151,0.6208614515994151,0.006114162073828677,0.1,0.062086145159941514,1
RGEN,-1082,160.05,-173174.1,611660.3,101357294.3495,0.001768955742264129,0.17689557422641292,0.0017085509347049208,0.1,0.017689557422641288,1
RGLD,-653,301.21,-196690.12999999998,944766.65,246498389.06,0.0006911759639271772,0.06911759639271771,0.0007979367765852773,0.1,0.006911759639271771,1
RGNX,3987,11.01,43896.87,1047720.5,14169416.122500002,0.0038054042084697207,0.3805404208469721,0.003098001330506129,0.1,0.038054042084697204,1
RGP,-5211,4.24,-22094.64,451657.8,2096934.2274999996,0.011537495865232485,1.1537495865232485,0.01053663949505064,0.1,0.11537495865232485,1
RGR,-57,37.52,-2138.6400000000003,216515.8,7862273.682499999,0.0002632602332023806,0.026326023320238062,0.00027201291717435716,0.1,0.002632602332023806,1
RGTI,-1628,22.01,-35832.280000000006,32307382.4,782831089.18,5.0390959559756845e-05,0.005039095955975684,4.5772683910054736e-05,0.1,0.0005039095955975684,1
RH,-729,204.55,-149116.95,1070592.4,227992583.15499997,0.0006809314170360261,0.06809314170360262,0.0006540429865590118,0.1,0.006809314170360261,1
RHI,-72,26.95,-1940.3999999999999,2096183.8,58712700.02500001,3.4348133021541336e-05,0.0034348133021541334,3.3049067734472655e-05,0.1,0.00034348133021541336,1
RHP,-2979,93.48,-278476.92,464069.45,43893920.814,0.006419297801223502,0.6419297801223501,0.006344316361713113,0.1,0.06419297801223502,1
RIG,6650,4.87,32385.5,32924946.8,146814752.36299998,0.00020197451010004364,0.020197451010004364,0.00022058750553845393,0.1,0.002019745101000436,1
RIGL,69,35.25,2432.25,502830.65,20520491.678500004,0.00013722313864518798,0.013722313864518798,0.00011852786171533835,0.1,0.0013722313864518796,1
RILY,13521,9.41,127232.61,2396194.85,20430265.7005,0.005642696377550432,0.5642696377550432,0.00622765322121514,0.1,0.05642696377550432,1
RIOT,1819,17.55,31923.45,19808892.5,328670300.85400003,9.182744567875261e-05,0.00918274456787526,9.712909842188888e-05,0.1,0.0009182744567875261,1
RITM,3251,11.9,38686.9,8604443.35,98607671.42399998,0.00037782804392570035,0.037782804392570035,0.0003923315442025949,0.1,0.0037782804392570033,1
RIVN,1759,15.2,26736.8,29776636.9,541138754.0685002,5.907315879584776e-05,0.005907315879584776,4.9408399969475324e-05,0.1,0.0005907315879584776,1
RJF,-1086,168.31,-182784.66,1135988.55,191257522.5835,0.0009559955511875538,0.09559955511875538,0.0009556991930615389,0.1,0.009559955511875537,1
RKLB,-510,88.57,-45170.7,27085949.35,2300681057.1855,1.8828950516368e-05,0.0018828950516368,1.963362103535499e-05,0.1,0.00018828950516368,1
RKT,-15367,20.76,-319018.92000000004,31492327.1,686962184.8745,0.00048796012918334,0.048796012918334,0.00046439080203269277,0.1,0.004879601291833399,1
RL,14,352.99,4941.860000000001,488773.75,177090872.36200002,2.8643109414120542e-05,0.0028643109414120543,2.7905786075174477e-05,0.1,0.0002864310941412054,1
RLI,-3160,56.98,-180056.8,868577.85,51476411.2785,0.003638130997699285,0.3638130997699285,0.0034978506762223297,0.1,0.03638130997699285,1
RLJ,-3731,7.27,-27124.37,1576477.15,11986163.3965,0.0023666692536583865,0.23666692536583864,0.002262973488908086,0.1,0.023666692536583864,1
RMBS,-448,124.44,-55749.119999999995,2161292.0,235847032.9915,0.00020728342121286713,0.020728342121286714,0.00023637829695321718,0.1,0.0020728342121286714,1
RMD,-2154,257.72,-555128.88,885544.3,224458963.677,0.00243240230895281,0.24324023089528102,0.002473186505480081,0.1,0.0243240230895281,1
RNG,-2210,26.99,-59647.899999999994,1283664.85,35480222.6855,0.0017216331817452193,0.17216331817452193,0.0016811591214836651,0.1,0.01721633181745219,1
RNR,372,275.4,102448.79999999999,345718.25,94832660.69049999,0.001076020719183902,0.10760207191839019,0.0010803113532199245,0.1,0.010760207191839018,1
RNST,-4999,38.35,-191711.65,630683.95,23106623.784,0.00792631554996762,0.792631554996762,0.008296826563331559,0.1,0.07926315549967619,1
ROAD,552,113.35,62569.2,442062.75,49839943.38999999,0.001248691503638341,0.1248691503638341,0.0012554027100390734,0.1,0.01248691503638341,1
ROCK,-4469,51.07,-228231.83,386430.75,19941316.884499997,0.011564814653078204,1.1564814653078204,0.011445173421691133,0.1,0.11564814653078204,1
ROG,-704,96.06,-67626.24,145931.75,14099306.019,0.00482417294385903,0.482417294385903,0.004796423306854108,0.1,0.04824172943859029,1
ROIV,10086,21.91,220984.26,5853443.2,131486320.494,0.001723088386678118,0.1723088386678118,0.0016806635030150075,0.1,0.017230883866781177,1
ROK,-438,414.9,-181726.19999999998,659923.6,271780275.675,0.0006637131934666377,0.06637131934666377,0.0006686511725277356,0.1,0.0066371319346663765,1
ROKU,256,100.84,25815.04,2708430.35,292796161.138,9.451969108232744e-05,0.009451969108232743,8.81672761680537e-05,0.1,0.0009451969108232744,1
ROL,4721,62.83,296620.43,2130485.65,130984381.03099999,0.002215926683195449,0.2215926683195449,0.0022645480908887834,0.1,0.02215926683195449,1
ROOT,1412,65.79,92895.48000000001,263161.1,18888844.591,0.005365534647787991,0.5365534647787991,0.004918007533624481,0.1,0.0536553464778799,1
ROP,-237,360.37,-85407.69,1349371.95,545166029.5975001,0.00017563726591470944,0.017563726591470943,0.0001566636315602003,0.1,0.0017563726591470943,1
ROST,-1011,186.04,-188086.44,2290926.25,431844053.49599993,0.00044130621839092376,0.044130621839092374,0.00043554250308032135,0.1,0.004413062183909237,1
RPD,-3153,12.53,-39507.09,1004042.55,13577205.648999998,0.0031403051593779565,0.31403051593779563,0.0029098100906286128,0.1,0.03140305159377956,1
RPM,-1172,106.85,-125228.2,1230459.75,133558114.48950002,0.0009524895064629298,0.09524895064629298,0.0009376307870072926,0.1,0.009524895064629297,1
RPRX,-13325,40.41,-538463.25,3783950.75,151510459.73049998,0.0035214517525102565,0.3521451752510256,0.003553967501371155,0.1,0.03521451752510256,1
RRC,8533,36.74,313502.42000000004,3181731.3,111030749.7785,0.0026818732304641816,0.2681873230464182,0.0028235639282398746,0.1,0.026818732304641813,1
RRR,6376,61.24,390466.24,526472.05,32753146.126,0.012110804362738724,1.2110804362738723,0.01192148804569468,0.1,0.12110804362738724,1
RRX,-1040,156.74,-163009.6,626681.95,96281077.0095,0.0016595339948757102,0.165953399487571,0.0016930595820393237,0.1,0.0165953399487571,1
RS,-1484,325.86,-483576.24000000005,293305.45,92452092.862,0.005059571855892893,0.5059571855892893,0.0052305602288724535,0.1,0.05059571855892892,1
RSG,-1101,217.6,-239577.6,1345532.85,286166795.561,0.0008182631884461237,0.08182631884461236,0.0008371956625167964,0.1,0.008182631884461236,1
RSI,116,16.75,1943.0,1756334.1,32300503.071999997,6.60466593457361e-05,0.00660466593457361,6.015386186614252e-05,0.1,0.000660466593457361,1
RTX,1323,199.46,263885.58,5604968.0,1085363905.6415,0.0002360405982692497,0.02360405982692497,0.00024313097075402695,0.1,0.0023604059826924967,1
RUM,-24253,5.96,-144547.88,1880118.75,11863845.264,0.01289971710563495,1.2899717105634951,0.012183897950744546,0.1,0.1289971710563495,1
RUN,1233,21.41,26398.53,7828052.5,147092574.2985,0.00015751044081526024,0.015751044081526024,0.00017946881496837874,0.1,0.0015751044081526023,1
RUSHA,-802,62.28,-49948.56,395683.05,23606353.983500004,0.0020268747928424025,0.20268747928424025,0.0021158947304997736,0.1,0.020268747928424025,1
RUSHB,2563,57.91,148423.33,26456.9,1542701.6820000003,0.09687453934512358,9.687453934512359,0.0962100007615082,0.1,0.9687453934512358,1
RVLV,2321,28.55,66264.55,899073.0,27154998.884000003,0.002581547883208594,0.2581547883208594,0.002440233943041837,0.1,0.025815478832085938,1
RVMD,-1977,97.33,-192421.41,5577734.2,607565886.8334999,0.00035444500026551997,0.035444500026552,0.00031670871286546085,0.1,0.0035444500026551996,1
RVTY,-3642,111.13,-404735.45999999996,1391816.0,153047089.829,0.0026167251993079546,0.26167251993079543,0.0026445158836552345,0.1,0.026167251993079545,1
RWT,1954,5.86,11450.44,1417287.95,8028266.942999999,0.00137868948931655,0.137868948931655,0.0014262654793739588,0.1,0.013786894893165499,1
RXO,-223,14.6,-3255.7999999999997,1963420.85,28243789.6745,0.0001135772801842254,0.01135772801842254,0.00011527489892546218,0.1,0.001135772801842254,1
RXRX,-1114,4.47,-4979.58,20437338.2,94282211.28649999,5.4508076790548e-05,0.0054508076790548005,5.2815689535200925e-05,0.1,0.00054508076790548,1
RYAM,-95,8.53,-810.3499999999999,950280.2,7333104.1285000015,9.99705139599878e-05,0.00999705139599878,0.00011050572660636122,0.1,0.000999705139599878,1
RYAN,-3835,47.55,-182354.25,1410587.0,71166128.3965,0.0027187263174834305,0.27187263174834303,0.0025623741814928954,0.1,0.027187263174834303,1
RYN,1255,22.49,28224.949999999997,2070337.9,47769480.17599999,0.000606181242202058,0.0606181242202058,0.0005908573820776173,0.1,0.00606181242202058,1
RYTM,832,102.67,85421.44,613950.4,63803280.075,0.0013551583320085792,0.13551583320085792,0.001338825212427764,0.1,0.013551583320085792,1
S,-2585,14.93,-38594.049999999996,7683387.5,112375777.27700002,0.0003364401444024527,0.03364401444024527,0.00034343744653145145,0.1,0.0033644014440245267,1
SABR,-6925,1.21,-8379.25,4815595.65,6337646.4795,0.001438036019490133,0.1438036019490133,0.0013221390664663688,0.1,0.01438036019490133,1
SAFE,5823,13.67,79600.41,449841.05,6462977.15,0.012944572310597266,1.2944572310597267,0.012316368780601368,0.1,0.12944572310597266,1
SAFT,1861,75.97,141380.16999999998,63758.6,4853137.200999999,0.02918821931472774,2.918821931472774,0.029131706800060855,0.1,0.29188219314727737,1
SAH,1140,61.7,70338.0,155312.95,9781092.5065,0.00734001897459291,0.734001897459291,0.0071912212212753394,0.1,0.0734001897459291,1
SAIA,-443,349.87,-154992.41,448471.15,158784746.74675003,0.0009878004415668656,0.09878004415668656,0.0009761164921414112,0.1,0.009878004415668655,1
SAIC,163,103.55,16878.649999999998,492097.8,53203040.61,0.0003312349699592236,0.03312349699592236,0.0003172497249495079,0.1,0.0033123496995922357,1
SAM,-364,213.34,-77655.76,153347.8,32308261.325499993,0.002373689091072712,0.23736890910727118,0.002403588333573014,0.1,0.02373689091072712,1
SANM,1315,152.65,200734.75,835279.4,133277012.85025,0.0015743235137847288,0.1574323513784729,0.0015061468268766308,0.1,0.015743235137847287,1
SB,-14634,5.45,-79755.3,547433.55,2833212.3779999996,0.026732011583871684,2.6732011583871684,0.028150131144175035,0.1,0.26732011583871684,1
SBAC,-551,184.16,-101472.16,727592.65,136134900.09100002,0.0007572918720385644,0.07572918720385644,0.0007453794723628581,0.1,0.007572918720385644,1
SBCF,-383,33.56,-12853.480000000001,632740.7,20913524.5095,0.0006053032466538031,0.06053032466538032,0.0006146013310267855,0.1,0.006053032466538031,1
SBGI,1315,14.22,18699.3,335936.05,5058969.6595,0.003914435500447184,0.39144355004471837,0.003696266484794086,0.1,0.03914435500447183,1
SBH,-8521,14.97,-127559.37000000001,1655406.9,25466786.784500003,0.0051473749444924995,0.51473749444925,0.005008852160243365,0.1,0.05147374944492499,1
SBLK,17997,22.65,407632.05,1335347.8,27528735.4575,0.01347738768881036,1.347738768881036,0.014807510887280646,0.1,0.13477387688810358,1
SBRA,5191,18.45,95773.95,2565327.15,49122089.2025,0.0020235235884046993,0.20235235884046993,0.0019497124726349324,0.1,0.020235235884046993,1
SBSI,-2998,32.28,-96775.44,107985.8,3444620.4225000003,0.027762909567739462,2.776290956773946,0.02809466011635713,0.1,0.2776290956773946,1
SBUX,-5639,95.16,-536607.24,11046733.3,1019469387.9385,0.0005104676511018873,0.05104676511018873,0.0005263593457034446,0.1,0.005104676511018872,1
SCCO,-1025,194.564,-199428.1,2254212.8,389839403.1248351,0.00045470418764368656,0.04547041876436866,0.0005115647582092639,0.1,0.004547041876436866,1
SCHL,113,34.9,3943.7,434430.4,14354290.1675,0.00026011071048434917,0.026011071048434916,0.00027474016158103413,0.1,0.0026011071048434916,1
SCHW,2987,103.47,309064.89,8623152.85,882372425.6665001,0.00034639302491315576,0.034639302491315575,0.0003502658072826197,0.1,0.0034639302491315574,1
SCI,2394,79.82,191089.08,871504.9,69966135.9445,0.002746972506981888,0.27469725069818884,0.002731165261885831,0.1,0.02746972506981888,1
SCL,825,56.12,46299.0,205612.1,10703437.653,0.00401240977549473,0.40124097754947297,0.004325619628103607,0.1,0.0401240977549473,1
SCSC,-1221,41.45,-50610.450000000004,167401.35,6789783.167500001,0.0072938479886810945,0.7293847988681095,0.007453912555301052,0.1,0.07293847988681094,1
SD,7113,15.5,110251.5,301073.85,4396382.062000001,0.023625432763423326,2.3625432763423326,0.025077779511693397,0.1,0.23625432763423326,1
SDGR,5702,14.57,83078.14,1078733.5,18361291.053500004,0.005285828242100574,0.5285828242100574,0.004524634992056496,0.1,0.05285828242100574,1
SDRL,-9238,37.26,-344207.88,830947.75,29919707.790999997,0.011117425854995094,1.1117425854995093,0.011504386419961612,0.1,0.11117425854995093,1
SEB,5,4937.43,24687.15,18677.3,87313951.226,0.0002677046468172595,0.026770464681725947,0.00028274003928765925,0.1,0.0026770464681725946,1
SEDG,3882,35.8,138975.59999999998,2587521.7,84775069.12475,0.0015002772730369758,0.15002772730369757,0.001639345168748747,0.1,0.015002772730369757,1
SEI,735,53.77,39520.950000000004,2446687.9,129712016.47749999,0.00030040611227937983,0.030040611227937983,0.00030468225745958823,0.1,0.0030040611227937983,1
SEIC,1246,86.1,107280.59999999999,533357.35,45673270.95,0.0023361448004794536,0.23361448004794536,0.00234887052686556,0.1,0.023361448004794536,1
SENEA,23,113.23,2604.29,47885.9,5426431.29625,0.0004803083997585928,0.04803083997585928,0.0004799268354875746,0.1,0.004803083997585928,1
SF,4255,84.16,358100.8,1195869.6,102860500.80986999,0.0035580802455384766,0.35580802455384763,0.003481421898401241,0.1,0.035580802455384766,1
SFBS,903,80.26,72474.78,294656.05,23334334.559499998,0.0030645900533859734,0.3064590053385973,0.003105928725552351,0.1,0.030645900533859734,1
SFIX,10213,5.16,52699.08,2118030.1,11118008.488499999,0.004821933361570263,0.4821933361570263,0.004739974794452596,0.1,0.048219333615702624,1
SFL,-1413,8.77,-12392.01,1259320.95,10413007.4775,0.0011220332672143667,0.11220332672143667,0.0011900510036870855,0.1,0.011220332672143667,1
SFM,-477,70.16,-33466.32,2843178.9,215114465.86799997,0.0001677699563682046,0.01677699563682046,0.00015557447457083539,0.1,0.001677699563682046,1
SFNC,12669,19.89,251986.41,1154580.7,22762112.992000002,0.010972814633052502,1.0972814633052501,0.011070431382559406,0.1,0.10972814633052501,1
SG,31182,6.44,200812.08000000002,4690360.2,33689336.9,0.006648103486806834,0.6648103486806834,0.005960701470500003,0.1,0.06648103486806833,1
SGHC,1664,9.9,16473.600000000002,2065030.65,21559935.0955,0.000805799177847554,0.0805799177847554,0.0007640839328611142,0.1,0.00805799177847554,1
SGI,-5557,89.75,-498740.75,1233070.95,113366833.752,0.004506634431700788,0.4506634431700788,0.0043993532631513696,0.1,0.04506634431700787,1
SGRY,-111,14.85,-1648.35,1374143.0,21587603.294,8.077761921430302e-05,0.008077761921430301,7.635632254082314e-05,0.1,0.0008077761921430302,1
SHAK,-402,87.87,-35323.740000000005,1708286.55,156181196.8685,0.0002353235175913549,0.02353235175913549,0.00022617152838021572,0.1,0.002353235175913549,1
SHBI,729,18.37,13391.730000000001,153387.85,2784552.4205,0.004752658049513048,0.4752658049513048,0.004809293551598987,0.1,0.04752658049513048,1
SHC,-1148,18.27,-20973.96,1812254.45,33881637.364,0.000633465129579348,0.0633465129579348,0.0006190361987135044,0.1,0.006334651295793479,1
SHEN,15675,11.04,173052.0,270395.4,3095950.8325,0.05797066074348897,5.797066074348897,0.05589623652396941,0.1,0.5797066074348897,1
SHO,-7607,8.75,-66561.25,1780509.8,16221810.852999996,0.004272371879110129,0.4272371879110129,0.004103194803784217,0.1,0.04272371879110129,1
SHOO,199,43.39,8634.61,1057687.7,47102673.873500004,0.0001881462741790417,0.01881462741790417,0.0001833146462807887,0.1,0.001881462741790417,1
SHW,-762,349.6,-266395.2,1729987.35,599688109.6319999,0.00044046564849159155,0.044046564849159156,0.00044422291474725773,0.1,0.004404656484915915,1
SIBN,1302,16.74,21795.48,588429.05,10845832.565500002,0.0022126711793036048,0.22126711793036047,0.0020095718672008844,0.1,0.022126711793036047,1
SIG,-20,91.71,-1834.1999999999998,809271.8,72789413.6435,2.4713575834472423e-05,0.0024713575834472423,2.519871926683382e-05,0.1,0.0002471357583447242,1
SIGA,-144,6.67,-960.48,344721.7,2269881.7830000003,0.0004177282718204279,0.04177282718204279,0.0004231409790560004,0.1,0.004177282718204279,1
SIGI,5007,81.37,407419.59,459549.05,37941175.672000006,0.010895463716005941,1.0895463716005942,0.010738190970204155,0.1,0.1089546371600594,1
SIRI,-11427,20.14,-230139.78,4405906.15,91219562.12750001,0.0025935640957763023,0.25935640957763023,0.0025229213409107085,0.1,0.02593564095776302,1
SITC,226,6.01,1358.26,1099404.85,6909591.2435,0.00020556576587778377,0.020556576587778378,0.00019657602774661152,0.1,0.0020556576587778376,1
SITE,390,144.37,56304.3,664351.05,93884238.5215,0.00058703903606384,0.058703903606384,0.0005997204737098231,0.1,0.0058703903606384,1
SITM,-280,361.12,-101113.6,239741.0,84384031.86749999,0.0011679270546131033,0.11679270546131033,0.0011982551409580526,0.1,0.011679270546131033,1
SJM,4568,103.36,472148.48,1497052.8,150437029.86350003,0.003051328583734655,0.3051328583734655,0.003138512375765507,0.1,0.03051328583734655,1
SKT,-2666,32.31,-86138.46,1014118.85,34029670.533,0.002628883192537048,0.2628883192537048,0.0025312751681350523,0.1,0.02628883192537048,1
SKWD,-662,44.98,-29776.76,489871.2,22706016.527000003,0.0013513756268994789,0.1351375626899479,0.0013114039604697762,0.1,0.013513756268994788,1
SKY,-1756,84.12,-147714.72,678151.9,62069512.458500005,0.0025893903710953255,0.25893903710953253,0.0023798272960297994,0.1,0.025893903710953254,1
SKYW,1593,97.48,155285.64,256730.15,25666137.30675,0.006204958786492354,0.6204958786492354,0.00605021465225159,0.1,0.06204958786492354,1
SLAB,-1553,144.24,-224004.72,308409.65,44876542.196,0.005035510399885347,0.5035510399885347,0.004991577092139828,0.1,0.05035510399885347,1
SLB,-2611,48.87,-127599.56999999999,22354451.05,1031390405.1825001,0.00011680000524996117,0.011680000524996117,0.0001237160723610007,0.1,0.0011680000524996116,1
SLDB,4496,6.55,29448.8,1069525.65,6225202.873000001,0.004203732748251527,0.4203732748251527,0.004730576754008382,0.1,0.04203732748251526,1
SLG,-1662,43.56,-72396.72,1148520.35,54052007.630499996,0.0014470792790045033,0.14470792790045034,0.0013393900277470657,0.1,0.014470792790045033,1
SLGN,-66,42.38,-2797.0800000000004,800193.5,33781519.45650001,8.248005013787291e-05,0.00824800501378729,8.279911753530688e-05,0.1,0.000824800501378729,1
SLM,-1655,26.37,-43642.35,2741276.7,74452036.4265,0.0006037332896748438,0.060373328967484374,0.0005861807425923707,0.1,0.006037332896748437,1
SLNO,-850,41.6,-35360.0,1646060.45,72003236.066,0.0005163844377647249,0.05163844377647249,0.0004910890389369184,0.1,0.0051638443776472484,1
SLP,5801,18.63,108072.62999999999,338841.65,6607650.797,0.017120091346503594,1.7120091346503594,0.016355681212612966,0.1,0.17120091346503594,1
SLVM,1304,49.46,64495.840000000004,260574.45,12969184.8415,0.00500432793775445,0.500432793775445,0.0049730064601762975,0.1,0.0500432793775445,1
SM,8114,19.18,155626.52,3566690.1,66096364.44100001,0.0022749383244706346,0.22749383244706345,0.002354539789233307,0.1,0.022749383244706343,1
SMBC,-903,60.66,-54775.979999999996,45038.5,2738247.2515000002,0.020049513194267128,2.004951319426713,0.0200040299392226,0.1,0.20049513194267127,1
SMBK,-555,39.1,-21700.5,75653.55,2914511.1325,0.007336073455905242,0.7336073455905242,0.007445674081672083,0.1,0.07336073455905241,1
SMCI,-340,31.21,-10611.4,31875005.75,978387203.8974998,1.0666664742484007e-05,0.0010666664742484007,1.0845808242103396e-05,0.1,0.00010666664742484006,1
SMG,-3241,62.8,-203534.8,825184.0,50995380.6705,0.003927608872687788,0.39276088726877884,0.003991239938282127,0.1,0.03927608872687788,1
SMMT,-4577,15.64,-71584.28,2979075.35,51515014.17799999,0.0015363827571531548,0.1536382757153155,0.0013895809045622043,0.1,0.015363827571531548,1
SMP,-2116,39.52,-83624.32,124287.7,4805098.271,0.017025015347455943,1.7025015347455943,0.017403248650437436,0.1,0.17025015347455943,1
SMPL,10000,19.23,192300.0,2453354.4,49971913.673,0.004076051955640815,0.40760519556408153,0.003848161614509079,0.1,0.04076051955640815,1
SMR,-17605,20.48,-360550.4,31740051.75,607783314.0480001,0.0005546619816081428,0.05546619816081428,0.0005932219454967224,0.1,0.005546619816081427,1
SMTC,-1117,81.57,-91113.68999999999,1272142.45,98267131.36500001,0.000878046322563955,0.0878046322563955,0.00092720412954328,0.1,0.00878046322563955,1
SNA,-248,370.07,-91777.36,266586.75,96473251.64299999,0.000930278792925755,0.0930278792925755,0.0009513244182918476,0.1,0.00930278792925755,1
SNAP,32095,7.67,246168.65,41951503.3,333802691.5275,0.0007650500572169008,0.07650500572169008,0.0007374675407005208,0.1,0.007650500572169008,1
SNDR,-6791,30.21,-205156.11000000002,789580.5,22799297.6825,0.008600769649199796,0.8600769649199795,0.008998352179833644,0.1,0.08600769649199795,1
SNDX,6936,20.55,142534.80000000002,1287296.9,26917949.786000002,0.005388034415370689,0.5388034415370689,0.005295158105768227,0.1,0.05388034415370689,1
SNEX,-3037,47.9111,-145506.01069999998,556769.7,25761540.54856,0.005454679017195081,0.5454679017195081,0.005648187476433096,0.1,0.054546790171950806,1
SNOW,-460,216.0,-99360.0,3999480.65,862664976.644,0.00011501493325139604,0.011501493325139604,0.00011517796907269524,0.1,0.0011501493325139602,1
SNPS,54,511.35,27612.9,1678985.2,853638077.2124999,3.21622846943499e-05,0.00321622846943499,3.234731525820421e-05,0.1,0.0003216228469434989,1
SNX,999,159.03,158870.97,963546.65,146147310.0655,0.001036794637810219,0.10367946378102191,0.0010870605140032858,0.1,0.01036794637810219,1
SO,225,88.33,19874.25,5067742.6,445383371.11300004,4.439846648880707e-05,0.004439846648880707,4.4622793056541e-05,0.1,0.00044398466488807073,1
SOC,105,10.15,1065.75,8349770.95,87126976.289,1.257519525131405e-05,0.0012575195251314049,1.223214721081229e-05,0.1,0.00012575195251314047,1
SOFI,-1802,24.6,-44329.200000000004,47723349.8,1273500041.8549998,3.775929408878168e-05,0.003775929408878168,3.480895056385661e-05,0.1,0.00037759294088781677,1
SON,-4697,47.46,-222919.62,903177.85,42792433.58050001,0.005200526120077015,0.5200526120077015,0.00520932326927959,0.1,0.05200526120077015,1
SONO,-3818,14.57,-55628.26,1302705.65,21153238.156999998,0.002930823244683095,0.2930823244683095,0.0026297751477634447,0.1,0.029308232446830947,1
SOUN,-6756,9.69,-65465.64,26384564.5,284890447.8965,0.00025605880286559213,0.02560588028655921,0.00022979233064277223,0.1,0.0025605880286559213,1
SPB,104,62.71,6521.84,321246.6,20226817.534,0.0003237388349012877,0.03237388349012877,0.000322435301007546,0.1,0.003237388349012877,1
SPG,-2428,183.76,-446169.27999999997,1447755.9,267263532.09299994,0.0016770782975223933,0.16770782975223933,0.0016693982770711346,0.1,0.01677078297522393,1
SPGI,-486,499.527,-242770.122,1425598.9,719735714.5877501,0.00034090935395643195,0.034090935395643195,0.0003373045370397574,0.1,0.003409093539564319,1
SPNT,80,20.14,1611.2,590466.95,12015612.302,0.00013548599121424154,0.013548599121424153,0.00013409220932767744,0.1,0.0013548599121424153,1
SPOT,876,508.7,445621.2,2464784.5,1304503886.2735,0.0003554063245691459,0.03554063245691459,0.00034160204863243455,0.1,0.003554063245691459,1
SPSC,-2266,90.18,-204347.88,445666.2,40705532.698,0.0050845229007719225,0.5084522900771923,0.005020150000642058,0.1,0.05084522900771922,1
SPXC,1733,211.34,366252.22000000003,445879.0,94323261.95750001,0.003886704688940273,0.3886704688940273,0.0038829469252773005,0.1,0.03886704688940273,1
SR,54,83.98,4534.92,355125.8,29469479.564,0.00015205879156062445,0.015205879156062444,0.00015388531005955977,0.1,0.0015205879156062444,1
SRCE,3321,65.13,216296.72999999998,106904.65,6933796.5795,0.031065065925570123,3.1065065925570123,0.03119455950575309,0.1,0.31065065925570123,1
SRE,4447,86.78,385910.66000000003,3779810.55,331460729.202,0.0011765139922158268,0.11765139922158267,0.0011642726452967432,0.1,0.011765139922158267,1
SRI,23361,6.74,157453.14,144662.9,887269.9504999999,0.1614857714037255,16.14857714037255,0.1774579877423675,0.1,1.6148577140372549,2
SRPT,7507,21.31,159974.16999999998,3109980.0,68165665.37850001,0.0024138418896584544,0.24138418896584546,0.0023468438122289216,0.1,0.024138418896584544,1
SRRK,-106,43.13,-4571.780000000001,1038650.6,45940845.6795,0.0001020554939264465,0.010205549392644649,9.951449374472547e-05,0.1,0.001020554939264465,1
SSB,-3215,100.97,-324618.55,782035.6,77036286.346,0.004111066043540729,0.4111066043540729,0.00421383954753493,0.1,0.04111066043540729,1
SSD,-18,177.46,-3194.28,248887.85,44280159.8165,7.232173045008022e-05,0.007232173045008022,7.213795101998985e-05,0.1,0.0007232173045008022,1
SSNC,-1411,84.72,-119539.92,1207277.9,104078451.45250002,0.0011687449923501458,0.11687449923501458,0.0011485559050093705,0.1,0.011687449923501458,1
SSTI,10472,7.06,73932.31999999999,190722.1,1550743.3905,0.054907113543737195,5.49071135437372,0.04767540552029197,0.1,0.549071135437372,1
ST,2060,34.37,70802.2,1329721.9,46309864.1675,0.0015491961138641096,0.15491961138641097,0.0015288794573854222,0.1,0.015491961138641095,1
STAA,467,19.15,8943.05,1713978.8,36867793.714,0.0002724654470638727,0.02724654470638727,0.00024257079415641864,0.1,0.0027246544706387267,1
STAG,1212,36.63,44395.560000000005,1524040.3,56788435.42650001,0.0007952545611818795,0.07952545611818795,0.0007817711417223349,0.1,0.007952545611818795,1
STBA,-713,41.69,-29724.969999999998,158837.35,6476942.413000001,0.004488868644559985,0.4488868644559985,0.004589352213528781,0.1,0.04488868644559985,1
STC,2134,67.47,143980.98,273582.35,18526268.07,0.007800210795762227,0.7800210795762227,0.007771720643141919,0.1,0.07800210795762226,1
STE,-1221,260.86,-318510.06,458077.35,119075608.08200002,0.0026654886996704814,0.26654886996704813,0.002674855624341316,0.1,0.02665488699670481,1
STEL,-5206,36.42,-189602.52000000002,357668.0,12102252.409,0.01455539774315846,1.455539774315846,0.015666713401135113,0.1,0.14555397743158457,1
STEP,3605,73.19,263849.95,652437.8,47039890.6245,0.0055254309299675765,0.5525430929967576,0.005609068101501449,0.1,0.055254309299675765,1
STGW,-2618,6.29,-16467.22,2162822.7,12838022.193,0.0012104552074471938,0.12104552074471937,0.0012826913485925301,0.1,0.012104552074471937,1
STLD,-1947,174.38,-339517.86,1299576.3,225363359.04549998,0.0014981805993230255,0.14981805993230254,0.0015065353189533026,0.1,0.014981805993230254,1
STNE,2179,16.99,37021.21,4896940.8,74122656.525,0.0004449716851794492,0.04449716851794492,0.0004994587584366128,0.1,0.004449716851794492,1
STRA,-405,84.31,-34145.55,187902.15,15700855.948999997,0.002155377147094911,0.2155377147094911,0.0021747572304919318,0.1,0.02155377147094911,1
STRL,725,373.52,270802.0,441297.65,146565108.3815,0.0016428820774368501,0.16428820774368502,0.001847656669383541,0.1,0.0164288207743685,1
STRT,-751,78.02,-58593.02,47420.0,3739627.1467500003,0.015837199493884437,1.5837199493884437,0.015668144898060617,0.1,0.15837199493884435,1
STT,4836,128.02,619104.7200000001,2316250.8,301607696.28300005,0.0020878568072162135,0.20878568072162135,0.002052682102047857,0.1,0.020878568072162134,1
STWD,3698,18.2,67303.59999999999,3819456.2,69724107.766,0.0009682006564180523,0.09682006564180523,0.0009652844927880118,0.1,0.009682006564180522,1
STX,297,442.93,131550.21,4214390.4,1455182498.1945,7.047282567841839e-05,0.007047282567841839,9.040117659690061e-05,0.1,0.0007047282567841838,1
STZ,-2642,157.74,-416749.08,3037698.95,461006870.45150006,0.0008697372726813497,0.08697372726813497,0.0009039975469169149,0.1,0.008697372726813497,1
SUI,1892,123.97,234551.24,651494.95,81465718.96599999,0.002904090047052552,0.2904090047052552,0.0028791403669792786,0.1,0.02904090047052552,1
SUPN,-2058,48.94,-100718.51999999999,635986.95,31833449.006,0.003235915453925588,0.3235915453925588,0.003163921068716634,0.1,0.03235915453925588,1
SVRA,9291,5.61,52122.51,1558886.7,9171343.3355,0.005960022623837897,0.5960022623837897,0.005683192537155017,0.1,0.05960022623837897,1
SWBI,-4963,11.06,-54890.78,546882.25,5830200.306,0.009075079690372105,0.9075079690372104,0.009414904654907066,0.1,0.09075079690372104,1
SWK,744,79.32,59014.079999999994,1541523.5,124942372.3585,0.000482639414838632,0.048263941483863204,0.00047233039429305494,0.1,0.00482639414838632,1
SWKS,-90,55.28,-4975.2,4160921.85,248463946.87949997,2.1629822247202264e-05,0.0021629822247202263,2.002383067034217e-05,0.1,0.00021629822247202262,1
SWX,-2276,81.94,-186495.44,475637.1,39502724.163499996,0.004785160787499546,0.47851607874995455,0.004721077949665036,0.1,0.047851607874995455,1
SXC,-23093,7.82,-180587.26,998337.65,7821728.768499998,0.02313145257018004,2.3131452570180038,0.023087895955593445,0.1,0.2313145257018004,1
SXI,-24,242.06,-5809.4400000000005,122967.35,29459170.106,0.00019517375953860924,0.019517375953860924,0.0001972031112586156,0.1,0.0019517375953860923,1
SXT,-536,95.06,-50952.16,189445.3,18170477.121499997,0.002829312735655094,0.2829312735655094,0.002804117891858298,0.1,0.02829312735655094,1
SYBT,1570,67.65,106210.50000000001,131512.9,8859439.0705,0.011937992394662426,1.1937992394662427,0.01198840007305404,0.1,0.11937992394662425,1
SYF,-6050,73.42,-444191.0,4719571.4,372091439.02099997,0.0012818960636976483,0.12818960636976484,0.0011937683951254007,0.1,0.012818960636976483,1
SYK,-996,357.83,-356398.68,1818350.2,653585498.69,0.0005477492729398331,0.05477492729398331,0.0005452977165410493,0.1,0.00547749272939833,1
SYNA,-220,86.23,-18970.600000000002,769438.8,66151929.17850001,0.0002859226750717536,0.02859226750717536,0.0002867731937009877,0.1,0.0028592267507175357,1
SYRE,-3046,33.14,-100944.44,607524.1,19499418.593750007,0.0050137928684639834,0.5013792868463983,0.005176792298430627,0.1,0.05013792868463983,1
SYY,-1570,83.51,-131110.7,4082838.0,315283681.8625,0.00038453644254315256,0.03845364425431526,0.0004158499394116419,0.1,0.0038453644254315255,1
T,-15789,24.07,-380041.23,43908581.6,1046482480.8069999,0.00035958802185493506,0.03595880218549351,0.0003631606232977062,0.1,0.0035958802185493506,1
TALO,4393,11.79,51793.469999999994,1747890.4,19748712.955000006,0.0025133154801925796,0.25133154801925794,0.0026226250853925576,0.1,0.025133154801925794,1
TAP,-5229,47.74,-249632.46000000002,2768046.2,133664916.637,0.0018890580655770844,0.18890580655770844,0.0018675989652388626,0.1,0.018890580655770844,1
TARS,-5400,64.18,-346572.00000000006,621289.45,47018238.255499996,0.008691600992097967,0.8691600992097968,0.007371012034026169,0.1,0.08691600992097967,1
TBBK,920,67.14,61768.8,584601.95,40389732.971499994,0.001573720375034671,0.15737203750346712,0.0015293193456759324,0.1,0.01573720375034671,1
TBPH,1224,19.03,23292.72,400780.35,7770234.385,0.003054041945918756,0.3054041945918756,0.002997685635450751,0.1,0.03054041945918756,1
TCBI,449,98.87,44392.630000000005,412174.5,40157954.63275,0.001089344440279542,0.10893444402795419,0.0011054504744072923,0.1,0.010893444402795419,1
TCBK,-309,48.83,-15088.47,115267.0,5614520.411,0.0026807325600562175,0.26807325600562176,0.0026874013977112956,0.1,0.026807325600562173,1
TCMD,-4683,28.63,-134074.29,347348.7,10329591.455500001,0.013482129053599452,1.3482129053599452,0.012979631438241638,0.1,0.1348212905359945,1
TDAY,-6045,5.83,-35242.35,1299621.8,7522771.205,0.004651353185980722,0.46513531859807217,0.00468475632710672,0.1,0.046513531859807215,1
TDC,-3932,29.69,-116741.08,1071144.85,32599290.5385,0.003670838729234426,0.3670838729234426,0.0035810926578947458,0.1,0.036708387292344255,1
TDG,-304,1412.13,-429287.52,327763.55,459875897.13949996,0.0009274978868150531,0.09274978868150531,0.0009334855831110862,0.1,0.00927497886815053,1
TDOC,-2484,5.74,-14258.16,6271533.5,41872485.77599999,0.00039607537773656156,0.03960753777365616,0.0003405138179824121,0.1,0.0039607537773656155,1
TDS,2399,43.63,104668.37000000001,1001060.9,42545458.583,0.0023964575981341393,0.23964575981341393,0.0024601537622589553,0.1,0.023964575981341392,1
TDW,-1212,60.96,-73883.52,677779.85,38786734.411,0.0017881912541365755,0.17881912541365755,0.0019048657001411928,0.1,0.017881912541365754,1
TDY,-575,620.31,-356678.24999999994,423468.5,243946225.25849995,0.0013578341718451313,0.13578341718451312,0.0014621183403106255,0.1,0.013578341718451311,1
TEAM,-71,134.76,-9567.96,4202073.5,571082162.8540001,1.6896420302976615e-05,0.0016896420302976616,1.6754086578687442e-05,0.1,0.00016896420302976614,1
TECH,-277,65.56,-18160.12,2193636.85,146572731.49324998,0.00012627431928853675,0.012627431928853674,0.00012389835281766796,0.1,0.0012627431928853674,1
TECX,-3694,19.79,-73104.26,228145.85,4585710.0024999995,0.01619139686301548,1.619139686301548,0.01594175383095434,0.1,0.16191396863015478,1
TEL,1370,221.77,303824.9,1992274.7,460465430.86099994,0.000687656175124846,0.0687656175124846,0.0006598213017465696,0.1,0.006876561751248459,1
TEN,-4813,27.14,-130624.82,350648.0,8736069.621,0.01372601583354247,1.372601583354247,0.014952355654996217,0.1,0.1372601583354247,1
TENB,-833,22.47,-18717.51,1571966.95,35926440.4195,0.0005299093597355848,0.05299093597355848,0.0005209953945184224,0.1,0.0052990935973558475,1
TER,34,250.48,8516.32,2715054.15,611555162.00125,1.2522770494282776e-05,0.0012522770494282777,1.392567756624151e-05,0.1,0.00012522770494282774,1
TEX,-197,58.77,-11577.69,1197178.3,70801004.0915,0.00016455360074602086,0.016455360074602087,0.00016352437579892964,0.1,0.0016455360074602086,1
TFC,-7016,50.31,-352974.96,9693848.95,485574910.76949996,0.0007237579248643028,0.07237579248643028,0.0007269217419834023,0.1,0.007237579248643027,1
TFIN,-131,63.32,-8294.92,234655.9,15778739.8325,0.0005582642499080569,0.05582642499080569,0.0005257023113414086,0.1,0.005582642499080568,1
TFSL,-154,14.14,-2177.56,581707.7,8105240.561,0.00026473777122083825,0.026473777122083826,0.0002686607490069782,0.1,0.0026473777122083824,1
TFX,154,105.33,16220.82,1004799.65,109487185.3375,0.00015326438459647155,0.015326438459647155,0.0001481526806082234,0.1,0.0015326438459647154,1
TGLS,8425,48.92,412151.0,311885.9,16049328.3495,0.027013083951534837,2.7013083951534838,0.02568026468302894,0.1,0.27013083951534833,1
TGT,57,101.74,5799.179999999999,6102255.25,644058974.9859998,9.34080887553827e-06,0.000934080887553827,9.004113326929508e-06,0.1,9.340808875538269e-05,1
TGTX,2215,30.31,67136.65,2480724.6,73972537.90900001,0.0008928842806654152,0.08928842806654153,0.000907588841721107,0.1,0.00892884280665415,1
THC,237,189.58,44930.46000000001,835322.5,164547677.801,0.00028372275378671114,0.028372275378671114,0.00027305435482558325,0.1,0.0028372275378671114,1
THFF,-2205,62.48,-137768.4,51470.6,3200605.9375,0.04283999020800224,4.283999020800224,0.04304447429339307,0.1,0.4283999020800224,1
THG,179,171.34,30669.86,361004.45,62380476.8,0.0004958387632063815,0.049583876320638154,0.0004916579925852699,0.1,0.004958387632063815,1
THO,1384,111.87,154828.08000000002,490599.55,54917035.877,0.0028210380543561447,0.2821038054356145,0.0028193087541500783,0.1,0.028210380543561446,1
THR,-1389,43.43,-60324.27,225418.4,9219791.761500001,0.0061618749844733174,0.6161874984473318,0.006542910247919268,0.1,0.06161874984473317,1
THRM,6058,36.04,218330.32,154933.2,5813421.877999999,0.03910072211766103,3.9100722117661033,0.037556249070145334,0.1,0.3910072211766103,1
TILE,-6626,31.43,-208255.18,323030.4,9771478.231999999,0.02051200134724162,2.0512001347241617,0.021312556304735778,0.1,0.20512001347241618,1
TJX,-730,147.79,-107886.7,5317054.05,819620307.023,0.0001372940717049886,0.013729407170498859,0.0001316300963696993,0.1,0.0013729407170498858,1
TK,5414,10.03,54302.42,548059.25,5215369.568499999,0.009878493976700512,0.9878493976700512,0.010411998476191977,0.1,0.09878493976700511,1
TKO,-2133,194.88,-415679.04,937792.85,191513559.91050002,0.002274489510130089,0.2274489510130089,0.0021704940380945304,0.1,0.02274489510130089,1
TKR,-1532,93.4,-143088.80000000002,678174.25,61947547.811000004,0.002259006442665731,0.22590064426657308,0.0023098380009578326,0.1,0.022590064426657307,1
TLN,-811,365.17,-296152.87,917765.65,345021476.37649995,0.000883667851373605,0.0883667851373605,0.0008583606826748003,0.1,0.008836678513736049,1
TLRY,9438,7.85,74088.3,5948803.3,54306022.50775,0.0015865375814325547,0.15865375814325547,0.0013642741003436014,0.1,0.015865375814325546,1
TMDX,-8,140.99,-1127.92,726367.55,99576846.75050001,1.1013707867318687e-05,0.0011013707867318686,1.1327131123423893e-05,0.1,0.00011013707867318687,1
TMHC,177,61.21,10834.17,869661.5,53890720.56700001,0.00020352746442150194,0.020352746442150193,0.0002010396202910359,0.1,0.002035274644215019,1
TMO,-782,608.02,-475471.64,2387493.2,1474520004.0674999,0.00032754019990507196,0.0327540199905072,0.0003224585890244959,0.1,0.0032754019990507196,1
TMP,59,75.07,4429.129999999999,47595.25,3567880.431499999,0.0012396194998450475,0.12396194998450474,0.0012413896948160665,0.1,0.012396194998450474,1
TMUS,7,186.25,1303.75,5478095.8,1045249159.5914999,1.2778162806134205e-06,0.00012778162806134204,1.2473102590290782e-06,0.1,1.2778162806134204e-05,1
TNC,474,75.52,35796.479999999996,106022.3,8167748.845000001,0.004470757567040141,0.4470757567040141,0.0043826616953229775,0.1,0.04470757567040141,1
TNDM,1212,19.11,23161.32,1247366.75,26504808.460499994,0.0009716468712990786,0.09716468712990786,0.0008738535135810251,0.1,0.009716468712990785,1
TNET,4629,57.73,267232.17,343117.2,20920359.179999996,0.01349101706355729,1.3491017063557291,0.012773784986228904,0.1,0.1349101706355729,1
TNK,-1303,63.33,-82518.98999999999,437606.9,25671962.955999997,0.002977558169215339,0.2977558169215339,0.003214362304177205,0.1,0.02977558169215339,1
TNL,741,69.58,51558.78,562015.75,40651871.055,0.0013184683881190162,0.13184683881190162,0.0012683002937366275,0.1,0.013184683881190162,1
TOL,2086,144.99,302449.14,1194021.95,171220524.376,0.0017470365599225376,0.17470365599225376,0.0017664304037278977,0.1,0.017470365599225376,1
TOST,1027,31.86,32720.22,8701413.0,298663868.2855,0.0001180268078299467,0.01180268078299467,0.00010955533452316353,0.1,0.001180268078299467,1
TOWN,121,36.04,4360.84,416448.25,14631977.725499999,0.00029055230751960176,0.029055230751960176,0.00029803489875467146,0.1,0.0029055230751960175,1
TPB,-2715,124.49,-337990.35,318100.7,35777309.0145,0.008535033088578553,0.8535033088578553,0.00944705902456268,0.1,0.08535033088578553,1
TPC,1435,79.38,113910.29999999999,462287.95,34160184.633,0.003104125902481343,0.3104125902481343,0.0033345926324402364,0.1,0.031041259024813427,1
TPG,-6416,59.37,-380917.92,1750410.55,112963033.84274998,0.0036654258053917693,0.36654258053917693,0.0033720581595768416,0.1,0.03665425805391769,1
TPH,2673,33.27,88930.71,779419.95,26304427.3355,0.0034294734180206708,0.3429473418020671,0.003380826689961072,0.1,0.034294734180206704,1
TPL,-303,354.78,-107498.34,354137.4,113396147.50350001,0.0008556001145318173,0.08556001145318173,0.0009479893485506818,0.1,0.008556001145318173,1
TPR,895,126.0,112770.0,2134933.05,278884876.6605,0.00041921689300748803,0.041921689300748806,0.0004043603989946015,0.1,0.00419216893007488,1
TR,12988,36.0874,468703.1512,106772.65,3831661.0965749994,0.12164163762911195,12.164163762911196,0.12232374925302213,0.1,1.2164163762911195,2
TREE,-2914,57.91,-168749.74,293120.1,18171157.496500004,0.009941317569146572,0.9941317569146572,0.009286680831009435,0.1,0.09941317569146571,1
TREX,-51,41.97,-2140.47,2139996.45,87170126.413,2.38318152350206e-05,0.00238318152350206,2.4555086565536787e-05,0.1,0.000238318152350206,1
TRGP,-406,201.13,-81658.78,1187195.55,219790337.075,0.000341982413933408,0.0341982413933408,0.0003715303460867582,0.1,0.00341982413933408,1
TRIP,-243,13.01,-3161.43,2364875.25,33156043.135,0.00010275383447816117,0.010275383447816117,9.535003881879826e-05,0.1,0.0010275383447816116,1
TRMB,4480,70.07,313913.6,1798930.0,134742671.80249998,0.0024903692750690687,0.24903692750690687,0.002329726699052851,0.1,0.024903692750690685,1
TRMK,-2164,42.11,-91126.04,291188.2,11841759.98,0.007431619825253907,0.7431619825253908,0.007695312196321006,0.1,0.07431619825253907,1
TRN,1110,28.15,31246.5,901712.65,24911671.539499998,0.001230990826179493,0.1230990826179493,0.0012542915857916433,0.1,0.012309908261794929,1
TRNO,-1087,59.95,-65165.65,788873.25,47847249.3855,0.0013779146396458494,0.13779146396458494,0.001361951853803916,0.1,0.013779146396458494,1
TROW,-752,105.25,-79148.0,1639337.7,173526009.303,0.0004587218362635106,0.04587218362635106,0.00045611606189707753,0.1,0.004587218362635106,1
TROX,5212,6.53,34034.36,3563429.55,19752450.644999996,0.0014626359036619652,0.14626359036619652,0.0017230449330911369,0.1,0.014626359036619652,1
TRS,5636,34.29,193258.44,441248.7,15444527.743999999,0.012772842163614306,1.2772842163614306,0.012513068913685524,0.1,0.12772842163614304,1
TRST,2207,42.31,93378.17,84765.65,3613387.63675,0.02603649001688774,2.603649001688774,0.02584227860036279,0.1,0.26036490016887737,1
TRTX,-30399,9.25,-281190.75,757177.4,6797171.1055000005,0.040147790993233554,4.014779099323356,0.04136879087426115,0.1,0.4014779099323355,1
TRU,1489,81.17,120862.13,1990698.6,167370695.97100002,0.0007479786241875088,0.07479786241875089,0.0007221224079807946,0.1,0.007479786241875088,1
TRUP,1361,31.41,42749.01,381800.6,13169057.3065,0.0035646879549167815,0.35646879549167815,0.003246170853770975,0.1,0.035646879549167815,1
TRV,993,282.04,280065.72000000003,1648389.7,459247433.35950005,0.00060240609365613,0.060240609365613006,0.0006098362226028248,0.1,0.0060240609365613,1
TSCO,-5276,55.14,-290918.64,7668690.0,398974292.8719999,0.0006879923428903764,0.06879923428903764,0.0007291663778782192,0.1,0.006879923428903764,1
TSLA,-373,431.46,-160934.58,60950989.2,26809889957.81,6.119670983124913e-06,0.0006119670983124913,6.002806436477672e-06,0.1,6.119670983124913e-05,1
TSN,11209,64.6,724101.3999999999,2928945.1,176198542.5965,0.0038269751112781185,0.38269751112781186,0.004109576556817578,0.1,0.038269751112781185,1
TT,-1206,394.2,-475405.2,1843523.2,714076885.348,0.0006541821659743691,0.0654182165974369,0.0006657619224970639,0.1,0.006541821659743691,1
TTC,1439,90.01,129524.39000000001,932832.95,80964355.428,0.001542612747544992,0.1542612747544992,0.0015997705325423543,0.1,0.015426127475449919,1
TTD,4956,31.87,157947.72,11521867.15,417673643.254,0.000430138616899432,0.0430138616899432,0.00037816061068509223,0.1,0.004301386168994319,1
TTEK,-4650,37.1,-172515.0,1927060.6,69427962.454,0.0024130014385639973,0.24130014385639972,0.0024848057454415584,0.1,0.024130014385639973,1
TTI,146,11.39,1662.94,2226504.65,23977803.655500002,6.557363354260231e-05,0.006557363354260231,6.935330791311057e-05,0.1,0.0006557363354260231,1
TTMI,266,97.99,26065.34,2517239.55,223119536.47199997,0.00010567130966935587,0.010567130966935586,0.00011682231153824143,0.1,0.0010567130966935587,1
TTWO,1211,243.18,294490.98,1247536.45,308781937.14449996,0.0009707131202459055,0.09707131202459054,0.0009537182865142391,0.1,0.009707131202459054,1
TVTX,633,30.28,19167.24,3051550.25,96237086.479,0.0002074355485379931,0.02074355485379931,0.00019916687735743648,0.1,0.002074355485379931,1
TW,5319,103.74,551793.0599999999,1342706.15,141747509.1325,0.003961402872847496,0.3961402872847496,0.0038927884050802297,0.1,0.039614028728474956,1
TWI,1737,8.59,14920.83,525236.25,4530443.888499999,0.003307083241112928,0.3307083241112928,0.0032934587354397607,0.1,0.03307083241112928,1
TWLO,716,135.86,97275.76000000001,2219625.6,291896970.15500003,0.00032257692468495587,0.03225769246849559,0.0003332537502816342,0.1,0.0032257692468495584,1
TWST,-144,42.01,-6049.44,1279279.05,49788471.677499995,0.00011256340045590523,0.011256340045590523,0.00012150282577831795,0.1,0.0011256340045590523,1
TXN,2954,216.17,638566.1799999999,7871821.25,1518549175.9464996,0.0003752625861518388,0.037526258615183876,0.00042051070200080067,0.1,0.0037526258615183878,1
TXRH,-2521,181.75,-458191.75,902986.05,166899015.24150002,0.0027918482240118767,0.2791848224011877,0.0027453232683069123,0.1,0.027918482240118767,1
TXT,5172,86.79,448877.88,1842797.65,167938557.903,0.002806602233294578,0.28066022332945784,0.002672869682847154,0.1,0.02806602233294578,1
TYL,473,419.12,198243.76,335022.3,147600321.501,0.0014118463159019565,0.14118463159019565,0.0013431119795945493,0.1,0.014118463159019564,1
U,377,40.16,15140.319999999998,7634162.45,331612150.802,4.9383282379588345e-05,0.004938328237958835,4.5656710598159075e-05,0.1,0.0004938328237958834,1
UAA,-2476,6.07,-15029.320000000002,14375067.25,82489871.60849999,0.0001722426724647149,0.01722426724647149,0.00018219594365875263,0.1,0.001722426724647149,1
UAL,904,104.91,94838.64,4718346.15,526709883.75149995,0.0001915925562180299,0.019159255621802988,0.00018005859188460676,0.1,0.0019159255621802988,1
UBER,-2414,79.78,-192588.92,17625654.7,1474911962.8919997,0.00013695945149770806,0.013695945149770806,0.00013057655293701237,0.1,0.0013695945149770805,1
UBSI,-6931,41.74,-289299.94,931140.8,37870650.920499995,0.007443557408288843,0.7443557408288842,0.007639159427370636,0.1,0.07443557408288842,1
UCB,-623,34.23,-21325.289999999997,970862.45,32526550.928000003,0.0006416974927807745,0.06416974927807745,0.0006556271535584928,0.1,0.0064169749278077445,1
UCTT,-795,45.33,-36037.35,1059816.05,41517265.508,0.0007501301758923163,0.07501301758923164,0.0008680087563342997,0.1,0.007501301758923163,1
UDR,-10850,36.43,-395265.5,4605950.3,170663925.36049998,0.002355648518395867,0.23556485183958673,0.00231604599018255,0.1,0.02355648518395867,1
UE,2075,18.77,38947.75,916419.75,17422801.431500003,0.0022642462692450704,0.22642462692450704,0.002235447046396535,0.1,0.022642462692450703,1
UEC,-2553,20.14,-51417.42,11603919.8,195356272.7785,0.00022001186185378495,0.022001186185378496,0.0002631982033067267,0.1,0.0022001186185378495,1
UFCS,-7193,34.91,-251107.62999999998,102302.85,3626803.8695,0.07031084666751708,7.031084666751708,0.06923661687683659,0.1,0.7031084666751708,1
UFPI,1768,102.53,181273.04,367330.7,37348891.87250001,0.004813101654721481,0.4813101654721481,0.0048535051754365795,0.1,0.04813101654721481,1
UFPT,457,243.9,111462.3,156431.85,39194172.653500006,0.002921399957873029,0.2921399957873029,0.002843848777862811,0.1,0.02921399957873029,1
UGI,1482,40.63,60213.66,2028150.95,77338574.97150001,0.0007307148415161111,0.0730714841516111,0.0007785721423259907,0.1,0.007307148415161111,1
UHAL,2249,56.17,126326.33,167752.75,9237941.488499999,0.013406635658729887,1.3406635658729886,0.013674727227625265,0.1,0.13406635658729885,1
UHS,2544,203.02,516482.88,754129.3,157539761.54299998,0.003373426811556055,0.3373426811556055,0.0032784287277153688,0.1,0.03373426811556055,1
UHT,100,38.2,3820.0000000000005,66690.6,2634216.6684999997,0.0014994616932521223,0.14994616932521224,0.0014501464688457919,0.1,0.014994616932521222,1
UI,-459,554.74,-254625.66,100324.65,56152591.11,0.004575146785959383,0.4575146785959383,0.004534530908844467,0.1,0.04575146785959383,1
ULTA,-721,638.21,-460149.41000000003,535093.1,350723155.5305,0.00134742907355748,0.134742907355748,0.0013120017961288672,0.1,0.013474290735574799,1
UMBF,-1606,124.66,-200203.96,495414.65,60424479.28249999,0.003241728923438174,0.3241728923438174,0.0033132922679233187,0.1,0.03241728923438174,1
UMH,11355,15.34,174185.7,533563.75,8544775.6495,0.021281430756868322,2.128143075686832,0.020385052474747253,0.1,0.21281430756868322,1
UNFI,40,37.41,1496.3999999999999,861437.95,29675986.115499996,4.643398865815002e-05,0.004643398865815002,5.0424609115800154e-05,0.1,0.00046433988658150014,1
UNH,584,294.02,171707.68,10792108.45,3444824845.7354994,5.411361484233417e-05,0.005411361484233417,4.9845111925665684e-05,0.1,0.0005411361484233417,1
UNIT,-3259,7.35,-23953.649999999998,2110875.4,15638682.985,0.0015439092236330008,0.15439092236330007,0.0015316922801603807,0.1,0.015439092236330007,1
UNM,1780,76.29,135796.2,1142378.4,88825576.25,0.0015581527101702906,0.15581527101702905,0.0015287961613421,0.1,0.015581527101702904,1
UNP,1621,227.71,369117.91000000003,3263047.7,747679878.995,0.0004967748402819854,0.04967748402819854,0.0004936844234676381,0.1,0.004967748402819854,1
UPBD,7598,18.91,143678.18,663482.05,12574787.997499999,0.011451703930799634,1.1451703930799635,0.011425892828456808,0.1,0.11451703930799634,1
UPS,-5004,103.7,-518914.8,5669325.25,599996064.1325,0.0008826447203747924,0.08826447203747924,0.0008648636733147061,0.1,0.008826447203747924,1
UPST,-26,43.165,-1122.29,3875087.15,182076418.76999998,6.709526519939042e-06,0.0006709526519939042,6.163840477429883e-06,0.1,6.709526519939041e-05,1
UPWK,-2457,20.51,-50393.07000000001,2188853.75,44815090.1435,0.0011225053295589073,0.11225053295589073,0.0011244665544270704,0.1,0.011225053295589073,1
URBN,772,69.61,53738.92,1835003.75,135195217.1665,0.0004207075871098356,0.04207075871098356,0.000397491280581455,0.1,0.004207075871098356,1
URGN,-449,21.32,-9572.68,747144.8,15483816.075,0.0006009544602331435,0.06009544602331435,0.0006182377750828457,0.1,0.006009544602331434,1
URI,-224,903.19,-202314.56,569925.8,517860914.65550005,0.00039303361946414777,0.039303361946414775,0.0003906735462640331,0.1,0.003930336194641478,1
USB,6711,55.74,374071.14,11740229.9,645311930.9405001,0.000571624240509975,0.057162424050997494,0.0005796749169890841,0.1,0.00571624240509975,1
USFD,-1238,83.79,-103732.02,2657669.1,212438577.58049998,0.0004658217232536586,0.046582172325365864,0.000488291821482812,0.1,0.0046582172325365856,1
USLM,-112,122.62,-13733.44,89554.75,11374714.7815,0.0012506315968723043,0.12506315968723042,0.0012073656582876492,0.1,0.012506315968723042,1
USNA,6126,21.37,130912.62000000001,122203.65,2551752.6509999996,0.05012943557741524,5.012943557741524,0.05130302106228713,0.1,0.5012943557741524,1
USPH,-36,82.51,-2970.36,214178.2,18047524.557000004,0.00016808433351293454,0.016808433351293454,0.00016458545273722325,0.1,0.0016808433351293453,1
UTHR,277,467.3,129442.1,351154.45,169069237.33600003,0.0007888266829595923,0.07888266829595923,0.0007656159218530869,0.1,0.007888266829595923,1
UTI,2669,27.61,73691.09,561780.85,15341560.745500002,0.004750962942222043,0.4750962942222043,0.004803363309799827,0.1,0.04750962942222042,1
UTL,2342,49.26,115366.92,79655.6,3939426.1805000007,0.029401573775101813,2.9401573775101815,0.029285209244702074,0.1,0.29401573775101814,1
UTZ,-34740,10.25,-356085.0,1457076.7,14907797.860999998,0.023842258955894362,2.384225895589436,0.023885821589488217,0.1,0.2384225895589436,1
UVE,166,29.6,4913.6,213015.0,6500462.061,0.0007792878435790906,0.07792878435790906,0.0007558847284840727,0.1,0.007792878435790906,1
UVSP,135,33.42,4511.7,150380.55,4982581.72725,0.0008977224780731285,0.08977224780731285,0.0009054944297903387,0.1,0.008977224780731284,1
UVV,-5323,55.36,-294681.27999999997,163652.6,8873612.179499999,0.03252621712090122,3.2526217120901224,0.03320871749170859,0.1,0.3252621712090122,1
UWMC,-279,5.89,-1643.31,17168114.0,92145352.0275,1.6251057046801996e-05,0.0016251057046801996,1.7833889217869263e-05,0.1,0.00016251057046801995,1
V,1802,326.98,589217.9600000001,7804566.15,2621087823.4230003,0.0002308904768524513,0.02308904768524513,0.00022479901464366538,0.1,0.0023089047685245128,1
VAC,-2030,54.37,-110371.09999999999,517844.6,31092130.946000002,0.00392009494740314,0.392009494740314,0.0035498081553718406,0.1,0.039200949474031396,1
VAL,3363,56.88,191287.44,1026321.95,55490524.131000005,0.0032767495618699375,0.32767495618699377,0.0034472091045385624,0.1,0.03276749561869937,1
VC,-2584,91.03,-235221.52,469837.1,45200839.09200001,0.005499778540264275,0.5499778540264275,0.005203919323737318,0.1,0.054997785402642746,1
VCEL,1694,36.2,61322.8,532461.4,20204089.2845,0.0031814512751534665,0.3181451275153466,0.003035167739386556,0.1,0.031814512751534664,1
VCTR,-3458,69.38,-239916.03999999998,350338.25,23636104.913000003,0.009870460904568655,0.9870460904568655,0.01015040510621717,0.1,0.09870460904568655,1
VCYT,624,38.48,24011.519999999997,747022.45,31694741.546500005,0.000835316261244893,0.0835316261244893,0.0007575868686221089,0.1,0.00835316261244893,1
VEEV,-1581,217.99,-344642.19,1670386.15,377278188.9115,0.0009464877327916063,0.09464877327916063,0.0009134961949280467,0.1,0.009464877327916062,1
VERX,-67,19.77,-1324.59,1296822.3,25262515.943,5.1664750058662626e-05,0.005166475005866263,5.243301985394812e-05,0.1,0.0005166475005866263,1
VFC,13307,19.11,254296.77,7230930.6,140084325.4645,0.0018402887174715798,0.18402887174715798,0.0018153120926041333,0.1,0.018402887174715797,1
VHC,-1321,19.33,-25534.929999999997,34607.75,649552.5127000001,0.03817064096914708,3.817064096914708,0.03931157142916552,0.1,0.3817064096914708,1
VIAV,-15314,21.03,-322053.42000000004,4039321.2,76425570.41275,0.003791231061298121,0.3791231061298121,0.00421394852875409,0.1,0.037912310612981205,1
VICI,-5334,27.89,-148765.26,10366240.3,291932426.705,0.0005145549249905002,0.051455492499050015,0.0005095879949997076,0.1,0.005145549249905001,1
VICR,-1102,166.51,-183494.02,664615.8,94174792.251,0.001658100815538842,0.1658100815538842,0.0019484409321651735,0.1,0.01658100815538842,1
VIRT,2324,37.49,87126.76000000001,1117555.3,39218553.510000005,0.0020795391512169466,0.20795391512169464,0.0022215699510127087,0.1,0.020795391512169463,1
VISN,-6887,18.79,-129406.73,3849388.55,70993492.35650001,0.0017891153128722222,0.17891153128722223,0.0018227970720213736,0.1,0.01789115312872222,1
VITL,3661,27.21,99615.81,1547366.25,45096133.144,0.0023659557005330832,0.23659557005330834,0.0022089656707795532,0.1,0.02365955700533083,1
VKTX,-1611,30.41,-48990.51,3384599.6,110598810.15,0.0004759794925225424,0.04759794925225424,0.0004429569353735041,0.1,0.0047597949252254235,1
VLO,1125,184.02,207022.5,3765131.2,686231733.53,0.0002987943687061954,0.02987943687061954,0.00030168016121182424,0.1,0.002987943687061954,1
VLY,-5365,12.27,-65828.55,6780578.25,81654633.75975,0.0007912304529484635,0.07912304529484636,0.0008061826618889186,0.1,0.007912304529484635,1
VMC,1063,299.73,318612.99,884092.25,264962075.1205,0.001202363214924687,0.12023632149246868,0.0012024852607872298,0.1,0.012023632149246868,1
VMI,-447,444.94,-198888.18,131410.0,56397627.3465,0.0034015676128148543,0.3401567612814854,0.003526534525611437,0.1,0.03401567612814854,1
VNO,-5269,31.2,-164392.8,1252205.25,41568272.01449999,0.004207776640450916,0.4207776640450916,0.003954766268433192,0.1,0.04207776640450916,1
VNT,-1971,36.9,-72729.9,938618.1,35487885.73900001,0.002099895580534831,0.20998955805348313,0.0020494289385087896,0.1,0.020998955805348312,1
VOYA,3806,75.8,288494.8,798931.25,61027337.08449999,0.004763864224862903,0.4763864224862903,0.0047273044144223895,0.1,0.04763864224862903,1
VPG,-2939,44.37,-130403.43,286135.25,12478094.456499998,0.01027136642549284,1.027136642549284,0.010450588465618738,0.1,0.1027136642549284,1
VRDN,-3304,33.62,-111080.48,1473696.85,47108461.8355,0.0022419807710113513,0.22419807710113512,0.0023579729770818363,0.1,0.022419807710113513,1
VRE,8803,14.76,129932.28,610848.55,9085378.4175,0.014411100754843404,1.4411100754843404,0.01430125131053739,0.1,0.14411100754843403,1
VREX,3050,13.98,42639.0,308113.15,4112936.573500001,0.009898960820075351,0.9898960820075351,0.010367045355069828,0.1,0.0989896082007535,1
VRNS,-2258,33.41,-75439.78,1966175.7,67311156.46024999,0.001148422290032371,0.1148422290032371,0.0011207619058595478,0.1,0.01148422290032371,1
VRRM,-5571,19.84,-110528.64,1160218.65,25552730.161000002,0.004801681131397086,0.48016811313970864,0.004325511963050232,0.1,0.04801681131397086,1
VRSK,-2220,219.03,-486246.6,1208328.85,266667331.298,0.0018372481961346863,0.18372481961346862,0.0018234202053667413,0.1,0.018372481961346863,1
VRSN,2667,253.5,676084.5,581591.05,144117573.5825,0.00458569642706847,0.458569642706847,0.004691200963170365,0.1,0.0458569642706847,1
VRT,135,193.76,26157.6,4888134.3,853268513.967,2.761789912359814e-05,0.0027617899123598137,3.06557661179698e-05,0.1,0.0002761789912359814,1
VRTS,71,166.25,11803.75,69453.85,11719225.776000002,0.0010222615448963592,0.10222615448963591,0.0010072124409594614,0.1,0.010222615448963591,1
VRTX,-1041,477.91,-497504.31,1468197.95,677365377.0064999,0.0007090324571015782,0.07090324571015783,0.0007344696479743842,0.1,0.007090324571015782,1
VSAT,-1672,47.58,-79553.76,1815795.7,75693517.1255,0.000920808436764114,0.0920808436764114,0.0010509983288013913,0.1,0.00920808436764114,1
VSEC,-58,206.02,-11949.16,279071.9,56285386.81049999,0.00020783174515241412,0.020783174515241414,0.00021229595596864397,0.1,0.002078317451524141,1
VSH,3662,19.27,70566.74,1977774.45,34865538.2145,0.0018515761491407678,0.18515761491407678,0.0020239681821590944,0.1,0.018515761491407677,1
VST,855,165.64,141622.19999999998,6058962.6,994994962.5530002,0.00014111326582540715,0.014111326582540716,0.00014233458995271668,0.1,0.0014111326582540715,1
VSTM,-6297,6.23,-39230.310000000005,2040805.0,14408301.585500002,0.0030855471247865428,0.3085547124786543,0.0027227574164244302,0.1,0.030855471247865425,1
VTOL,336,44.15,14834.4,185189.05,7618853.045,0.0018143621342622581,0.18143621342622582,0.0019470647238346885,0.1,0.018143621342622582,1
VTR,2942,75.92,223356.64,2743586.85,210428033.473,0.001072318887955014,0.1072318887955014,0.0010614395635107187,0.1,0.01072318887955014,1
VTRS,4209,12.97,54590.73,8412435.7,107891963.37750001,0.0005003307187239482,0.05003307187239482,0.000505975869666901,0.1,0.005003307187239482,1
VVV,-856,32.84,-28111.040000000005,1930433.7,60987925.855500005,0.00044342367210021253,0.04434236721002125,0.0004609279559138327,0.1,0.0044342367210021254,1
VVX,-2315,67.9,-157188.5,388646.3,24906119.889000002,0.0059565728530028466,0.5956572853002846,0.006311239996456598,0.1,0.059565728530028464,1
VYX,-2763,9.97,-27547.11,1686669.0,17718484.322000004,0.0016381400262885013,0.16381400262885012,0.0015547102957218732,0.1,0.016381400262885013,1
VZ,8505,39.41,335182.05,27531196.05,1095410989.757,0.00030892228527063935,0.030892228527063935,0.00030598748153362506,0.1,0.0030892228527063933,1
W,-3483,108.69,-378567.27,2499147.85,277114912.59749997,0.0013936750480768873,0.13936750480768872,0.0013661021215045765,0.1,0.013936750480768872,1
WAB,-710,228.89,-162511.9,638997.9,144073828.821,0.0011111147626619742,0.11111147626619743,0.0011279765473707773,0.1,0.011111147626619742,1
WABC,7178,49.96,358612.88,146770.45,7257701.817999999,0.048906302324480164,4.890630232448016,0.04941135486037683,0.1,0.4890630232448016,1
WAFD,-3044,31.95,-97255.8,548884.7,17844580.07,0.005545791310998467,0.5545791310998467,0.005450159074547502,0.1,0.055457913109984665,1
WAL,-2336,88.68,-207156.48,870236.9,76866450.5025,0.0026843265322350728,0.2684326532235073,0.0026950181600132878,0.1,0.026843265322350728,1
WASH,555,30.19,16755.45,102144.95,3068605.7824999997,0.005433455104731071,0.5433455104731071,0.005460281048662204,0.1,0.05433455104731071,1
WAT,-422,385.03,-162482.65999999997,447371.35,175644902.91850004,0.0009432879418854158,0.09432879418854158,0.0009250633368814158,0.1,0.009432879418854158,1
WBS,3221,64.53,207851.13,1531990.75,98789127.93200001,0.0021024931123115463,0.21024931123115465,0.0021039879018172037,0.1,0.021024931123115462,1
WCC,1636,291.3,476566.80000000005,421042.35,115309421.085,0.0038855948813700096,0.388559488137001,0.004132938969910362,0.1,0.038855948813700095,1
WD,607,64.22,38981.54,220512.55,13896263.447,0.002752677795436133,0.2752677795436133,0.002805181417916738,0.1,0.02752677795436133,1
WDAY,773,189.12,146189.76,2955779.7,583091504.37025,0.000261521520023972,0.0261521520023972,0.0002507149545213967,0.1,0.0026152152002397195,1
WDC,988,279.7,276343.6,8892876.55,1953838020.1385002,0.00011110015914929123,0.011110015914929123,0.00014143628957553555,0.1,0.0011110015914929123,1
WDFC,-94,219.19,-20603.86,204963.2,41095614.627749994,0.00045861891305366034,0.04586189130536603,0.0005013639578488541,0.1,0.004586189130536603,1
WEC,-687,110.04,-75597.48000000001,2032732.55,218579314.81550002,0.0003379687111322146,0.03379687111322146,0.0003458583446645483,0.1,0.0033796871113221457,1
WELL,1056,183.94,194240.63999999998,3019466.05,561552967.3360001,0.00034973070818266033,0.03497307081826603,0.0003458990536929669,0.1,0.003497307081826603,1
WEN,34021,7.94,270126.74,5984889.15,49650281.36150001,0.0056844828947249584,0.5684482894724958,0.005440588302677024,0.1,0.056844828947249584,1
WERN,-4801,34.33,-164818.33,1033802.75,34171850.432500005,0.0046440193741020715,0.46440193741020713,0.004823219343230103,0.1,0.046440193741020715,1
WEX,-24,154.68,-3712.32,330445.45,51827830.849999994,7.262923426544381e-05,0.007262923426544381,7.162792536589442e-05,0.1,0.000726292342654438,1
WFC,-3207,88.03,-282312.21,16221818.75,1471739088.9905,0.00019769669785023336,0.019769669785023335,0.00019182218649478456,0.1,0.0019769669785023336,1
WFRD,643,91.44,58795.92,1186162.45,103993541.5365,0.0005420842651021367,0.054208426510213674,0.0005653804950893379,0.1,0.0054208426510213665,1
WGO,635,46.11,29279.85,671386.65,30157521.671499997,0.0009458037332139386,0.09458037332139387,0.0009708970889232775,0.1,0.009458037332139386,1
WGS,-2284,95.29,-217642.36000000002,709048.4,79447042.37250002,0.0032212187489598734,0.3221218748959873,0.0027394645980595403,0.1,0.03221218748959873,1
WH,2982,72.8,217089.6,1284337.2,99692042.42099999,0.002321820157510037,0.23218201575100372,0.002177602090678708,0.1,0.02321820157510037,1
WHD,-40,54.8,-2192.0,852863.95,44643111.86049999,4.690079818709655e-05,0.004690079818709655,4.91005198483816e-05,0.1,0.0004690079818709655,1
WHR,-32,80.87,-2587.84,1348918.55,110971718.70749998,2.3722707349528256e-05,0.0023722707349528257,2.3319815446141253e-05,0.1,0.00023722707349528254,1
WINA,-10,460.0,-4600.0,120189.85,52739897.258499995,8.320170130838835e-05,0.008320170130838835,8.722049604028431e-05,0.1,0.0008320170130838835,1
WING,-67,272.7,-18270.899999999998,565707.7,150916959.0415,0.00011843572219363463,0.011843572219363463,0.00012106591675343631,0.1,0.0011843572219363463,1
WIX,-11,93.04,-1023.44,1725468.65,154801580.874,6.375079605184366e-06,0.0006375079605184365,6.611301992019216e-06,0.1,6.375079605184366e-05,1
WK,1991,81.29,161848.39,698078.25,59448274.7355,0.0028521157907440892,0.2852115790744089,0.002722507772010261,0.1,0.02852115790744089,1
WKC,-459,25.73,-11810.07,971807.15,25712553.854000002,0.0004723159322299697,0.04723159322299697,0.0004593114346812638,0.1,0.004723159322299697,1
WLDN,-1109,133.36,-147896.24000000002,322972.3,39629769.1725,0.0034337310041759,0.34337310041759,0.003731948055418617,0.1,0.034337310041758995,1
WLFC,-870,58.8933,-51237.171,186421.05,10193650.827915002,0.004666854950124999,0.46668549501249995,0.005026380819292787,0.1,0.04666854950124999,1
WLK,3209,81.88,262752.92,1350115.7,111413192.925,0.0023768333336172598,0.23768333336172598,0.002358364508742491,0.1,0.023768333336172596,1
WLY,1663,31.36,52151.68,529409.45,16386734.2775,0.0031412359564038763,0.3141235956403876,0.0031825548103021043,0.1,0.03141235956403876,1
WM,2028,231.6,469684.8,2014547.8,449608164.26750004,0.0010066775283267043,0.10066775283267043,0.0010446536280434514,0.1,0.010066775283267042,1
WMB,-1360,66.92,-91011.2,6937880.6,429133591.596,0.00019602528184183512,0.019602528184183513,0.00021208127674535632,0.1,0.001960252818418351,1
WMG,10641,29.84,317527.44,1728766.15,52628131.9065,0.006155257031149066,0.6155257031149066,0.006033416511232519,0.1,0.061552570311490654,1
WMK,341,68.8,23460.8,105267.95,7026431.8725,0.0032393525284761414,0.32393525284761415,0.003338935099025256,0.1,0.03239352528476141,1
WMS,-963,151.98,-146356.74,633948.7,97947051.2915,0.0015190503584911524,0.15190503584911524,0.0014942434516423372,0.1,0.015190503584911523,1
WMT,628,116.57,73205.95999999999,44685257.7,5282084985.45,1.4053852038096223e-05,0.0014053852038096223,1.3859292344150595e-05,0.1,0.00014053852038096223,1
WNC,4856,9.82,47685.92,498548.3,4966784.847000001,0.009740279928745118,0.9740279928745118,0.009600963494281996,0.1,0.09740279928745117,1
WOR,-522,53.82,-28094.04,153627.1,8156903.126999999,0.003397838011652892,0.3397838011652892,0.0034442041988958397,0.1,0.03397838011652892,1
WPC,-8048,67.9,-546459.2000000001,1234945.5,83239463.21150002,0.006516886777594638,0.6516886777594638,0.006564905381615959,0.1,0.06516886777594638,1
WRB,-118,67.67,-7985.06,2772827.3,190165660.6,4.255584182974541e-05,0.004255584182974541,4.199002056841382e-05,0.1,0.00042555841829745405,1
WRBY,-711,25.37,-18038.07,3754328.55,97916963.35550001,0.0001893814008366423,0.01893814008366423,0.000184218029050906,0.1,0.001893814008366423,1
WRLD,517,115.57,59749.689999999995,104353.55,14475764.423749998,0.0049543115687008255,0.49543115687008255,0.004127567170267726,0.1,0.049543115687008255,1
WSBC,2391,34.3,82011.29999999999,480231.6,16567371.3845,0.004978847705981864,0.49788477059818637,0.004950169709886966,0.1,0.049788477059818634,1
WSC,4160,20.24,84198.4,1713172.95,35924174.971,0.002428242869466273,0.2428242869466273,0.002343781035137749,0.1,0.02428242869466273,1
WSFS,-1671,62.23,-103986.33,381018.85,22066979.831,0.004385609793321249,0.43856097933212496,0.00471230457436312,0.1,0.04385609793321249,1
WSM,-1247,205.72,-256532.84,1049995.8,211100492.6785,0.0011876237981142401,0.11876237981142401,0.0012152166806673073,0.1,0.011876237981142401,1
WSO,-46,385.14,-17716.44,398445.95,148323062.15800002,0.00011544853197780025,0.011544853197780026,0.00011944494498857969,0.1,0.0011544853197780025,1
WST,2099,235.89,495133.11,936257.4,243239333.16400003,0.002241904843689353,0.2241904843689353,0.0020355799514799886,0.1,0.02241904843689353,1
WT,8200,16.96,139072.0,4606222.7,67726639.9485,0.0017802005100621817,0.17802005100621818,0.002053431265832052,0.1,0.017802005100621816,1
WTFC,-3477,145.26,-505069.01999999996,472321.4,69275770.87349999,0.007361512732643492,0.7361512732643491,0.007290702270527943,0.1,0.07361512732643491,1
WTM,2,2039.19,4078.38,16791.95,34590187.564,0.00011910469004493224,0.011910469004493223,0.00011790569196694974,0.1,0.0011910469004493224,1
WTS,242,293.57,71043.94,161317.65,46801806.179000005,0.0015001458302919737,0.15001458302919737,0.0015179743219371192,0.1,0.015001458302919737,1
WTTR,-5109,11.48,-58651.32,694039.6,8020018.740999999,0.0073612514329153556,0.7361251432915356,0.007313115080412753,0.1,0.07361251432915356,1
WTW,-862,314.33,-270952.45999999996,447218.1,145988277.95899996,0.0019274711824051845,0.19274711824051846,0.0018559877805812296,0.1,0.019274711824051844,1
WU,3697,9.34,34529.979999999996,6963734.35,65687094.713,0.0005308933130109997,0.05308933130109997,0.0005256737286200335,0.1,0.005308933130109997,1
WULF,-3840,15.11,-58022.399999999994,23490798.25,318884720.2875,0.0001634682635784844,0.01634682635784844,0.0001819541555571812,0.1,0.001634682635784844,1
WVE,4994,12.73,63573.62,4581697.9,65573897.15699999,0.0010899889318324544,0.10899889318324543,0.0009694958322789504,0.1,0.010899889318324543,1
WWD,18,325.94,5866.92,507537.55,164856829.83850002,3.5465356208619445e-05,0.0035465356208619443,3.55879705181002e-05,0.1,0.00035465356208619445,1
WWW,54,17.24,930.9599999999999,1819060.15,33472683.069500007,2.9685659377453793e-05,0.0029685659377453794,2.7812529938727318e-05,0.1,0.0002968565937745379,1
WY,8162,26.05,212620.1,7796011.5,200414814.2415,0.0010469456080202037,0.10469456080202037,0.0010609001176120276,0.1,0.010469456080202036,1
WYNN,3950,112.88,445876.0,1139940.35,133006302.08199999,0.0034650935902040838,0.34650935902040836,0.0033522922825499806,0.1,0.03465093590204084,1
XEL,-5832,76.01,-443290.32,5320307.65,399922410.90550005,0.0010961772107295335,0.10961772107295335,0.0011084408072963624,0.1,0.010961772107295334,1
XENE,-1602,41.95,-67203.90000000001,1083569.8,45428605.6745,0.0014784465200119088,0.14784465200119087,0.001479330016895564,0.1,0.014784465200119086,1
XERS,5597,7.16,40074.520000000004,2352998.05,17758113.7845,0.002378667504633079,0.23786675046330788,0.002256687871601469,0.1,0.023786675046330787,1
XHR,665,14.52,9655.8,969480.55,14308785.983,0.0006859343387549136,0.06859343387549136,0.0006748161592095846,0.1,0.0068593433875491355,1
XMTR,2807,64.87,182090.09000000003,658119.25,41857745.537,0.004265184463150105,0.4265184463150105,0.004350212551200164,0.1,0.04265184463150105,1
XNCR,6069,12.35,74952.15,747670.25,10332604.91,0.008117214774828877,0.8117214774828877,0.007253945220286178,0.1,0.08117214774828876,1
XOM,-2328,137.58,-320286.24000000005,18024822.9,2304340273.537,0.00012915522182467602,0.012915522182467602,0.00013899259743804383,0.1,0.0012915522182467601,1
XP,23229,20.4,473871.6,6537630.45,120873365.123,0.00355312221724004,0.355312221724004,0.00392039718194154,0.1,0.035531222172400394,1
XPO,1348,148.23,199814.03999999998,1179689.6,173502004.9075,0.0011426734625786309,0.11426734625786308,0.0011516526284899582,0.1,0.011426734625786307,1
XPRO,78,15.5,1209.0,1083669.5,16499856.832000002,7.197766477694537e-05,0.007197766477694537,7.327336305459647e-05,0.1,0.0007197766477694536,1
XRAY,-960,12.31,-11817.6,4060127.75,50031296.946499996,0.0002364457620822399,0.02364457620822399,0.0002362041506266952,0.1,0.002364457620822399,1
XYL,-608,135.52,-82396.16,1301921.8,182659230.26500002,0.00046700193513926874,0.046700193513926874,0.0004510922326808262,0.1,0.004670019351392687,1
XYZ,5326,64.22,342035.72,5899306.3,392639443.63900006,0.0009028180143824707,0.09028180143824707,0.000871119103139505,0.1,0.009028180143824706,1
YELP,-2026,27.5,-55715.0,942884.25,27562223.023000002,0.00214872610291242,0.214872610291242,0.002021426209109011,0.1,0.0214872610291242,1
YETI,-1251,46.47,-58133.97,1546544.3,73957780.8845,0.0008089002041519276,0.08089002041519275,0.0007860426489916987,0.1,0.008089002041519276,1
YORW,-156,32.66,-5094.959999999999,61199.75,2002898.7384999997,0.0025490300205474694,0.2549030020547469,0.0025437931044959812,0.1,0.025490300205474693,1
YOU,681,33.48,22799.879999999997,1260137.75,44062816.38699999,0.0005404171091612802,0.05404171091612802,0.0005174403696702131,0.1,0.005404171091612802,1
YUM,2793,153.88,429786.83999999997,1897069.75,292477422.664,0.0014722705899453618,0.14722705899453617,0.001469470142636418,0.1,0.014722705899453617,1
YUMC,4996,49.96,249600.16,1072100.45,51753632.092999995,0.004660011102504434,0.46600111025044344,0.0048228530038524585,0.1,0.04660011102504434,1
Z,1578,65.98,104116.44,2769583.25,187249749.2985,0.0005697608114867102,0.05697608114867102,0.0005560297965153753,0.1,0.005697608114867102,1
ZBH,1916,85.71,164220.36,2156402.7,192503870.76,0.0008885167877038921,0.08885167877038921,0.0008530756257090443,0.1,0.00888516787703892,1
ZBRA,199,236.23,47009.77,612436.8,153484775.3855,0.0003249314868081082,0.03249314868081082,0.0003062829513997588,0.1,0.0032493148680810815,1
ZD,-587,39.29,-23063.23,559896.3,20650332.358000003,0.0010484084284893469,0.10484084284893469,0.0011168454628317512,0.1,0.010484084284893468,1
ZETA,8820,20.31,179134.19999999998,9742164.95,212495719.60999998,0.0009053429135379196,0.09053429135379196,0.000843001451176384,0.1,0.009053429135379196,1
ZION,4475,58.33,261026.75,1736987.1,103735550.90300001,0.0025763000773005164,0.2576300077300516,0.002516270918964688,0.1,0.02576300077300516,1
ZM,-5910,96.22,-568660.2,3241761.45,284628109.77699995,0.0018230829415285938,0.18230829415285937,0.0019979059708668027,0.1,0.018230829415285938,1
ZS,393,213.95,84082.34999999999,1645478.7,356976298.33325005,0.0002388362729946003,0.023883627299460027,0.00023554042773312118,0.1,0.0023883627299460027,1
ZTS,945,121.93,115223.85,4459802.2,559102354.0135,0.00021189280547016188,0.021189280547016187,0.00020608722029672914,0.1,0.0021189280547016186,1
ZUMZ,-2760,24.52,-67675.2,239930.2,6103872.9395,0.011503345556332633,1.1503345556332634,0.011087255693357147,0.1,0.11503345556332632,1
ZWS,10606,46.15,489466.89999999997,936131.9,43609606.7465,0.011329600027517489,1.1329600027517488,0.011223832006677826,0.1,0.11329600027517488,1
ZYME,34,22.31,758.54,970173.8,23415488.2565,3.504526714697923e-05,0.003504526714697923,3.2394797481510294e-05,0.1,0.00035045267146979227,1
