ticker,shares,price,position_market_value,average_daily_volume,average_daily_dollar_volume,position_shares_pct_adv,position_pct_of_daily_market_volume,position_value_pct_dollar_adv,liquidation_participation_rate,estimated_days_to_liquidate,estimated_full_trading_days
A,-1217,133.27,-162189.59000000003,1942560.95,274280957.4505,0.0006264925689976421,0.06264925689976421,0.0005913264686968678,0.1,0.00626492568997642,1
AA,4379,60.64,265542.56,9023695.3,558083446.2720001,0.0004852779104808647,0.048527791048086466,0.00047581156863516643,0.1,0.004852779104808647,1
AAL,-16345,13.51,-220820.94999999998,59262337.2,895669407.0279999,0.00027580754948692773,0.027580754948692773,0.0002465429189244339,0.1,0.002758075494869277,1
AAMI,53,55.13,2921.8900000000003,211149.2,11116218.702500002,0.00025100734456962184,0.025100734456962183,0.0002628492725986829,0.1,0.002510073445696218,1
AAOI,2064,39.57,81672.48,4885979.4,183595086.06524998,0.0004224332177904802,0.04224332177904802,0.00044485112183761537,0.1,0.004224332177904802,1
AAON,-307,93.31,-28646.170000000002,1013507.25,87750131.01650001,0.00030290853864143544,0.030290853864143544,0.00032645159235846096,0.1,0.0030290853864143544,1
AAP,-1301,48.12,-62604.119999999995,1963745.85,85589115.65100001,0.0006625093567988953,0.06625093567988953,0.0007314495485065634,0.1,0.006625093567988952,1
AAPL,-242,258.28,-62503.759999999995,48743375.1,12547942684.307997,4.964777254417083e-06,0.0004964777254417083,4.981195847998647e-06,0.1,4.964777254417082e-05,1
AAT,-2811,18.01,-50626.11000000001,472676.55,8637871.087500002,0.005946984253820081,0.5946984253820081,0.005860947620908796,0.1,0.059469842538200805,1
ABBV,2749,220.43,605962.0700000001,7131939.2,1576030582.5765004,0.0003854491636720627,0.03854491636720627,0.000384486238210791,0.1,0.003854491636720627,1
ABCB,-2506,81.3,-203737.8,487917.4,38701417.33,0.005136115252294753,0.5136115252294753,0.005264349836667855,0.1,0.051361152522947526,1
ABEO,5653,5.08,28717.24,1304639.4,6766797.6165000005,0.004332998068278484,0.43329980682784835,0.0042438449658929595,0.1,0.04332998068278483,1
ABG,649,237.2,153942.8,161856.2,39450099.1115,0.00400973209552677,0.400973209552677,0.0039022157983660045,0.1,0.0400973209552677,1
ABM,3330,45.77,152414.1,703273.05,31409360.97749999,0.00473500299776879,0.47350029977687896,0.004852505598862117,0.1,0.0473500299776879,1
ABNB,-4759,131.77,-627093.43,3993318.1,536739102.682,0.001191740773168058,0.1191740773168058,0.001168339379163012,0.1,0.011917407731680579,1
ABR,34669,7.88,273191.72,3660297.05,28939332.6445,0.009471635642249308,0.9471635642249309,0.009440152727637997,0.1,0.09471635642249308,1
ABT,4968,106.09,527055.12,11216137.45,1288903352.4155,0.00044293323099388375,0.044293323099388375,0.0004089174871120165,0.1,0.004429332309938837,1
ABUS,1707,4.13,7049.91,1574755.55,6907955.483749999,0.0010839777640409014,0.10839777640409014,0.0010205494254535846,0.1,0.010839777640409012,1
ACA,406,114.64,46543.840000000004,208072.05,23330540.178000003,0.001951247176158451,0.1951247176158451,0.0019949748117658005,0.1,0.01951247176158451,1
ACAD,126,25.7,3238.2,1242833.15,33035367.539500006,0.00010138126746941052,0.010138126746941051,9.80222180403509e-05,0.1,0.001013812674694105,1
ACGL,-1586,95.72,-151811.91999999998,2278828.55,211568200.3515,0.0006959716210330962,0.06959716210330963,0.000717555472645602,0.1,0.006959716210330962,1
ACHC,-564,13.05,-7360.200000000001,3653999.6,50438653.91500001,0.00015435141262741244,0.015435141262741243,0.00014592379908479563,0.1,0.0015435141262741244,1
ACHR,-97,7.43,-720.7099999999999,44973195.8,383011943.5490001,2.156840275068911e-06,0.0002156840275068911,1.8816906682383834e-06,0.1,2.156840275068911e-05,1
ACI,-1776,16.59,-29463.84,10099563.95,171011963.14900002,0.00017584917614190662,0.017584917614190662,0.00017229110442015463,0.1,0.001758491761419066,1
ACIC,568,10.97,6230.96,185713.3,2092303.3825000003,0.003058477771920482,0.3058477771920482,0.0029780384872077695,0.1,0.030584777719204818,1
ACIW,4968,43.2,214617.6,639629.15,28656656.030499995,0.00776700061277695,0.7767000612776951,0.007489275781918768,0.1,0.0776700061277695,1
ACLS,-18,92.2,-1659.6000000000001,544953.4,50142385.514249995,3.303034718197923e-05,0.0033030347181979233,3.3097747204874354e-05,0.1,0.0003303034718197923,1
ACLX,3539,68.26,241572.14,942455.85,63433851.4505,0.0037550830630421576,0.3755083063042158,0.003808252762147172,0.1,0.037550830630421576,1
ACM,1283,97.56,125169.48,1301220.15,127359066.39899997,0.0009859976422898155,0.09859976422898155,0.0009828077697104007,0.1,0.009859976422898153,1
ACMR,12,54.68,656.16,1473311.05,73997279.8155,8.1449195673921e-06,0.00081449195673921,8.867352984272213e-06,0.1,8.1449195673921e-05,1
ACN,-805,261.22,-210282.10000000003,4384020.8,1212769705.6075,0.00018362139157733923,0.018362139157733923,0.00017338996763170765,0.1,0.0018362139157733922,1
ACT,-1753,40.14,-70365.42,271673.7,10691419.672,0.006452593681316962,0.6452593681316962,0.006581485168361839,0.1,0.06452593681316961,1
ACVA,34849,7.88,274610.12,2199343.65,18765120.838,0.01584518181140087,1.584518181140087,0.014634071497365756,0.1,0.15845181811400869,1
AD,5605,47.38,265564.9,355587.3,18980333.499,0.015762655190441278,1.5762655190441277,0.01399158239311188,0.1,0.15762655190441277,1
ADAM,-15787,8.42,-132926.54,677271.15,5421773.493500001,0.023309718714579826,2.3309718714579826,0.02451716954966149,0.1,0.23309718714579825,1
ADBE,-222,291.65,-64746.299999999996,4843279.5,1500472381.638,4.5836710435563344e-05,0.004583671043556334,4.3150610962475224e-05,0.1,0.0004583671043556334,1
ADC,-2652,71.96,-190837.91999999998,1404348.45,100738840.8985,0.001888420213658512,0.18884202136585118,0.0018943827256487876,0.1,0.018884202136585117,1
ADEA,631,18.11,11427.41,798072.45,14923530.845749998,0.0007906550338882141,0.07906550338882141,0.0007657309867292135,0.1,0.007906550338882141,1
ADI,1017,318.7,324117.89999999997,3519450.8,1049721968.2795,0.00028896553973705217,0.028896553973705216,0.0003087654729482617,0.1,0.0028896553973705216,1
ADM,878,66.92,58755.76,3626682.85,232735784.71100003,0.00024209450793305512,0.024209450793305512,0.0002524569226557061,0.1,0.002420945079330551,1
ADMA,186,17.01,3163.86,2309046.8,40711694.11049999,8.055271984959336e-05,0.008055271984959336,7.771378885419573e-05,0.1,0.0008055271984959336,1
ADNT,-3874,21.04,-81508.95999999999,1310467.05,27938868.445500005,0.0029561979448472207,0.2956197944847221,0.0029174037652598024,0.1,0.029561979448472206,1
ADP,1920,245.97,472262.4,2262849.25,581571274.33025,0.0008484878080146081,0.08484878080146081,0.000812045609618301,0.1,0.00848487808014608,1
ADSK,-2673,255.68,-683432.64,1971539.3,531617845.296,0.0013557934148205923,0.13557934148205922,0.0012855712915721836,0.1,0.013557934148205922,1
ADT,1045,8.08,8443.6,5345755.95,43453994.6495,0.00019548217497658118,0.01954821749765812,0.00019431124958950482,0.1,0.0019548217497658118,1
ADTN,14759,9.37,138291.83,1123311.55,10414227.587000001,0.013138830451801194,1.3138830451801193,0.013279125009004853,0.1,0.13138830451801192,1
ADUS,-752,101.8,-76553.59999999999,192644.05,20843346.6325,0.003903572417627225,0.3903572417627225,0.003672807507822844,0.1,0.03903572417627225,1
AEE,3659,103.77,379694.43,1416191.6,144265943.74650002,0.0025836899470382396,0.25836899470382396,0.002631906187555867,0.1,0.025836899470382396,1
AEIS,825,269.12,222024.0,548657.3,135698992.402,0.0015036708706874034,0.15036708706874033,0.0016361506896253688,0.1,0.015036708706874033,1
AEO,536,23.31,12494.16,6178475.35,158753623.33900002,8.67527941177268e-05,0.00867527941177268,7.870157377964323e-05,0.1,0.000867527941177268,1
AEP,1043,119.21,124336.03,3146512.9,369355856.897,0.0003314780625879525,0.03314780625879525,0.00033662937158912527,0.1,0.003314780625879525,1
AER,1949,144.53,281688.97000000003,953933.8,137804595.83749998,0.002043118715365783,0.20431187153657832,0.0020441188357184356,0.1,0.02043118715365783,1
AES,14718,15.04,221358.72,8934640.25,128928674.04800001,0.0016472963195132563,0.16472963195132562,0.0017169083730558525,0.1,0.016472963195132563,1
AFG,2011,128.81,259036.91,467672.65,61275922.5625,0.004300016261374275,0.4300016261374275,0.004227384903683636,0.1,0.043000162613742746,1
AFL,50,110.51,5525.5,2149701.35,235450330.91899997,2.325904479708309e-05,0.0023259044797083093,2.3467794580848953e-05,0.1,0.00023259044797083092,1
AFRM,-1711,62.8,-107450.79999999999,5362167.55,394145954.86399996,0.00031908738099763407,0.031908738099763405,0.0002726167772978309,0.1,0.0031908738099763407,1
AGCO,-1791,114.33,-204765.03,750950.0,83581623.558,0.002384979026566349,0.23849790265663492,0.002449880982006851,0.1,0.02384979026566349,1
AGIO,876,27.61,24186.36,969063.8,27090273.705000002,0.0009039652497596133,0.09039652497596133,0.0008928060404032009,0.1,0.009039652497596133,1
AGM,60,171.0,10260.0,108409.4,18757614.7615,0.0005534575415047035,0.055345754150470355,0.0005469778610156045,0.1,0.005534575415047035,1
AGNC,-40671,11.97,-486831.87000000005,21448092.2,247426523.94500002,0.0018962525720586003,0.18962525720586004,0.00196758157629138,0.1,0.018962525720586,1
AGO,-1105,85.17,-94112.85,292759.95,25390084.558000006,0.003774423379973934,0.3774423379973934,0.0037066772969980744,0.1,0.03774423379973934,1
AGX,153,355.51,54393.03,343372.15,120245724.1295,0.0004455806913868815,0.04455806913868815,0.00045234897451672213,0.1,0.0044558069138688145,1
AGYS,-273,85.26,-23275.980000000003,328150.05,34147060.9605,0.0008319364875915759,0.08319364875915759,0.0006816393371870204,0.1,0.008319364875915758,1
AI,-62,12.26,-760.12,6557128.9,87392121.3915,9.455357816742019e-06,0.0009455357816742019,8.697809229218818e-06,0.1,9.455357816742019e-05,1
AIG,583,74.36,43351.88,5900538.25,443637438.7975,9.880454550057361e-05,0.009880454550057361,9.771916481509606e-05,0.1,0.0009880454550057361,1
AIN,-462,56.07,-25904.34,300208.2,16849993.2115,0.0015389319812050435,0.15389319812050437,0.001537350174261226,0.1,0.015389319812050434,1
AIR,1562,106.67,166618.54,655503.85,63486267.58099999,0.002382899810580823,0.2382899810580823,0.002624481582373968,0.1,0.023828998105808227,1
AIT,385,259.51,99911.34999999999,345258.95,93650316.83899999,0.0011151050537574767,0.11151050537574766,0.0010668554402412085,0.1,0.011151050537574767,1
AIV,76449,5.86,447991.14,1734381.25,10225639.246,0.0440785438611032,4.40785438611032,0.04381057547822669,0.1,0.440785438611032,1
AIZ,-1001,238.54,-238778.53999999998,319688.0,75703829.7825,0.0031311778984509896,0.31311778984509897,0.0031541144045951156,0.1,0.031311778984509896,1
AJG,696,245.84,171104.64,1977915.05,503549789.2885,0.00035188568892278766,0.03518856889227877,0.00033979686545349463,0.1,0.0035188568892278766,1
AKAM,-425,99.35,-42223.75,3416213.95,321007712.327,0.00012440672809734297,0.012440672809734297,0.00013153500174160318,0.1,0.0012440672809734296,1
AKBA,-1271,1.45,-1842.95,2986347.1,4289923.141,0.0004256035743467328,0.042560357434673284,0.00042959977123748665,0.1,0.004256035743467328,1
AKR,-588,19.78,-11630.640000000001,1561157.05,32159129.008999996,0.00037664372075826705,0.03766437207582671,0.00036165904856269804,0.1,0.0037664372075826703,1
ALB,2326,180.7,420308.19999999995,3509260.5,599514949.0649999,0.0006628177076053488,0.06628177076053487,0.0007010804328657863,0.1,0.006628177076053487,1
ALDX,11591,5.32,61664.12,866154.9,4063931.7515000002,0.013382132918719272,1.3382132918719272,0.015173512689340743,0.1,0.13382132918719272,1
ALG,1740,193.02,335854.80000000005,105925.55,19835441.661999997,0.016426631723885313,1.6426631723885314,0.0169320555459785,0.1,0.16426631723885313,1
ALGM,-7412,37.98,-281507.75999999995,2755011.25,91141610.1485,0.0026903701391419,0.26903701391419,0.0030886853934369842,0.1,0.026903701391418997,1
ALGN,-2799,164.12,-459371.88,841622.7,140791502.37449998,0.0033257182820758046,0.33257182820758047,0.003262781291857292,0.1,0.03325718282075804,1
ALGT,115,91.44,10515.6,519594.85,46293636.529999994,0.00022132628912699962,0.022132628912699962,0.00022715000998432044,0.1,0.002213262891269996,1
ALHC,132,22.5,2970.0,3111214.15,67853948.50174999,4.242716625597759e-05,0.004242716625597759,4.37704815354025e-05,0.1,0.0004242716625597759,1
ALK,762,53.3,40614.6,3789214.35,190268803.7105,0.00020109709549685412,0.02010970954968541,0.00021345906006639111,0.1,0.0020109709549685413,1
ALKS,2952,34.88,102965.76000000001,2216194.65,69693531.41800001,0.0013320129619480852,0.13320129619480853,0.0014774077006149047,0.1,0.013320129619480852,1
ALKT,-91,21.19,-1928.2900000000002,1587407.55,34250374.72750001,5.732617310532509e-05,0.005732617310532509,5.629982198272869e-05,0.1,0.0005732617310532509,1
ALL,1405,198.39,278737.94999999995,1856254.25,371672555.9875,0.0007569006239312314,0.07569006239312313,0.0007499556948976733,0.1,0.0075690062393123135,1
ALLE,343,164.46,56409.780000000006,839242.0,137199470.75650004,0.00040870213835818514,0.040870213835818514,0.0004111515860007609,0.1,0.004087021383581851,1
ALLO,-1176,1.59,-1869.8400000000001,5636360.6,8933927.4785,0.00020864527368955068,0.02086452736895507,0.00020929652770294762,0.1,0.0020864527368955068,1
ALLY,6150,42.96,264204.0,3908973.25,170453960.27099997,0.0015733031685494395,0.15733031685494395,0.0015500021212763227,0.1,0.015733031685494392,1
ALNT,1763,61.21,107913.23,137746.85,8297789.768999998,0.012798840772039433,1.2798840772039433,0.013005057130171794,0.1,0.12798840772039433,1
ALNY,1411,346.79,489320.69,1452991.4,543926250.3645,0.0009711000354165896,0.09711000354165895,0.0008996085216922196,0.1,0.009711000354165895,1
ALRM,-2096,48.87,-102431.51999999999,340483.65,17195271.5735,0.00615594904483666,0.615594904483666,0.0059569585488756915,0.1,0.0615594904483666,1
ALSN,2587,111.56,288605.72000000003,790816.85,84157842.093,0.0032713010604162015,0.32713010604162013,0.0034293384053392384,0.1,0.03271301060416201,1
ALV,2182,126.43,275870.26,686211.0,86379675.84549999,0.0031797799802101684,0.31797799802101684,0.003193694087176546,0.1,0.031797799802101685,1
ALX,291,243.29,70797.39,87340.7,20615627.861500002,0.0033317800292418085,0.33317800292418087,0.003434161233198005,0.1,0.033317800292418084,1
AMAL,1854,39.06,72417.24,226843.05,8008451.025999999,0.008173051808287713,0.8173051808287713,0.00904260259129916,0.1,0.08173051808287712,1
AMAT,863,341.34,294576.42,7521399.0,2332255973.86975,0.00011473929251725643,0.011473929251725643,0.00012630535554432725,0.1,0.0011473929251725643,1
AMBA,-1628,65.9,-107285.20000000001,1071265.35,74489036.61950001,0.001519698177487025,0.1519698177487025,0.001440281749756373,0.1,0.01519698177487025,1
AMBP,-46980,4.43,-208121.4,923205.8,3971794.364,0.05088789520169825,5.088789520169825,0.05239984272257253,0.1,0.5088789520169825,1
AMC,-1504,1.37,-2060.48,41436527.9,64747794.297000006,3.629647743724204e-05,0.0036296477437242035,3.182316899551078e-05,0.1,0.00036296477437242037,1
AMCR,-1763,43.89,-77378.07,5639357.4,242939276.34600002,0.0003126242716945019,0.03126242716945019,0.0003185078640384039,0.1,0.003126242716945019,1
AMD,-228,252.18,-57497.04,36860457.5,8547030733.5345,6.185490237065018e-06,0.0006185490237065017,6.727136217541473e-06,0.1,6.185490237065017e-05,1
AME,-801,226.62,-181522.62,1232238.95,266130616.192,0.0006500362612300155,0.06500362612300155,0.000682080936787222,0.1,0.006500362612300154,1
AMG,307,312.77,96020.39,380451.75,118394253.7125,0.000806935439250838,0.08069354392508381,0.0008110223848631111,0.1,0.008069354392508379,1
AMGN,430,342.94,147464.2,2693301.15,904917994.9545,0.00015965537310968735,0.015965537310968735,0.00016295863362449174,0.1,0.0015965537310968735,1
AMH,2256,30.92,69755.52,4791788.55,150855481.17399997,0.0004708054156521577,0.04708054156521577,0.0004623996387611696,0.1,0.004708054156521577,1
AMKR,-9007,50.0,-450350.0,4359064.2,217990778.419,0.002066269177682678,0.2066269177682678,0.0020659130779118666,0.1,0.020662691776826777,1
AMN,-2016,20.19,-40703.04,1363571.6,25284045.236999996,0.0014784702174788621,0.14784702174788622,0.0016098310068056777,0.1,0.014784702174788621,1
AMP,-77,521.36,-40144.72,550479.0,277651262.76299995,0.00013987817882244371,0.013987817882244371,0.00014458684466444184,0.1,0.001398781788224437,1
AMPH,11596,26.15,303235.39999999997,319697.5,8628642.45725,0.03627178817475895,3.6271788174758948,0.035142886207460595,0.1,0.36271788174758945,1
AMPL,-30666,9.37,-287340.42,1249312.6,13032042.4275,0.024546298500471377,2.4546298500471377,0.02204876339211872,0.1,0.24546298500471375,1
AMR,-96,221.06,-21221.760000000002,266562.95,60848139.117,0.00036014007197924543,0.036014007197924545,0.000348765965696903,0.1,0.003601400719792454,1
AMRC,12,32.37,388.43999999999994,526407.15,16619050.406,2.2796042948884717e-05,0.002279604294888472,2.3373176596164658e-05,0.1,0.00022796042948884716,1
AMRX,-24174,14.11,-341095.14,3456823.95,47473325.143999994,0.006993124425674035,0.6993124425674035,0.0071849852304501985,0.1,0.06993124425674034,1
AMSF,-173,36.95,-6392.35,143020.0,5389431.628999999,0.0012096210320234931,0.12096210320234932,0.0011860898217176366,0.1,0.01209621032023493,1
AMT,251,181.34,45516.340000000004,3140650.25,555908712.4315001,7.99197554710207e-05,0.007991975547102069,8.187736400265286e-05,0.1,0.0007991975547102069,1
AMZN,-887,241.73,-214414.50999999998,40992955.6,9773892790.0465,2.1637864043157697e-05,0.0021637864043157697,2.1937473083227866e-05,0.1,0.00021637864043157697,1
AN,442,207.07,91524.94,302916.7,64509881.9875,0.0014591470196261877,0.14591470196261877,0.00141877394873757,0.1,0.014591470196261875,1
ANAB,-2498,31.8953,-79674.45939999999,484219.1,14915326.168185,0.005158821698689705,0.5158821698689705,0.005341784584634084,0.1,0.05158821698689705,1
ANDE,165,62.44,10302.6,282516.9,16176134.807,0.0005840358576778946,0.058403585767789465,0.0006369012204041284,0.1,0.005840358576778946,1
ANET,-931,148.15,-137927.65,8160487.1,1094427312.7875,0.0001140863270281991,0.01140863270281991,0.0001260272367003516,0.1,0.0011408632702819908,1
ANF,393,93.88,36894.84,1889254.6,203129383.9275,0.00020801854869110812,0.020801854869110813,0.0001816322153232559,0.1,0.002080185486911081,1
ANGI,-450,13.15,-5917.5,830715.95,10834903.1265,0.0005417014082852268,0.05417014082852268,0.0005461516296834239,0.1,0.005417014082852268,1
ANGO,6137,9.98,61247.26,889459.1,9598366.8845,0.006899698929383038,0.6899698929383038,0.006381008429559578,0.1,0.06899698929383037,1
ANIP,1885,82.0,154570.0,571912.7,46617929.19499999,0.0032959575823373046,0.32959575823373044,0.0033156770939662076,0.1,0.03295957582337304,1
AON,1107,342.95,379645.64999999997,1124803.35,385099564.889,0.0009841720332714157,0.09841720332714157,0.0009858376498281113,0.1,0.009841720332714157,1
AORT,61,40.42,2465.62,287320.2,12486989.844500002,0.00021230668779988318,0.021230668779988318,0.00019745511373872083,0.1,0.0021230668779988315,1
AOS,-4783,73.17,-349972.11,1389593.2,98239711.4395,0.003442014540658374,0.3442014540658374,0.003562430150413532,0.1,0.03442014540658374,1
AOSL,-93,22.5,-2092.5,295286.3,6520652.6505,0.00031494857702507703,0.031494857702507706,0.00032090346045952136,0.1,0.0031494857702507703,1
APA,-149,26.26,-3912.7400000000002,6031013.3,153826473.69450003,2.470563279971543e-05,0.002470563279971543,2.5436063806355705e-05,0.1,0.0002470563279971543,1
APAM,-94,43.47,-4086.18,440158.45,19064515.200000003,0.0002135594579633766,0.02135594579633766,0.0002143343251655305,0.1,0.002135594579633766,1
APD,-240,256.02,-61444.799999999996,1492823.1,388662184.5335001,0.00016076921639275276,0.016076921639275276,0.00015809307528529023,0.1,0.0016076921639275276,1
APEI,-2301,42.27,-97263.27,242227.05,9695734.6995,0.009499351950989785,0.9499351950989785,0.010031552328367213,0.1,0.09499351950989784,1
APG,2392,42.22,100990.23999999999,2378506.0,98657474.04800001,0.001005673309211749,0.1005673309211749,0.0010236451011391698,0.1,0.010056733092117489,1
APH,-1453,149.58,-217339.74000000002,10966745.7,1630437070.2335002,0.00013249144639143043,0.013249144639143043,0.0001333015201677634,0.1,0.0013249144639143043,1
APLD,-1117,38.07,-42524.19,41714379.3,1456692706.758,2.6777337185501404e-05,0.0026777337185501402,2.9192285924628122e-05,0.1,0.000267773371855014,1
APLE,-2375,11.7,-27787.5,2495068.95,30130573.664500006,0.0009518775022229345,0.09518775022229345,0.0009222360088264556,0.1,0.009518775022229345,1
APLS,3357,23.05,77378.85,3126318.2,71925828.908,0.0010737870508510617,0.10737870508510618,0.0010758145046750164,0.1,0.010737870508510617,1
APO,-39,134.49,-5245.110000000001,3032437.05,426572852.662,1.2860942983136287e-05,0.0012860942983136288,1.2295930149488497e-05,0.1,0.00012860942983136287,1
APOG,2092,37.485,78418.62,344091.45,12514081.312500002,0.006079779081985327,0.6079779081985327,0.006266430434783064,0.1,0.060797790819853266,1
APP,-567,569.24,-322759.08,5105960.35,2990328780.734,0.00011104669075622572,0.011104669075622572,0.00010793431213298767,0.1,0.0011104669075622572,1
APPF,276,207.1,57159.6,319368.4,70262215.1115,0.0008642057260517947,0.08642057260517946,0.0008135183314288158,0.1,0.008642057260517946,1
APPN,3470,28.86,100144.2,998449.55,30972955.040999997,0.00347538841596954,0.347538841596954,0.003233278835275342,0.1,0.034753884159695395,1
APTV,-1741,66.7777,-116259.9757,2367716.3,163090522.211885,0.0007353076886787493,0.07353076886787492,0.0007128554996528652,0.1,0.0073530768867874925,1
AR,1808,35.3,63822.399999999994,6611402.45,220121641.31149998,0.00027346694043712313,0.027346694043712313,0.000289941505159337,0.1,0.0027346694043712313,1
ARCB,1206,85.31,102883.86,347140.3,30093125.3625,0.0034740996651786036,0.3474099665178604,0.003418849280713357,0.1,0.03474099665178603,1
ARDX,121,7.85,949.8499999999999,6673523.4,47589136.461,1.8131351723438924e-05,0.0018131351723438924,1.9959387176071497e-05,0.1,0.00018131351723438922,1
ARE,-3360,54.05,-181608.0,2745915.25,151580438.16200003,0.0012236357258294845,0.12236357258294844,0.0011980965499381149,0.1,0.012236357258294844,1
ARES,-424,151.69,-64316.56,2014569.15,327496149.97400004,0.0002104668385297174,0.02104668385297174,0.00019638875145587542,0.1,0.002104668385297174,1
ARI,-45532,10.95,-498575.39999999997,1365040.9,13992307.683000002,0.03335577710528674,3.335577710528674,0.03563210667570909,0.1,0.3335577710528674,1
ARLO,3478,13.02,45283.56,1134897.85,15400359.0315,0.0030645929939861986,0.3064592993986199,0.0029404223568669204,0.1,0.030645929939861986,1
ARMK,17064,38.49,656793.36,2433711.65,93976509.2485,0.007011512641606495,0.7011512641606494,0.006988909944114394,0.1,0.07011512641606495,1
AROC,15805,29.17,461031.85000000003,1329540.25,35705512.05,0.01188756790176153,1.188756790176153,0.01291206381116722,0.1,0.1188756790176153,1
ARQT,18,25.73,463.14,1546134.3,42481280.914000005,1.1641938219726449e-05,0.001164193821972645,1.09022136346969e-05,0.1,0.00011641938219726448,1
ARR,28176,18.37,517593.12000000005,4032885.9,74449817.4835,0.006986560170224504,0.6986560170224504,0.006952241623892658,0.1,0.06986560170224504,1
ARVN,3941,13.38,52730.58,752968.1,9308293.131,0.005233953470273177,0.5233953470273177,0.005664903248952056,0.1,0.05233953470273176,1
ARW,-3755,132.91,-499077.05,540844.25,64177648.61749999,0.006942849073462462,0.6942849073462461,0.0077764932301354435,0.1,0.06942849073462462,1
ARWR,2152,69.12,148746.24000000002,2706036.45,180594248.39075,0.0007952590586871067,0.07952590586871067,0.0008236488222933836,0.1,0.007952590586871066,1
ASAN,17428,10.41,181425.48,3790285.3,44574724.230000004,0.004598070757364888,0.45980707573648877,0.004070142510896247,0.1,0.045980707573648874,1
ASB,346,27.35,9463.1,2416394.1,64392655.667500004,0.00014318856348805023,0.014318856348805023,0.0001469593061802571,0.1,0.0014318856348805023,1
ASC,239,12.4,2963.6,651781.35,7581188.727500001,0.0003666873868054065,0.03666873868054065,0.00039091494837080606,0.1,0.0036668738680540646,1
ASH,93,61.73,5740.889999999999,587539.35,36575085.903,0.0001582872704611189,0.01582872704611189,0.00015696176395115765,0.1,0.001582872704611189,1
ASIX,-11142,16.05,-178829.1,346951.45,6000596.428,0.0321140032704864,3.21140032704864,0.029801887553301726,0.1,0.32114003270486396,1
ASMB,-2248,25.71,-57796.08,108253.85,3205382.7042499995,0.020766005088964503,2.0766005088964503,0.01803094523576498,0.1,0.207660050889645,1
ASO,-577,55.36,-31942.72,1502722.95,84034442.226,0.00038396964656725314,0.03839696465672531,0.0003801146191235981,0.1,0.0038396964656725314,1
ASTE,546,48.42,26437.32,170371.95,8105343.2455,0.0032047528950628315,0.3204752895062832,0.0032617150439221334,0.1,0.03204752895062831,1
ASTH,-2300,22.41,-51543.0,538248.7,13764688.442000002,0.00427311761273181,0.42731176127318093,0.0037445816675899155,0.1,0.042731176127318096,1
ASTS,102,122.09,12453.18,17476472.5,1781147295.8844998,5.836418075787319e-06,0.000583641807578732,6.991662075772277e-06,0.1,5.8364180757873187e-05,1
ASUR,-791,9.86,-7799.259999999999,74628.55,711306.467,0.010599160776941265,1.0599160776941265,0.010964697161961835,0.1,0.10599160776941265,1
ATEC,4158,14.85,61746.299999999996,3935035.3,69518626.22700001,0.0010566614230881233,0.10566614230881233,0.0008881979312764187,0.1,0.010566614230881233,1
ATEN,3660,17.71,64818.600000000006,559656.05,9828696.6375,0.006539730965116878,0.6539730965116878,0.00659483168426359,0.1,0.06539730965116877,1
ATEX,2945,26.6,78337.0,301650.05,7473949.9629999995,0.009762968711591461,0.9762968711591461,0.0104813385676663,0.1,0.0976296871159146,1
ATI,829,121.72,100905.88,1416191.25,172927078.5945,0.0005853729148517194,0.058537291485171936,0.0005835169414769107,0.1,0.0058537291485171936,1
ATKR,2070,70.33,145583.1,374339.05,25892095.1565,0.005529746362288412,0.5529746362288412,0.0056226851909839575,0.1,0.05529746362288412,1
ATO,2036,166.0,337976.0,1408123.0,235896456.8605,0.0014458964167192781,0.1445896416719278,0.00143273029403687,0.1,0.01445896416719278,1
ATR,855,123.85,105891.75,404648.95,50103256.90049999,0.002112942588878582,0.21129425888785822,0.002113470391960553,0.1,0.02112942588878582,1
ATRC,2890,36.95,106785.50000000001,530121.45,20850672.70275,0.00545158095376069,0.5451580953760691,0.0051214414768457825,0.1,0.0545158095376069,1
ATRO,-1209,63.8672,-77215.4448,916263.55,52247374.25973,0.001319489354345701,0.13194893543457012,0.0014778818245707384,0.1,0.01319489354345701,1
AUB,-3367,39.2,-131986.40000000002,1189915.1,45346358.7205,0.002829613642183379,0.2829613642183379,0.0029106284103983006,0.1,0.028296136421833786,1
AUR,-615,4.51,-2773.65,17813101.1,79590924.3935,3.45251507049494e-05,0.00345251507049494,3.4848822540205566e-05,0.1,0.000345251507049494,1
AVA,-618,40.79,-25208.22,585815.6,23256983.830000006,0.0010549394724210144,0.10549394724210144,0.0010838989348000933,0.1,0.010549394724210143,1
AVAV,-445,293.22,-130482.90000000001,1822009.7,603106821.364,0.0002442358018181791,0.02442358018181791,0.00021635122565003817,0.1,0.002442358018181791,1
AVB,2080,174.8,363584.0,1188878.55,212485848.18750003,0.0017495479248069534,0.17495479248069534,0.0017110974829682266,0.1,0.01749547924806953,1
AVGO,780,330.73,257969.40000000002,25091200.3,8480372110.225001,3.10865957257533e-05,0.00310865957257533,3.0419584971862228e-05,0.1,0.00031086595725753297,1
AVNS,-508,12.89,-6548.12,584078.9,7175193.7625,0.0008697455086975407,0.08697455086975407,0.000912605320043439,0.1,0.008697455086975406,1
AVNT,-215,36.01,-7742.15,855991.75,29970935.3765,0.00025117064504418413,0.025117064504418415,0.000258321934325432,0.1,0.002511706450441841,1
AVPT,5354,11.92,63819.68,1989717.8,26003767.98,0.0026908338458850795,0.26908338458850795,0.0024542474017259707,0.1,0.026908338458850795,1
AVT,-2485,62.74,-155908.9,1266908.05,68190396.35450001,0.0019614683165048953,0.19614683165048952,0.002286376210360761,0.1,0.01961468316504895,1
AVTR,-15294,10.81,-165328.14,12073984.05,143292536.5655,0.001266690426015595,0.1266690426015595,0.0011537805384890189,0.1,0.012666904260155949,1
AVXL,66579,4.91,326902.89,1421009.9,6460620.225999999,0.04685329778490636,4.685329778490636,0.050599304488509966,0.1,0.46853297784906356,1
AVY,1020,185.38,189087.6,586586.25,108744928.29100001,0.0017388747179123275,0.17388747179123276,0.0017388176439273016,0.1,0.017388747179123275,1
AWI,-490,184.12,-90218.8,537026.0,102746680.75299999,0.000912432545165411,0.0912432545165411,0.000878070214422628,0.1,0.009124325451654109,1
AWK,-1399,129.0,-180471.0,1472712.1,191607787.046,0.0009499480584154907,0.09499480584154907,0.0009418771688891414,0.1,0.009499480584154906,1
AWR,-928,72.34,-67131.52,230411.65,16967907.896500003,0.004027574126568687,0.4027574126568687,0.003956381682967959,0.1,0.040275741265686865,1
AX,-2316,94.64,-219186.24,347712.3,32011896.741000004,0.006660678957862578,0.6660678957862578,0.006847024460105544,0.1,0.06660678957862577,1
AXGN,13,34.0,442.0,1018035.95,33212360.8135,1.2769686571481096e-05,0.0012769686571481097,1.3308298150860085e-05,0.1,0.00012769686571481096,1
AXON,160,509.58,81532.8,699773.8,418587087.28400004,0.00022864531367136065,0.022864531367136065,0.00019478097265021986,0.1,0.0022864531367136065,1
AXP,1016,358.5,364236.0,2940804.55,1072639368.3724998,0.00034548368744872896,0.034548368744872895,0.0003395698598613344,0.1,0.0034548368744872896,1
AXS,485,104.05,50464.25,694565.4,71390035.887,0.000698278376665466,0.0698278376665466,0.00070688086051501,0.1,0.006982783766654659,1
AXSM,1252,185.265,231951.77999999997,882659.35,158147101.89725,0.001418440760866579,0.1418440760866579,0.0014666837217839233,0.1,0.01418440760866579,1
AXTI,7725,16.38,126535.49999999999,7870806.3,163994887.1085,0.0009814750491318786,0.09814750491318786,0.0007715819817985138,0.1,0.009814750491318785,1
AYI,284,313.52,89039.68,494440.0,162344832.2215,0.0005743871855027911,0.05743871855027911,0.0005484602052408792,0.1,0.005743871855027911,1
AZO,58,3703.76,214818.08000000002,189060.8,664145230.9090002,0.0003067796179853254,0.03067796179853254,0.00032345045933098625,0.1,0.0030677961798532536,1
AZTA,4773,39.0,186147.0,558988.35,21510049.626000002,0.008538639490429453,0.8538639490429453,0.008653954929745822,0.1,0.08538639490429452,1
AZZ,147,124.97,18370.59,157790.15,18789643.3735,0.0009316170876318959,0.09316170876318959,0.00097769764092005,0.1,0.009316170876318959,1
BA,201,234.04,47042.04,9060916.4,2174146410.2575,2.218318668076443e-05,0.002218318668076443,2.1637015694094156e-05,0.1,0.0002218318668076443,1
BAC,12492,53.08,663075.36,38709062.8,2080283127.4040005,0.0003227151239631666,0.03227151239631666,0.0003187428438298475,0.1,0.003227151239631666,1
BAH,-1597,88.73,-141701.81,2642195.6,248152460.43449992,0.0006044215651558878,0.06044215651558878,0.0005710272215390842,0.1,0.0060442156515588775,1
BALL,-7281,56.57,-411886.17,2018663.7,111571207.629,0.003606841496183837,0.3606841496183837,0.003691688731824222,0.1,0.036068414961838366,1
BANC,630,20.25,12757.5,2212878.6,44926180.1885,0.00028469704573942737,0.028469704573942736,0.00028396582897705617,0.1,0.0028469704573942734,1
BAND,1764,13.99,24678.36,219770.1,3093886.102,0.008026569583396467,0.8026569583396468,0.007976492729983504,0.1,0.08026569583396467,1
BANF,-397,109.17,-43340.49,121274.15,13323375.258250002,0.0032735747890214034,0.32735747890214034,0.0032529662461592097,0.1,0.03273574789021403,1
BANR,-3077,61.72,-189912.44,217973.8,13860104.915499996,0.01411637545429772,1.411637545429772,0.013702092528002268,0.1,0.1411637545429772,1
BAP,1135,365.42,414751.7,458425.1,150205410.59749997,0.002475867922589754,0.24758679225897537,0.0027612300938439243,0.1,0.024758679225897536,1
BATRK,-793,40.03,-31743.79,379613.25,15080464.328499999,0.002088968180114893,0.20889681801148932,0.002104961048182622,0.1,0.02088968180114893,1
BAX,-9023,19.73,-178023.79,8831072.8,176850406.19349998,0.0010217331692702158,0.10217331692702158,0.0010066348946081367,0.1,0.010217331692702157,1
BBBY,-329,6.29,-2069.41,1985608.35,13143795.467999998,0.00016569229274242324,0.016569229274242325,0.00015744386810021533,0.1,0.0016569229274242324,1
BBIO,887,79.1,70161.7,2940819.95,225818977.58775002,0.00030161656105468133,0.030161656105468133,0.00031069886485840704,0.1,0.003016165610546813,1
BBSI,842,36.72,30918.239999999998,146089.15,5517876.799500001,0.005763603936363515,0.5763603936363515,0.005603285670097172,0.1,0.05763603936363515,1
BBT,-1753,28.93,-50714.29,676934.9,18730181.511499997,0.002589613860948815,0.2589613860948815,0.002707624054196289,0.1,0.02589613860948815,1
BBW,-13,59.99,-779.87,340605.65,22050392.079,3.816730579777523e-05,0.003816730579777523,3.536762508376076e-05,0.1,0.00038167305797775223,1
BBWI,14352,20.73,297516.96,4977417.75,109235751.7555,0.002883422835063422,0.2883422835063422,0.0027236225797752163,0.1,0.02883422835063422,1
BBY,-2475,65.15,-161246.25,4340908.95,295331874.17550004,0.0005701570865705442,0.05701570865705442,0.0005459832280215711,0.1,0.005701570865705442,1
BC,836,80.62,67398.32,1078820.9,91506855.5045,0.0007749201002687287,0.07749201002687287,0.000736538477127384,0.1,0.007749201002687286,1
BCC,2139,80.3,171761.69999999998,363133.1,29541298.7695,0.005890402169342316,0.5890402169342316,0.005814290743957942,0.1,0.05890402169342315,1
BCO,1151,126.63,145751.13,224790.8,27715906.8875,0.005120316311877532,0.5120316311877532,0.005258753776003427,0.1,0.05120316311877532,1
BCPC,-2327,170.76,-397358.51999999996,154994.5,25250609.871500004,0.015013435960630862,1.501343596063086,0.01573659099808487,0.1,0.1501343596063086,1
BCRX,3241,6.67,21617.47,4937747.3,34783366.869,0.0006563721881838708,0.06563721881838708,0.0006214887156098207,0.1,0.006563721881838708,1
BCSF,-20394,13.19,-268996.86,367749.75,5043270.4120000005,0.05545618997701562,5.5456189977015615,0.05333778243576759,0.1,0.5545618997701561,1
BDC,-697,119.74,-83458.78,243876.05,28548624.181,0.002858009222307808,0.2858009222307808,0.0029233906149335356,0.1,0.028580092223078078,1
BDX,-1269,201.09,-255183.21,1704864.2,346433817.2035,0.0007443408102533914,0.07443408102533915,0.000736600173908836,0.1,0.007443408102533914,1
BE,366,156.51,57282.659999999996,12502598.2,1675188402.219,2.9273915241073653e-05,0.0029273915241073653,3.419475679518902e-05,0.1,0.0002927391524107365,1
BEAM,-6673,29.29,-195452.16999999998,2116907.75,66291981.504250005,0.003152239392576271,0.3152239392576271,0.002948353112472124,0.1,0.031522393925762705,1
BELFB,-176,210.44,-37037.44,161849.1,31579202.061750002,0.0010874326764869252,0.10874326764869252,0.001172842807350767,0.1,0.010874326764869251,1
BEN,15543,25.88,402252.83999999997,4625089.0,117251134.6655,0.0033605839801136798,0.336058398011368,0.0034306946465598592,0.1,0.033605839801136794,1
BEPC,2795,39.32,109899.4,908309.1,35659109.73199999,0.0030771463150594883,0.3077146315059488,0.0030819445809489123,0.1,0.030771463150594883,1
BF/B,-479,26.9,-12885.099999999999,5019952.3,134050148.97199997,9.541923336602223e-05,0.009541923336602223,9.612148959783254e-05,0.1,0.0009541923336602223,1
BFAM,1659,91.32,151499.87999999998,574710.55,55968344.994500004,0.00288667051614069,0.288667051614069,0.0027068851154145764,0.1,0.0288667051614069,1
BFH,1788,73.03,130577.64,1013238.45,73673676.84650001,0.0017646389159432314,0.17646389159432313,0.0017723784883447596,0.1,0.017646389159432313,1
BFS,-93,31.63,-2941.5899999999997,68929.25,2189612.389,0.001349209515553992,0.13492095155539918,0.0013434295561980398,0.1,0.013492095155539919,1
BFST,-6374,27.62,-176049.88,120307.75,3245100.5175,0.052980793007931744,5.298079300793175,0.0542509789914389,0.1,0.5298079300793174,1
BG,-3991,115.15,-459563.65,1736887.3,181751088.299,0.002297788693601479,0.2297788693601479,0.0025285331400270276,0.1,0.02297788693601479,1
BGC,1879,8.95,16817.05,1864451.65,16675894.603,0.0010078030181152728,0.10078030181152728,0.0010084646371520366,0.1,0.010078030181152726,1
BGS,-3091,4.29,-13260.39,1758923.9,7493489.076,0.0017573244641226379,0.1757324464122638,0.0017695882205887397,0.1,0.01757324464122638,1
BH,83,371.54,30837.820000000003,70886.3,29509680.910499997,0.0011708891562967737,0.11708891562967738,0.0010450068942977771,0.1,0.011708891562967737,1
BH/A,-158,1939.04,-306368.32,15058.85,32095155.983,0.01049216905673408,1.049216905673408,0.009545624896239035,0.1,0.1049216905673408,1
BHB,7279,33.71,245375.09,76783.8,2495648.8885,0.09479864242196921,9.479864242196921,0.09832115852942828,0.1,0.947986424219692,1
BHE,78,51.82,4041.96,214867.95,10295613.161500001,0.0003630136555963791,0.03630136555963791,0.0003925905078790969,0.1,0.0036301365559637906,1
BHVN,-27,12.1,-326.7,3166498.2,37431903.09199999,8.526769413606488e-06,0.0008526769413606487,8.727849054242257e-06,0.1,8.526769413606487e-05,1
BIIB,-925,176.18,-162966.5,1532140.65,269169670.79,0.0006037304734392368,0.06037304734392368,0.0006054415399836883,0.1,0.006037304734392368,1
BILL,1511,43.39,65562.29,2668028.2,131754437.496,0.0005663358430769209,0.056633584307692095,0.0004976097294786783,0.1,0.005663358430769209,1
BIO,-4,294.91,-1179.64,230731.85,71998766.7175,1.7336141499320532e-05,0.0017336141499320532,1.6384169532077237e-05,0.1,0.00017336141499320532,1
BJ,4442,90.27,400979.33999999997,1859256.65,172996433.3095,0.002389126858844367,0.23891268588443668,0.0023178474395632548,0.1,0.023891268588443666,1
BJRI,1532,41.69,63869.079999999994,340719.95,14739842.907499999,0.0044963613078717575,0.44963613078717574,0.004333090956315539,0.1,0.044963613078717574,1
BKD,3278,14.5,47531.0,4951848.85,60282300.3375,0.0006619749712271609,0.0661974971227161,0.0007884735607946308,0.1,0.006619749712271609,1
BKE,3603,47.18,169989.54,574508.6,30557242.2415,0.006271446589311283,0.6271446589311283,0.005562986955973927,0.1,0.06271446589311283,1
BKH,1078,72.81,78489.18000000001,940277.15,67465721.7015,0.0011464704847927018,0.11464704847927018,0.0011633934688681307,0.1,0.011464704847927018,1
BKNG,112,204.533,22907.696,5217186.25,1090381188.3775,2.1467510384548758e-05,0.0021467510384548757,2.100888775794722e-05,0.1,0.00021467510384548758,1
BKR,-369,56.73,-20933.37,9977165.4,522440297.393,3.698445251794663e-05,0.0036984452517946627,4.006844438390077e-05,0.1,0.00036984452517946625,1
BKU,1774,47.62,84477.87999999999,1013732.65,47639905.3485,0.0017499682978544687,0.17499682978544687,0.001773258770814495,0.1,0.017499682978544685,1
BL,1348,46.91,63234.67999999999,961803.8,50621407.225999996,0.0014015332440982244,0.14015332440982245,0.0012491687502421231,0.1,0.014015332440982244,1
BLBD,1935,49.6,95976.0,461923.35,22501443.1225,0.004189006682602211,0.4189006682602211,0.004265326427176138,0.1,0.04189006682602211,1
BLD,-7,480.09,-3360.6299999999997,299682.9,140925812.56199998,2.335802276339424e-05,0.002335802276339424,2.3846802362920552e-05,0.1,0.0002335802276339424,1
BLDR,-534,115.23,-61532.82,2031746.6,243064679.92499995,0.0002628280514902793,0.02628280514902793,0.0002531540988143015,0.1,0.002628280514902793,1
BLFS,-78,22.58,-1761.2399999999998,299594.8,7378667.985000001,0.000260351648292961,0.0260351648292961,0.00023869348825294778,0.1,0.00260351648292961,1
BLK,119,1127.78,134205.82,753428.3,840146132.6235,0.0001579446909546668,0.01579446909546668,0.00015974104359787908,0.1,0.001579446909546668,1
BLKB,6553,53.31,349340.43,322669.95,18698747.9735,0.02030867764413761,2.030867764413761,0.01868255727576455,0.1,0.20308677644137607,1
BLMN,23448,6.16,144439.68,2067870.0,14246794.97375,0.011339204108575491,1.1339204108575491,0.01013839816366649,0.1,0.1133920410857549,1
BLX,23,48.77,1121.71,159089.5,7178609.4875,0.00014457270907256608,0.014457270907256608,0.00015625728101705715,0.1,0.0014457270907256607,1
BMI,-114,144.42,-16463.879999999997,394949.75,64546746.0965,0.00028864431487803197,0.028864431487803197,0.0002550690932643735,0.1,0.0028864431487803195,1
BMRN,9743,56.99,555253.5700000001,2072911.8,119140446.1155,0.004700151738245689,0.4700151738245689,0.004660495978516924,0.1,0.047001517382456885,1
BMY,-927,54.28,-50317.56,12388493.1,682615822.329,7.482750262822522e-05,0.007482750262822522,7.371285334160987e-05,0.1,0.0007482750262822522,1
BNL,-13868,18.37,-254755.16,1776327.6,32242149.872500002,0.007807118461707176,0.7807118461707176,0.007901308101581836,0.1,0.07807118461707176,1
BOH,3178,75.33,239398.74,401793.2,29012887.867000002,0.007909541525341892,0.7909541525341892,0.00825146193986081,0.1,0.07909541525341891,1
BOKF,2934,130.54,383004.36,313917.25,40021993.826000005,0.009346412151610018,0.9346412151610018,0.00956984706122222,0.1,0.09346412151610017,1
BOOT,-8,174.82,-1398.56,702619.15,132302365.82399997,1.138596919824915e-05,0.001138596919824915,1.0570937195941645e-05,0.1,0.0001138596919824915,1
BOX,-2977,25.49,-75883.73,2590882.5,71366242.55750002,0.0011490293365291556,0.11490293365291557,0.0010633000600929806,0.1,0.011490293365291556,1
BPOP,828,133.25,110331.0,567691.45,72416084.1225,0.001458538788984756,0.1458538788984756,0.0015235703688888042,0.1,0.014585387889847558,1
BPRN,-1678,36.88,-61884.64000000001,14769.55,530780.9505,0.11361212765453248,11.361212765453248,0.11659167485514348,0.1,1.1361212765453248,2
BR,-2382,195.96,-466776.72000000003,783060.75,166740710.44249997,0.0030419095836434146,0.30419095836434146,0.0027994166437294065,0.1,0.030419095836434144,1
BRBR,-35,25.04,-876.4,4125058.25,103550233.62100002,8.484728670195141e-06,0.0008484728670195142,8.463525086845056e-06,0.1,8.484728670195141e-05,1
BRC,14,85.56,1197.8400000000001,160588.65,13351160.399500001,8.717926204622805e-05,0.008717926204622804,8.97180442866119e-05,0.1,0.0008717926204622804,1
BRK/B,147,476.79,70088.13,4770188.1,2334753997.5810003,3.081639485034144e-05,0.003081639485034144,3.0019492448719286e-05,0.1,0.0003081639485034144,1
BRKR,4219,44.23,186606.37,2646814.4,132553020.17749998,0.0015939916300893634,0.15939916300893633,0.0014077866332288611,0.1,0.01593991630089363,1
BRO,-7781,72.1,-561010.1,2970922.8,231593711.65399998,0.002619051562026452,0.2619051562026452,0.0024223891745305533,0.1,0.02619051562026452,1
BROS,-774,57.47,-44481.78,3423601.4,207129815.98499998,0.0002260777203794811,0.022607772037948108,0.00021475314786752525,0.1,0.0022607772037948107,1
BRSL,6278,14.12,88645.36,1634042.4,23946680.521000005,0.0038420055685213558,0.38420055685213556,0.0037017807091159287,0.1,0.038420055685213554,1
BRSP,-7070,6.14,-43409.799999999996,660638.05,3881589.733499999,0.010701775351873843,1.0701775351873843,0.01118351061817595,0.1,0.10701775351873842,1
BRX,2117,26.4,55888.799999999996,2872130.95,75052275.876,0.0007370833840288514,0.07370833840288514,0.000744664959825315,0.1,0.0073708338402885135,1
BRZE,1110,21.81,24209.1,2541582.3,67204032.6295,0.00043673580824040207,0.04367358082404021,0.0003602328469403952,0.1,0.00436735808240402,1
BSX,-542,92.33,-50042.86,11822632.6,1100423000.8604999,4.5844273296626e-05,0.0045844273296626005,4.547602145799196e-05,0.1,0.00045844273296626,1
BSY,-8441,35.07,-296025.87,2153185.65,83084827.80025,0.003920237904242024,0.39202379042420243,0.003562935349781266,0.1,0.039202379042420236,1
BTU,164,36.13,5925.320000000001,3148251.0,110155827.353,5.209241575719344e-05,0.005209241575719344,5.379034538964524e-05,0.1,0.0005209241575719343,1
BURL,-977,292.51,-285782.27,830221.25,250640693.08049995,0.0011767947399563671,0.11767947399563672,0.001140206989087017,0.1,0.011767947399563671,1
BUSE,-3247,24.68,-80135.95999999999,576939.25,14134637.926999997,0.0056279755624184,0.56279755624184,0.005669473842476305,0.1,0.056279755624184004,1
BV,3868,13.27,51328.36,500034.95,6544228.5455,0.007735459291395531,0.7735459291395531,0.007843301871737787,0.1,0.0773545929139553,1
BW,2035,10.39,21143.65,3434619.55,28684108.205000002,0.0005924964818883652,0.059249648188836525,0.0007371207028257688,0.1,0.005924964818883652,1
BWA,2709,48.93,132551.37,1847347.55,88225694.39299999,0.0014664268236910807,0.14664268236910807,0.0015024123177716456,0.1,0.014664268236910806,1
BWIN,-36,22.83,-821.8799999999999,1228973.9,30963412.527500004,2.92927294875831e-05,0.00292927294875831,2.6543585894159797e-05,0.1,0.00029292729487583096,1
BWXT,-331,210.18,-69569.58,1146216.1,234264086.5185,0.00028877626130011607,0.028877626130011606,0.00029697074371878184,0.1,0.0028877626130011606,1
BX,-4371,142.94,-624790.74,3942652.85,607417612.7344999,0.0011086443991638777,0.11086443991638777,0.001028601619217607,0.1,0.011086443991638776,1
BXC,311,68.66,21353.26,94315.7,6709706.418500001,0.0032974361638624322,0.3297436163862432,0.003182443264749229,0.1,0.03297436163862432,1
BXMT,1240,19.43,24093.2,1418149.8,27366964.318,0.0008743787151399661,0.08743787151399661,0.0008803753211368514,0.1,0.008743787151399661,1
BXP,-8612,65.01,-559866.12,1863501.55,123278387.9385,0.004621407478840036,0.4621407478840036,0.0045414782701352395,0.1,0.04621407478840036,1
BY,-8709,31.84,-277294.56,223266.7,6826385.7655,0.039007160494601296,3.90071604946013,0.04062099177011417,0.1,0.39007160494601295,1
BYD,2571,84.18,216426.78000000003,733905.4,63310218.788,0.003503176294928474,0.3503176294928474,0.0034185125899615777,0.1,0.03503176294928474,1
BZH,-1409,24.21,-34111.89,424582.15,9688049.498,0.003318556844653031,0.3318556844653031,0.00352102763379172,0.1,0.033185568446530304,1
C,2479,115.2,285580.8,14553829.95,1700009230.9794998,0.00017033317061671455,0.017033317061671455,0.00016798779371065883,0.1,0.0017033317061671454,1
CAAP,3744,30.35,113630.40000000001,202973.35,5617795.384000001,0.018445771329093204,1.8445771329093203,0.02022686698836164,0.1,0.18445771329093202,1
CABO,1302,75.65,98496.3,161419.0,14558311.860000003,0.008065964973144425,0.8065964973144425,0.006765640202462319,0.1,0.08065964973144424,1
CAC,762,46.66,35554.92,103202.05,4695473.9772499995,0.007383574260395021,0.738357426039502,0.007572168469523383,0.1,0.0738357426039502,1
CACC,707,451.24,319026.68,153803.3,70148316.24800001,0.0045967804331896655,0.45967804331896656,0.00454788791896478,0.1,0.04596780433189665,1
CACI,11,623.13,6854.43,343477.4,210316322.1985,3.202539672188039e-05,0.003202539672188039,3.259105108128829e-05,0.1,0.00032025396721880385,1
CAG,-3776,17.83,-67326.07999999999,12840041.7,220288954.069,0.0002940800418117022,0.029408004181170223,0.0003056262184571986,0.1,0.002940800418117022,1
CAH,3341,211.23,705719.4299999999,1669077.4,347833962.17399997,0.002001704654319806,0.20017046543198058,0.0020288974244756807,0.1,0.020017046543198056,1
CAKE,-847,58.505,-49553.735,1271378.1,73271190.34850001,0.0006662062214222504,0.06662062214222504,0.0006763058545153613,0.1,0.006662062214222503,1
CAL,7100,12.33,87543.0,631942.95,8279624.4399999995,0.011235191404540552,1.1235191404540552,0.01057330566554055,0.1,0.11235191404540552,1
CALM,-2207,82.5,-182077.5,1704100.5,132915516.0735,0.001295111409215595,0.1295111409215595,0.0013698739272795981,0.1,0.01295111409215595,1
CALX,664,46.66,30982.239999999998,1051473.35,55751058.49549999,0.000631494844828925,0.06314948448289251,0.0005557246953885326,0.1,0.00631494844828925,1
CALY,6716,14.53,97583.48,3109803.25,44831146.811000004,0.0021596221561605224,0.21596221561605225,0.0021766893541981932,0.1,0.021596221561605223,1
CAMT,-1836,155.63,-285736.68,564837.9,78515394.49649999,0.0032504900963621595,0.32504900963621597,0.003639244021282188,0.1,0.032504900963621595,1
CAR,-140,115.67,-16193.800000000001,493170.9,61287619.614499986,0.0002838772522871889,0.02838772522871889,0.0002642262842293311,0.1,0.002838772522871889,1
CARG,1513,33.01,49944.13,833262.8,29856107.859000005,0.0018157536853919314,0.18157536853919315,0.0016728278929011352,0.1,0.018157536853919312,1
CARR,-4877,59.79,-291595.83,7661169.9,429995348.65550005,0.0006365868481783702,0.06365868481783701,0.0006781371726735078,0.1,0.006365868481783702,1
CARS,34057,11.66,397104.62,577678.05,6997128.7815,0.05895498366261276,5.895498366261275,0.0567525098365949,0.1,0.5895498366261276,1
CASH,-517,89.37,-46204.29,260434.5,20576251.2895,0.0019851440573349535,0.19851440573349535,0.002245515441560432,0.1,0.019851440573349532,1
CASS,9709,44.05,427681.44999999995,79413.2,3362436.60975,0.12225927175834748,12.225927175834748,0.1271939071683491,0.1,1.2225927175834748,2
CASY,-540,611.32,-330112.80000000005,324427.5,197417676.7405,0.0016644704903252653,0.16644704903252652,0.0016721542135962023,0.1,0.016644704903252653,1
CAT,-991,665.24,-659252.84,2416174.1,1521728621.181,0.0004101525630955153,0.04101525630955153,0.00043322628675299525,0.1,0.004101525630955153,1
CATY,4431,50.69,224607.38999999998,380917.15,19116903.970000003,0.01163245078358903,1.163245078358903,0.011749150926974079,0.1,0.1163245078358903,1
CB,1216,306.17,372302.72000000003,1581578.25,482143134.70149994,0.0007688522524889299,0.07688522524889299,0.0007721829747311381,0.1,0.007688522524889299,1
CBOE,-1067,265.52,-283309.83999999997,824417.05,218256619.10499996,0.001294247856712813,0.1294247856712813,0.001298058410149311,0.1,0.01294247856712813,1
CBRE,1447,171.61,248319.67,1252923.45,209756826.00550002,0.001154898968488458,0.1154898968488458,0.0011838454782562777,0.1,0.011548989684884579,1
CBRL,-103,28.43,-2928.29,1745620.45,53995335.8105,5.900480829037034e-05,0.005900480829037034,5.423227684474482e-05,0.1,0.0005900480829037034,1
CBSH,-3284,52.87,-173625.08,1244530.05,66639964.734000005,0.0026387470515476905,0.2638747051547691,0.002605419746139447,0.1,0.026387470515476904,1
CBT,2391,72.23,172701.93000000002,405754.7,28885896.389,0.005892722869260664,0.5892722869260664,0.00597876305011488,0.1,0.05892722869260664,1
CBU,-2032,62.44,-126878.08,234969.2,14385324.025999997,0.008647941943029128,0.8647941943029128,0.00881996677799408,0.1,0.08647941943029128,1
CBZ,4290,38.57,165465.3,834926.0,37345948.785,0.005138179910554947,0.5138179910554947,0.00443060908567569,0.1,0.05138179910554947,1
CC,-4584,15.24,-69860.16,2945318.85,43298096.876,0.0015563679973052832,0.15563679973052832,0.0016134695296209029,0.1,0.015563679973052831,1
CCBG,-1778,41.42,-73644.76000000001,79616.75,3427160.4705,0.022331984161624283,2.2331984161624283,0.02148856484366947,0.1,0.22331984161624283,1
CCC,-1557,7.53,-11724.210000000001,7726854.9,61847660.55499999,0.0002015050133787293,0.02015050133787293,0.0001895659414566518,0.1,0.002015050133787293,1
CCEP,6323,91.22,576784.0599999999,1561322.2,138676827.45700002,0.004049772686252716,0.4049772686252716,0.004159195667919684,0.1,0.04049772686252716,1
CCI,4782,86.92,415651.44,2856700.75,248973845.60550004,0.0016739590242345124,0.16739590242345123,0.0016694582476691196,0.1,0.016739590242345122,1
CCK,-417,104.33,-43505.61,1042566.2,108174795.927,0.0003999746011332422,0.03999746011332422,0.00040217880354827804,0.1,0.003999746011332421,1
CCL,598,31.15,18627.7,18691113.15,565596919.6455,3.199381412979141e-05,0.003199381412979141,3.2934585307988085e-05,0.1,0.0003199381412979141,1
CCNE,-11055,27.3,-301801.5,146238.8,3908585.8385000005,0.07559553278610055,7.559553278610055,0.07721501138013191,0.1,0.7559553278610055,1
CCOI,3821,24.04,91856.84,828870.75,18699665.924250003,0.004609886402674965,0.46098864026749653,0.004912218238127917,0.1,0.04609886402674965,1
CCRN,-73,9.17,-669.41,635860.2,5527887.636,0.0001148051096766239,0.01148051096766239,0.00012109688982107957,0.1,0.0011480510967662389,1
CCS,-4893,63.97,-313005.21,285609.1,18592622.2605,0.01713180707477458,1.713180707477458,0.01683491471049671,0.1,0.1713180707477458,1
CDE,5246,24.57,128894.22,27287609.1,615920607.2735001,0.00019224842970943907,0.019224842970943908,0.00020927083536070813,0.1,0.0019224842970943907,1
CDNA,1744,20.8,36275.200000000004,774030.0,15264427.118999999,0.002253142643050011,0.2253142643050011,0.002376453417950248,0.1,0.022531426430500108,1
CDNS,97,302.67,29358.99,1861481.25,585115242.7655,5.210903950818736e-05,0.0052109039508187365,5.017642312860815e-05,0.1,0.0005210903950818736,1
CDP,-6865,30.21,-207391.65,1269526.35,37395156.802499995,0.005407528563704093,0.5407528563704093,0.005545949468679194,0.1,0.05407528563704093,1
CDRE,-47,40.14,-1886.58,225654.4,9561428.273,0.00020828310903753705,0.020828310903753706,0.0001973115256564138,0.1,0.00208283109037537,1
CDW,-2399,125.2,-300354.8,1483901.2,192875275.32349998,0.0016166844531158814,0.16166844531158814,0.0015572488464176137,0.1,0.01616684453115881,1
CDZI,4992,5.69,28404.480000000003,936850.15,5848395.253999999,0.005328493569649319,0.532849356964932,0.0048567989621721985,0.1,0.05328493569649319,1
CE,-51,45.44,-2317.44,2020099.7,92433188.678,2.5246278686146034e-05,0.0025246278686146036,2.5071514173042624e-05,0.1,0.00025246278686146033,1
CECO,-3027,70.13,-212283.50999999998,240769.45,15700140.08475,0.012572193025319449,1.257219302531945,0.01352112203165608,0.1,0.12572193025319447,1
CEG,-429,287.45,-123316.04999999999,3898593.25,1223181141.9889998,0.00011003969188116765,0.011003969188116766,0.0001008158528339288,0.1,0.0011003969188116765,1
CELC,-435,112.12,-48772.200000000004,765106.65,83233157.4365,0.0005685481886740887,0.05685481886740887,0.0005859708018070701,0.1,0.0056854818867408865,1
CELH,-2297,53.37,-122590.89,4048582.55,213648493.37000003,0.0005673590624946008,0.05673590624946008,0.0005737971191198388,0.1,0.005673590624946007,1
CENTA,47,30.12,1415.64,234285.55,6884950.402500001,0.00020060989676913495,0.020060989676913495,0.00020561368161576963,0.1,0.0020060989676913494,1
CENX,21,48.93,1027.53,2156413.8,98938438.89350002,9.738390655819399e-06,0.0009738390655819398,1.038554894833201e-05,0.1,9.738390655819398e-05,1
CERT,-8944,9.26,-82821.44,1926866.35,18261205.571499996,0.004641733454943567,0.4641733454943567,0.004535376357038456,0.1,0.04641733454943566,1
CEVA,11976,22.17,265507.92000000004,282560.6,6443339.942500001,0.04238382846016041,4.238382846016041,0.0412065671483078,0.1,0.42383828460160405,1
CF,-1711,94.03,-160885.33000000002,2527963.9,216247850.55750003,0.0006768292854181976,0.06768292854181976,0.0007439857995592923,0.1,0.006768292854181976,1
CFFN,-60097,7.3,-438708.1,989430.9,6745720.5465,0.0607389561009263,6.07389561009263,0.06503502435001143,0.1,0.607389561009263,1
CFG,8463,63.49,537315.87,5518471.05,339629050.54950005,0.001533576949724145,0.1533576949724145,0.0015820668730506244,0.1,0.01533576949724145,1
CFR,-1593,138.77,-221060.61000000002,540228.15,73806876.356,0.0029487541513710455,0.2948754151371046,0.0029951221473421595,0.1,0.029487541513710455,1
CG,10164,59.5,604758.0,2275383.25,143244445.261,0.004466939800141361,0.44669398001413607,0.00422186004419295,0.1,0.044669398001413604,1
CGNX,431,39.09,16847.79,1559356.75,61310815.29275,0.00027639602034621006,0.027639602034621007,0.000274793116345857,0.1,0.0027639602034621002,1
CHCO,-117,122.06,-14281.02,89178.25,10867630.02825,0.0013119790980424038,0.1311979098042404,0.0013140877967760239,0.1,0.013119790980424038,1
CHCT,182,16.92,3079.4400000000005,173398.3,2919091.1185,0.0010496065993726583,0.10496065993726583,0.0010549310984106577,0.1,0.010496065993726583,1
CHD,-3286,91.96,-302180.56,2669079.65,238437069.36250004,0.001231135983521511,0.12311359835215109,0.0012673388446181144,0.1,0.012311359835215108,1
CHDN,1163,97.93,113892.59000000001,741464.0,78897841.57049999,0.0015685184985380276,0.15685184985380277,0.0014435450670501563,0.1,0.015685184985380275,1
CHE,-189,430.0,-81270.0,146635.65,65034948.24300001,0.0012889089385834892,0.12889089385834893,0.0012496358065257234,0.1,0.012889089385834891,1
CHEF,3071,62.96,193350.16,445492.75,27804642.416999996,0.006893490410337767,0.6893490410337767,0.006953880474355033,0.1,0.06893490410337766,1
CHH,-350,101.58,-35553.0,818252.0,85295433.1265,0.00042774108709786227,0.04277410870978623,0.0004168218472760674,0.1,0.004277410870978622,1
CHKP,3566,178.21,635496.86,1233862.25,227994317.66,0.002890111922947639,0.28901119229476385,0.0027873363973381754,0.1,0.028901119229476385,1
CHRD,-918,99.22,-91083.95999999999,785625.15,73392314.86949998,0.0011684961969458335,0.11684961969458335,0.0012410558266483052,0.1,0.011684961969458335,1
CHRW,-1108,193.72,-214641.76,1941329.4,341690555.06175005,0.0005707429146233504,0.057074291462335044,0.0006281758650344026,0.1,0.005707429146233504,1
CHTR,-1927,191.52,-369059.04000000004,1954544.6,384683402.879,0.000985907407792076,0.0985907407792076,0.0009593838393804722,0.1,0.009859074077920759,1
CHWY,4707,30.14,141868.98,7313699.3,237147006.10000005,0.0006435867550638841,0.06435867550638841,0.0005982322203139126,0.1,0.006435867550638841,1
CI,-1150,271.27,-311960.5,1511999.95,418097901.024,0.000760582035733533,0.0760582035733533,0.0007461422294537962,0.1,0.00760582035733533,1
CIEN,968,253.53,245417.04,2360871.5,567158098.1044999,0.00041001808018776117,0.04100180801877611,0.0004327136310319975,0.1,0.004100180801877611,1
CIM,-24141,12.96,-312867.36000000004,795788.05,10237939.957,0.03033596697009964,3.0335966970099637,0.03055960098555597,0.1,0.30335966970099637,1
CINF,-1429,158.19,-226053.51,635598.75,102295967.59950002,0.002248273773351505,0.2248273773351505,0.0022097988347402355,0.1,0.02248273773351505,1
CL,-6219,85.24,-530107.5599999999,7054772.55,583305523.9300001,0.00088153090066667,0.088153090066667,0.0009087991425632648,0.1,0.008815309006666699,1
CLB,-2116,19.64,-41558.24,347054.05,6510896.3425,0.006097033012581182,0.6097033012581182,0.006382875385179732,0.1,0.060970330125811815,1
CLBK,15351,7.4182,113876.7882,251418.55,1805892.5388899997,0.0610575472653072,6.105754726530719,0.06305845212140634,0.1,0.6105754726530719,1
CLF,8271,14.21,117530.91,15745643.0,214448162.16500002,0.0005252881701941292,0.05252881701941292,0.0005480620995463218,0.1,0.0052528817019412925,1
CLFD,3267,29.97,97911.98999999999,134548.65,4156414.1430000006,0.024281180078729887,2.4281180078729885,0.02355684169848615,0.1,0.24281180078729886,1
CLH,-2006,258.16,-517868.9600000001,429606.85,109824428.63350001,0.0046693855090997735,0.4669385509099773,0.004715425943422876,0.1,0.04669385509099773,1
CLSK,-2993,12.59,-37681.87,31329891.7,396251922.21500003,9.553176974435568e-05,0.009553176974435567,9.509574058180698e-05,0.1,0.0009553176974435567,1
CLX,-3844,109.7,-421686.8,2241161.25,240988273.73299998,0.0017151822520579455,0.17151822520579454,0.0017498228999606956,0.1,0.017151822520579455,1
CMC,2329,77.96,181568.84,1377469.3,102543609.803,0.0016907817836666124,0.16907817836666125,0.0017706499736923444,0.1,0.016907817836666124,1
CMCO,-374,21.12,-7898.88,329441.3,6649450.7165,0.0011352553550511124,0.11352553550511124,0.0011878996231071623,0.1,0.011352553550511122,1
CMCSA,-1284,29.24,-37544.159999999996,37124494.45,1062659693.4020001,3.458632956549257e-05,0.003458632956549257,3.533036985698222e-05,0.1,0.0003458632956549257,1
CME,-1416,289.83,-410399.27999999997,1996113.25,548596127.4365001,0.000709378588614649,0.07093785886146489,0.0007480900055159497,0.1,0.0070937858861464895,1
CMG,-77,39.1,-3010.7000000000003,15535064.95,613737063.899,4.956529003761906e-06,0.0004956529003761907,4.905520909676489e-06,0.1,4.956529003761906e-05,1
CMI,719,583.94,419852.86000000004,809706.25,455324845.502,0.0008879763494477164,0.08879763494477164,0.0009220952121273072,0.1,0.008879763494477163,1
CMP,-3863,25.83,-99781.29,454517.15,10616926.1625,0.008499129240777822,0.8499129240777823,0.009398321931675203,0.1,0.08499129240777822,1
CMPR,179,78.01,13963.79,132890.65,9948348.483000001,0.0013469721157959571,0.13469721157959572,0.0014036289564907875,0.1,0.013469721157959571,1
CMRE,-6592,16.96,-111800.32,495894.6,7949601.165999998,0.013293147374462235,1.3293147374462235,0.014063638875138007,0.1,0.13293147374462236,1
CMS,816,70.9,57854.4,2902194.25,205409544.51749998,0.0002811665690537427,0.028116656905374272,0.00028165390335633145,0.1,0.0028116656905374272,1
CNA,-38,47.78,-1815.64,345694.85,16141761.478999998,0.00010992353516403267,0.010992353516403267,0.00011248090875101204,0.1,0.0010992353516403267,1
CNC,3592,43.6,156611.2,6531603.95,292458523.98,0.0005499414887211586,0.05499414887211586,0.0005354988388394861,0.1,0.005499414887211586,1
CNH,-39434,10.85,-427858.89999999997,12639900.9,132298230.48500001,0.003119802940860082,0.31198029408600825,0.0032340485464657114,0.1,0.031198029408600822,1
CNK,-5855,23.23,-136011.65,2756655.35,64873928.327,0.002123950678128842,0.2123950678128842,0.002096553322845305,0.1,0.021239506781288418,1
CNM,1586,54.19,85945.34,1949620.5,109354658.8145,0.0008134916513239371,0.08134916513239371,0.0007859321306629505,0.1,0.00813491651323937,1
CNMD,239,37.31,8917.09,666923.2,27447106.523500003,0.0003583621022630492,0.03583621022630492,0.00032488269728414744,0.1,0.0035836210226304916,1
CNNE,-4298,14.54,-62492.92,450130.7,7038015.500999999,0.009548337849429066,0.9548337849429066,0.008879338215597943,0.1,0.09548337849429066,1
CNO,310,41.81,12961.1,519826.0,21849019.3285,0.0005963533951745391,0.059635339517453916,0.0005932119792256973,0.1,0.005963533951745391,1
CNOB,1078,27.61,29763.579999999998,262418.55,7101703.061,0.004107941302167854,0.41079413021678535,0.0041910482238339255,0.1,0.041079413021678536,1
CNP,-4262,39.59,-168732.58000000002,4860326.55,189077443.9105,0.0008768958126897874,0.08768958126897873,0.0008923993074492258,0.1,0.008768958126897873,1
CNR,-954,95.86,-91450.44,692492.3,66135270.791499995,0.001377632646601269,0.1377632646601269,0.0013827786430074408,0.1,0.013776326466012689,1
CNS,2545,64.58,164356.1,381487.35,25516092.239,0.00667125659605751,0.667125659605751,0.006441272372765231,0.1,0.0667125659605751,1
CNX,10143,37.6,381376.8,2151091.35,78598491.71550001,0.00471528092007808,0.47152809200780804,0.004852215248359411,0.1,0.0471528092007808,1
CNXC,78,38.62,3012.3599999999997,1176945.05,48442446.2585,6.627327248625583e-05,0.0066273272486255825,6.218430803278092e-05,0.1,0.0006627327248625583,1
CNXN,-303,58.08,-17598.239999999998,65541.4,3791302.3335,0.004623032159825699,0.46230321598256985,0.004641740080842856,0.1,0.04623032159825698,1
COCO,2109,54.375,114676.875,629973.65,33832493.93225,0.003347759068970583,0.33477590689705833,0.003389548380017208,0.1,0.03347759068970583,1
COF,-1188,219.31,-260540.28,6314148.45,1468449954.659,0.0001881488864899906,0.018814888648999058,0.0001774253723617718,0.1,0.0018814888648999058,1
COHR,3,215.86,647.58,4356534.05,846264932.4130001,6.886208085530745e-07,6.886208085530744e-05,7.652213570442069e-07,0.1,6.886208085530744e-06,1
COHU,-715,29.36,-20992.399999999998,782803.2,21830662.752499998,0.0009133841047149527,0.09133841047149527,0.0009616015893789572,0.1,0.009133841047149526,1
COIN,-688,199.18,-137035.84,9114951.55,2119522837.6935,7.54803792676221e-05,0.00754803792676221,6.465409929204852e-05,0.1,0.000754803792676221,1
COKE,1161,149.3,173337.30000000002,414512.2,62331287.155999996,0.002800882579571844,0.2800882579571844,0.00278090358644735,0.1,0.028008825795718437,1
COLB,-1126,29.04,-32699.039999999997,2720437.65,78698997.10450001,0.00041390399077883666,0.041390399077883666,0.0004154950025167508,0.1,0.004139039907788366,1
COLD,-1779,12.38,-22024.02,4831679.5,62959995.614999995,0.00036819495167260164,0.036819495167260165,0.00034980974482077084,0.1,0.003681949516726016,1
COLL,-3623,45.35,-164303.05000000002,519857.2,24239219.6535,0.006969221547763501,0.6969221547763501,0.006778396843987329,0.1,0.069692215477635,1
COLM,-1639,54.13,-88719.07,538113.7,29342492.365999997,0.00304582470210292,0.304582470210292,0.003023569671361707,0.1,0.0304582470210292,1
COO,-762,80.37,-61241.94,2182168.95,179558553.87,0.0003491938605395334,0.03491938605395334,0.0003410694655312218,0.1,0.0034919386053953337,1
COP,5265,102.8,541242.0,9093492.45,892476248.8075001,0.0005789854699884861,0.05789854699884861,0.0006064497522742944,0.1,0.005789854699884861,1
COR,-648,352.1,-228160.80000000002,1116645.5,388218188.33100003,0.0005803095073593186,0.05803095073593186,0.0005877128039283596,0.1,0.005803095073593186,1
CORT,2438,44.61,108759.18,3447548.15,130036416.93925002,0.0007071692385210051,0.07071692385210052,0.0008363747830025934,0.1,0.0070716923852100514,1
COST,-251,952.89,-239175.38999999998,2724057.55,2552605446.168,9.214195933562418e-05,0.009214195933562418,9.369853471050638e-05,0.1,0.0009214195933562417,1
COUR,20511,6.13,125732.43,3764209.35,24964096.084,0.005448953045079706,0.5448953045079706,0.0050365304466435095,0.1,0.054489530450797054,1
CPAY,-742,322.34,-239176.27999999997,499566.9,160324608.27899998,0.0014852865552141264,0.14852865552141264,0.0014918251325696725,0.1,0.014852865552141263,1
CPB,-476,27.01,-12856.76,7245351.6,193447760.195,6.569729480071057e-05,0.0065697294800710565,6.64611468597004e-05,0.1,0.0006569729480071057,1
CPF,-12358,31.84,-393478.72,148056.2,4702685.6295,0.083468304603252,8.346830460325199,0.08367106606737723,0.1,0.83468304603252,1
CPK,-811,127.3,-103240.3,115483.35,14403163.3225,0.007022657378747672,0.7022657378747672,0.007167890670150387,0.1,0.07022657378747671,1
CPNG,17407,19.99,347965.93,23484470.4,495139222.7155,0.0007412132231859911,0.07412132231859911,0.0007027638167940824,0.1,0.007412132231859911,1
CPRI,-1174,22.96,-26955.04,2486581.5,61672183.42099999,0.00047213413274409065,0.04721341327440907,0.0004370696561202265,0.1,0.004721341327440906,1
CPRT,-959,40.28,-38628.520000000004,8135374.3,326027380.9435,0.00011788025536821337,0.011788025536821336,0.00011848244122383778,0.1,0.0011788025536821336,1
CPRX,-6995,24.58,-171937.09999999998,1226271.3,28504570.7015,0.005704284198773958,0.5704284198773958,0.006031913330690931,0.1,0.057042841987739575,1
CPS,15,32.5,487.5,210887.8,6903776.393999999,7.112786989100366e-05,0.007112786989100365,7.061352688416752e-05,0.1,0.0007112786989100365,1
CPT,1990,109.0,216910.0,1323909.85,143752805.00700003,0.0015031234943980512,0.15031234943980512,0.0015089096869409788,0.1,0.015031234943980511,1
CR,-2277,179.38,-408448.26,472399.25,91850651.59449999,0.0048200753917369684,0.4820075391736968,0.004446873842585324,0.1,0.04820075391736968,1
CRAI,6,178.35,1070.1,128544.55,26682553.2715,4.667642463254957e-05,0.0046676424632549575,4.01048576240636e-05,0.1,0.0004667642463254957,1
CRBG,7726,31.05,239892.30000000002,3927968.85,119499744.99850002,0.001966919875141067,0.1966919875141067,0.0020074712293571104,0.1,0.01966919875141067,1
CRC,-1289,52.36,-67492.04,913190.1,43579732.519,0.0014115352323683754,0.14115352323683755,0.0015487024839029161,0.1,0.014115352323683753,1
CRDO,-2005,129.47,-259587.35,5961169.65,845445793.2675,0.0003363433885831449,0.03363433885831449,0.000307041979588946,0.1,0.003363433885831449,1
CRGY,6639,9.58,63601.62,6152547.25,52421923.576000005,0.0010790652603277447,0.10790652603277448,0.0012132637580113204,0.1,0.010790652603277447,1
CRH,2115,123.68,261583.2,4741382.7,591283232.8080001,0.0004460724083715073,0.04460724083715073,0.0004423991506705562,0.1,0.004460724083715072,1
CRI,1111,33.61,37340.71,1331078.55,47177965.566,0.0008346614856050381,0.0834661485605038,0.0007914862277764375,0.1,0.00834661485605038,1
CRK,-4625,23.35,-107993.75,2611684.45,59255156.687499985,0.001770887750241037,0.1770887750241037,0.0018225207059958976,0.1,0.017708877502410368,1
CRL,-1428,211.68,-302279.04000000004,687251.35,149409824.278,0.002077842408021461,0.2077842408021461,0.002023153708002248,0.1,0.02077842408021461,1
CRM,2037,214.08,436080.96,9237767.3,2176497975.459,0.00022050782768689138,0.022050782768689138,0.0002003590009809383,0.1,0.0022050782768689137,1
CRNX,-3391,51.88,-175925.08000000002,1555712.3,80596357.43525001,0.0021797089346147097,0.21797089346147097,0.002182791947407,0.1,0.021797089346147096,1
CROX,214,82.51,17657.14,978562.05,83413965.937,0.00021868822728206145,0.021868822728206144,0.00021168085945387003,0.1,0.0021868822728206144,1
CRS,1205,310.39,374019.95,898173.4,297246023.12399995,0.0013416117644989263,0.13416117644989264,0.001258284117880268,0.1,0.013416117644989263,1
CRSP,-2126,53.35,-113422.1,1797277.75,99988711.3795,0.0011829000831952657,0.11829000831952657,0.0011343490523596663,0.1,0.011829000831952657,1
CRUS,-1958,130.18,-254892.44,477861.35,60001739.214,0.004097422819401486,0.40974228194014856,0.004248084194541595,0.1,0.040974228194014854,1
CRVL,-26,68.83,-1789.58,164753.95,11419363.804000001,0.00015781108738212345,0.015781108738212344,0.00015671450973241973,0.1,0.0015781108738212345,1
CRWD,-606,111.155,-67359.93000000001,11006047.6,1264758991.626,5.5060637753374794e-05,0.005506063775337479,5.3259103470298884e-05,0.1,0.0005506063775337479,1
CSCO,6327,78.43,496226.61000000004,18360777.55,1385539633.9950001,0.00034459324953806217,0.034459324953806214,0.0003581468171857368,0.1,0.0034459324953806216,1
CSGP,-751,61.93,-46509.43,7093156.55,451253944.559,0.00010587669885842291,0.010587669885842291,0.00010306708796851091,0.1,0.001058766988584229,1
CSIQ,1093,19.77,21608.61,4320819.2,93183107.7905,0.0002529612903034684,0.02529612903034684,0.00023189406870375914,0.1,0.0025296129030346836,1
CSL,1254,342.01,428880.54,384499.45,133148370.77100003,0.0032613830787014127,0.32613830787014125,0.0032210723835113648,0.1,0.032613830787014124,1
CSR,30,64.34,1930.2,138527.35,9047915.016,0.00021656373272137234,0.021656373272137232,0.0002133309161930351,0.1,0.0021656373272137233,1
CSTM,-8650,23.17,-200420.50000000003,1393377.6,30140304.818499994,0.006207936743062325,0.6207936743062326,0.006649584375702225,0.1,0.06207936743062325,1
CSV,-1532,42.48,-65079.35999999999,78702.15,3373534.0795,0.0194657960424207,1.94657960424207,0.019291152383925397,0.1,0.194657960424207,1
CSW,-278,274.36,-76272.08,165916.45,51401763.883499995,0.0016755421177345583,0.16755421177345584,0.001483841686306088,0.1,0.016755421177345582,1
CSX,-9009,37.87,-341170.82999999996,15406937.55,557628546.8500001,0.0005847365818653558,0.058473658186535576,0.0006118245414931628,0.1,0.0058473658186535575,1
CTAS,2717,189.65,515279.05,1666413.9,319590670.5959999,0.0016304472736335194,0.16304472736335193,0.00161230942392362,0.1,0.016304472736335195,1
CTBI,-239,61.43,-14681.77,75312.35,4503992.40725,0.0031734503039674102,0.317345030396741,0.0032597235235936463,0.1,0.0317345030396741,1
CTMX,-22130,5.74,-127026.20000000001,3292574.65,16807920.067999996,0.006721183982874922,0.6721183982874922,0.007557520471663874,0.1,0.06721183982874922,1
CTO,955,17.53,16741.15,240096.55,4356470.582,0.003977566524800127,0.3977566524800127,0.003842824067071825,0.1,0.03977566524800127,1
CTRA,1783,28.06,50030.979999999996,10869362.1,283838068.004,0.00016403906536520668,0.016403906536520668,0.00017626592638481084,0.1,0.0016403906536520668,1
CTRE,-2333,37.08,-86507.64,1757310.7,64961023.894999996,0.0013275967647610636,0.13275967647610637,0.0013316852908572833,0.1,0.013275967647610635,1
CTS,-370,51.98,-19232.6,155198.55,7485689.831,0.0023840428921533094,0.23840428921533094,0.002569248851368819,0.1,0.023840428921533093,1
CTSH,666,82.45,54911.700000000004,4459808.3,375489624.52199996,0.00014933377293369315,0.014933377293369316,0.00014624025915470462,0.1,0.0014933377293369315,1
CTVA,3657,73.84,270032.88,3720508.5,261906055.43,0.0009829301559182032,0.09829301559182031,0.001031029540560478,0.1,0.009829301559182031,1
CUBE,-6455,37.61,-242772.55,2254556.3,84701788.88949998,0.0028630910658562843,0.2863091065856284,0.002866203337413753,0.1,0.028630910658562842,1
CUBI,-826,78.95,-65212.700000000004,334349.55,25815051.579499997,0.0024704684064925466,0.24704684064925467,0.0025261502886860816,0.1,0.024704684064925465,1
CUZ,-11400,25.29,-288306.0,1603131.0,41868214.7165,0.007111084496525861,0.7111084496525861,0.006886035192859094,0.1,0.07111084496525862,1
CVBF,2859,19.51,55779.090000000004,1396301.05,27324140.208249997,0.0020475527107853995,0.20475527107853994,0.002041385001499831,0.1,0.020475527107853993,1
CVCO,5,617.5,3087.5,194280.15,126373799.91849999,2.573603119001092e-05,0.0025736031190010922,2.4431488188146328e-05,0.1,0.0002573603119001092,1
CVI,425,22.28,9469.0,1494169.75,35386924.583,0.00028443889993088136,0.028443889993088136,0.00026758471134699684,0.1,0.0028443889993088134,1
CVLG,-5569,25.85,-143958.65,154968.0,3918303.9604999996,0.035936451396417324,3.5936451396417324,0.036740041469786835,0.1,0.35936451396417324,1
CVLT,3302,87.5,288925.0,1079338.5,114578193.402,0.0030592812171529138,0.3059281217152914,0.0025216403874191015,0.1,0.030592812171529135,1
CVNA,16,85.488,1367.808,19428013.75,1701419230.4065,8.235530510678169e-07,8.23553051067817e-05,8.039217939679721e-07,0.1,8.23553051067817e-06,1
CVS,13,74.44,967.72,9964744.55,778032319.8495,1.3045994239762022e-06,0.0001304599423976202,1.2438043707325586e-06,0.1,1.304599423976202e-05,1
CVX,165,171.19,28246.35,12334355.65,2020118109.325,1.337726952927614e-05,0.001337726952927614,1.3982524026497738e-05,0.1,0.0001337726952927614,1
CW,818,663.9,543070.2,218923.3,138113142.71549997,0.0037364684343786157,0.3736468434378616,0.003932067501488061,0.1,0.037364684343786154,1
CWEN,9119,36.27,330746.13,1220171.2,42290391.205,0.007473541417794487,0.7473541417794487,0.007820834013966176,0.1,0.07473541417794487,1
CWH,3197,13.32,42584.04,2595144.25,32755884.60199999,0.0012319161063975537,0.12319161063975538,0.001300042435654445,0.1,0.012319161063975537,1
CWK,90,16.63,1496.6999999999998,1449418.65,24081947.385,6.209386087311627e-05,0.0062093860873116274,6.215028942934466e-05,0.1,0.0006209386087311627,1
CWST,3054,103.3,315478.2,595474.45,61094436.291999996,0.0051286835228614765,0.5128683522861477,0.0051637795378318314,0.1,0.05128683522861476,1
CWT,1852,44.47,82358.44,333597.3,14790052.642500002,0.005551603685041815,0.5551603685041815,0.005568502154166689,0.1,0.05551603685041815,1
CXM,1966,6.35,12484.099999999999,1590392.3,11163859.999499999,0.0012361729870045272,0.12361729870045271,0.0011182601717111401,0.1,0.01236172987004527,1
CXT,-15,50.69,-760.3499999999999,506167.6,25416782.866499998,2.9634453094192517e-05,0.002963445309419252,2.9915273069518238e-05,0.1,0.00029634453094192517,1
CXW,12779,18.75,239606.25,899524.65,17489322.444,0.014206392231719276,1.4206392231719276,0.01370014480361993,0.1,0.14206392231719275,1
CYD,-2289,46.01,-105316.89,171069.85,7289841.683499999,0.013380499252206043,1.3380499252206044,0.014447075063149416,0.1,0.13380499252206043,1
CYRX,-7336,9.44,-69251.84,341886.35,3587083.457000001,0.021457422912614092,2.145742291261409,0.019305890378674837,0.1,0.2145742291261409,1
CYTK,488,65.6,32012.799999999996,1798819.5,114593580.21375,0.00027128903150093714,0.027128903150093715,0.0002793594539963488,0.1,0.0027128903150093714,1
CZR,-2586,21.28,-55030.08,4792510.55,113147139.84949999,0.0005395919264069226,0.05395919264069226,0.00048635855995296897,0.1,0.005395919264069226,1
D,8266,60.83,502820.77999999997,5781934.4,343831325.9885,0.0014296253516816102,0.14296253516816101,0.00146240537727158,0.1,0.0142962535168161,1
DAKT,-7077,22.46,-158949.42,389737.4,8202808.017999999,0.01815838048901645,1.815838048901645,0.01937743997557984,0.1,0.18158380489016449,1
DAL,2560,66.54,170342.40000000002,8038008.75,557830726.5450001,0.00031848683916896705,0.03184868391689671,0.00030536575325464533,0.1,0.0031848683916896703,1
DAN,298,29.0,8642.0,1867334.05,52216884.062,0.00015958580094439984,0.015958580094439984,0.00016550202401466305,0.1,0.0015958580094439984,1
DAR,1367,45.9,62745.299999999996,2415050.6,98118387.30700001,0.0005660336889007626,0.05660336889007626,0.000639485643029149,0.1,0.0056603368890076255,1
DASH,-212,207.68,-44028.16,3878581.9,831421364.9129999,5.4659152614516144e-05,0.005465915261451615,5.2955290612007695e-05,0.1,0.0005465915261451614,1
DAVE,2,171.4,342.8,508774.35,101156170.14449999,3.931015783323197e-06,0.00039310157833231967,3.388819480910711e-06,0.1,3.9310157833231966e-05,1
DBI,-9322,6.22,-57982.84,893616.05,6597353.080999999,0.010431773243105917,1.0431773243105917,0.008788803522883635,0.1,0.10431773243105917,1
DBX,3913,25.83,101072.79,3448802.15,91817058.8985,0.0011345968338601273,0.11345968338601273,0.0011008062250363719,0.1,0.011345968338601272,1
DCI,-3436,103.32,-355007.51999999996,621727.25,60650520.339,0.00552653916970826,0.552653916970826,0.005853330161319656,0.1,0.0552653916970826,1
DCO,2000,111.72,223440.0,148236.8,16188960.379499998,0.013491926431223556,1.3491926431223555,0.013801998075363813,0.1,0.13491926431223555,1
DCOM,-227,33.89,-7693.03,339048.45,10732521.3585,0.0006695208310198734,0.06695208310198734,0.0007167961509722254,0.1,0.006695208310198734,1
DD,6837,133.8001,914791.2836999999,1602745.55,207748997.55855498,0.0042658050119059755,0.42658050119059754,0.004403348725868879,0.1,0.04265805011905975,1
DDOG,-458,128.18,-58706.44,5738619.65,741634284.9029999,7.981013343513714e-05,0.007981013343513714,7.915820667281901e-05,0.1,0.0007981013343513713,1
DDS,-33,608.54,-20081.82,140219.8,91288690.75,0.000235344794387098,0.0235344794387098,0.00021998146577647133,0.1,0.00235344794387098,1
DE,-528,530.07,-279876.96,1334802.7,671076047.776,0.00039556407849639504,0.039556407849639506,0.000417056995146131,0.1,0.0039556407849639505,1
DEA,-1851,23.13,-42813.63,451828.95,10174174.0345,0.004096683047865791,0.40966830478657906,0.004208069358241918,0.1,0.0409668304786579,1
DECK,-1480,99.9,-147852.0,2827914.05,289468510.776,0.0005233539541274248,0.05233539541274248,0.0005107705829682199,0.1,0.005233539541274247,1
DEI,19880,10.61,210926.8,2734250.9,29937466.114000004,0.00727072998311896,0.727072998311896,0.007045579582346879,0.1,0.07270729983118959,1
DELL,5192,118.49,615200.08,7086338.4,840645173.7874999,0.0007326774007857147,0.07326774007857147,0.0007318189637944815,0.1,0.007326774007857147,1
DFH,-3969,18.61,-73863.09,438540.9,8152131.0015,0.009050467128607615,0.9050467128607615,0.009060586733261416,0.1,0.09050467128607614,1
DFIN,-102,51.73,-5276.46,208880.6,10813010.500500001,0.0004883172491844623,0.04883172491844623,0.0004879732614479578,0.1,0.004883172491844622,1
DG,736,141.78,104350.08,3365482.85,489121709.50999993,0.0002186907593363609,0.02186907593363609,0.00021334174699490945,0.1,0.0021869075933636088,1
DGICA,85,18.45,1568.25,109448.0,2102694.3510000007,0.0007766245157517725,0.07766245157517725,0.0007458287978251193,0.1,0.007766245157517725,1
DGII,-3061,45.29,-138632.69,255808.55,11063082.161,0.011965980026859932,1.1965980026859933,0.012531109141421118,0.1,0.11965980026859932,1
DGX,-2219,182.35,-404634.64999999997,975717.2,177678749.00550002,0.002274224539651448,0.22742245396514482,0.0022773384676828996,0.1,0.02274224539651448,1
DHC,-17686,5.87,-103816.82,1792523.1,10010906.4235,0.009866539516282942,0.9866539516282943,0.010370371633511255,0.1,0.09866539516282942,1
DHI,-1094,150.42,-164559.47999999998,3704166.45,563933174.197,0.00029534309939014753,0.029534309939014753,0.00029180670251279466,0.1,0.002953430993901475,1
DHR,-1310,219.62,-287702.2,3716344.8,868529111.8399999,0.00035249689426018814,0.03524968942601881,0.0003312522241085229,0.1,0.0035249689426018814,1
DHT,2592,14.1,36547.2,2526884.35,33505934.111500002,0.0010257691453113,0.10257691453113,0.0010907679779462158,0.1,0.010257691453113,1
DIN,-2658,34.3,-91169.4,420478.3,15143325.019499999,0.006321372589263227,0.6321372589263228,0.006020434738249461,0.1,0.06321372589263227,1
DINO,1882,51.25,96452.5,2544104.0,125863057.976,0.0007397496328766434,0.07397496328766434,0.0007663289097774177,0.1,0.007397496328766433,1
DIOD,1007,60.26,60681.82,302715.7,17000568.427500002,0.003326553594676457,0.3326553594676457,0.0035693994738341516,0.1,0.03326553594676457,1
DIS,-835,111.58,-93169.3,9585475.65,1078826288.0815,8.711096146804149e-05,0.008711096146804148,8.636172572850905e-05,0.1,0.0008711096146804149,1
DK,168,28.94,4861.92,1474328.8,42665648.888,0.00011395015820080297,0.011395015820080297,0.00011395396827932571,0.1,0.0011395015820080297,1
DKNG,3555,29.94,106436.70000000001,12900309.95,423783151.2435,0.0002755747740774244,0.02755747740774244,0.00025115840421612923,0.1,0.002755747740774244,1
DKS,-253,205.59,-52014.270000000004,1160955.55,243522225.68950003,0.0002179239334356944,0.02179239334356944,0.00021359146933192105,0.1,0.002179239334356944,1
DLB,-2463,63.03,-155242.89,742142.9,46754124.0365,0.003318767854546611,0.3318767854546611,0.0033204106204364993,0.1,0.03318767854546611,1
DLR,-1769,167.44,-296201.36,2001446.9,318375758.91749996,0.0008838605710698596,0.08838605710698595,0.0009303514846956487,0.1,0.008838605710698595,1
DLTR,259,117.31,30383.29,3181196.2,414051890.3415001,8.141591518309999e-05,0.00814159151831,7.338039194783193e-05,0.1,0.0008141591518309999,1
DLX,69,27.12,1871.28,486412.95,11790418.713000001,0.00014185477586482843,0.014185477586482843,0.000158711920717179,0.1,0.0014185477586482842,1
DNLI,-7353,21.59,-158751.27,1686128.8,31546961.9505,0.004360876820323572,0.43608768203235715,0.005032220543109505,0.1,0.04360876820323571,1
DNOW,-6052,15.07,-91203.64,2338323.4,32898012.127500005,0.0025881792056650504,0.25881792056650504,0.0027723146203038006,0.1,0.025881792056650504,1
DOC,-12636,17.14,-216581.04,9319308.2,160051836.258,0.0013558946360417612,0.13558946360417612,0.0013531930970843483,0.1,0.013558946360417611,1
DOCN,-265,56.13,-14874.45,2758391.05,152612832.45499998,9.607049732850606e-05,0.009607049732850606,9.74652639671434e-05,0.1,0.0009607049732850606,1
DOCS,-2765,38.63,-106811.95000000001,2619554.95,110367812.12350002,0.001055522809323011,0.10555228093230111,0.0009677817104907267,0.1,0.010555228093230111,1
DOCU,6697,53.78,360164.66000000003,3700268.75,224454219.798,0.0018098685399540236,0.18098685399540237,0.0016046241426164057,0.1,0.018098685399540234,1
DOMO,-68,6.01,-408.68,1224725.0,8268624.971000001,5.552266835412031e-05,0.005552266835412031,4.942538831224493e-05,0.1,0.000555226683541203,1
DORM,548,123.45,67650.6,179025.9,22478189.62225,0.0030610096081069836,0.3061009608106984,0.0030096106998330585,0.1,0.030610096081069835,1
DOV,-1879,202.53,-380553.87,1243886.4,253443107.03600007,0.0015105881051517246,0.15105881051517245,0.001501535687636376,0.1,0.015105881051517245,1
DOW,2250,27.16,61110.0,12068569.9,324478767.4815,0.00018643468270420342,0.018643468270420342,0.00018833281596301722,0.1,0.001864346827042034,1
DOX,-40,81.07,-3242.7999999999997,899811.6,74282492.63649999,4.4453750096131234e-05,0.004445375009613123,4.365497016731226e-05,0.1,0.0004445375009613123,1
DPZ,-446,407.08,-181557.68,693911.8,282173037.924,0.0006427329813385505,0.06427329813385504,0.0006434267474162447,0.1,0.006427329813385505,1
DRH,391,9.19,3593.29,2696432.85,25030802.788999997,0.00014500639242694287,0.014500639242694287,0.00014355472456437164,0.1,0.0014500639242694287,1
DRI,-2784,199.33,-554934.7200000001,1712227.0,346861650.59799993,0.001625952633616921,0.1625952633616921,0.0015998733761523533,0.1,0.01625952633616921,1
DRS,-1122,41.3,-46338.6,1330497.7,53364430.70550001,0.0008432934532694044,0.08432934532694043,0.0008683424405991856,0.1,0.008432934532694043,1
DRVN,-13709,15.22,-208650.98,849209.55,13166993.3385,0.016143247564750066,1.6143247564750065,0.015846516713113927,0.1,0.16143247564750066,1
DSGR,5934,28.42,168644.28,69112.65,2006639.1645,0.08585982450390776,8.585982450390777,0.08404315184490162,0.1,0.8585982450390776,1
DT,9476,37.86,358761.36,4408399.25,179545155.60200003,0.0021495330759799037,0.21495330759799036,0.0019981678636613884,0.1,0.021495330759799036,1
DTE,-1248,134.44,-167781.12,1538096.2,205267452.30550003,0.0008113926814200569,0.08113926814200569,0.0008173780992336328,0.1,0.008113926814200569,1
DTM,691,125.47,86699.77,690848.5,83018379.6965,0.001000219295547432,0.10002192955474319,0.0010443442803504295,0.1,0.010002192955474318,1
DUK,-3582,120.89,-433027.98,3788720.8,448671106.588,0.0009454378374885793,0.09454378374885793,0.0009651345353906094,0.1,0.009454378374885792,1
DUOL,-38,139.47,-5299.86,2041900.5,325313036.805,1.8610113470269486e-05,0.0018610113470269485,1.6291569658724916e-05,0.1,0.00018610113470269484,1
DV,-10731,11.09,-119006.79,2071819.05,22591349.234500002,0.005179506385946205,0.5179506385946205,0.005267803563421557,0.1,0.051795063859462045,1
DVA,-2190,107.24,-234855.59999999998,899401.8,97367504.6595,0.002434951764606208,0.2434951764606208,0.0024120531877786545,0.1,0.02434951764606208,1
DVN,3299,39.94,131762.06,9827948.2,365653505.2385,0.00033567535490266424,0.03356753549026642,0.0003603467712255549,0.1,0.0033567535490266424,1
DX,-29150,14.57,-424715.5,7405781.6,105853977.5905,0.003936113914026307,0.3936113914026307,0.004012277192294346,0.1,0.03936113914026306,1
DXC,15419,14.41,222187.79,1664978.4,24520466.152000003,0.009260780800519695,0.9260780800519696,0.009061319985626674,0.1,0.09260780800519695,1
DXCM,-123,74.0,-9102.0,5977995.9,423520165.38399994,2.057545740370949e-05,0.002057545740370949,2.1491302525695184e-05,0.1,0.0002057545740370949,1
DXPE,315,129.93,40927.950000000004,126422.6,14826268.952499997,0.0024916431081151626,0.24916431081151627,0.002760502330770059,0.1,0.024916431081151626,1
DY,339,365.47,123894.33000000002,314388.2,113347848.5125,0.0010782847447836782,0.10782847447836783,0.0010930452728120106,0.1,0.010782847447836781,1
EAF,-631,16.39,-10342.09,196374.0,3391331.8049999997,0.0032132563373970077,0.3213256337397008,0.0030495659506840854,0.1,0.03213256337397007,1
EAT,769,160.64,123532.15999999999,1220027.35,193421466.79649997,0.0006303137384584042,0.06303137384584043,0.0006386683031928871,0.1,0.006303137384584042,1
EBAY,125,94.41,11801.25,4030622.05,372498101.45849997,3.101258278483343e-05,0.0031012582784833427,3.168136952589214e-05,0.1,0.0003101258278483342,1
EBC,-1110,20.41,-22655.1,1949064.75,38266990.064500004,0.000569503912068596,0.056950391206859595,0.0005920272266466279,0.1,0.005695039120685959,1
EBF,-816,19.15,-15626.4,191967.6,3599987.1499999994,0.004250717308545817,0.42507173085458166,0.00434068216049049,0.1,0.042507173085458164,1
EBS,-5608,11.9,-66735.2,966934.75,11730923.3445,0.005799770873887819,0.579977087388782,0.005688827557746215,0.1,0.05799770873887819,1
ECL,-302,282.83,-85414.65999999999,1114928.4,306310752.829,0.0002708694118833102,0.02708694118833102,0.0002788496949948188,0.1,0.002708694118833102,1
ECPG,1657,55.56,92062.92,158697.2,8843869.5685,0.010441268024892689,1.044126802489269,0.010409800742415824,0.1,0.10441268024892689,1
ECVT,-2670,10.82,-28889.4,1140686.95,12035281.5595,0.0023406947892232834,0.23406947892232835,0.00240039253399903,0.1,0.023406947892232834,1
ED,-4320,105.96,-457747.19999999995,1870627.6,191010478.4485,0.0023093853635004634,0.23093853635004635,0.0023964507273008958,0.1,0.023093853635004633,1
EE,-751,36.73,-27584.229999999996,398327.15,13121614.6965,0.0018853849153892723,0.18853849153892724,0.002102197834490422,0.1,0.018853849153892724,1
EEFT,1274,72.9,92874.6,565087.75,41888840.655,0.0022545171081836406,0.22545171081836407,0.002217168070248661,0.1,0.022545171081836405,1
EEX,33550,4.83,162046.5,44509.45,208939.389,0.7537725134774751,75.3772513477475,0.7755670234107941,0.1,7.5377251347747505,8
EFSC,-1815,56.75,-103001.25,166070.6,9266038.63625,0.010929086785981383,1.0929086785981383,0.011115996170903619,0.1,0.10929086785981383,1
EFX,1857,204.0,378828.0,1653872.95,353570709.2685,0.0011228190170230429,0.11228190170230429,0.0010714349069914605,0.1,0.011228190170230428,1
EG,6,329.62,1977.72,327113.6,107355411.128,1.8342251743736735e-05,0.0018342251743736736,1.842217340718822e-05,0.1,0.00018342251743736735,1
EGBN,1555,26.54,41269.7,457428.4,11178225.115,0.0033994391253363366,0.33994391253363365,0.00369197252474549,0.1,0.033994391253363364,1
EGP,-1811,181.31,-328352.41000000003,345229.6,62896143.82199999,0.005245784254884286,0.5245784254884286,0.005220549147325436,0.1,0.05245784254884286,1
EGY,-9075,5.17,-46917.75,1309313.65,5672790.048,0.006931112342714827,0.6931112342714827,0.008270665687079558,0.1,0.06931112342714826,1
EHC,1841,94.58,174121.78,1172865.05,118310607.518,0.0015696605504614532,0.15696605504614533,0.001471734307285243,0.1,0.01569660550461453,1
EIG,-1801,44.7,-80504.70000000001,282398.6,12463877.350499999,0.006377510370093903,0.6377510370093903,0.006459041415131584,0.1,0.06377510370093903,1
EIX,-1388,62.17,-86291.96,2999260.8,182287049.113,0.00046278069583011926,0.04627806958301193,0.00047338502883168345,0.1,0.004627806958301193,1
EL,2970,115.21,342173.69999999995,3308088.65,376027139.3385,0.0008977993984532429,0.08977993984532429,0.0009099707553075706,0.1,0.008977993984532428,1
ELAN,-3582,24.2,-86684.4,4765116.2,114333014.0185,0.0007517130432202262,0.07517130432202263,0.0007581747122136897,0.1,0.007517130432202262,1
ELF,-2263,85.03,-192422.89,1785816.95,153245560.52350003,0.0012672071457267779,0.12672071457267778,0.0012556506651329204,0.1,0.012672071457267777,1
ELS,-6052,62.77,-379884.04000000004,1712418.6,105766646.947,0.0035341825882993796,0.35341825882993794,0.003591718665245776,0.1,0.035341825882993796,1
ELV,-395,346.98,-137057.1,1719321.4,613917431.1855,0.0002297418039466036,0.02297418039466036,0.00022325005454778676,0.1,0.0022974180394660358,1
EME,-306,730.4,-223502.4,343634.25,231690891.581,0.000890481667645178,0.0890481667645178,0.0009646576888494674,0.1,0.00890481667645178,1
EMN,1476,68.99,101829.23999999999,1588795.95,108086914.26449999,0.00092900538926978,0.092900538926978,0.0009421051631727887,0.1,0.0092900538926978,1
EMR,895,150.72,134894.4,2917402.5,425872330.79499996,0.0003067797467096158,0.03067797467096158,0.00031674844840984387,0.1,0.003067797467096158,1
ENOV,-9535,22.71,-216539.85,1083241.6,26997329.122499995,0.008802283811847698,0.8802283811847698,0.00802078787192072,0.1,0.08802283811847697,1
ENPH,3627,38.25,138732.75,6517378.7,239678434.365,0.0005565120836080923,0.05565120836080924,0.0005788286725401733,0.1,0.005565120836080923,1
ENR,-140,21.5,-3010.0,1111520.35,22941945.053500004,0.00012595360939635517,0.012595360939635517,0.00013120073267461674,0.1,0.0012595360939635517,1
ENS,1077,184.85,199083.44999999998,410584.6,69094792.353,0.002623089127064191,0.2623089127064191,0.002881309042552699,0.1,0.02623089127064191,1
ENSG,108,170.06,18366.48,319284.85,56338063.764499985,0.00033825594919395643,0.03382559491939564,0.0003260048140236792,0.1,0.003382559491939564,1
ENTA,-11863,12.9,-153032.7,260829.5,3515549.389,0.045481818582637314,4.548181858263732,0.043530237543762756,0.1,0.4548181858263731,1
ENTG,987,122.71,121114.76999999999,3199556.1,350339426.95524997,0.00030848029200050594,0.030848029200050593,0.00034570693642046286,0.1,0.0030848029200050593,1
ENVA,412,165.1,68021.2,299542.6,47756592.954500005,0.001375430406226026,0.1375430406226026,0.0014243310879569456,0.1,0.01375430406226026,1
ENVX,-101,7.13,-720.13,6267310.55,48963687.41849999,1.6115365465654163e-05,0.0016115365465654164,1.4707429892788522e-05,0.1,0.00016115365465654163,1
EOG,-258,112.08,-28916.64,4482073.6,482050613.93299997,5.7562642434073376e-05,0.005756264243407337,5.9986729949521676e-05,0.1,0.0005756264243407338,1
EOLS,-115,4.66,-535.9,1523791.1,8207257.569,7.546966247538787e-05,0.007546966247538787,6.529586716324974e-05,0.1,0.0007546966247538786,1
EPAC,2541,40.2,102148.20000000001,403378.6,16197693.940000001,0.006299293021493952,0.6299293021493951,0.006306342148356459,0.1,0.06299293021493951,1
EPAM,-90,208.92,-18802.8,682512.8,146183422.9515,0.0001318656587832492,0.01318656587832492,0.00012862470737354603,0.1,0.001318656587832492,1
EPC,-3066,18.89,-57916.740000000005,584113.6,10696762.079,0.005248978965735432,0.5248978965735432,0.005414417893214881,0.1,0.05248978965735432,1
EPR,-3022,53.84,-162704.48,831579.75,44280739.57,0.0036340471253659074,0.36340471253659073,0.0036743848811014793,0.1,0.03634047125365907,1
EPRT,5455,30.05,163922.75,1852253.05,55764024.775,0.0029450619611613004,0.29450619611613005,0.0029395788891028803,0.1,0.029450619611613004,1
EQBK,742,46.26,34324.92,90321.75,4191515.3855,0.008215075549355499,0.8215075549355499,0.008189143267550103,0.1,0.08215075549355498,1
EQH,13760,46.1,634336.0,2739955.0,128421340.73049998,0.00502198028799743,0.5021980287997431,0.004939490558124547,0.1,0.0502198028799743,1
EQIX,-167,826.05,-137950.35,527460.1,418487351.8465,0.00031661162616850074,0.03166116261685007,0.000329640428537013,0.1,0.003166116261685007,1
EQR,3707,61.86,229315.02,2441351.1,150187443.70499998,0.0015184215002913754,0.15184215002913753,0.0015268587995306941,0.1,0.015184215002913753,1
EQT,7071,56.33,398309.43,12157681.8,646497944.2825,0.0005816075890388906,0.05816075890388906,0.0006161031655592563,0.1,0.005816075890388906,1
ERIE,-479,282.1,-135125.90000000002,155661.6,43785492.3,0.0030771879512994853,0.30771879512994854,0.0030860884028475347,0.1,0.03077187951299485,1
ERII,-199,14.78,-2941.22,319740.8,4559670.86125,0.0006223791270929453,0.062237912709294525,0.000645050945452165,0.1,0.006223791270929453,1
ES,1905,68.92,131292.6,2288233.7,158039288.93100002,0.0008325198601873575,0.08325198601873575,0.0008307592427685648,0.1,0.008325198601873574,1
ESAB,-2093,119.78,-250699.54,311996.65,36802723.4175,0.006708405362685785,0.6708405362685785,0.006811983372969358,0.1,0.06708405362685785,1
ESE,1433,229.96,329532.68,170189.45,36565058.381,0.008420028386013351,0.8420028386013351,0.009012229012910105,0.1,0.0842002838601335,1
ESI,13985,29.81,416892.85,1926941.4,54656681.168000005,0.007257615618201986,0.7257615618201987,0.0076274819672746495,0.1,0.07257615618201986,1
ESNT,5760,63.5,365760.0,707062.55,43833136.584,0.008146379694413173,0.8146379694413173,0.008344372055124843,0.1,0.08146379694413172,1
ESQ,-11,109.54,-1204.94,91504.75,9842474.625,0.0001202123387037285,0.01202123387037285,0.00012242246446228457,0.1,0.0012021233870372849,1
ESRT,-1802,6.73,-12127.460000000001,1510535.95,9818358.0285,0.001192954063754656,0.11929540637546561,0.0012351820910173892,0.1,0.01192954063754656,1
ESS,322,249.88,80461.36,585653.45,148445653.29450002,0.0005498132043788012,0.05498132043788012,0.0005420257058007177,0.1,0.005498132043788012,1
ESTC,1212,67.72,82076.64,1388001.55,101775015.144,0.0008731978721493503,0.08731978721493502,0.0008064517591461023,0.1,0.008731978721493502,1
ETD,-60,22.54,-1352.3999999999999,372307.25,8871424.9085,0.0001611572162508251,0.01611572162508251,0.00015244450738733316,0.1,0.001611572162508251,1
ETN,-312,354.37,-110563.44,2888118.45,962856672.7574999,0.00010802881024495376,0.010802881024495377,0.0001148285545795308,0.1,0.0010802881024495376,1
ETR,-699,96.03,-67124.97,2380782.15,224435811.5025,0.0002936009915900957,0.02936009915900957,0.0002990831523304038,0.1,0.002936009915900957,1
ETSY,1083,54.95,59510.850000000006,3100828.1,186160070.7115,0.00034926154081227524,0.034926154081227526,0.000319675695075484,0.1,0.0034926154081227523,1
EVCM,-354,11.79,-4173.66,141549.15,1707115.3870000006,0.002500898097939832,0.2500898097939832,0.0024448610983084052,0.1,0.02500898097939832,1
EVR,145,355.91,51606.950000000004,345618.9,126884181.30350003,0.0004195372417422774,0.04195372417422774,0.00040672485308912545,0.1,0.004195372417422774,1
EVRG,-9733,76.37,-743309.2100000001,2022487.95,151305484.625,0.004812389611517834,0.4812389611517834,0.004912638902960059,0.1,0.04812389611517834,1
EVTC,144,29.25,4212.0,341182.25,10092620.796,0.000422061815935618,0.0422061815935618,0.0004173346135891025,0.1,0.00422061815935618,1
EW,5558,81.49,452921.42,3573873.15,300389845.32,0.0015551755103563204,0.15551755103563203,0.0015077787317261367,0.1,0.015551755103563204,1
EWBC,3001,114.42,343374.42,1186542.85,135929819.368,0.002529196480346243,0.2529196480346243,0.0025261154733854938,0.1,0.02529196480346243,1
EWTX,4665,28.78,134258.7,1173879.65,31699764.918249995,0.003974001934525401,0.39740019345254013,0.004235321629237238,0.1,0.03974001934525401,1
EXC,3252,44.41,144421.31999999998,7405286.35,327026290.55550003,0.0004391457462006179,0.04391457462006179,0.00044161990693372113,0.1,0.004391457462006179,1
EXE,1412,109.9,155178.80000000002,3482014.4,369065086.0115,0.00040551239535367803,0.0405512395353678,0.0004204645898018234,0.1,0.00405512395353678,1
EXEL,6406,42.28,270845.68,2419526.45,106362805.5315,0.002647625530194142,0.2647625530194142,0.002546432266867833,0.1,0.026476255301941417,1
EXLS,2239,38.6,86425.40000000001,1140846.0,47581989.740499996,0.0019625786477754227,0.19625786477754226,0.001816346909226412,0.1,0.019625786477754224,1
EXP,-1634,211.97,-346358.98,477386.15,106408133.177,0.003422805626011563,0.3422805626011563,0.0032550047600578063,0.1,0.03422805626011563,1
EXPD,1622,161.5,261953.0,1322214.75,210972913.93600002,0.0012267296216442905,0.12267296216442905,0.0012416428019734567,0.1,0.012267296216442904,1
EXPE,88,272.77,24003.76,1658675.3,468358138.48950005,5.305438623219385e-05,0.005305438623219385,5.125086558208304e-05,0.1,0.0005305438623219384,1
EXPO,-283,71.49,-20231.67,311194.1,22870211.063,0.0009094002746196024,0.09094002746196024,0.000884629789566363,0.1,0.009094002746196024,1
EXR,-631,138.87,-87626.97,1368367.4,191303841.668,0.00046113346459437726,0.046113346459437723,0.00045805128237870425,0.1,0.004611334645943772,1
EXTR,-2610,14.37,-37505.7,1686476.65,25977426.4665,0.0015476051803029708,0.15476051803029708,0.0014437804317670438,0.1,0.015476051803029706,1
EYE,-799,26.54,-21205.46,1143503.05,30929752.792499997,0.0006987300995830312,0.06987300995830312,0.0006856006946535314,0.1,0.0069873009958303115,1
EYPT,-4938,14.75,-72835.5,917305.7,14838933.0865,0.005383156345807074,0.5383156345807074,0.004908405447711296,0.1,0.05383156345807074,1
EZPW,2359,21.09,49751.31,756331.45,15992872.279000003,0.0031190029186278054,0.31190029186278057,0.0031108427011780544,0.1,0.031190029186278053,1
F,-10773,14.0,-150822.0,62953212.25,870505083.4114997,0.00017112708970621273,0.01711270897062127,0.00017325803475946432,0.1,0.0017112708970621273,1
FA,-8198,13.05,-106983.90000000001,531749.75,7725417.161,0.015417026524224976,1.5417026524224977,0.013848300715731409,0.1,0.15417026524224975,1
FAF,-387,64.06,-24791.22,1032826.6,64193731.27349999,0.0003746998770171101,0.03746998770171101,0.0003861937841621327,0.1,0.003746998770171101,1
FANG,-1241,163.07,-202369.87,2017073.6,305037317.77549994,0.0006152477529823403,0.06152477529823403,0.0006634265980169,0.1,0.006152477529823403,1
FAST,-1682,43.32,-72864.24,9408678.35,401968946.38100004,0.00017877112357656482,0.01787711235765648,0.0001812683309395168,0.1,0.001787711235765648,1
FBIN,-2609,55.0,-143495.0,1890808.95,108118452.00700001,0.0013798326901297987,0.13798326901297986,0.001327201761922281,0.1,0.013798326901297986,1
FBK,-4623,58.19,-269012.37,303342.1,17723081.1765,0.01524021888158617,1.524021888158617,0.015178645706182183,0.1,0.1524021888158617,1
FBNC,-3023,58.06,-175515.38,300245.05,16944683.6225,0.01006844242727732,1.006844242727732,0.010358138511771439,0.1,0.10068442427277319,1
FBP,12620,22.14,279406.8,1456718.9,31180158.924500007,0.008663304910782718,0.8663304910782719,0.008961044768134724,0.1,0.08663304910782718,1
FBRX,9,29.22,262.98,221795.6,6578621.6995,4.057790145521372e-05,0.004057790145521372,3.997493882646991e-05,0.1,0.00040577901455213716,1
FCBC,5029,34.93,175662.97,49153.1,1658674.46175,0.10231297720794823,10.231297720794823,0.10590563371589211,0.1,1.0231297720794823,2
FCF,-4223,17.8,-75169.40000000001,629151.0,10974749.4085,0.006712220118858588,0.6712220118858588,0.0068493044535286535,0.1,0.06712220118858588,1
FCFS,-1925,170.75,-328693.75,251790.2,41838862.44149999,0.00764525386611552,0.764525386611552,0.007856182764519154,0.1,0.0764525386611552,1
FCN,-1557,174.6,-271852.2,212278.55,37783486.58,0.007334702446384715,0.7334702446384715,0.007195000372038192,0.1,0.07334702446384715,1
FCNCA,-60,2032.76,-121965.6,103314.1,218343080.9235,0.0005807532563319043,0.05807532563319043,0.0005585961299260616,0.1,0.005807532563319043,1
FCPT,-1454,24.19,-35172.26,943773.85,22796531.8945,0.0015406233177577447,0.15406233177577447,0.0015428776694092592,0.1,0.015406233177577446,1
FCX,-2738,65.13,-178325.93999999997,23259239.3,1375997952.3885,0.0001177166615246957,0.01177166615246957,0.00012959753296903987,0.1,0.0011771666152469568,1
FDS,-530,252.79,-133978.69999999998,567571.5,160013296.9295,0.0009338030538883648,0.09338030538883647,0.0008372972907309661,0.1,0.009338030538883647,1
FDX,262,257.6262,67498.06439999999,1823955.8,452073206.25261,0.00014364383172004496,0.014364383172004495,0.00014930781888073972,0.1,0.0014364383172004495,1
FE,1572,47.33,74402.76,4370978.0,202051804.18600005,0.0003596449124200579,0.03596449124200579,0.0003682360585679704,0.1,0.003596449124200579,1
FELE,-300,98.63,-29589.0,291326.0,28968490.945,0.001029774204842685,0.10297742048426849,0.0010214201373546902,0.1,0.010297742048426848,1
FERG,-1929,256.43,-494653.47000000003,1195824.0,288791250.681,0.0016131136354513708,0.1613113635451371,0.0017128409147907195,0.1,0.016131136354513707,1
FET,42,45.09,1893.7800000000002,185482.8,7779475.713499999,0.00022643609003098942,0.022643609003098943,0.00024343285714147251,0.1,0.002264360900309894,1
FFBC,-5796,28.8,-166924.80000000002,1189083.2,31607417.6235,0.004874343527854065,0.4874343527854065,0.005281190699865719,0.1,0.048743435278540644,1
FFIN,-348,31.75,-11049.0,793760.95,25259762.0755,0.00043841914873741274,0.043841914873741276,0.0004374150463878149,0.1,0.004384191487374127,1
FFIV,684,282.53,193250.52,1183442.2,320372000.78000003,0.0005779749953145156,0.05779749953145156,0.0006032066458039366,0.1,0.0057797499531451555,1
FG,-2225,29.4,-65415.0,1142940.45,33061825.709500004,0.0019467330953244328,0.19467330953244327,0.0019785658715514797,0.1,0.019467330953244325,1
FHB,-1958,27.57,-53982.06,1500084.45,40370493.721999995,0.0013052598472039357,0.13052598472039356,0.0013371662078678604,0.1,0.013052598472039356,1
FHI,2289,53.03,121385.67,586396.35,31173551.388,0.003903503151068386,0.3903503151068386,0.003893867223826362,0.1,0.03903503151068386,1
FHN,14959,24.42,365298.78,6452238.1,156957951.35249996,0.002318420332318487,0.23184203323184868,0.002327367150579095,0.1,0.023184203323184868,1
FIBK,-40,36.14,-1445.6,1054656.65,38753903.799499996,3.792703530575567e-05,0.003792703530575567,3.7302048523396784e-05,0.1,0.0003792703530575567,1
FICO,396,1501.75,594693.0,298758.0,470386596.4575,0.0013254875183258692,0.1325487518325869,0.0012642643401803038,0.1,0.01325487518325869,1
FIS,10039,55.2,554152.8,3532330.45,217705078.46749997,0.0028420330832864176,0.28420330832864177,0.002545428907312911,0.1,0.028420330832864174,1
FISI,1568,32.93,51634.24,128340.5,4097051.282,0.012217499542233355,1.2217499542233354,0.012602780987108961,0.1,0.12217499542233355,1
FISV,-5723,63.43,-363009.89,9194130.05,615137455.6884999,0.0006224623720653157,0.062246237206531566,0.000590128087052831,0.1,0.006224623720653156,1
FITB,-71,49.79,-3535.09,9633615.8,479956015.1320001,7.3700261121063175e-06,0.0007370026112106318,7.365445766999629e-06,0.1,7.370026112106317e-05,1
FIVE,712,188.39,134133.68,1167776.85,228291474.9295,0.0006097055272160943,0.060970552721609436,0.0005875544850784401,0.1,0.006097055272160943,1
FIVN,2192,17.79,38995.68,1983291.85,37065237.12200001,0.0011052332010540959,0.11052332010540958,0.0010520823021216875,0.1,0.011052332010540959,1
FIX,48,1171.46,56230.08,398130.4,427861491.6435,0.00012056351386379939,0.012056351386379938,0.00013142122181645567,0.1,0.001205635138637994,1
FIZZ,-290,34.0,-9860.0,280038.0,9230119.7555,0.0010355737435633736,0.10355737435633736,0.0010682418279702893,0.1,0.010355737435633734,1
FLEX,327,65.47,21408.69,3100667.75,197466964.60075,0.00010546115429490954,0.010546115429490955,0.00010841656498485868,0.1,0.0010546115429490954,1
FLG,23259,13.54,314926.86,4864877.6,62629415.05799999,0.004781004151060245,0.4781004151060245,0.005028417712481456,0.1,0.04781004151060245,1
FLO,-518,11.07,-5734.26,3950929.2,42644879.918,0.0001311083985002819,0.013110839850028191,0.00013446538039328898,0.1,0.0013110839850028189,1
FLR,-7489,46.96,-351683.44,2616510.25,116043287.375,0.002862209311047033,0.28622093110470326,0.0030306228645825624,0.1,0.02862209311047033,1
FLS,8780,78.64,690459.2,1174638.55,88455637.77049999,0.007474639751947524,0.7474639751947524,0.007805711624525402,0.1,0.07474639751947523,1
FLYW,-12910,12.91,-166668.1,1091741.5,15297535.943000004,0.011825143589393643,1.1825143589393643,0.010895094518556475,0.1,0.11825143589393643,1
FMBH,709,41.45,29388.050000000003,107311.75,4396248.64225,0.006606918627270546,0.6606918627270546,0.006684801609619423,0.1,0.06606918627270546,1
FMC,-8216,15.91,-130716.56,3673555.75,56084211.994500004,0.002236525197691637,0.2236525197691637,0.002330719383430384,0.1,0.02236525197691637,1
FN,-78,496.26,-38708.28,653761.25,311223888.4075,0.0001193096103508735,0.01193096103508735,0.0001243743859061276,0.1,0.0011930961035087348,1
FNB,5722,17.6,100707.20000000001,6055327.85,105525201.25999999,0.0009449529640248959,0.09449529640248959,0.0009543426479886158,0.1,0.009449529640248958,1
FND,-1015,68.26,-69283.90000000001,2667379.05,190213994.17550004,0.00038052334556650284,0.03805233455665028,0.0003642418650652777,0.1,0.003805233455665028,1
FNF,5383,54.47,293212.01,1562269.8,84321954.23099999,0.003445627637428567,0.3445627637428567,0.003477291444132636,0.1,0.034456276374285666,1
FOR,-13436,25.86,-347454.96,170396.65,4376551.6965,0.0788513154454621,7.88513154454621,0.07939011900119115,0.1,0.788513154454621,1
FORM,-1128,73.33,-82716.24,1485166.05,108483715.524,0.0007595110324532398,0.07595110324532398,0.0007624760969926457,0.1,0.007595110324532398,1
FOUR,-3955,59.4,-234927.0,2010186.65,128994746.55250001,0.001967478990072887,0.1967478990072887,0.001821213702717624,0.1,0.019674789900728868,1
FOXA,2673,71.84,192028.32,3042103.75,222820002.8335,0.0008786682571230518,0.08786682571230518,0.0008618091623645263,0.1,0.008786682571230517,1
FOXF,8358,18.49,154539.41999999998,555930.35,10348074.659,0.015034257438903994,1.5034257438903993,0.014934123022159768,0.1,0.15034257438903992,1
FPI,-191,11.41,-2179.31,470005.2,4917694.079,0.0004063784826210433,0.040637848262104335,0.00044315688714885595,0.1,0.004063784826210433,1
FR,2876,58.18,167325.68,988063.75,57528793.572000004,0.0029107433604360043,0.29107433604360045,0.0029085553443873977,0.1,0.029107433604360043,1
FRME,1477,38.92,57484.840000000004,292982.8,11197323.991500001,0.005041251568351453,0.5041251568351452,0.005133801615782245,0.1,0.05041251568351453,1
FRPT,-13,70.39,-915.07,1091247.3,73180730.762,1.191297334710473e-05,0.0011912973347104731,1.250424791433159e-05,0.1,0.0001191297334710473,1
FRSH,5494,10.64,58456.16,4021720.4,46571226.62275,0.0013660820379258589,0.1366082037925859,0.0012551990625783566,0.1,0.013660820379258589,1
FRT,2992,100.59,300965.28,680074.25,69049001.29550001,0.0043995196112777395,0.43995196112777396,0.004358720247263218,0.1,0.04399519611277739,1
FSK,3636,13.82,50249.520000000004,2108459.15,30432203.5285,0.0017244820702359827,0.17244820702359825,0.0016511955814484788,0.1,0.017244820702359824,1
FSLR,1596,224.01,357519.95999999996,2445431.7,594751973.7155,0.000652645502223595,0.06526455022235951,0.0006011244616247712,0.1,0.0065264550222359505,1
FSS,-509,108.28,-55114.520000000004,360398.1,40930553.844,0.0014123270905146282,0.14123270905146282,0.0013465373620415652,0.1,0.014123270905146281,1
FTAI,115,276.01,31741.149999999998,2129113.2,551739116.833,5.401309803536984e-05,0.005401309803536984,5.7529272497834136e-05,0.1,0.0005401309803536984,1
FTDR,-4607,59.17,-272596.19,496372.95,29464734.849999994,0.009281327679117083,0.9281327679117083,0.00925160845287566,0.1,0.09281327679117082,1
FTI,849,55.92,47476.08,3257670.9,168204709.55100003,0.0002606156441401125,0.02606156441401125,0.00028225178787639804,0.1,0.002606156441401125,1
FTK,-2799,18.55,-51921.450000000004,368580.4,6510045.6765,0.007594001200280861,0.7594001200280861,0.007975589201689682,0.1,0.0759400120028086,1
FTNT,-2722,81.51,-221870.22,6254477.15,491532061.70699996,0.0004352082411876746,0.04352082411876746,0.000451385041353123,0.1,0.0043520824118767456,1
FTV,-10116,53.08,-536957.28,3307677.4,180153923.491,0.003058339365259744,0.3058339365259744,0.002980547243129151,0.1,0.03058339365259744,1
FUL,-6586,60.38,-397662.68,529666.8,32794767.092,0.01243423223807873,1.243423223807873,0.012125796743255614,0.1,0.1243423223807873,1
FULT,6548,20.64,135150.72,1888519.35,37929909.8635,0.0034672665652062287,0.34672665652062284,0.0035631700809828633,0.1,0.034672665652062284,1
FUN,-10073,18.35,-184839.55000000002,2838451.9,46616240.72250001,0.003548765437948764,0.3548765437948764,0.003965132047011773,0.1,0.035487654379487636,1
FWONK,2832,87.21,246978.71999999997,1741000.15,157715401.44025,0.0016266512096509585,0.16266512096509586,0.0015659771825998051,0.1,0.016266512096509585,1
FWRD,-34,27.61,-938.74,502754.25,13748699.449000001,6.76274740591452e-05,0.00676274740591452,6.827845815396586e-05,0.1,0.000676274740591452,1
G,-3083,44.61,-137532.63,1276685.15,59086781.6505,0.0024148475448312373,0.24148475448312373,0.0023276378600802705,0.1,0.024148475448312372,1
GABC,-8673,41.55,-360363.14999999997,136994.4,5535613.7545,0.06330915716262855,6.330915716262855,0.06509904158451342,0.1,0.6330915716262855,1
GAP,8974,27.7,248579.8,7837115.6,212364199.492,0.0011450641355858016,0.11450641355858016,0.0011705353378518221,0.1,0.011450641355858016,1
GATX,370,181.79,67262.3,167238.55,29954308.078499995,0.0022124085624994957,0.22124085624994957,0.002245496701967828,0.1,0.022124085624994957,1
GBCI,-2185,49.93,-109097.05,970101.75,46372019.362500004,0.00225234105597686,0.225234105597686,0.0023526482456406525,0.1,0.0225234105597686,1
GBTG,198,7.0,1386.0,1206960.4,9200611.4615,0.0001640484642246755,0.016404846422467548,0.00015064216175193608,0.1,0.001640484642246755,1
GBX,14,49.96,699.44,555391.25,27599447.998500008,2.520745510484726e-05,0.0025207455104847257,2.5342535837601306e-05,0.1,0.00025207455104847256,1
GCMG,16194,11.31,183154.14,498143.3,5764370.5045,0.032508717872949414,3.2508717872949413,0.031773485041778515,0.1,0.3250871787294941,1
GCO,560,30.75,17220.0,256809.35,8388559.994500001,0.002180605963139582,0.2180605963139582,0.002052795713601664,0.1,0.021806059631395817,1
GD,757,349.95,264912.14999999997,1533309.9,549051277.6064999,0.0004937031972466883,0.049370319724668835,0.00048249072683127444,0.1,0.004937031972466883,1
GDDY,-1952,99.24,-193716.47999999998,1512059.7,164982721.57049996,0.0012909543188010368,0.12909543188010367,0.0011741622283592988,0.1,0.012909543188010367,1
GE,1956,298.86,584570.16,6031807.95,1866517015.9735,0.00032428088165505997,0.032428088165506,0.00031318769397615793,0.1,0.0032428088165505995,1
GEF,4770,70.1,334377.0,197420.9,14025771.519499999,0.02416157559812563,2.416157559812563,0.023840185870354184,0.1,0.24161575598125629,1
GEHC,-57,78.78,-4490.46,3418401.6,282886690.62,1.667445978260717e-05,0.001667445978260717,1.587370544071304e-05,0.1,0.0001667445978260717,1
GEN,5271,23.9,125976.9,4602994.2,117679550.42300001,0.0011451241889464036,0.11451241889464037,0.0010705079986044737,0.1,0.011451241889464036,1
GEO,-10408,16.34,-170066.72,1778565.65,30146154.665499996,0.005851906563021725,0.5851906563021725,0.00564140673618412,0.1,0.05851906563021725,1
GFF,3633,81.77,297070.41,224740.15,18158597.945,0.016165335833405826,1.6165335833405827,0.01635976582001469,0.1,0.16165335833405825,1
GFS,-4702,44.46,-209050.92,4013747.55,169613625.0095,0.0011714737764212402,0.11714737764212402,0.00123251254130257,0.1,0.011714737764212401,1
GGG,-34,87.58,-2977.72,891976.25,76783123.20049998,3.811760683089937e-05,0.0038117606830899366,3.878091793979813e-05,0.1,0.00038117606830899366,1
GH,8,110.48,883.84,1960845.15,216966977.89900002,4.079873415807465e-06,0.0004079873415807465,4.0736152964781355e-06,0.1,4.079873415807465e-05,1
GHC,129,1156.46,149183.34,15700.0,17955366.248,0.00821656050955414,0.8216560509554139,0.008308565692254655,0.1,0.0821656050955414,1
GHM,787,71.0,55877.0,111571.9,7897746.740999999,0.00705374740414029,0.7053747404140289,0.007075055940946132,0.1,0.0705374740414029,1
GIC,2427,30.57,74193.39,82993.75,2550670.7995000007,0.029243165901046766,2.924316590104677,0.029087795263325975,0.1,0.29243165901046764,1
GIII,-2673,28.78,-76928.94,372002.9,10922444.233,0.007185427855535534,0.7185427855535534,0.007043198240149807,0.1,0.07185427855535534,1
GILD,-3265,139.55,-455630.75000000006,7436427.8,955073238.517,0.00043905489138212304,0.0439054891382123,0.00047706367598309584,0.1,0.00439054891382123,1
GIS,-537,44.43,-23858.91,8331000.95,370121659.335,6.445804090323624e-05,0.006445804090323624,6.446234474055763e-05,0.1,0.0006445804090323624,1
GKOS,-982,119.07,-116926.73999999999,877016.15,102488218.63299999,0.0011197057203564608,0.11197057203564609,0.0011408798158420814,0.1,0.011197057203564608,1
GL,977,139.98,136760.46,470141.35,65667026.276,0.002078098427207052,0.20780984272070518,0.0020826351938824316,0.1,0.020780984272070518,1
GLDD,-6731,15.27,-102782.37,968271.1,14351164.3405,0.0069515655274643645,0.6951565527464365,0.007161953383109193,0.1,0.06951565527464364,1
GLNG,2050,40.99,84029.5,1015032.9,39962737.5595,0.002019638969337841,0.2019638969337841,0.002102696289884785,0.1,0.02019638969337841,1
GLOB,5235,66.22,346661.7,1162308.85,78247328.23300001,0.0045039663941300965,0.45039663941300967,0.0044303327388729805,0.1,0.04503966394130096,1
GLPI,11733,45.36,532208.88,2379714.05,107366417.54049999,0.004930424308752558,0.49304243087525584,0.004956939909066482,0.1,0.04930424308752558,1
GLW,160,103.0,16480.0,7300083.25,705226644.3334999,2.1917558268941658e-05,0.0021917558268941656,2.336837402899748e-05,0.1,0.00021917558268941658,1
GM,2784,86.26,240147.84000000003,9301464.45,767905317.264,0.0002993077074008491,0.029930770740084912,0.00031273105498947734,0.1,0.002993077074008491,1
GME,-9071,22.81,-206909.50999999998,8691230.2,195525952.651,0.0010436957474673724,0.10436957474673723,0.001058220186091198,0.1,0.010436957474673722,1
GMED,3188,90.22,287621.36,1546982.05,142917210.7745,0.002060786678164753,0.2060786678164753,0.0020125033118216914,0.1,0.020607866781647527,1
GNL,-6491,9.52,-61794.32,2076181.25,18969557.751000002,0.003126412975745735,0.3126412975745735,0.0032575519583076438,0.1,0.03126412975745735,1
GNRC,1275,170.01,216762.75,1059268.15,170073488.36999997,0.001203661225913382,0.12036612259133819,0.0012745240429738592,0.1,0.012036612259133819,1
GNTX,-6860,24.04,-164914.4,2450590.8,58612048.59050001,0.002799324962780404,0.2799324962780404,0.0028136603986015554,0.1,0.02799324962780404,1
GNW,3850,8.4,32340.0,4038928.6,34716072.18249999,0.0009532230899055754,0.09532230899055753,0.0009315569984412654,0.1,0.009532230899055753,1
GO,-1422,9.44,-13423.679999999998,2466866.75,23866235.724,0.0005764397286557938,0.05764397286557938,0.0005624548485667173,0.1,0.005764397286557937,1
GOGO,-560,4.54,-2542.4,2281892.85,11094929.3825,0.0002454102961057089,0.02454102961057089,0.00022914972347729586,0.1,0.002454102961057089,1
GOLF,-687,95.69,-65739.03,333984.45,29837419.722500004,0.0020569819942215873,0.20569819942215872,0.0022032411184143737,0.1,0.02056981994221587,1
GOOD,-410,11.52,-4723.2,437797.9,4937850.6945,0.0009365051773889276,0.09365051773889276,0.0009565295291858282,0.1,0.009365051773889275,1
GOOG,-605,338.66,-204889.30000000002,20323297.05,6670062988.6165,2.9768791870313188e-05,0.002976879187031319,3.071774589680419e-05,0.1,0.00029768791870313184,1
GPC,2059,138.88,285953.92,1056814.0,139825347.06249997,0.0019483087847057287,0.19483087847057287,0.0020450792793110864,0.1,0.019483087847057285,1
GPI,812,363.16,294885.92000000004,168242.35,66190928.07850001,0.004826371005873372,0.4826371005873372,0.004455080606367631,0.1,0.04826371005873372,1
GPK,-35,14.55,-509.25,4256491.65,65258260.296500005,8.222734326284887e-06,0.0008222734326284887,7.803609806424958e-06,0.1,8.222734326284886e-05,1
GPN,-726,71.35,-51800.1,3301487.9,249420704.3955,0.00021990085137068048,0.021990085137068047,0.00020768163623602757,0.1,0.0021990085137068047,1
GPOR,-691,200.32,-138421.12,298034.35,55591262.89549999,0.0023185246935462306,0.23185246935462306,0.002489979770026144,0.1,0.023185246935462304,1
GPRE,2286,12.09,27637.739999999998,1196805.95,13314106.936,0.0019100840867310193,0.19100840867310193,0.0020758237959821652,0.1,0.019100840867310193,1
GPRO,-1498,1.21,-1812.58,2342696.35,3224331.5295,0.000639434128968528,0.0639434128968528,0.0005621568326384472,0.1,0.0063943412896852805,1
GRBK,877,70.05,61433.85,219954.2,15265034.351000002,0.003987193697597045,0.3987193697597045,0.004024481608583836,0.1,0.03987193697597045,1
GRC,-1121,54.65,-61262.65,80788.2,4171607.6395000005,0.013875788790937291,1.3875788790937291,0.01468562129858953,0.1,0.1387578879093729,1
GRMN,1675,204.65,342788.75,897965.05,186232359.94300002,0.0018653287229831493,0.18653287229831494,0.0018406508412658093,0.1,0.01865328722983149,1
GRND,-116,11.58,-1343.28,1265145.9,15834200.620499998,9.168902970005278e-05,0.009168902970005279,8.483408996731425e-05,0.1,0.0009168902970005278,1
GRPN,-3269,14.76,-48250.44,960950.75,15656483.756499996,0.0034018392721999542,0.3401839272199954,0.0030818184178786757,0.1,0.03401839272199954,1
GS,248,940.12,233149.76,2456676.5,2311936713.3235,0.00010094939240066814,0.010094939240066814,0.00010084608227222537,0.1,0.0010094939240066813,1
GSAT,949,64.65,61352.850000000006,709299.4,44484727.6125,0.001337939944683444,0.1337939944683444,0.0013791890676376794,0.1,0.013379399446834438,1
GSBC,758,60.88,46147.04,58140.35,3627736.0415,0.01303741721541064,1.303741721541064,0.012720616790222444,0.1,0.13037417215410638,1
GSHD,-1247,62.72,-78211.84,233870.65,16371219.248,0.005332007244175359,0.533200724417536,0.004777398605149998,0.1,0.05332007244175359,1
GSIT,6227,7.54,46951.58,1772801.5,13581446.383750001,0.003512519591166862,0.3512519591166862,0.0034570382765842134,0.1,0.03512519591166862,1
GSM,14109,4.88,68851.92,1089933.0,5436391.4325,0.01294483238877986,1.294483238877986,0.012665004140133723,0.1,0.1294483238877986,1
GT,-16446,9.61,-158046.06,5399203.55,49776055.998500004,0.003046004813061734,0.3046004813061734,0.0031751422813563754,0.1,0.03046004813061734,1
GTES,4795,23.48,112586.6,2130531.7,48619784.2025,0.002250611901245121,0.22506119012451212,0.0023156540459143148,0.1,0.022506119012451208,1
GTLB,-696,35.5,-24708.0,5219616.15,188339774.17925003,0.0001333431386520635,0.01333431386520635,0.00013118843381687646,0.1,0.0013334313865206349,1
GTM,9983,8.19,81760.76999999999,4847661.4,45709977.6695,0.0020593435011777017,0.20593435011777017,0.0017886854067433705,0.1,0.020593435011777017,1
GTN,35389,4.29,151818.81,1236851.75,5496271.647499999,0.028612159864753395,2.8612159864753397,0.027622144562133386,0.1,0.28612159864753395,1
GTX,-11513,18.25,-210112.25,2395966.6,43825580.6055,0.004805158803131896,0.48051588031318965,0.004794283318031649,0.1,0.04805158803131896,1
GTY,7549,29.26,220883.74000000002,450234.25,13007248.502500001,0.01676682749035641,1.676682749035641,0.016981588378014462,0.1,0.1676682749035641,1
GVA,-1299,121.57,-157919.43,635341.7,76524252.226,0.0020445690877837863,0.20445690877837863,0.0020636520502495684,0.1,0.02044569087783786,1
GWRE,-3306,147.64,-488097.83999999997,1457106.7,246310461.74649996,0.002268879828773006,0.2268879828773006,0.00198163665700219,0.1,0.022688798287730058,1
GWW,-620,1082.21,-670970.2000000001,230647.3,240929126.30750003,0.0026880869622146024,0.26880869622146025,0.002784927710000636,0.1,0.026880869622146024,1
GXO,3371,57.91,195214.61,1039504.05,58774278.17800001,0.003242892608258717,0.32428926082587173,0.0033214293063503993,0.1,0.03242892608258717,1
H,-291,159.26,-46344.659999999996,728788.1,119699232.32699999,0.00039929301809401115,0.039929301809401116,0.00038717591666246844,0.1,0.003992930180940111,1
HAE,854,65.96,56329.84,791136.8,58734150.753000006,0.001079459329916141,0.10794593299161409,0.000959064518305354,0.1,0.010794593299161409,1
HAFC,-1953,26.57,-51891.21,288600.3,7978504.2919999985,0.006767144732697784,0.6767144732697784,0.006503876929919186,0.1,0.06767144732697783,1
HAIN,-1510,1.2,-1812.0,1857272.05,2175912.7205,0.0008130203650025315,0.08130203650025315,0.000832753990051413,0.1,0.008130203650025314,1
HAL,-12654,33.39,-422517.06,16597242.05,538636290.1274999,0.0007624158255859141,0.07624158255859141,0.0007844199652793289,0.1,0.007624158255859141,1
HALO,-1638,73.34,-120130.92000000001,1825071.05,131209734.483,0.0008974993055749802,0.08974993055749803,0.0009155640812272553,0.1,0.008974993055749801,1
HAS,1373,90.46,124201.57999999999,1665303.4,145238968.82925,0.0008244743870696476,0.08244743870696475,0.0008551532760193128,0.1,0.008244743870696476,1
HASI,-4511,35.13,-158471.43000000002,894974.3,29957171.318,0.005040368198282342,0.5040368198282342,0.005289933028649512,0.1,0.05040368198282342,1
HAYW,4523,16.3,73724.90000000001,1489008.5,24292128.696,0.003037591793465249,0.3037591793465249,0.0030349295824428813,0.1,0.030375917934652486,1
HBAN,26419,17.29,456784.50999999995,32117048.25,571034305.7025001,0.0008225849335329251,0.08225849335329251,0.0007999248126398513,0.1,0.00822584933532925,1
HBNC,9094,17.49,159054.06,353475.15,6146544.501999999,0.025727409692025024,2.5727409692025023,0.025876988273369865,0.1,0.2572740969202502,1
HCA,438,482.53,211348.13999999998,1130910.1,542572243.1365001,0.00038729868978975424,0.03872986897897542,0.0003895299523216286,0.1,0.003872986897897542,1
HCC,17,92.09,1565.53,895098.65,85611636.9725,1.8992320008526433e-05,0.0018992320008526433,1.8286415905151733e-05,0.1,0.00018992320008526432,1
HCI,6,160.4,962.4000000000001,183358.45,30902077.272999994,3.272278970508313e-05,0.003272278970508313,3.114353742299634e-05,0.1,0.00032722789705083127,1
HCKT,-49,18.53,-907.97,184045.4,3654699.942499999,0.0002662386563315356,0.026623865633153557,0.0002484390002695824,0.1,0.002662386563315356,1
HCSG,1198,18.62,22306.760000000002,630614.95,11753098.935,0.0018997329511455446,0.18997329511455446,0.001897947096622479,0.1,0.018997329511455444,1
HD,-1814,371.81,-674463.34,4429061.4,1639411040.874,0.00040956758919621206,0.04095675891962121,0.0004114058788090333,0.1,0.0040956758919621205,1
HE,-2659,15.87,-42198.329999999994,3646620.65,51741243.212,0.0007291682506103288,0.07291682506103288,0.0008155646710516848,0.1,0.007291682506103288,1
HEI,-9,331.96,-2987.64,453190.65,156003913.4775,1.985919171103817e-05,0.001985919171103817,1.915105803054677e-05,0.1,0.00019859191711038167,1
HELE,-2823,16.7,-47144.1,971777.25,18779704.924499996,0.0029049867137762283,0.2904986713776228,0.0025103749068227277,0.1,0.02904986713776228,1
HFWA,500,25.48,12740.0,264010.0,6711566.049,0.0018938676565281617,0.18938676565281617,0.0018982156931761428,0.1,0.018938676565281615,1
HGV,1256,44.91,56406.96,703904.05,32500732.79,0.001784334100649087,0.1784334100649087,0.0017355596369001132,0.1,0.01784334100649087,1
HHH,127,83.11,10554.97,332685.55,27116322.826000005,0.0003817418580398217,0.03817418580398217,0.00038924783672657687,0.1,0.003817418580398217,1
HIFS,236,309.02,72928.72,78202.1,22639396.41325,0.0030178217720495996,0.30178217720496,0.003221319096533754,0.1,0.030178217720495993,1
HIG,-3562,132.37,-471501.94,1416238.25,188111485.9825,0.0025151135411008705,0.25151135411008707,0.0025065026600441815,0.1,0.025151135411008704,1
HII,548,427.83,234450.84,618295.8,248250880.264,0.0008863071688340758,0.08863071688340758,0.0009444109110536709,0.1,0.008863071688340758,1
HIMS,-1482,29.87,-44267.340000000004,16608953.75,522992222.2620001,8.922897988080676e-05,0.008922897988080677,8.464244421941647e-05,0.1,0.0008922897988080676,1
HIW,373,25.89,9656.97,1192900.95,31775156.083500005,0.00031268312763100745,0.03126831276310074,0.00030391573764808685,0.1,0.0031268312763100743,1
HL,5360,26.32,141075.2,29001235.4,755272169.871,0.00018481971288712758,0.01848197128871276,0.00018678723462575822,0.1,0.0018481971288712756,1
HLF,336,16.98,5705.28,1630703.4,25412787.619500004,0.00020604605350059367,0.02060460535005937,0.00022450429623951075,0.1,0.0020604605350059368,1
HLI,-2651,168.81,-447515.31,516238.55,93926396.36700001,0.005135222853853127,0.5135222853853127,0.004764531881447008,0.1,0.05135222853853127,1
HLIO,917,65.95,60476.15,337277.45,21038314.891,0.0027188298535819693,0.27188298535819694,0.0028745719566100397,0.1,0.02718829853581969,1
HLIT,-310,9.86,-3056.6,988132.9,9946827.66,0.0003137229819996885,0.03137229819996885,0.0003072939538594559,0.1,0.0031372298199968847,1
HLMN,13061,9.48,123818.28,1149476.55,10989094.7585,0.01136256324672304,1.136256324672304,0.01126737758851586,0.1,0.1136256324672304,1
HLNE,-738,142.42,-105105.95999999999,457602.35,67452359.2175,0.0016127539554812165,0.16127539554812165,0.0015582251120540651,0.1,0.016127539554812165,1
HLT,-2167,299.28,-648539.7599999999,1856047.6,549724986.9335,0.0011675347119330345,0.11675347119330344,0.0011797531045800059,0.1,0.011675347119330343,1
HLX,511,7.92,4047.12,1585187.35,11465761.12,0.0003223593728526789,0.03223593728526789,0.00035297438675401254,0.1,0.0032235937285267887,1
HMN,73,44.11,3220.0299999999997,226496.85,9919319.5535,0.0003223002880614013,0.032230028806140135,0.0003246220653173556,0.1,0.003223002880614013,1
HNI,-102,47.32,-4826.64,487763.75,22161603.4635,0.00020911763123028311,0.020911763123028313,0.00021779290510045635,0.1,0.002091176312302831,1
HNRG,3646,18.19,66320.74,554320.0,10664617.8175,0.006577428200317506,0.6577428200317507,0.00621876387273547,0.1,0.06577428200317506,1
HOG,6578,19.71,129652.38,2896590.8,59599489.677,0.0022709455543392597,0.22709455543392598,0.0021753941300949437,0.1,0.022709455543392595,1
HOMB,1356,28.94,39242.64,1295219.15,37004382.13249999,0.0010469270779388956,0.10469270779388956,0.0010604862921230673,0.1,0.010469270779388955,1
HON,-2139,238.2002,-509510.2278,2462861.35,550476444.411875,0.0008685019966714731,0.08685019966714731,0.0009255804366785521,0.1,0.008685019966714731,1
HOOD,-4306,101.24,-435939.44,21090849.0,2358351420.2705,0.00020416437479591268,0.02041643747959127,0.00018484922825878013,0.1,0.0020416437479591266,1
HOPE,-2239,11.99,-26845.61,1021043.1,11834895.679000001,0.0021928555219657233,0.21928555219657234,0.002268343610973708,0.1,0.021928555219657232,1
HOV,507,115.26,58436.82,94257.75,10814451.647,0.005378868050637746,0.5378868050637746,0.005403586044624903,0.1,0.05378868050637746,1
HP,-4703,33.7,-158491.1,1642381.75,52409091.738,0.0028635242689466077,0.2863524268946608,0.003024114609585643,0.1,0.028635242689466076,1
HPE,5535,22.01,121825.35,16517045.0,365251569.33549994,0.00033510836835523545,0.03351083683552355,0.0003335381973077793,0.1,0.0033510836835523544,1
HPP,16011,8.88,142177.68000000002,1230786.65,12095102.584,0.013008753385487242,1.3008753385487242,0.011754979258140372,0.1,0.13008753385487243,1
HPQ,29920,19.39,580148.8,17212092.7,354750481.5935,0.0017383127386944646,0.17383127386944647,0.0016353714233002183,0.1,0.017383127386944645,1
HQY,-1860,83.57,-155440.19999999998,1096397.1,96189404.8335,0.0016964656327529504,0.16964656327529504,0.0016159804738272447,0.1,0.0169646563275295,1
HR,11176,16.71,186750.96000000002,3197180.65,54457472.3515,0.003495579769632348,0.34955797696323476,0.0034292990830459666,0.1,0.034955797696323475,1
HRB,4927,38.87,191512.49,1699202.6,70728811.3125,0.002899595374912915,0.2899595374912915,0.0027077012386627474,0.1,0.02899595374912915,1
HRI,-2353,147.02,-345938.06,471897.55,75456567.4545,0.0049862517828287095,0.49862517828287095,0.00458459842092074,0.1,0.049862517828287094,1
HRL,7841,24.44,191634.04,4483997.15,107071398.57500002,0.001748663020448173,0.1748663020448173,0.0017897780597847205,0.1,0.01748663020448173,1
HRMY,2627,36.86,96831.22,645237.7,23796504.944,0.0040713678075537125,0.40713678075537124,0.004069136212560274,0.1,0.04071367807553712,1
HRTG,21,26.44,555.24,312631.9,8258521.747000001,6.717164819073165e-05,0.006717164819073165,6.723237124146304e-05,0.1,0.0006717164819073165,1
HSIC,6570,74.34,488413.80000000005,1202963.05,93142405.7265,0.00546151438317245,0.546151438317245,0.00524373185543608,0.1,0.0546151438317245,1
HST,-5267,18.66,-98282.22,7667183.45,141133079.23700002,0.000686953694840835,0.0686953694840835,0.0006963797610832113,0.1,0.006869536948408349,1
HSTM,-187,21.96,-4106.52,271647.25,6030567.665999999,0.0006883927593597947,0.06883927593597947,0.0006809508204596275,0.1,0.006883927593597947,1
HSY,-1102,190.54,-209975.08,1813791.4,346483797.17800003,0.0006075671105288073,0.06075671105288073,0.000606017025067781,0.1,0.006075671105288073,1
HTB,-8412,42.95,-361295.4,66482.75,2874478.698,0.12652906204993025,12.652906204993025,0.12569075577125743,0.1,1.2652906204993024,2
HTH,-2580,36.8,-94943.99999999999,282775.3,10075357.0465,0.009123852047898102,0.9123852047898102,0.009423388130248133,0.1,0.09123852047898101,1
HTLD,19967,10.35,206658.44999999998,514558.5,5261648.375,0.03880413985970497,3.8804139859704967,0.03927637030667219,0.1,0.38804139859704967,1
HTO,-2592,51.91,-134550.72,325275.85,16880147.409500003,0.007968621094987532,0.7968621094987532,0.007970944609421835,0.1,0.07968621094987531,1
HTZ,-8872,5.08,-45069.76,5251403.2,28709296.938000005,0.0016894532112864615,0.16894532112864616,0.0015698663780353698,0.1,0.016894532112864614,1
HUBB,-59,497.97,-29380.230000000003,486372.1,232162822.77450004,0.00012130630025858803,0.012130630025858803,0.00012655010672633425,0.1,0.0012130630025858802,1
HUBG,1677,48.29,80982.33,542195.15,25070790.985000003,0.003092982296134519,0.3092982296134519,0.003230146589648974,0.1,0.03092982296134519,1
HUBS,845,281.53,237892.84999999998,1148008.55,382019943.505,0.0007360572358106566,0.07360572358106567,0.0006227236405967543,0.1,0.007360572358106566,1
HUM,-373,196.67,-73357.90999999999,1961659.3,454685583.14449996,0.0001901451490582488,0.01901451490582488,0.00016133766435406574,0.1,0.001901451490582488,1
HUN,928,11.18,10375.039999999999,4757496.25,54253373.34899999,0.0001950605846510126,0.01950605846510126,0.00019123308578914815,0.1,0.0019506058465101259,1
HURN,11,166.82,1835.02,159074.5,28279617.507500004,6.914998947034252e-05,0.006914998947034252,6.488843066966293e-05,0.1,0.0006914998947034251,1
HWC,-274,68.78,-18845.72,860765.6,58161552.607999995,0.00031832127120321726,0.03183212712032173,0.00032402367466042876,0.1,0.0031832127120321723,1
HWKN,-9,139.74,-1257.66,146512.75,21838948.301000003,6.142810096732196e-05,0.0061428100967321955,5.7587937965969356e-05,0.1,0.0006142810096732195,1
HWM,11,208.93,2298.23,2549319.75,550153708.5105002,4.314876546969049e-06,0.0004314876546969049,4.177432532850292e-06,0.1,4.314876546969049e-05,1
HXL,-1694,84.56,-143244.64,1327137.95,107844339.62350002,0.0012764309844353408,0.12764309844353408,0.0013282536709862335,0.1,0.012764309844353408,1
HY,7503,32.89,246773.67,89401.8,2904097.5425000004,0.08392448474191795,8.392448474191795,0.08497430488769472,0.1,0.8392448474191795,1
HZO,4260,24.65,105009.0,286077.8,7738049.155499999,0.014891054111853489,1.489105411185349,0.01357047466225546,0.1,0.14891054111853488,1
IART,1265,11.09,14028.85,682755.1,8396672.4335,0.001852787331797302,0.1852787331797302,0.0016707630446591486,0.1,0.01852787331797302,1
IBCP,-1383,34.92,-48294.36,125012.7,4215841.72875,0.011062876011797201,1.1062876011797202,0.011455449019980007,0.1,0.11062876011797201,1
IBKR,-855,75.66,-64689.299999999996,5275146.25,386332114.865,0.00016208081434709038,0.01620808143470904,0.00016744479040424853,0.1,0.0016208081434709036,1
IBM,-1306,309.24,-403867.44,4533294.75,1358809495.462,0.00028809068724243,0.028809068724243003,0.00029722153204609725,0.1,0.0028809068724243003,1
IBOC,848,69.26,58732.48,232500.6,16043004.985999996,0.003647302415563659,0.3647302415563659,0.003660940082687326,0.1,0.03647302415563659,1
IBP,-118,292.67,-34535.060000000005,284377.75,83469637.25549999,0.0004149410423283819,0.04149410423283819,0.0004137439808716123,0.1,0.004149410423283819,1
IBRX,24009,5.91,141893.19,51189477.85,283835408.2135,0.0004690221703443298,0.04690221703443298,0.00049991363266865,0.1,0.004690221703443298,1
ICE,-2395,175.1,-419364.5,3178310.3,539581417.8104999,0.0007535450519101297,0.07535450519101297,0.0007772033768354864,0.1,0.007535450519101297,1
ICFI,-389,91.03,-35410.67,129381.2,12046845.5315,0.003006619199698256,0.3006619199698256,0.002939414297909643,0.1,0.030066191996982558,1
ICHR,662,33.49,22170.38,982249.7,27129674.3555,0.0006739630462600294,0.06739630462600295,0.0008172003729010997,0.1,0.006739630462600294,1
ICLR,-1168,185.89,-217119.52,921084.55,172459731.973,0.0012680703416423605,0.12680703416423605,0.001258957772438101,0.1,0.012680703416423604,1
ICUI,-322,150.03,-48309.66,235906.35,35599298.1505,0.0013649484212697115,0.13649484212697116,0.0013570396752139756,0.1,0.013649484212697115,1
IDA,-746,132.23,-98643.57999999999,450791.85,58911203.2,0.0016548657656521519,0.16548657656521518,0.0016744451758201398,0.1,0.01654865765652152,1
IDCC,-122,330.93,-40373.46,269294.95,86131768.16450001,0.0004530348601041349,0.045303486010413486,0.000468740638447038,0.1,0.004530348601041349,1
IDT,449,48.12,21605.879999999997,136799.0,6879172.236,0.003282187735290463,0.32821877352904627,0.003140767414854417,0.1,0.03282187735290463,1
IDXX,226,676.71,152936.46000000002,451793.85,315848635.2035,0.0005002281460891953,0.05002281460891953,0.0004842080761294526,0.1,0.005002281460891953,1
IDYA,-775,32.99,-25567.25,923995.2,33003431.355500005,0.00083874894588197,0.083874894588197,0.0007746845994466339,0.1,0.008387489458819699,1
IESC,49,474.61,23255.89,161347.3,69768159.53025,0.0003036927175106122,0.030369271751061223,0.0003333309944906421,0.1,0.003036927175106122,1
IEX,-2962,199.72,-591570.64,650088.9,124518189.28150001,0.004556299915288509,0.45562999152885086,0.004750877308877565,0.1,0.045562999152885086,1
IFF,3512,69.6,244435.19999999998,1623036.35,113955565.4885,0.002163845560205722,0.2163845560205722,0.0021450044932177317,0.1,0.021638455602057217,1
IIIN,1817,32.88,59742.96000000001,166054.05,5502592.102,0.010942220319227385,1.0942220319227385,0.010857239441441704,0.1,0.10942220319227385,1
IIIV,-80,21.8,-1744.0,284082.6,7115692.297500001,0.0002816082364777005,0.02816082364777005,0.0002450921044762897,0.1,0.002816082364777005,1
IIPR,-1825,48.49,-88494.25,329762.05,16303940.773000006,0.0055342935913941585,0.5534293591394158,0.00542778284294004,0.1,0.055342935913941585,1
ILMN,-265,149.69,-39667.85,1951209.4,286904616.3075,0.00013581320385192897,0.013581320385192898,0.00013826145605647767,0.1,0.0013581320385192897,1
IMAX,3248,34.37,111633.76,1179586.6,41703197.955,0.002753507033735378,0.2753507033735378,0.002676863297641079,0.1,0.02753507033735378,1
IMKTA,113,72.86,8233.18,117108.9,8275766.48725,0.0009649138536866114,0.09649138536866114,0.000994854073357965,0.1,0.009649138536866114,1
IMVT,17246,26.45,456156.7,1484217.45,38801327.77499999,0.011619591185914166,1.1619591185914167,0.011756213669932849,0.1,0.11619591185914166,1
INCY,-437,101.08,-44171.96,2027949.15,211816256.4735,0.0002154886378684594,0.02154886378684594,0.00020853904575320582,0.1,0.0021548863786845936,1
INDB,-655,80.53,-52747.15,339872.55,26156458.61,0.0019271930022003838,0.1927193002200384,0.0020166013597817094,0.1,0.019271930022003836,1
INGR,-1427,117.2,-167244.4,477439.95,54469784.34550001,0.002988857551614606,0.2988857551614606,0.0030704068688646607,0.1,0.02988857551614606,1
INN,-17773,4.47,-79445.31,764987.4,3605341.8805,0.02323306240076634,2.3233062400766338,0.022035444247240785,0.1,0.23233062400766338,1
INSM,2,157.82,315.64,2644649.75,438526430.78199995,7.562438088446306e-07,7.562438088446305e-05,7.197741751555012e-07,0.1,7.562438088446306e-06,1
INSP,-397,78.54,-31180.38,1244903.35,109934911.97600003,0.00031890025840158594,0.03189002584015859,0.0002836258240403832,0.1,0.0031890025840158594,1
INSW,291,59.32,17262.12,576832.65,31524518.693499994,0.000504479072049753,0.05044790720497531,0.0005475775908851308,0.1,0.00504479072049753,1
INTA,-4234,34.33,-145353.22,532133.25,21223770.2285,0.007956653714083831,0.7956653714083831,0.006848605051557463,0.1,0.0795665371408383,1
INTC,2548,48.66,123985.68,144120503.05,6692887465.106001,1.7679649640939826e-05,0.0017679649640939825,1.8524990991767157e-05,0.1,0.00017679649640939824,1
INTU,317,502.98,159444.66,2776420.5,1584842107.894,0.00011417578857381294,0.011417578857381294,0.00010060602201684071,0.1,0.0011417578857381293,1
INVA,212,19.75,4187.0,616414.3,12106545.521,0.00034392453257492563,0.034392453257492565,0.0003458459717296924,0.1,0.003439245325749256,1
INVH,7598,26.35,200207.30000000002,7439539.35,199704376.09750003,0.0010212997932459353,0.10212997932459353,0.0010025183419228353,0.1,0.010212997932459352,1
INVX,-173,25.17,-4354.41,373111.5,9064916.1275,0.0004636683672307072,0.04636683672307072,0.00048035855365392074,0.1,0.004636683672307072,1
IONQ,-2991,43.24,-129330.84000000001,19862974.65,951005087.533,0.00015058167533834113,0.015058167533834113,0.00013599384661074404,0.1,0.0015058167533834113,1
IONS,5944,83.88,498582.72,2331530.45,187055746.98025,0.0025493984005227122,0.2549398400522712,0.0026654231588652665,0.1,0.02549398400522712,1
IOSP,-24,81.41,-1953.84,137926.65,10973950.739000002,0.00017400553120082305,0.017400553120082304,0.0001780434454709465,0.1,0.0017400553120082304,1
IP,4120,39.0,160680.0,7091729.1,295287539.278,0.0005809584576489252,0.05809584576489252,0.0005441475803309362,0.1,0.005809584576489252,1
IPAR,3080,95.55,294294.0,236093.05,21354344.9215,0.013045703801954358,1.3045703801954358,0.013781457641610848,0.1,0.13045703801954356,1
IPGP,-13,92.77,-1206.01,357117.95,29350396.54,3.6402538713049845e-05,0.0036402538713049843,4.1090075166664174e-05,0.1,0.0003640253871304984,1
IPI,-3022,33.65,-101690.3,204600.25,6628736.147,0.01477026543222699,1.477026543222699,0.015340827835789253,0.1,0.1477026543222699,1
IQV,-2882,235.62,-679056.84,1202502.65,287407110.84200007,0.0023966683150344827,0.23966683150344828,0.002362700206026936,0.1,0.023966683150344826,1
IR,-398,88.87,-35370.26,3026737.4,260513374.17349997,0.00013149472431932813,0.013149472431932813,0.00013577137877168513,0.1,0.0013149472431932812,1
IRDM,-4037,20.9,-84373.29999999999,2217732.15,44144052.6585,0.0018203280319492145,0.18203280319492146,0.0019113174916837589,0.1,0.018203280319492143,1
IRM,8074,93.03,751124.22,1931318.1,173872324.201,0.004180564558474339,0.4180564558474339,0.004319975726163785,0.1,0.04180564558474339,1
IRON,588,78.55,46187.4,522984.2,40003810.309499994,0.001124316948772066,0.11243169487720661,0.0011545750177960308,0.1,0.01124316948772066,1
IRT,5555,16.7,92768.5,2469118.2,42238662.9085,0.002249791038760315,0.22497910387603148,0.00219629348118715,0.1,0.022497910387603147,1
IRTC,645,148.99,96098.55,697348.2,115040358.727,0.0009249324799289652,0.09249324799289652,0.0008353464041958489,0.1,0.009249324799289652,1
IRWD,6456,4.86,31376.160000000003,7666049.95,33926602.264000006,0.0008421547005443135,0.08421547005443135,0.0009248247070498329,0.1,0.008421547005443135,1
ISRG,908,507.55,460855.4,2050594.0,1120703820.425,0.0004427985256954814,0.04427985256954814,0.0004112196207426434,0.1,0.004427985256954814,1
IT,2257,212.7,480063.89999999997,935608.65,218650849.6885,0.0024123334045703833,0.24123334045703831,0.0021955729908386865,0.1,0.024123334045703833,1
ITGR,-1208,86.47,-104455.76,532760.35,44606973.42400001,0.00226743600570125,0.22674360057012502,0.0023416912644380256,0.1,0.0226743600570125,1
ITIC,89,258.1,22970.9,17989.3,4566814.6085,0.0049473853902041775,0.49473853902041776,0.005029961136860106,0.1,0.04947385390204177,1
ITRI,-148,100.19,-14828.119999999999,519104.1,50992592.975,0.0002851065903736842,0.02851065903736842,0.0002907896840482252,0.1,0.002851065903736842,1
ITRN,263,45.38,11934.94,127065.45,5610945.6075,0.002069799461616041,0.20697994616160412,0.002127081749651411,0.1,0.02069799461616041,1
ITT,3570,184.73,659486.1,773932.45,139951587.863,0.004612805678325027,0.46128056783250276,0.004712244498758939,0.1,0.04612805678325027,1
ITW,1186,262.86,311751.96,1337097.55,341983543.42200005,0.000886995866531952,0.0886995866531952,0.000911599303523518,0.1,0.008869958665319519,1
IVR,-658,8.9,-5856.2,2755170.0,24435159.3455,0.00023882373864407642,0.02388237386440764,0.00023966285290783187,0.1,0.002388237386440764,1
IVT,3152,28.95,91250.4,499810.35,14303792.465499997,0.006306392014491097,0.6306392014491097,0.006379454974622375,0.1,0.06306392014491097,1
IVZ,2958,27.72,81995.76,6017780.6,169625505.26950002,0.0004915433440694066,0.04915433440694066,0.0004833928710763491,0.1,0.004915433440694066,1
J,-879,136.29,-119798.90999999999,674505.4,93102731.09650001,0.001303177113185454,0.13031771131854542,0.0012867389451317994,0.1,0.01303177113185454,1
JACK,-38,20.59,-782.42,522163.55,11148946.7475,7.277413369814879e-05,0.007277413369814879,7.017882654928341e-05,0.1,0.0007277413369814878,1
JANX,-83,13.83,-1147.89,1729213.1,24403882.131500002,4.79987110900328e-05,0.00479987110900328,4.70371883380935e-05,0.1,0.000479987110900328,1
JAZZ,1074,163.98,176114.52,1162889.75,194683825.89950004,0.0009235613264284082,0.09235613264284082,0.0009046181375689323,0.1,0.009235613264284081,1
JBGS,-2218,16.62,-36863.16,436957.15,7434187.827499999,0.005076012602151034,0.5076012602151034,0.004958599494034644,0.1,0.05076012602151034,1
JBHT,1451,205.21,297759.71,1016555.4,208223265.94599995,0.001427369329797471,0.1427369329797471,0.0014300021116622971,0.1,0.01427369329797471,1
JBL,-1103,243.92,-269043.76,1138133.7,271033098.30700004,0.0009691304281737726,0.09691304281737725,0.0009926601646831092,0.1,0.009691304281737725,1
JBLU,3091,5.05,15609.55,20580767.9,103831180.428,0.00015018875947772582,0.015018875947772582,0.0001503358618832633,0.1,0.0015018875947772582,1
JBSS,-216,75.56,-16320.960000000001,46928.65,3413382.5644999994,0.004602732019778962,0.46027320197789623,0.004781462286044909,0.1,0.04602732019778962,1
JBTM,-2183,158.55,-346114.65,472272.8,73722247.0375,0.004622328450844512,0.4622328450844512,0.004694846724136654,0.1,0.046223284508445116,1
JCI,2183,120.28,262571.24,5955977.15,680724536.538,0.00036652256128954423,0.036652256128954425,0.0003857231903750285,0.1,0.003665225612895442,1
JJSF,-2218,93.87,-208203.66,201785.05,18973067.469499998,0.01099189459278574,1.0991894592785738,0.010973642524314854,0.1,0.10991894592785739,1
JKHY,565,177.94,100536.1,671695.25,124094800.81549999,0.0008411552709357405,0.08411552709357406,0.000810155617635212,0.1,0.008411552709357405,1
JLL,-267,358.66,-95762.22,372888.25,130596202.99999997,0.0007160322160861867,0.07160322160861868,0.0007332695576149333,0.1,0.007160322160861867,1
JNJ,1006,227.29,228653.74,9220670.2,1988345155.227,0.00010910269841339733,0.010910269841339732,0.00011499700612789014,0.1,0.0010910269841339732,1
JOBY,-17485,11.14,-194782.90000000002,30221980.2,422293844.14399993,0.000578552427216533,0.057855242721653294,0.00046124967886953166,0.1,0.0057855242721653296,1
JOE,-1980,66.91,-132481.8,192675.7,12262294.579,0.010276334794683501,1.0276334794683502,0.010803997501975197,0.1,0.102763347946835,1
JPM,36,306.42,11031.12,11828472.15,3697282280.6094995,3.0435038053498736e-06,0.00030435038053498736,2.9835752757783787e-06,0.1,3.0435038053498736e-05,1
JXN,-3237,118.06,-382160.22000000003,488008.2,55649300.941,0.006633085263731224,0.6633085263731224,0.006867295968464554,0.1,0.06633085263731224,1
KAI,-8,323.96,-2591.68,117860.2,36647791.442,6.787702718984017e-05,0.006787702718984017,7.071858625100718e-05,0.1,0.0006787702718984017,1
KALU,9,126.92,1142.28,168359.75,21029220.579,5.345695749726404e-05,0.005345695749726404,5.4318703620460986e-05,0.1,0.0005345695749726404,1
KBH,586,57.78,33859.08,1228428.65,72705331.54950002,0.0004770321825366089,0.04770321825366089,0.0004657028484485722,0.1,0.004770321825366089,1
KBR,-1197,43.23,-51746.31,1327319.95,57581272.880499996,0.0009018172295232962,0.09018172295232961,0.0008986656149020974,0.1,0.009018172295232961,1
KD,-6830,23.31,-159207.3,1996156.25,51179662.29799999,0.0034215758410695556,0.34215758410695557,0.0031107532338333055,0.1,0.03421575841069555,1
KDP,446,26.82,11961.72,10487792.85,289021904.465,4.252563016631283e-05,0.004252563016631283,4.138689772369326e-05,0.1,0.0004252563016631283,1
KE,4401,30.58,134582.58,156086.65,4607041.612,0.028195877097753078,2.8195877097753077,0.029212364752567378,0.1,0.28195877097753075,1
KELYA,-2547,10.3,-26234.100000000002,422218.35,4132765.9,0.006032423744728291,0.603242374472829,0.006347831122009597,0.1,0.0603242374472829,1
KEX,-10,122.17,-1221.7,913434.75,113433708.3305,1.0947689476451383e-05,0.0010947689476451382,1.077016715737142e-05,0.1,0.00010947689476451382,1
KEY,4831,21.63,104494.53,16027865.15,340826473.02849996,0.00030141256834819325,0.030141256834819326,0.0003065915891787612,0.1,0.0030141256834819324,1
KEYS,-594,221.17,-131374.97999999998,1000809.5,213085212.23349997,0.0005935195459275716,0.05935195459275716,0.0006165372933342674,0.1,0.005935195459275716,1
KFRC,-431,32.93,-14192.83,170723.75,5701272.959999999,0.002524546233315517,0.2524546233315517,0.002489414223731537,0.1,0.02524546233315517,1
KFY,956,67.25,64291.0,393687.7,26575001.891,0.0024283207222374485,0.24283207222374487,0.002419228426161394,0.1,0.024283207222374485,1
KHC,-23843,23.14,-551727.02,16366594.5,383085650.9035,0.001456808867599182,0.1456808867599182,0.0014402184438356347,0.1,0.014568088675991818,1
KIDS,5030,17.29,86968.7,166337.65,3076916.0585000003,0.030239696184237302,3.02396961842373,0.028264891971865273,0.1,0.302396961842373,1
KIM,-2260,20.71,-46804.6,5171727.15,106750564.77250001,0.0004369913443712899,0.04369913443712899,0.00043844826582179657,0.1,0.0043699134437128985,1
KKR,-4649,114.98,-534542.02,4279979.15,539934549.088,0.0010862202447878746,0.10862202447878747,0.0009900126244984536,0.1,0.010862202447878746,1
KLAC,-107,168.471,-18026.397,11549531.5,1709828296.7665,9.264445055628447e-06,0.0009264445055628447,1.0542811248410254e-05,0.1,9.264445055628446e-05,1
KLIC,44,58.85,2589.4,711647.05,39633720.05950001,6.182840215525378e-05,0.006182840215525378,6.533325653288843e-05,0.1,0.0006182840215525377,1
KMB,5663,98.66,558711.58,6636617.55,661322880.9339999,0.0008532961191955381,0.08532961191955381,0.0008448393305414143,0.1,0.00853296119195538,1
KMI,7294,30.24,220570.56,15360179.05,435516600.40900004,0.00047486425622102364,0.04748642562210236,0.0005064572964448633,0.1,0.004748642562210236,1
KMPR,-1827,39.13,-71490.51000000001,730623.7,28572761.9505,0.002500603251714939,0.2500603251714939,0.0025020510836107315,0.1,0.025006032517149387,1
KMT,1035,34.81,36028.350000000006,1028629.0,33567958.526,0.0010061936811036826,0.10061936811036826,0.0010732958327535562,0.1,0.010061936811036825,1
KMX,1575,45.53,71709.75,3646559.9,164892774.9515,0.0004319139252312844,0.04319139252312844,0.00043488715634200484,0.1,0.004319139252312844,1
KN,-5142,24.57,-126338.94,657427.65,15498831.314499998,0.007821392970009703,0.7821392970009703,0.008151513971366542,0.1,0.07821392970009702,1
KNF,-461,69.66,-32113.26,510287.5,38411701.032000005,0.0009034122920902433,0.09034122920902433,0.0008360280627313822,0.1,0.009034122920902433,1
KNSA,-3150,43.96,-138474.0,700245.65,29038238.434250005,0.0044984213754130425,0.44984213754130425,0.004768677697634467,0.1,0.04498421375413042,1
KNSL,-371,395.28,-146648.87999999998,220428.4,87633921.46800001,0.0016830862084921906,0.16830862084921905,0.0016734259695721774,0.1,0.016830862084921905,1
KNX,-9,55.82,-502.38,3473335.45,195991601.5115,2.591169246264423e-06,0.0002591169246264423,2.5632731001002734e-06,0.1,2.5911692462644228e-05,1
KO,1376,73.43,101039.68000000001,17577878.0,1244520788.098,7.828021106984586e-05,0.007828021106984585,8.118761933612925e-05,0.1,0.0007828021106984586,1
KODK,236,7.55,1781.8,844840.9,6456414.4975000005,0.0002793425365651687,0.027934253656516868,0.00027597360743953687,0.1,0.0027934253656516864,1
KOP,-1011,29.62,-29945.82,126668.05,3604533.8600000003,0.007981491781076601,0.7981491781076602,0.008307820418144164,0.1,0.07981491781076601,1
KR,2749,61.75,169750.75,6720548.3,416393375.626,0.0004090440061267025,0.04090440061267025,0.00040766918960898237,0.1,0.004090440061267025,1
KRC,-3421,34.48,-117956.07999999999,1821483.8,67983921.558,0.001878139130306841,0.18781391303068412,0.0017350584858416354,0.1,0.01878139130306841,1
KREF,-7144,8.44,-60295.35999999999,861339.8,6967032.0745,0.008294055377448017,0.8294055377448017,0.00865438243361714,0.1,0.08294055377448016,1
KRG,2055,23.27,47819.85,1956759.0,46108756.776999995,0.0010502059783550248,0.10502059783550248,0.0010371099405537113,0.1,0.010502059783550248,1
KRNT,-5882,12.86,-75642.51999999999,339347.35,4783906.9895,0.017333272235660602,1.7333272235660602,0.015811870959453148,0.1,0.17333272235660602,1
KRNY,730,7.75,5657.5,441800.0,3420731.5420000004,0.0016523313716613852,0.16523313716613852,0.0016538859979325438,0.1,0.01652331371661385,1
KRO,18021,5.38,96952.98,339380.9,1757986.0320000004,0.05309962935450993,5.309962935450993,0.055150028632309396,0.1,0.5309962935450993,1
KRYS,108,279.34,30168.719999999998,310680.05,84139881.20375,0.00034762450952354363,0.03476245095235436,0.00035855434507857875,0.1,0.003476245095235436,1
KSS,60,16.9,1013.9999999999999,3439097.15,66509171.10050001,1.7446439394711488e-05,0.0017446439394711488,1.5246017702848454e-05,0.1,0.00017446439394711488,1
KTB,1200,59.4,71280.0,755325.05,45180456.461,0.0015887199822116318,0.15887199822116319,0.0015776733035340017,0.1,0.015887199822116317,1
KTOS,-3109,108.16,-336269.44,4355639.95,484400501.3415,0.0007137871898709166,0.07137871898709167,0.0006941971345379176,0.1,0.007137871898709166,1
KURA,-6522,8.22,-53610.840000000004,1386302.8,12620612.6525,0.004704599889721062,0.47045998897210617,0.004247879360229022,0.1,0.04704599889721062,1
KWR,787,154.89,121898.43,108000.0,16319291.5405,0.007287037037037037,0.7287037037037037,0.007469590802853272,0.1,0.07287037037037036,1
KYMR,-3040,73.91,-224686.4,740791.25,53923697.83099999,0.004103720177580391,0.4103720177580391,0.0041667468856490565,0.1,0.04103720177580391,1
L,5744,104.68,601281.92,700272.15,72591282.65249999,0.008202525261071713,0.8202525261071714,0.008283114694065712,0.1,0.08202525261071712,1
LAB,-1339,1.41,-1887.9899999999998,1518500.75,2239842.3355,0.0008817908058326609,0.0881790805832661,0.0008429120077233221,0.1,0.008817908058326608,1
LAD,841,327.07,275065.87,221676.1,73258180.0755,0.0037938235109693827,0.37938235109693824,0.00375474615553535,0.1,0.037938235109693824,1
LADR,100,11.16,1116.0,640950.9,7047705.319500001,0.00015601819109700913,0.015601819109700913,0.00015834941295178535,0.1,0.0015601819109700911,1
LAMR,3019,128.0,386432.0,427668.1,55071282.70799999,0.007059212506146707,0.7059212506146707,0.007016942061236292,0.1,0.07059212506146706,1
LAND,-122,10.44,-1273.6799999999998,732717.05,7140792.555999999,0.00016650356368805666,0.016650356368805665,0.00017836675551228547,0.1,0.0016650356368805666,1
LASR,-2615,47.11,-123192.65,837457.85,36038074.6535,0.00312254521227546,0.312254521227546,0.0034184026528741203,0.1,0.031225452122754595,1
LAUR,-7021,34.32,-240960.72,891357.0,30983085.714999996,0.00787675420734902,0.7876754207349019,0.007777169847331974,0.1,0.0787675420734902,1
LAZ,-74,53.79,-3980.46,1061558.95,55335129.787,6.970879949719232e-05,0.006970879949719231,7.19336886950817e-05,0.1,0.0006970879949719231,1
LBRT,-1296,25.34,-32840.64,3887621.4,81029704.9635,0.00033336579534210816,0.03333657953421082,0.00040529136832959144,0.1,0.0033336579534210815,1
LBTYK,-23135,11.08,-256335.8,754975.85,8060318.332499999,0.030643364287745098,3.0643364287745096,0.03180219309284954,0.1,0.30643364287745095,1
LCID,-8644,11.33,-97936.52,8590118.8,93970956.669,0.0010062724627277564,0.10062724627277564,0.0010421998825122976,0.1,0.010062724627277564,1
LCII,2344,149.38,350146.72,394341.65,55824470.71800001,0.005944084273116978,0.5944084273116979,0.006272280157724789,0.1,0.05944084273116978,1
LDOS,910,187.19,170342.9,922167.6,177595624.2135,0.000986805435367714,0.0986805435367714,0.0009591615826931581,0.1,0.009868054353677139,1
LE,-584,18.01,-10517.84,304133.95,5248973.486,0.0019202065405720078,0.19202065405720078,0.0020037898892141595,0.1,0.019202065405720076,1
LEA,391,120.58,47146.78,474242.35,57756301.68100001,0.000824472972521328,0.0824472972521328,0.0008163053836168633,0.1,0.00824472972521328,1
LECO,536,267.77,143524.72,285962.4,72962544.533,0.001874372295098936,0.1874372295098936,0.0019671013520517456,0.1,0.018743722950989358,1
LEN,3345,111.23,372064.35000000003,3358505.6,382948211.40900004,0.0009959786876639419,0.09959786876639419,0.0009715787642173481,0.1,0.009959786876639417,1
LEVI,-12817,20.54,-263261.18,2132972.05,45219717.79400001,0.006008986381232703,0.6008986381232704,0.0058218227101570034,0.1,0.06008986381232703,1
LFST,8022,7.07,56715.54,1601101.4,11588261.6635,0.005010301034025703,0.5010301034025704,0.00489422327928952,0.1,0.05010301034025703,1
LFUS,-263,326.5,-85869.5,219968.55,63995379.71700001,0.001195625465549507,0.1195625465549507,0.001341807805184243,0.1,0.01195625465549507,1
LGIH,808,50.145,40517.16,403571.35,20110633.151499998,0.0020021242835994183,0.20021242835994182,0.0020147132959350876,0.1,0.02002124283599418,1
LGND,288,195.17,56208.96,235807.85,46227931.778500006,0.001221333386483953,0.12213333864839529,0.00121590903675561,0.1,0.012213333864839528,1
LH,115,269.81,31028.15,785248.7,206117617.78800002,0.0001464504175556101,0.01464504175556101,0.000150536137245258,0.1,0.001464504175556101,1
LHX,-597,356.02,-212543.94,1826858.1,618541724.9869999,0.0003267905701050344,0.03267905701050344,0.0003436210225017029,0.1,0.003267905701050344,1
LII,-679,496.11,-336858.69,486562.7,247736437.149,0.0013955036010775178,0.1395503601077518,0.0013597462443419165,0.1,0.013955036010775178,1
LILAK,-13237,5.29,-70023.73,1010454.6,5067546.495704999,0.013100044277100624,1.3100044277100624,0.013818073511382409,0.1,0.13100044277100623,1
LIN,-209,455.0,-95095.0,2311558.8,1020269043.642,9.041517784449179e-05,0.009041517784449178,9.320580742168209e-05,0.1,0.0009041517784449179,1
LIND,9750,16.82,163995.0,759804.45,12180049.8125,0.012832249139893824,1.2832249139893825,0.013464230649672476,0.1,0.12832249139893823,1
LITE,1082,381.44,412718.08,4262839.9,1533086332.4640002,0.0002538214020188748,0.025382140201887476,0.00026920733115967,0.1,0.002538214020188748,1
LIVN,-395,64.71,-25560.449999999997,556246.65,35080962.197000004,0.0007101166362080562,0.07101166362080562,0.000728613139413429,0.1,0.007101166362080562,1
LKFN,-78,59.25,-4621.5,179556.8,10501048.18575,0.00043440292988068403,0.0434402929880684,0.0004400989232933346,0.1,0.00434402929880684,1
LKQ,888,32.62,28966.559999999998,2989407.85,98043215.05649999,0.000297048795131785,0.029704879513178503,0.00029544685966598764,0.1,0.00297048795131785,1
LLY,407,1024.14,416824.98000000004,2871465.4,3048338109.8759995,0.00014173947560015872,0.014173947560015871,0.00013673843418142212,0.1,0.001417394756001587,1
LMAT,1253,83.86,105076.58,142356.7,12024013.536499998,0.008801833703647247,0.8801833703647246,0.008738894020788516,0.1,0.08801833703647247,1
LMB,-236,83.56,-19720.16,163178.35,13487590.649500001,0.0014462702925970264,0.14462702925970264,0.0014620965680576202,0.1,0.014462702925970263,1
LMND,718,91.28,65539.04,2271841.4,194701494.8105,0.0003160431885782168,0.03160431885782168,0.00033661292669472386,0.1,0.0031604318857821677,1
LMT,-463,622.51,-288222.13,2186579.5,1216422655.2289999,0.00021174624567732388,0.02117462456773239,0.00023694242191316326,0.1,0.0021174624567732387,1
LNC,35,41.64,1457.4,1654745.4,70349732.13949999,2.115129010178847e-05,0.002115129010178847,2.0716496789355912e-05,0.1,0.00021151290101788467,1
LNG,-1922,212.99,-409366.78,1931124.05,388783163.749,0.0009952752646832813,0.09952752646832813,0.0010529436924493183,0.1,0.009952752646832812,1
LNN,466,125.23,58357.18,118609.55,14647754.627,0.003928857330628099,0.3928857330628099,0.003984035880313767,0.1,0.03928857330628099,1
LNT,2842,66.33,188509.86,2244044.3,148606437.53149998,0.0012664634116180329,0.1266463411618033,0.0012685174554436223,0.1,0.012664634116180329,1
LNTH,-120,66.68,-8001.6,846137.95,56839005.052250005,0.00014182084611616817,0.014182084611616817,0.0001407765669480742,0.1,0.0014182084611616816,1
LOB,-86,39.5,-3397.0,386060.15,14571691.601,0.00022276321448872667,0.022276321448872666,0.00023312324286130765,0.1,0.0022276321448872665,1
LOPE,-772,172.54,-133200.88,289838.6,50649455.9315,0.002663551369624336,0.2663551369624336,0.0026298580616570745,0.1,0.026635513696243358,1
LOVE,15915,13.45,214056.75,303129.4,4521556.152500001,0.05250233068781847,5.250233068781847,0.047341389287324565,0.1,0.5250233068781847,1
LOW,-567,266.64,-151184.88,2902911.55,773138798.2025001,0.00019532114232002695,0.019532114232002695,0.0001955468802645728,0.1,0.0019532114232002694,1
LPLA,-862,362.71,-312656.01999999996,588246.45,215642486.28849998,0.0014653722092160524,0.14653722092160523,0.0014498813540004785,0.1,0.014653722092160523,1
LPX,-49,86.44,-4235.5599999999995,1016489.55,90469765.0985,4.820511927545148e-05,0.004820511927545148,4.6817409058026014e-05,0.1,0.00048205119275451477,1
LQDA,280,43.06,12056.800000000001,2362851.75,88525028.04675,0.00011850087505489923,0.011850087505489923,0.00013619651149540234,0.1,0.0011850087505489923,1
LQDT,-456,32.15,-14660.4,129967.75,4061986.2545000003,0.003508562701131627,0.35085627011316267,0.003609170263380072,0.1,0.03508562701131627,1
LRCX,1239,248.17,307482.63,13515422.25,2924460465.2205,9.167305150233098e-05,0.009167305150233097,0.00010514166071204394,0.1,0.0009167305150233097,1
LRN,4323,84.04,363304.92000000004,1573352.75,116363927.664,0.0027476355826752774,0.27476355826752774,0.0031221438403921907,0.1,0.02747635582675277,1
LSCC,4918,83.31,409718.58,1856011.35,155142427.96899998,0.0026497682786260977,0.2649768278626098,0.0026409189630696548,0.1,0.026497682786260975,1
LSTR,-968,150.0,-145200.0,499840.6,76158894.33500001,0.0019366173936250877,0.19366173936250877,0.0019065402835459898,0.1,0.019366173936250876,1
LTC,-5793,36.18,-209590.74,429754.6,15491165.686500002,0.013479785905723872,1.3479785905723871,0.013529694552466819,0.1,0.1347978590572387,1
LTH,1396,29.34,40958.64,2281579.3,64210000.10700001,0.000611856883519236,0.061185688351923596,0.0006378856865246258,0.1,0.006118568835192359,1
LULU,-241,172.54,-41582.14,2918196.45,583824675.38,8.258525569791575e-05,0.008258525569791574,7.122367682204423e-05,0.1,0.0008258525569791574,1
LUMN,-13958,8.93,-124644.94,11772870.65,99111393.83250001,0.001185607182390983,0.11856071823909829,0.0012576247309229868,0.1,0.011856071823909829,1
LUV,3271,48.5,158643.5,9831438.3,428653113.6415,0.0003327081857392117,0.03327081857392117,0.0003700976266153522,0.1,0.003327081857392117,1
LVS,-2858,52.71,-150645.18,7035147.3,419974230.722,0.0004062459360303657,0.04062459360303657,0.0003587010082523822,0.1,0.004062459360303657,1
LW,-474,45.96,-21785.04,2941414.3,126386524.18899998,0.00016114696933376574,0.016114696933376575,0.00017236837661127843,0.1,0.0016114696933376574,1
LXP,999,49.33,49280.67,485370.45,24207896.213500004,0.0020582217149807945,0.20582217149807944,0.00203572708530193,0.1,0.020582217149807944,1
LXRX,94546,1.44,136146.24,2595587.2,3811221.4620000003,0.036425668919926865,3.6425668919926864,0.03572246886134899,0.1,0.3642566891992686,1
LXU,3093,9.57,29600.010000000002,542097.7,5163176.719500001,0.005705613582201142,0.5705613582201142,0.005732906620880962,0.1,0.05705613582201142,1
LYB,-1478,49.95,-73826.1,5748282.35,281704220.541,0.00025712028567977357,0.025712028567977357,0.000262069555998204,0.1,0.0025712028567977355,1
LYFT,-7175,17.75,-127356.25,11656604.15,217316504.4145,0.000615530896277369,0.0615530896277369,0.0005860403945992351,0.1,0.00615530896277369,1
LYTS,2988,22.3,66632.40000000001,157617.45,3236360.5319999997,0.018957291848079004,1.8957291848079003,0.020588682670290338,0.1,0.18957291848079003,1
LYV,1064,147.78,157237.92,2621757.4,380608273.984,0.00040583465121524974,0.04058346512152498,0.00041312270580489265,0.1,0.0040583465121524975,1
LZ,-10773,9.11,-98142.03,2486266.65,23215856.405500002,0.004333002656814787,0.4333002656814787,0.004227370650722558,0.1,0.04333002656814787,1
LZB,-175,36.77,-6434.750000000001,412352.85,15789708.308500001,0.0004243938170913576,0.04243938170913576,0.00040752811098707954,0.1,0.004243938170913576,1
M,66,20.02,1321.32,6460191.15,140235256.12649998,1.0216415964719558e-05,0.0010216415964719558,9.422166982089696e-06,0.1,0.00010216415964719558,1
MA,179,543.73,97327.67,4214832.05,2300735311.5660005,4.246907062405962e-05,0.004246907062405963,4.2302854009639945e-05,0.1,0.0004246907062405962,1
MAA,1161,133.68,155202.48,936726.4,127353406.87550001,0.0012394227385926135,0.12394227385926135,0.0012186755251214058,0.1,0.012394227385926134,1
MAC,2624,18.68,49016.32,1630783.9,29989354.128,0.0016090421299842365,0.16090421299842364,0.001634457340787983,0.1,0.016090421299842363,1
MAGN,620,13.25,8215.0,486637.85,6975758.9735,0.0012740480420912596,0.12740480420912595,0.0011776496337112155,0.1,0.012740480420912595,1
MAN,-10258,33.29,-341488.82,1018106.05,31260815.971999995,0.010075571204001783,1.0075571204001783,0.010923861370281191,0.1,0.10075571204001782,1
MANH,-2180,155.77,-339578.60000000003,727664.8,123058544.002,0.0029958849184404685,0.29958849184404684,0.0027594881993279643,0.1,0.029958849184404685,1
MANU,12962,17.77,230334.74,333191.35,5607751.340000001,0.03890257054992574,3.890257054992574,0.04107434977671459,0.1,0.3890257054992574,1
MAR,266,319.77,85058.81999999999,1504411.95,480673888.78050005,0.00017681327245506125,0.017681327245506126,0.00017695743826609675,0.1,0.0017681327245506124,1
MARA,-229,9.86,-2257.94,40776683.65,425635674.0364999,5.6159544990363634e-06,0.0005615954499036364,5.30486549350272e-06,0.1,5.615954499036363e-05,1
MAS,-6216,66.28,-411996.48,2211592.3,149979905.62800002,0.002810644620168012,0.28106446201680124,0.002747011196432461,0.1,0.02810644620168012,1
MASI,-118,136.25,-16077.5,784095.65,108442545.575,0.00015049184369279436,0.015049184369279435,0.0001482582312574047,0.1,0.0015049184369279435,1
MAT,7074,20.77,146926.98,2814923.8,59322743.700750016,0.0025130342782280646,0.25130342782280646,0.002476739456643547,0.1,0.025130342782280646,1
MATV,9139,12.3,112409.70000000001,259149.95,3253830.192,0.03526529717640308,3.526529717640308,0.03454688578290751,0.1,0.35265297176403076,1
MATW,-1191,26.02,-30989.82,239698.05,6497719.539999999,0.004968751310242199,0.4968751310242199,0.004769337889889905,0.1,0.04968751310242198,1
MATX,-1239,161.27,-199813.53,313871.85,45291830.2185,0.00394747091846561,0.394747091846561,0.004411690343182107,0.1,0.03947470918465609,1
MBIN,-545,40.44,-22039.8,163266.3,5841874.378999999,0.003338104679287765,0.3338104679287765,0.0037727274792534534,0.1,0.03338104679287765,1
MBUU,-130,32.23,-4189.9,167554.15,5355807.3695,0.0007758685774121382,0.07758685774121382,0.0007823096894523214,0.1,0.007758685774121381,1
MBWM,-4099,51.32,-210360.68,104305.6,5222287.389,0.0392979859183016,3.9297985918301603,0.04028132967999704,0.1,0.392979859183016,1
MC,-1489,71.73,-106805.97,746889.6,55503068.777499996,0.0019936011962142734,0.19936011962142733,0.0019243254896078347,0.1,0.019936011962142734,1
MCB,604,92.0,55568.0,185454.6,15968173.899500001,0.0032568617871975136,0.32568617871975136,0.003479922021749773,0.1,0.03256861787197513,1
MCD,1654,315.51,521853.54,3085612.1,947877031.7299999,0.0005360362697566554,0.05360362697566554,0.0005505498313927375,0.1,0.005360362697566554,1
MCHB,-86,15.17,-1304.62,409292.25,6041052.8435,0.0002101188087485165,0.02101188087485165,0.0002159590445237925,0.1,0.002101188087485165,1
MCHP,4036,79.36,320296.96,8944309.85,663799824.2825,0.00045123660379453427,0.04512366037945343,0.00048252040492208383,0.1,0.0045123660379453425,1
MCK,-318,822.3,-261491.4,572695.95,472766301.85249996,0.0005552684631347577,0.05552684631347577,0.0005531092190271709,0.1,0.005552684631347576,1
MCO,-747,515.45,-385041.15,717441.5,377232443.197,0.0010411998748330003,0.10411998748330004,0.001020699987352154,0.1,0.010411998748330003,1
MCRI,48,90.2,4329.6,79210.7,7294259.147,0.0006059787377210403,0.06059787377210402,0.0005935626789158826,0.1,0.006059787377210402,1
MCS,-14488,15.07,-218334.16,157401.75,2428473.5545,0.09204471996022916,9.204471996022916,0.08990592448306606,0.1,0.9204471996022915,1
MCW,5507,5.44,29958.08,1068106.65,6205158.734,0.005155852180117033,0.5155852180117033,0.004827931288179678,0.1,0.05155852180117033,1
MCY,48,87.16,4183.68,209754.75,18645814.463,0.00022883867945779535,0.022883867945779533,0.000224376361156115,0.1,0.0022883867945779532,1
MD,-4904,21.0,-102984.0,549475.4,11959401.055000002,0.008924876345692636,0.8924876345692636,0.008611133578210785,0.1,0.08924876345692635,1
MDB,-624,374.02,-233388.47999999998,1473724.8,594882746.4825,0.00042341690931712623,0.042341690931712625,0.0003923268600073035,0.1,0.004234169093171262,1
MDGL,281,494.69,139007.88999999998,333935.05,174576437.85200003,0.0008414810005718178,0.08414810005718178,0.0007962580272020796,0.1,0.008414810005718178,1
MDLZ,-11155,57.31,-639293.05,11342810.85,634757822.837,0.0009834423008120601,0.098344230081206,0.0010071448149196968,0.1,0.0098344230081206,1
MDT,-5378,101.0,-543178.0,7731419.4,766179812.7985,0.0006956031902757726,0.06956031902757726,0.0007089432414253025,0.1,0.006956031902757726,1
MDU,-6754,20.53,-138659.62,2122332.25,42872419.4635,0.0031823480984186146,0.3182348098418615,0.0032342382756832674,0.1,0.031823480984186144,1
MEDP,-135,593.07,-80064.45000000001,208840.35,125559836.5405,0.0006464268040156033,0.06464268040156033,0.000637659718314262,0.1,0.006464268040156033,1
MELI,168,2218.14,372647.51999999996,545169.5,1164299129.7395,0.00030816103982339436,0.030816103982339436,0.00032006166669846777,0.1,0.0030816103982339435,1
MET,1306,78.23,102168.38,3428732.05,267599185.76099998,0.0003808988223503788,0.03808988223503788,0.00038179630371240863,0.1,0.0038089882235037877,1
META,-478,738.31,-352912.18,17442292.45,11525150561.81,2.7404654598598936e-05,0.0027404654598598937,3.0621047257240856e-05,0.1,0.00027404654598598934,1
MFA,892,10.14,9044.880000000001,1470588.75,14364298.732499998,0.0006065597877040743,0.06065597877040743,0.0006296777982997161,0.1,0.006065597877040743,1
MGEE,2610,78.94,206033.4,107777.55,8499283.399,0.024216546024659124,2.4216546024659125,0.02424126721368548,0.1,0.24216546024659122,1
MGM,4835,33.34,161198.90000000002,4510152.8,156359302.08699995,0.0010720257637390912,0.10720257637390912,0.0010309517748442448,0.1,0.010720257637390911,1
MGNI,102,15.02,1532.04,2200420.95,34290094.77150001,4.635476680041607e-05,0.004635476680041607,4.46787916513239e-05,0.1,0.00046354766800416064,1
MGPI,808,25.11,20288.88,246536.05,6061299.029499999,0.0032774111534601127,0.32774111534601125,0.003347282472165648,0.1,0.03277411153460112,1
MGRC,-1295,110.73,-143395.35,119371.0,13240193.5135,0.010848531050255086,1.0848531050255086,0.010830306207669161,0.1,0.10848531050255086,1
MGY,-132,25.53,-3369.96,2653785.5,61674978.96999999,4.9740267252195026e-05,0.004974026725219503,5.4640634764370487e-05,0.1,0.0004974026725219502,1
MHK,-10,119.99,-1199.8999999999999,759024.8,89195045.70599999,1.31748000855835e-05,0.00131748000855835,1.3452540895096876e-05,0.1,0.000131748000855835,1
MHO,841,136.37,114687.17,233435.55,31184429.195499998,0.003602707471077135,0.3602707471077135,0.0036777062450304423,0.1,0.036027074710771344,1
MIDD,-1165,120.653,-140560.745,725419.35,88036603.64665,0.001605967637891104,0.1605967637891104,0.0015966170794612278,0.1,0.016059676378911036,1
MIR,-1307,25.29,-33054.03,2175227.15,55764705.08400001,0.0006008567886806672,0.06008567886806672,0.0005927410527897484,0.1,0.006008567886806672,1
MIRM,3644,102.92,375040.48,849102.6,75512825.20149998,0.004291589732501114,0.4291589732501114,0.004966579902145552,0.1,0.04291589732501114,1
MITK,341,10.05,3427.05,432825.35,4473352.421499999,0.0007878466453039315,0.07878466453039315,0.0007661032883366801,0.1,0.007878466453039315,1
MKC,8579,61.32,526064.28,4545071.8,293658365.65150005,0.001887538938328763,0.1887538938328763,0.00179141594973088,0.1,0.01887538938328763,1
MKL,-288,2020.62,-581938.5599999999,45857.65,95396818.3315,0.006280304376696145,0.6280304376696145,0.006100188351961462,0.1,0.06280304376696144,1
MKSI,476,243.88,116086.88,1368718.75,288813252.08449996,0.00034777049704331147,0.034777049704331146,0.0004019444369749201,0.1,0.0034777049704331144,1
MKTX,-2576,168.61,-434339.36000000004,544984.85,94462429.28449999,0.004726736899200042,0.4726736899200042,0.004598011752290064,0.1,0.047267368992000416,1
MLAB,-5,78.68,-393.40000000000003,97826.1,8219979.602999998,5.1111104296297204e-05,0.00511111042962972,4.785899953528146e-05,0.1,0.000511111042962972,1
MLI,-2328,68.69,-159910.32,1391351.7,88792097.15799999,0.0016731930539201556,0.16731930539201556,0.001800952169374371,0.1,0.016731930539201554,1
MLKN,5186,19.43,100763.98,513986.55,9863138.647499999,0.0100897581853066,1.00897581853066,0.01021621854880247,0.1,0.100897581853066,1
MLM,-784,653.33,-512210.72000000003,405653.8,261665063.637,0.0019326824992148479,0.19326824992148478,0.001957505189575382,0.1,0.019326824992148477,1
MLR,-124,40.99,-5082.76,52803.65,2092965.2079999999,0.0023483225117960594,0.23483225117960593,0.0024284971296092374,0.1,0.023483225117960593,1
MMI,5773,26.98,155755.54,269753.7,7223141.933,0.02140100395286515,2.140100395286515,0.021563405709696445,0.1,0.2140100395286515,1
MMM,2952,156.38,461633.76,4091093.0,661331332.532,0.0007215675615294006,0.07215675615294005,0.000698037031199732,0.1,0.007215675615294005,1
MMS,374,94.17,35219.58,529244.75,49973391.135000005,0.0007066673783726716,0.07066673783726717,0.0007047666608186845,0.1,0.007066673783726716,1
MMSI,1015,80.24,81443.59999999999,779531.15,66170326.23150001,0.0013020647090241358,0.13020647090241358,0.0012308175679090008,0.1,0.013020647090241358,1
MMYT,-540,62.06,-33512.4,1518717.9,105819859.4895,0.0003555630706663825,0.03555630706663825,0.00031669291720544455,0.1,0.003555630706663825,1
MNKD,-11549,5.79,-66868.71,4102753.85,23242387.508999996,0.002814938556452759,0.2814938556452759,0.002877015537844676,0.1,0.02814938556452759,1
MNRO,-5983,18.99,-113617.16999999998,802177.35,16280759.312500004,0.007458450428698841,0.7458450428698842,0.006978616157832839,0.1,0.07458450428698842,1
MNST,2694,80.04,215627.76,5350677.1,421980664.41099995,0.0005034876800919271,0.050348768009192704,0.0005109896689246958,0.1,0.00503487680091927,1
MO,4587,59.76,274119.12,11054953.5,657883080.1264999,0.00041492711841800147,0.041492711841800145,0.00041666844501805927,0.1,0.0041492711841800145,1
MOD,-865,176.72,-152862.8,1578431.1,217003931.9705,0.0005480125169860122,0.05480125169860122,0.0007044241024203216,0.1,0.005480125169860122,1
MOG/A,830,288.0,239040.0,191783.4,53314584.456,0.004327798964873915,0.4327798964873915,0.004483576162865479,0.1,0.04327798964873915,1
MOH,528,184.93,97643.04000000001,1411305.9,262671761.41500002,0.00037412158483855274,0.037412158483855276,0.0003717302517560384,0.1,0.003741215848385527,1
MORN,1518,201.24,305482.32,394223.15,84052013.353,0.003850611005467335,0.3850611005467335,0.003634443814177792,0.1,0.038506110054673345,1
MOS,13065,28.04,366342.6,7345038.2,196578814.27949998,0.0017787518109844548,0.17787518109844547,0.0018635914625017842,0.1,0.017787518109844545,1
MOV,11251,22.89,257535.39,138345.4,3077583.4365,0.08132543619086721,8.132543619086722,0.08368104238723213,0.1,0.8132543619086721,1
MP,-40,62.16,-2486.3999999999996,10624748.4,680475225.1645001,3.764795032699315e-06,0.0003764795032699315,3.6539170098351927e-06,0.1,3.764795032699315e-05,1
MPC,240,175.74,42177.600000000006,2238006.3,390625386.237,0.00010723830402086,0.010723830402086,0.00010797454923835912,0.1,0.0010723830402086,1
MPWR,-620,1183.15,-733553.0,543529.95,557568981.65,0.0011406915111117613,0.11406915111117613,0.0013156273468248089,0.1,0.011406915111117612,1
MQ,-9237,16.68,-154073.16,810677.35,14742563.3,0.011394175500277638,1.139417550027764,0.01045090713634582,0.1,0.11394175500277638,1
MRCY,545,98.29,53568.05,708842.9,66892405.625,0.0007688586568335523,0.07688586568335523,0.0008008091426746323,0.1,0.007688586568335523,1
MRK,-1280,108.34,-138675.2,12047473.3,1312582208.4424999,0.00010624634461733979,0.010624634461733978,0.00010565067780748831,0.1,0.0010624634461733977,1
MRNA,7943,46.86,372208.98,14648536.8,615698470.0919999,0.0005422384575638981,0.05422384575638981,0.0006045312731480122,0.1,0.005422384575638981,1
MRSH,2261,187.92,424887.12,2691315.55,492628880.59099996,0.000840109588784563,0.0840109588784563,0.0008624892626885148,0.1,0.00840109588784563,1
MRTN,-93,12.69,-1180.1699999999998,1032384.7,12914400.533499999,9.008269882341341e-05,0.009008269882341342,9.138403264933861e-05,0.1,0.000900826988234134,1
MRVL,4783,81.34,389049.22000000003,14311955.7,1196904333.5235,0.0003341961154896532,0.03341961154896532,0.0003250462122187324,0.1,0.003341961154896532,1
MS,726,182.4,132422.4,6858891.85,1262606415.1734998,0.00010584800225418338,0.010584800225418339,0.00010488018943084754,0.1,0.0010584800225418337,1
MSA,-1014,178.26,-180755.63999999998,227011.15,39871290.144,0.004466740950829948,0.4466740950829948,0.004533478584394412,0.1,0.04466740950829948,1
MSBI,324,22.8,7387.2,196785.5,4415486.1565000005,0.00164646277291772,0.164646277291772,0.001673020758795804,0.1,0.0164646277291772,1
MSCI,-563,608.24,-342439.12,452278.15,267182211.175,0.0012448091954033154,0.12448091954033154,0.0012816688599665339,0.1,0.012448091954033154,1
MSEX,3311,51.99,172138.89,102701.6,5370177.9325,0.03223903035590487,3.223903035590487,0.03205459710342661,0.1,0.3223903035590487,1
MSFT,-451,433.5,-195508.5,32054865.15,14789469076.4805,1.4069627118677804e-05,0.0014069627118677803,1.3219440061639172e-05,0.1,0.00014069627118677803,1
MSGE,-2402,62.11,-149188.22,323954.55,18882655.486500002,0.007414620353379819,0.7414620353379818,0.007900807177605971,0.1,0.07414620353379818,1
MSGS,-986,285.64,-281641.04,201003.1,55638186.517500006,0.0049053969814395896,0.490539698143959,0.005062009702839879,0.1,0.049053969814395894,1
MSI,-1057,403.15,-426129.55,1173716.5,460171584.3540001,0.0009005581841952465,0.09005581841952465,0.0009260231715485233,0.1,0.009005581841952465,1
MSM,2103,84.25,177177.75,842911.05,71072814.3055,0.002494925176268599,0.2494925176268599,0.0024929046602603583,0.1,0.02494925176268599,1
MSTR,-698,143.19,-99946.62,21772304.35,3546767693.3005,3.205907784400414e-05,0.0032059077844004136,2.817963527433428e-05,0.1,0.00032059077844004137,1
MTB,-143,221.44,-31665.92,1212683.2,258303451.63599992,0.00011792032741939528,0.011792032741939528,0.0001225919351810423,0.1,0.0011792032741939527,1
MTCH,-5908,31.02,-183266.16,3519436.85,111779990.54,0.001678677655489116,0.1678677655489116,0.0016395256352649177,0.1,0.01678677655489116,1
MTD,-164,1392.8,-228419.19999999998,129270.8,186784088.5695,0.0012686546381704142,0.12686546381704142,0.0012229050223140827,0.1,0.012686546381704142,1
MTDR,-2466,44.78,-110427.48,1787178.4,76480155.70000002,0.0013798286729517324,0.13798286729517323,0.0014438710145042236,0.1,0.013798286729517323,1
MTG,4952,27.01,133753.52000000002,2314875.1,62783523.539,0.0021392082881707096,0.21392082881707097,0.002130392059262407,0.1,0.021392082881707096,1
MTH,255,69.96,17839.8,1033979.25,75081453.2135,0.00024662003613708884,0.024662003613708884,0.00023760594975793996,0.1,0.002466200361370888,1
MTN,-151,131.47,-19851.97,873801.55,120008598.14149997,0.00017280811644245766,0.017280811644245768,0.00016542123070709401,0.1,0.0017280811644245766,1
MTRN,-152,141.92,-21571.839999999997,166144.05,23124822.755499996,0.0009148687539517666,0.09148687539517666,0.0009328434742216288,0.1,0.009148687539517666,1
MTSI,-1956,227.73,-445439.88,1516849.05,308737584.47375,0.0012895152619174597,0.12895152619174596,0.0014427782764423129,0.1,0.012895152619174597,1
MTUS,276,19.86,5481.36,345280.0,6748916.838500001,0.0007993512511584801,0.07993512511584801,0.0008121836631221959,0.1,0.0079935125115848,1
MTW,-10299,12.93,-133166.07,218349.6,2911503.9265,0.04716747820925708,4.7167478209257085,0.04573789813159643,0.1,0.4716747820925708,1
MTX,-4022,65.25,-262435.5,163622.5,10753664.2,0.024580971443413955,2.4580971443413957,0.024404286308289228,0.1,0.24580971443413954,1
MTZ,1646,245.08,403401.68,889904.25,207792013.378,0.0018496371941138612,0.18496371941138612,0.0019413724013836915,0.1,0.01849637194113861,1
MU,482,435.79,210050.78,35822278.6,13101041675.2195,1.345531381133304e-05,0.001345531381133304,1.603313577708169e-05,0.1,0.00013455313811333038,1
MUR,-4962,31.08,-154218.96,2885022.4,91600438.51400001,0.0017199173219590946,0.17199173219590946,0.0016836050405635286,0.1,0.017199173219590944,1
MUSA,633,419.13,265309.29,264801.7,113416058.50799999,0.002390468037025442,0.2390468037025442,0.0023392568344392426,0.1,0.02390468037025442,1
MUX,-5564,27.65,-153844.6,1518856.4,36220207.71300001,0.003663282453825128,0.3663282453825128,0.004247479783082048,0.1,0.03663282453825128,1
MWA,2909,26.99,78513.90999999999,1054498.9,27199343.143,0.002758656267920242,0.2758656267920242,0.0028866105180266554,0.1,0.02758656267920242,1
MXL,-2153,19.27,-41488.31,1101006.25,20787109.658,0.0019554839039287925,0.19554839039287925,0.001995867183200867,0.1,0.019554839039287925,1
MYE,5534,20.53,113613.02,287479.65,5694611.3025,0.019250058221512375,1.9250058221512374,0.019950970130326994,0.1,0.19250058221512373,1
MYGN,-959,5.54,-5312.86,907585.55,5541679.607,0.0010566497009565654,0.10566497009565654,0.0009587093402673504,0.1,0.010566497009565653,1
MYRG,26,254.66,6621.16,199607.7,47946418.58100001,0.00013025549615570942,0.013025549615570942,0.00013809498594382613,0.1,0.0013025549615570942,1
MZTI,-284,167.58,-47592.72,129558.9,21656629.112,0.0021920531897075385,0.21920531897075385,0.002197605165322277,0.1,0.021920531897075383,1
NABL,-5828,6.15,-35842.200000000004,1012562.3,6916657.288,0.005755695229814501,0.57556952298145,0.005182011845835437,0.1,0.057556952298145,1
NAGE,-74,5.99,-443.26,783190.85,4977763.307999999,9.448527137414847e-05,0.009448527137414847,8.904802670862551e-05,0.1,0.0009448527137414847,1
NAT,16973,4.22,71626.06,3191809.9,12476024.313499998,0.0053176725844480905,0.5317672584448091,0.005741096538461792,0.1,0.0531767258444809,1
NAVI,-27146,9.88,-268202.48000000004,949416.95,11182047.135000002,0.028592284980797952,2.859228498079795,0.023985096535724806,0.1,0.2859228498079795,1
NBHC,-1007,39.97,-40249.79,440979.75,17669243.4515,0.0022835515689779407,0.22835515689779406,0.002277957746775121,0.1,0.022835515689779404,1
NBIS,946,94.91,89784.86,12380976.3,1221769384.6545,7.640754469419345e-05,0.007640754469419345,7.348756739831876e-05,0.1,0.0007640754469419344,1
NBIX,-817,137.96,-112713.32,1110803.15,150843792.08050004,0.0007355038559262279,0.0735503855926228,0.0007472188178605909,0.1,0.007355038559262278,1
NBN,688,117.15,80599.2,125129.85,13858148.709999999,0.005498288378032899,0.5498288378032898,0.005816014944466562,0.1,0.054982883780328985,1
NBR,1298,67.06,87043.88,372896.6,23244152.417499997,0.003480857696208547,0.3480857696208547,0.0037447646374262557,0.1,0.03480857696208547,1
NBTB,-2584,44.11,-113980.24,204207.3,8818526.035500001,0.012653808164546518,1.2653808164546518,0.012925089696527435,0.1,0.12653808164546518,1
NCLH,-12922,22.92,-296172.24000000005,18342006.7,411004179.8975,0.000704503068358382,0.0704503068358382,0.0007206063940124946,0.1,0.00704503068358382,1
NCNO,3539,21.39,75699.21,1708180.0,41150683.247999996,0.002071795712395649,0.2071795712395649,0.00183956143677588,0.1,0.02071795712395649,1
NDAQ,1729,98.09,169597.61000000002,3350853.9,331400168.78300005,0.00051598787998486,0.051598787998486,0.0005117607834142417,0.1,0.0051598787998486,1
NDSN,-249,275.0,-68475.0,400862.1,105681318.065,0.0006211612422326781,0.06211612422326781,0.0006479385501029047,0.1,0.00621161242232678,1
NE,5331,36.01,191969.31,1918105.0,62225932.53549999,0.0027793056167415234,0.27793056167415237,0.003085037092702166,0.1,0.027793056167415234,1
NEE,-3437,88.18,-303074.66000000003,9568657.6,796603236.3475001,0.0003591935403770744,0.03591935403770744,0.0003804587355050496,0.1,0.003591935403770744,1
NEM,1696,126.93,215273.28,9630794.8,1123570901.2870002,0.00017610176887996823,0.017610176887996824,0.00019159741477232464,0.1,0.0017610176887996821,1
NEO,-2999,12.4,-37187.6,2030572.55,25681922.3165,0.0014769233436155728,0.1476923343615573,0.0014480068719820043,0.1,0.014769233436155728,1
NEOG,-673,10.21,-6871.330000000001,4600589.55,42802733.508250006,0.00014628559941844846,0.014628559941844846,0.00016053484057684277,0.1,0.0014628559941844844,1
NET,-936,180.39,-168845.03999999998,4046918.75,759864695.096,0.00023128707488876568,0.023128707488876566,0.00022220408592436104,0.1,0.0023128707488876566,1
NEU,362,664.47,240538.14,147884.2,100118233.30749999,0.0024478612319639285,0.24478612319639284,0.0024025407965522,0.1,0.024478612319639284,1
NEXA,57,13.86,790.02,919986.6,10844988.993,6.195742416248236e-05,0.006195742416248236,7.284654696375678e-05,0.1,0.0006195742416248236,1
NEXT,-81,5.28,-427.68,2930867.65,14995438.771499997,2.763686719187064e-05,0.002763686719187064,2.8520672620319673e-05,0.1,0.0002763686719187064,1
NFE,-53474,1.34,-71655.16,13059627.15,18757058.432,0.004094603880019652,0.4094603880019652,0.003820170431295056,0.1,0.04094603880019652,1
NFG,-2015,84.0,-169260.0,857364.45,69498971.07149999,0.0023502257412235834,0.23502257412235833,0.0024354317393543374,0.1,0.023502257412235834,1
NFLX,-516,83.16,-42910.56,51287064.45,4493795342.3775,1.0061016467476917e-05,0.0010061016467476918,9.548846071235994e-06,0.1,0.00010061016467476917,1
NGVC,1830,26.25,48037.5,224646.35,5755002.563,0.008146137250838929,0.8146137250838928,0.00834708577001202,0.1,0.08146137250838928,1
NGVT,-309,65.92,-20369.28,279798.8,18201453.7125,0.0011043649937026178,0.11043649937026179,0.0011191018213018461,0.1,0.011043649937026178,1
NHC,695,140.18,97425.1,69085.3,9428996.162,0.010060027241685279,1.0060027241685279,0.010332499698391541,0.1,0.10060027241685278,1
NHI,-1195,80.77,-96520.15,194331.05,15285247.778499996,0.006149300382002773,0.6149300382002774,0.006314595052607771,0.1,0.06149300382002773,1
NI,-9511,44.65,-424666.14999999997,3698343.8,159622960.64099997,0.0025716916853430445,0.25716916853430444,0.002660432736585405,0.1,0.025716916853430444,1
NIC,-189,146.41,-27671.489999999998,174205.25,23435217.867000006,0.001084927119016218,0.1084927119016218,0.0011807652122989324,0.1,0.010849271190162178,1
NJR,383,49.26,18866.579999999998,473775.4,22460934.600499995,0.0008083999295868886,0.08083999295868886,0.0008399730614762583,0.1,0.008083999295868885,1
NKE,1208,62.6,75620.8,17216252.25,1110166735.256,7.016625816457818e-05,0.007016625816457818,6.811661491781426e-05,0.1,0.0007016625816457818,1
NKTR,-2780,35.23,-97939.4,712874.2,27498931.744000006,0.003899706287589031,0.3899706287589031,0.003561571078897252,0.1,0.038997062875890304,1
NLY,70,24.0,1680.0,8588713.3,201372264.07899997,8.15023130414657e-06,0.000815023130414657,8.342757666671128e-06,0.1,8.15023130414657e-05,1
NMIH,5696,38.8,221004.8,448580.7,17309676.185999997,0.012697826723262948,1.2697826723262948,0.01276770273604239,0.1,0.12697826723262948,1
NMRK,10304,17.71,182483.84,905776.6,15723769.9875,0.011375873476969929,1.1375873476969929,0.011605603499992052,0.1,0.11375873476969928,1
NN,-9536,14.63,-139511.68,1471593.8,22530567.496,0.006480049046143032,0.6480049046143032,0.0061921067911302466,0.1,0.06480049046143031,1
NNI,152,130.78,19878.56,109787.0,14687302.603000004,0.0013844990754825252,0.1384499075482525,0.001353452062459695,0.1,0.01384499075482525,1
NNN,-5399,41.82,-225786.18,1436200.55,59554973.10349999,0.003759224294963541,0.37592242949635407,0.0037912229362879308,0.1,0.0375922429496354,1
NOC,-875,695.35,-608431.25,1164457.1,739112181.943,0.0007514231310024216,0.07514231310024215,0.0008231920199184621,0.1,0.007514231310024215,1
NOG,-1441,24.82,-35765.62,2113944.7,47666010.0415,0.0006816640000090825,0.06816640000090825,0.0007503380284790141,0.1,0.006816640000090825,1
NOMD,210,12.55,2635.5,2166715.4,25974289.939999998,9.692089694844095e-05,0.009692089694844095,0.00010146571883535386,0.1,0.0009692089694844095,1
NOV,-11499,18.6,-213881.40000000002,4550285.7,81051962.56449999,0.0025270940679614907,0.25270940679614906,0.00263881827450873,0.1,0.025270940679614905,1
NOVT,1249,140.42,175384.58,513204.35,66613599.3245,0.0024337283968851784,0.24337283968851783,0.0026328644868089993,0.1,0.02433728396885178,1
NOW,3214,116.73,375170.22000000003,15051882.55,1981923356.4025002,0.00021352810781798186,0.021352810781798185,0.00018929602842008607,0.1,0.0021352810781798182,1
NPK,95,125.35,11908.25,77578.6,9144846.2235,0.0012245645061911403,0.12245645061911403,0.0013021815467381761,0.1,0.012245645061911403,1
NPKI,17531,13.83,242453.73,637750.05,8530161.949000001,0.027488825755482102,2.74888257554821,0.02842310983655159,0.1,0.274888257554821,1
NPO,-7,240.0,-1680.0,164692.2,38355151.6985,4.25035308290253e-05,0.00425035308290253,4.380115644453837e-05,0.1,0.00042503530829025296,1
NRG,1786,153.72,274543.92,1953140.3,297721210.13000005,0.0009144248367615988,0.09144248367615987,0.0009221510280712627,0.1,0.009144248367615987,1
NRIM,2255,22.88,51594.399999999994,219658.75,5758764.2700000005,0.010265923847786624,1.0265923847786624,0.008959283203998901,0.1,0.10265923847786623,1
NSA,-3123,31.83,-99405.09,1667743.25,52631327.30849999,0.001872590400230971,0.1872590400230971,0.0018887057401637296,0.1,0.01872590400230971,1
NSIT,-555,82.46,-45765.299999999996,389332.5,32746127.496,0.0014255167498218105,0.14255167498218105,0.001397578996343623,0.1,0.014255167498218105,1
NSP,-33,40.86,-1348.3799999999999,1065936.15,46556250.496,3.0958702357547404e-05,0.0030958702357547405,2.896238390408715e-05,0.1,0.00030958702357547404,1
NSSC,931,38.3,35657.299999999996,327961.65,13002257.238499999,0.0028387465424692185,0.2838746542469218,0.00274239305883119,0.1,0.028387465424692185,1
NTAP,-4595,98.33,-451826.35,2447002.8,249607416.44050002,0.0018778074140332003,0.18778074140332002,0.0018101479372817583,0.1,0.018778074140332,1
NTB,-2461,52.03,-128045.83,156787.5,7902896.390500002,0.01569640436897074,1.569640436897074,0.016202392600505645,0.1,0.1569640436897074,1
NTCT,-8296,27.6,-228969.6,424734.15,11649366.766,0.0195322179768215,1.95322179768215,0.01965511126907548,0.1,0.19532217976821498,1
NTGR,86,20.88,1795.6799999999998,425676.85,9578952.003999999,0.00020203118868221282,0.020203118868221282,0.00018746100818233102,0.1,0.002020311886822128,1
NTLA,11556,13.9,160628.4,6790078.45,85910407.13700001,0.0017018949169872993,0.17018949169872993,0.0018697199251290748,0.1,0.017018949169872993,1
NTNX,-2910,39.46,-114828.6,4150517.65,193916367.84699997,0.0007011173654447657,0.07011173654447657,0.0005921552743324884,0.1,0.0070111736544476565,1
NTRA,30,231.48,6944.4,1121454.7,267746993.78700003,2.675096907614726e-05,0.002675096907614726,2.59364256598319e-05,0.1,0.0002675096907614726,1
NTRS,3707,150.66,558496.62,1016778.35,149205179.70999998,0.003645829004915378,0.3645829004915378,0.0037431449838773168,0.1,0.03645829004915378,1
NU,9338,18.76,175180.88,47492796.1,836884285.085,0.00019661929317318084,0.019661929317318083,0.00020932509203731476,0.1,0.0019661929317318083,1
NUE,2947,179.91,530194.77,1797967.2,310224266.41199994,0.0016390732823157175,0.16390732823157175,0.0017090693005164966,0.1,0.016390732823157173,1
NUS,223,10.64,2372.7200000000003,475608.65,5049424.219500001,0.0004688728853018127,0.04688728853018127,0.00046989912054466867,0.1,0.004688728853018127,1
NUVL,-167,102.43,-17105.81,581944.95,60336934.725,0.00028696872444721795,0.028696872444721796,0.00028350478985987305,0.1,0.002869687244472179,1
NVAX,-968,9.44,-9137.92,6337626.8,54962196.68350001,0.0001527385613807364,0.015273856138073642,0.0001662582748033297,0.1,0.0015273856138073641,1
NVCR,2580,12.38,31940.4,1187681.4,16211943.1965,0.002172299743011889,0.2172299743011889,0.0019701771473573646,0.1,0.02172299743011889,1
NVDA,26,192.51,5005.26,161641977.65,30115762153.689503,1.6084930646108065e-07,1.6084930646108067e-05,1.6620067506366605e-07,0.1,1.6084930646108064e-06,1
NVR,-10,7623.76,-76237.6,32399.25,243687856.09249997,0.0003086491199641967,0.03086491199641967,0.0003128494017816852,0.1,0.003086491199641967,1
NVST,-6359,23.39,-148737.01,2389779.9,56938196.077,0.0026609145051391552,0.26609145051391553,0.002612253640752097,0.1,0.02660914505139155,1
NVT,1624,115.62,187766.88,1829779.6,199590572.31450003,0.0008875385866144753,0.08875385866144753,0.000940760266492602,0.1,0.008875385866144753,1
NWBI,-9081,12.79,-116145.98999999999,960062.45,11946124.911500001,0.009458759687976548,0.9458759687976548,0.00972248246694553,0.1,0.09458759687976548,1
NWL,-632,4.18,-2641.7599999999998,5571608.25,23014503.5225,0.00011343223924618175,0.011343223924618175,0.00011478674729686425,0.1,0.0011343223924618175,1
NWN,21,47.05,988.05,279008.0,13002689.8735,7.526665902052987e-05,0.007526665902052987,7.59881231970075e-05,0.1,0.0007526665902052987,1
NWPX,18,66.96,1205.28,68162.6,4541469.12675,0.00026407443378040157,0.026407443378040157,0.0002653942956257707,0.1,0.0026407443378040157,1
NWSA,26820,26.77,717971.4,2970592.4,78644639.43499999,0.009028502193703856,0.9028502193703856,0.009129311357494434,0.1,0.09028502193703855,1
NX,4824,18.67,90064.08,599146.35,10514488.072999999,0.008051455207897035,0.8051455207897036,0.008565712317585317,0.1,0.08051455207897035,1
NXPI,-2581,233.5,-602663.5,2630009.4,617658510.9954998,0.00098136531375135,0.098136531375135,0.0009757228132883138,0.1,0.009813653137513501,1
NXRT,2244,29.97,67252.68,184318.0,5609407.6785,0.012174611269653534,1.2174611269653535,0.01198926586451707,0.1,0.12174611269653533,1
NXST,-867,206.97,-179442.99,307269.1,64974199.21949998,0.0028216309417380403,0.28216309417380403,0.002761757623111202,0.1,0.028216309417380403,1
NYT,873,73.29,63982.170000000006,1384509.95,98641590.7965,0.0006305480144797804,0.06305480144797804,0.0006486327874820752,0.1,0.0063054801447978035,1
O,-3567,60.78,-216802.26,6424998.5,382407780.16499996,0.000555175226889158,0.055517522688915806,0.0005669399819910958,0.1,0.00555175226889158,1
OBK,-2425,42.57,-103232.25,230448.1,9308085.7085,0.010522976757022514,1.0522976757022513,0.011090599424297298,0.1,0.10522976757022513,1
OC,-898,119.88,-107652.23999999999,1239313.85,149350687.051,0.0007245945004165006,0.07245945004165007,0.0007208017728317453,0.1,0.007245945004165006,1
OCFC,142,18.62,2644.04,813618.6,14725217.186500004,0.00017452895005104358,0.017452895005104357,0.00017955864192101975,0.1,0.0017452895005104357,1
OCUL,-12838,9.95,-127738.09999999999,4972307.9,55132678.193,0.0025818996446298104,0.25818996446298104,0.0023169217274886245,0.1,0.025818996446298103,1
ODC,879,59.3,52124.7,71102.3,3851038.345,0.012362469287210118,1.2362469287210118,0.013535232664633464,0.1,0.12362469287210118,1
ODFL,-247,172.59,-42629.73,1858817.65,318801737.844,0.00013288016713204764,0.013288016713204764,0.00013371862489927865,0.1,0.0013288016713204763,1
OEC,22361,6.14,137296.53999999998,612066.3,3695805.2425000006,0.03653362389009164,3.653362389009164,0.03714928980054337,0.1,0.3653362389009164,1
OFG,-3133,39.74,-124505.42000000001,308444.05,12268059.6785,0.010157433738793147,1.0157433738793147,0.010148745870400194,0.1,0.10157433738793147,1
OFIX,1179,13.13,15480.27,212388.0,3081901.0245000003,0.005551161082547037,0.5551161082547037,0.00502296143741718,0.1,0.05551161082547036,1
OGE,5352,43.48,232704.96,1537044.25,66231851.58100001,0.003482007756120229,0.3482007756120229,0.0035134901779909815,0.1,0.03482007756120229,1
OGN,-9232,8.6,-79395.2,6582534.6,57179698.395,0.0014024992743676577,0.14024992743676576,0.0013885207902205828,0.1,0.014024992743676577,1
OGS,25,79.09,1977.25,437275.6,34034281.56649999,5.717218157153063e-05,0.005717218157153064,5.809583481692209e-05,0.1,0.0005717218157153063,1
OHI,3888,43.41,168778.08,1880502.4,83025768.57,0.002067532591290498,0.2067532591290498,0.002032839718402621,0.1,0.02067532591290498,1
OI,3067,15.27,46833.09,1906858.45,29371240.5585,0.0016084046511160805,0.16084046511160804,0.0015945220259498559,0.1,0.016084046511160802,1
OII,4038,30.4,122755.2,1050182.45,29270339.687000006,0.0038450461631690763,0.38450461631690763,0.0041938426855537975,0.1,0.03845046163169076,1
OIS,173,8.57,1482.6100000000001,834959.8,6717539.205500001,0.00020719560390811627,0.020719560390811628,0.0002207073088291185,0.1,0.0020719560390811626,1
OKE,1709,78.56,134259.04,4494173.95,338907005.2135,0.00038027010503231633,0.03802701050323163,0.0003961530388414997,0.1,0.003802701050323163,1
OKTA,-4636,85.69,-397258.83999999997,2515782.7,227770406.2325,0.0018427664678670379,0.1842766467867038,0.001744119644737746,0.1,0.018427664678670377,1
OLED,-1394,117.01,-163111.94,605093.55,72530185.7775,0.0023037760029007083,0.23037760029007084,0.0022488835269273482,0.1,0.023037760029007082,1
OLLI,-2853,107.26,-306012.78,1126766.4,128330860.48499998,0.0025320243841136904,0.253202438411369,0.002384561116815456,0.1,0.025320243841136902,1
OLN,4481,22.34,100105.54,3093328.05,71117676.221,0.0014486016121051243,0.14486016121051243,0.0014076042036148574,0.1,0.014486016121051243,1
OMC,1019,75.77,77209.62999999999,3584905.55,282511826.3145,0.0002842473771728798,0.028424737717287978,0.00027329698373068493,0.1,0.002842473771728798,1
OMCL,2417,49.09,118650.53000000001,432149.95,21293667.1835,0.00559296605263983,0.5592966052639831,0.005572104089799043,0.1,0.0559296605263983,1
OMER,-1850,11.95,-22107.5,2703360.5,36041146.09600001,0.0006843334435048526,0.06843334435048526,0.000613396142872759,0.1,0.006843334435048525,1
OMF,7966,66.1,526552.6,1289073.45,85918118.77200001,0.006179632355316914,0.6179632355316914,0.006128539678543323,0.1,0.061796323553169136,1
ON,-1998,62.2,-124275.6,8730993.2,533450707.75400007,0.0002288399445781266,0.02288399445781266,0.00023296547964710826,0.1,0.0022883994457812656,1
ONB,-2616,24.4,-63830.399999999994,2829169.75,66125883.800249994,0.0009246528950763736,0.09246528950763735,0.0009652861531925367,0.1,0.009246528950763735,1
ONTO,276,213.12,58821.12,853238.35,171197252.00300002,0.0003234735053809994,0.03234735053809994,0.00034358682345537436,0.1,0.0032347350538099937,1
OPCH,-6221,33.89,-210829.69,1915712.5,65429138.97150002,0.0032473557488401834,0.32473557488401833,0.0032222598877823284,0.1,0.03247355748840183,1
OPLN,23,30.17,693.9100000000001,756453.35,22996790.111500002,3.0405047449389972e-05,0.003040504744938997,3.0174211124055812e-05,0.1,0.00030405047449389973,1
OPY,-833,76.21,-63482.92999999999,37148.05,2835893.004,0.02242378805886177,2.242378805886177,0.022385516629314973,0.1,0.22423788058861768,1
ORA,-1067,128.02,-136597.34,581205.9,69389973.757,0.0018358382115529108,0.1835838211552911,0.001968545779803241,0.1,0.018358382115529107,1
ORC,-1615,8.27,-13356.05,6988071.45,55102578.744500004,0.00023110811209579147,0.023110811209579148,0.0002423852078126764,0.1,0.0023110811209579147,1
ORCL,-2528,169.01,-427257.27999999997,22649547.4,4190781174.2795,0.00011161370933178118,0.011161370933178118,0.00010195170356835828,0.1,0.0011161370933178117,1
ORI,2975,39.09,116292.75000000001,2076533.65,85522460.45650001,0.0014326760368174145,0.14326760368174146,0.0013597919117300297,0.1,0.014326760368174145,1
ORLY,3234,98.85,319680.89999999997,5918306.2,563319595.5775001,0.0005464401284272854,0.054644012842728545,0.0005674947268118228,0.1,0.005464401284272854,1
ORN,79,12.52,989.0799999999999,273475.65,3089975.8725,0.00028887398201631477,0.028887398201631477,0.00032009311425456764,0.1,0.0028887398201631474,1
ORRF,-2224,35.41,-78751.84,294588.45,10667804.650500001,0.007549515264430768,0.7549515264430767,0.007382197423001075,0.1,0.07549515264430767,1
OSBC,292,19.98,5834.16,371653.0,7516088.4655,0.0007856791146580278,0.07856791146580278,0.0007762229019495566,0.1,0.007856791146580278,1
OSCR,973,14.93,14526.89,8473824.65,137866354.141,0.00011482418390614208,0.011482418390614207,0.00010536936361675974,0.1,0.0011482418390614208,1
OSG,-11051,5.69,-62880.19,790177.55,5124455.06,0.013985464406069242,1.3985464406069241,0.012270610096832425,0.1,0.13985464406069242,1
OSIS,427,269.74,115178.98000000001,254905.45,70461343.86749999,0.001675130916188728,0.1675130916188728,0.0016346406934359629,0.1,0.016751309161887277,1
OSK,792,145.35,115117.2,838252.05,123520105.5465,0.0009448232187442905,0.09448232187442905,0.0009319713538996559,0.1,0.009448232187442904,1
OSPN,-3654,11.65,-42569.1,437512.9,5396538.878999999,0.00835175374257536,0.8351753742575361,0.007888222609801383,0.1,0.0835175374257536,1
OSW,-8181,19.52,-159693.12,625964.15,12799613.558,0.013069438561297799,1.30694385612978,0.012476401672313675,0.1,0.13069438561297797,1
OTIS,3763,87.16,327983.07999999996,3219773.4,287699554.9585,0.0011687157860239483,0.11687157860239483,0.0011400194207714736,0.1,0.011687157860239482,1
OTTR,-331,88.16,-29180.96,183739.1,15656683.378999999,0.0018014674067740617,0.18014674067740616,0.0018638021408250388,0.1,0.018014674067740617,1
OUT,-17326,24.58,-425873.07999999996,1065771.8,26077435.577499997,0.016256763408451978,1.6256763408451977,0.016331095085417434,0.1,0.16256763408451977,1
OVV,-10932,43.47,-475214.04,4039610.8,162316974.01299998,0.0027062013003827,0.27062013003827,0.0029276915916504214,0.1,0.027062013003827,1
OWL,-11045,13.99,-154519.55,11476026.0,174896129.5575,0.0009624411795511791,0.09624411795511792,0.0008834932504849922,0.1,0.009624411795511791,1
OXM,-128,36.54,-4677.12,395391.8,14992692.563,0.00032372952600433295,0.0323729526004333,0.00031195997519101534,0.1,0.003237295260043329,1
OXY,-478,45.42,-21710.760000000002,11812531.7,509103580.7750001,4.046549987247865e-05,0.004046549987247865,4.2645074243929034e-05,0.1,0.00040465499872478647,1
OZK,-1355,47.25,-64023.75,1654135.25,78353869.129,0.0008191591346596356,0.08191591346596357,0.0008171102552012177,0.1,0.008191591346596356,1
PAG,2835,156.67,444159.44999999995,254120.75,41090868.192999996,0.011156113776619974,1.1156113776619974,0.010809200913298405,0.1,0.11156113776619973,1
PAGS,31194,12.0,374328.0,3915011.0,41536615.717999995,0.007967793704794189,0.7967793704794189,0.009012000461024176,0.1,0.07967793704794189,1
PAHC,-4521,39.89,-180342.69,196552.45,7793338.619499999,0.023001494003254602,2.30014940032546,0.023140620317556575,0.1,0.23001494003254602,1
PANW,-2894,176.2,-509922.8,6269927.35,1159036253.9299998,0.00046156834656146375,0.046156834656146374,0.00043995414144379027,0.1,0.004615683465614637,1
PAR,4296,27.57,118440.72,965699.35,31578380.510500003,0.00444858951183927,0.444858951183927,0.0037506901267662456,0.1,0.044485895118392696,1
PARR,14,36.47,510.58,1203050.25,44195453.139,1.1637086647045708e-05,0.0011637086647045707,1.1552772145907514e-05,0.1,0.00011637086647045707,1
PATH,4406,13.25,58379.5,28685181.05,445546483.6415,0.00015359847275567395,0.015359847275567395,0.00013102897709540423,0.1,0.0015359847275567395,1
PATK,-68,129.52,-8807.36,330066.65,40543053.94850001,0.00020601899646631976,0.020601899646631977,0.0002172347453447288,0.1,0.0020601899646631974,1
PAX,1252,14.67,18366.84,771481.2,12639100.579,0.0016228522483762405,0.16228522483762406,0.0014531761880680577,0.1,0.016228522483762404,1
PAY,-77,27.48,-2115.96,626754.8,18486997.126999997,0.00012285506229868523,0.012285506229868523,0.00011445666299745731,0.1,0.0012285506229868521,1
PAYC,3118,134.34,418872.12,957762.25,143008717.3345,0.00325550521541228,0.325550521541228,0.0029289971115554476,0.1,0.0325550521541228,1
PAYO,15742,6.43,101221.06,4395091.6,25525682.566999998,0.003581722847369097,0.3581722847369097,0.003965459483181859,0.1,0.03581722847369097,1
PAYX,-871,102.23,-89042.33,3123874.45,338248700.456,0.00027882042442518775,0.027882042442518774,0.0002632451503286198,0.1,0.0027882042442518773,1
PB,846,68.43,57891.780000000006,1095985.45,77201797.259,0.0007719080577210218,0.07719080577210219,0.0007498760657835737,0.1,0.007719080577210218,1
PBF,-3140,33.26,-104436.4,3954230.75,122642308.52150002,0.0007940861822492276,0.07940861822492276,0.0008515527900528029,0.1,0.007940861822492276,1
PBH,-2140,63.9,-136746.0,347964.7,22465060.038999997,0.00615004912854666,0.615004912854666,0.006087052505651219,0.1,0.06150049128546659,1
PBI,-21747,10.24,-222689.28,1760729.15,18199240.777000003,0.012351133051895006,1.2351133051895007,0.012236185164462038,0.1,0.12351133051895005,1
PCAR,942,123.32,116167.43999999999,3308059.1,394289477.97400004,0.0002847591205368731,0.02847591205368731,0.00029462475285140687,0.1,0.002847591205368731,1
PCG,32695,15.16,495656.2,21606944.15,334770785.032,0.001513170940463601,0.1513170940463601,0.0014805837969183043,0.1,0.015131709404636009,1
PCOR,3989,56.79,226535.31,1642295.1,110064922.67449999,0.0024289179210240596,0.24289179210240597,0.002058197148513366,0.1,0.024289179210240593,1
PCRX,2965,20.09,59566.85,1066320.85,23397322.154999997,0.002780588975635241,0.2780588975635241,0.002545883225669506,0.1,0.027805889756352408,1
PCT,-590,10.22,-6029.8,4622400.55,49329455.400000006,0.00012763930637728918,0.012763930637728918,0.00012223528419492746,0.1,0.0012763930637728917,1
PCTY,428,132.15,56560.200000000004,568991.4,82450742.7255,0.0007522082056073255,0.07522082056073255,0.0006859877562086208,0.1,0.007522082056073255,1
PCVX,-1705,52.82,-90058.1,1086135.45,53066875.2475,0.0015697857942119466,0.15697857942119467,0.0016970680783440829,0.1,0.015697857942119465,1
PD,372,10.51,3909.72,2128117.1,24839740.7715,0.0001748024110139428,0.01748024110139428,0.00015739777785788475,0.1,0.001748024110139428,1
PDFS,-5326,34.03,-181243.78,290779.2,9651102.6215,0.01831630322939192,1.8316303229391921,0.018779593079472467,0.1,0.1831630322939192,1
PDM,-32112,8.35,-268135.2,663644.75,5569367.416999999,0.04838733373540588,4.838733373540588,0.04814464191777708,0.1,0.4838733373540588,1
PEB,-3172,11.52,-36541.439999999995,2274479.2,27210377.0885,0.0013946049715468929,0.13946049715468928,0.001342922954766533,0.1,0.013946049715468927,1
PEBO,-188,31.96,-6008.4800000000005,295370.25,9293272.330999998,0.0006364892875975153,0.06364892875975153,0.000646540829322007,0.1,0.006364892875975153,1
PECO,7948,35.98,285969.04,855269.55,30183072.211499996,0.00929297669956799,0.929297669956799,0.009474484174312894,0.1,0.0929297669956799,1
PEG,-90,82.0,-7380.0,3188755.85,253203614.964,2.8224174014451435e-05,0.0028224174014451434,2.914650330347485e-05,0.1,0.00028224174014451433,1
PEGA,550,44.62,24541.0,1559781.5,81938263.52000001,0.00035261349105627935,0.035261349105627934,0.00029950598103668476,0.1,0.0035261349105627933,1
PENG,-21,19.74,-414.53999999999996,1481727.8,29274954.5815,1.417264358541427e-05,0.001417264358541427,1.4160226921819519e-05,0.1,0.00014172643585414269,1
PENN,607,13.15,7982.05,4072238.45,57664111.5605,0.00014905806903326105,0.014905806903326106,0.0001384231853052205,0.1,0.0014905806903326103,1
PEP,-3494,148.69,-519522.86,8017778.2,1153053031.074,0.00043578157350374194,0.043578157350374194,0.0004505628501024758,0.1,0.004357815735037419,1
PFBC,-565,83.85,-47375.25,113027.55,10366666.5785,0.00499878127058403,0.499878127058403,0.004569959845940655,0.1,0.049987812705840295,1
PFE,15092,26.1,393901.2,48413758.5,1240843222.1715,0.00031172956753605484,0.031172956753605485,0.0003174463888440839,0.1,0.0031172956753605483,1
PFG,-6043,94.76,-572634.68,1495614.75,136319145.29950002,0.004040479007043759,0.4040479007043759,0.004200691537068347,0.1,0.04040479007043759,1
PFGC,1726,98.16,169424.16,2232322.65,206523352.371,0.0007731857220550086,0.07731857220550085,0.0008203632085907905,0.1,0.007731857220550085,1
PFS,1836,22.22,40795.92,943254.05,19477189.8715,0.0019464533441441358,0.1946453344144136,0.002094548560092574,0.1,0.01946453344144136,1
PFSI,107,149.7,16017.9,467006.95,68843240.1525,0.0002291186458788247,0.02291186458788247,0.00023267208173987025,0.1,0.0022911864587882467,1
PG,1465,149.9,219603.5,11730854.95,1702718628.893,0.0001248843333452009,0.01248843333452009,0.0001289722777877707,0.1,0.001248843333452009,1
PGC,400,30.14,12056.0,97219.65,2827328.4835000006,0.0041143945694106085,0.4114394569410608,0.004264095972702706,0.1,0.04114394569410608,1
PGEN,-15789,4.53,-71524.17,3813555.0,17120411.34125,0.004140231358928873,0.4140231358928873,0.004177713290548652,0.1,0.041402313589288725,1
PGNY,509,24.12,12277.08,1458662.1,37444046.057,0.0003489499041621771,0.03489499041621771,0.00032787802849379454,0.1,0.0034894990416217708,1
PGR,-1668,208.26,-347377.68,3916812.35,818716143.6565,0.00042585650037587323,0.042585650037587325,0.000424295627601238,0.1,0.004258565003758732,1
PH,-787,948.4,-746390.7999999999,645015.15,598489518.2149999,0.0012201263799772764,0.12201263799772764,0.0012471242641410277,0.1,0.012201263799772764,1
PHM,-3098,127.26,-394251.48000000004,1898961.75,240874452.656,0.001631417799752944,0.1631417799752944,0.0016367509117417378,0.1,0.01631417799752944,1
PHR,13736,13.95,191617.19999999998,1074384.6,17279845.845000003,0.012784993381327318,1.2784993381327319,0.011089057258890145,0.1,0.12784993381327317,1
PI,-52,147.8,-7685.6,685295.9,121489737.0335,7.5879630974007e-05,0.007587963097400699,6.326131068899052e-05,0.1,0.0007587963097400699,1
PII,1069,64.68,69142.92000000001,979053.05,67037402.025,0.0010918713751006648,0.10918713751006648,0.0010314081081813822,0.1,0.010918713751006648,1
PINS,2454,22.35,54846.9,14734933.6,371720540.11300004,0.00016654299684119378,0.016654299684119377,0.00014754874719413404,0.1,0.0016654299684119378,1
PIPR,-235,86.89,-20419.15,474352.4,43004465.82150001,0.0004954122715516986,0.04954122715516986,0.00047481464098994764,0.1,0.004954122715516986,1
PJT,-2082,174.41,-363121.62,231588.95,41862683.220000006,0.008990066235889061,0.8990066235889062,0.008674112409175858,0.1,0.0899006623588906,1
PK,-19121,10.9,-208418.9,4126478.35,45929212.587,0.004633733265558027,0.4633733265558027,0.004537828720777847,0.1,0.046337332655580266,1
PKE,4098,24.48,100319.04000000001,325918.05,7857680.292500001,0.012573712931824427,1.2573712931824428,0.012767004544044955,0.1,0.12573712931824427,1
PKG,-205,220.21,-45143.05,1024405.55,223783453.1625,0.00020011605755162101,0.0200116057551621,0.00020172648764705338,0.1,0.00200116057551621,1
PLAB,53,35.28,1869.8400000000001,1283816.75,44163744.153,4.128315041846899e-05,0.004128315041846899,4.233880156361208e-05,0.1,0.0004128315041846899,1
PLAY,9303,18.83,175175.49,1030815.15,19191215.1195,0.009024896461795308,0.9024896461795308,0.00912789987029044,0.1,0.09024896461795308,1
PLD,947,130.41,123498.26999999999,3730375.8,482097785.0335,0.0002538618227150198,0.025386182271501977,0.00025616850737328805,0.1,0.002538618227150198,1
PLMR,-2152,123.21,-265147.92,185618.55,23903353.933749996,0.011593668843981381,1.1593668843981382,0.011092498598099583,0.1,0.1159366884398138,1
PLNT,518,91.77,47536.86,1942621.9,194194254.86650002,0.00026664993326802296,0.026664993326802295,0.0002447902489838306,0.1,0.0026664993326802294,1
PLOW,1171,37.48,43889.079999999994,183719.7,6672689.9335,0.006373840148878971,0.6373840148878971,0.006577419367211482,0.1,0.0637384014887897,1
PLPC,-75,257.1,-19282.5,104753.4,24974600.571,0.0007159672144293169,0.0715967214429317,0.0007720844201364505,0.1,0.007159672144293169,1
PLSE,-31,13.62,-422.21999999999997,164741.85,2364501.3134999997,0.00018817319339317848,0.018817319339317847,0.0001785661938901689,0.1,0.0018817319339317848,1
PLTR,-3996,151.86,-606832.56,38315003.7,6540658217.372001,0.00010429334762141756,0.010429334762141756,9.277851553047851e-05,0.1,0.0010429334762141755,1
PLUS,659,84.81,55889.79,129538.9,11245149.572,0.0050872749421216334,0.5087274942121633,0.004970124198184387,0.1,0.050872749421216334,1
PLXS,786,197.6,155313.6,307178.15,54062146.589,0.0025587757462566915,0.2558775746256692,0.0028728714969597892,0.1,0.025587757462566914,1
PM,3648,177.89,648942.72,5136018.7,861037682.6605002,0.0007102777877346902,0.07102777877346902,0.000753675167844974,0.1,0.007102777877346902,1
PMT,123,13.51,1661.73,1167589.55,15329959.6945,0.00010534523882986105,0.010534523882986105,0.00010839754527183699,0.1,0.0010534523882986106,1
PNC,255,224.46,57237.3,3032400.25,664209014.371,8.409180153576363e-05,0.008409180153576362,8.617362721914156e-05,0.1,0.0008409180153576362,1
PNFP,5333,94.97,506475.01,2346868.85,226378794.06749997,0.0022723894434919104,0.22723894434919104,0.0022372899903733167,0.1,0.022723894434919102,1
PNR,-4529,105.91,-479666.38999999996,1699497.15,177934466.471,0.0026649059105512476,0.26649059105512474,0.0026957474822798125,0.1,0.026649059105512476,1
PNW,-2407,93.04,-223947.28000000003,1278709.1,116801965.33600001,0.0018823671466794128,0.18823671466794129,0.0019173245874397656,0.1,0.018823671466794128,1
PODD,332,255.1,84693.2,871292.35,241740936.87999997,0.00038104317110095135,0.03810431711009513,0.00035034695030590387,0.1,0.0038104317110095134,1
POOL,-1565,255.38,-399669.7,782867.65,199258282.85349998,0.0019990607607812123,0.19990607607812122,0.0020057871335459007,0.1,0.01999060760781212,1
POR,715,50.27,35943.05,792083.05,38993536.656,0.0009026831214226841,0.09026831214226841,0.0009217694285360336,0.1,0.00902683121422684,1
POST,157,98.78,15508.460000000001,742032.35,72957644.4415,0.00021158107190340152,0.021158107190340152,0.0002125679922744111,0.1,0.002115810719034015,1
POWI,-39,47.12,-1837.6799999999998,885973.45,37595066.44250001,4.401937778158025e-05,0.004401937778158025,4.888088182556214e-05,0.1,0.00044019377781580245,1
POWL,-26,152.31,-3960.06,810350.7,107800398.08868,3.2084873870041704e-05,0.0032084873870041703,3.6735114806740605e-05,0.1,0.000320848738700417,1
PPC,2926,43.43,127076.18,896949.95,36355830.50524999,0.0032621664118494017,0.32621664118494015,0.0034953452646790577,0.1,0.032621664118494015,1
PPG,-1781,116.51,-207504.31,2277657.85,250346830.01,0.0007819436093090102,0.07819436093090101,0.000828867335734634,0.1,0.0078194360930901,1
PPL,14995,36.31,544468.4500000001,6164881.05,221539778.6065,0.0024323259246015784,0.24323259246015783,0.0024576554758009733,0.1,0.024323259246015784,1
PR,-10184,16.05,-163453.2,10892673.0,158531949.72649997,0.0009349403952546817,0.09349403952546817,0.0010310426401869794,0.1,0.009349403952546817,1
PRAA,-23486,12.79,-300385.94,323466.7,5054791.89875,0.07260716481789316,7.2607164817893155,0.059425975592443774,0.1,0.7260716481789316,1
PRCT,10718,29.12,312108.16000000003,1131508.2,35490728.1585,0.00947231314806203,0.9472313148062029,0.00879407597967951,0.1,0.09472313148062028,1
PRDO,-817,31.77,-25956.09,444934.0,14008739.738,0.0018362273955238304,0.18362273955238304,0.0018528497556130413,0.1,0.018362273955238304,1
PRG,729,32.42,23634.18,396609.35,12609933.110499999,0.0018380807209915752,0.18380807209915753,0.001874251020437243,0.1,0.01838080720991575,1
PRGO,-633,13.74,-8697.42,2508256.2,36607627.956,0.0002523665644681751,0.025236656446817513,0.00023758491018466797,0.1,0.002523665644681751,1
PRGS,719,39.71,28551.49,900555.3,37611588.29400001,0.0007983962783851252,0.07983962783851252,0.0007591141798325672,0.1,0.007983962783851252,1
PRI,-889,261.95,-232873.55,198179.55,51857799.553500004,0.004485831156645578,0.4485831156645578,0.004490617650672816,0.1,0.044858311566455776,1
PRIM,82,152.47,12502.539999999999,745047.8,104269755.9495,0.00011006005252280457,0.011006005252280458,0.00011990571845258024,0.1,0.0011006005252280457,1
PRK,-237,163.34,-38711.58,58245.35,9268132.817,0.004068994348905106,0.40689943489051056,0.004176847782003468,0.1,0.040689943489051056,1
PRKS,-61,38.27,-2334.4700000000003,1065570.2,39696236.1625,5.724634566544748e-05,0.005724634566544748,5.880834622314428e-05,0.1,0.0005724634566544747,1
PRLB,-840,53.18,-44671.2,146356.9,7856301.5265,0.005739394589527382,0.5739394589527382,0.00568603430625977,0.1,0.057393945895273815,1
PRM,-8695,25.98,-225896.1,806987.85,22621420.144,0.010774635578466269,1.077463557846627,0.009985938042882583,0.1,0.10774635578466268,1
PRMB,-7196,18.96,-136436.16,6730418.75,121387948.4375,0.0010691756735047133,0.10691756735047132,0.0011239679206725204,0.1,0.010691756735047133,1
PRSU,-450,35.55,-15997.499999999998,268106.65,9176710.976499999,0.0016784365475455382,0.16784365475455382,0.0017432716406746256,0.1,0.01678436547545538,1
PRTA,-233,9.06,-2110.98,514224.75,4813751.690999999,0.0004531092678833526,0.04531092678833526,0.00043853113652429993,0.1,0.0045310926788335254,1
PRU,-309,109.87,-33949.83,1731642.05,195403641.98149997,0.000178443345147457,0.0178443345147457,0.00017374205340151355,0.1,0.00178443345147457,1
PRVA,2333,22.87,53355.71,694481.15,16299746.189499998,0.0033593424385960653,0.3359342438596065,0.003273407412587245,0.1,0.03359342438596065,1
PSA,343,277.45,95165.34999999999,1180688.6,329583856.23499995,0.00029050843719504024,0.029050843719504026,0.0002887439666709439,0.1,0.0029050843719504024,1
PSKY,-10144,11.26,-114221.44,6842044.9,82607870.35,0.0014825976953176674,0.14825976953176673,0.0013826944032821202,0.1,0.014825976953176672,1
PSMT,-3408,145.06,-494364.48,221065.15,30359830.445,0.01541626981910084,1.541626981910084,0.016283505960140086,0.1,0.1541626981910084,1
PSN,-9,70.9,-638.1,1125978.5,77793324.877,7.993047824625426e-06,0.0007993047824625426,8.202503248304503e-06,0.1,7.993047824625425e-05,1
PSX,-1183,144.08,-170446.64,2446093.55,341456439.2945,0.00048362827333402685,0.048362827333402685,0.0004991753570445712,0.1,0.004836282733340269,1
PTC,1314,153.48,201672.71999999997,864564.9,143968755.02850002,0.001519839632629083,0.1519839632629083,0.0014008089460805359,0.1,0.01519839632629083,1
PTCT,5,76.43,382.15000000000003,1357999.1,103451026.4265,3.6818875653157645e-06,0.00036818875653157646,3.694018447187766e-06,0.1,3.681887565315764e-05,1
PTEN,-2034,7.54,-15336.36,11298355.25,79465120.6435,0.000180026203371504,0.018002620337150402,0.00019299486209556856,0.1,0.00180026203371504,1
PTGX,8,79.73,637.84,842363.95,69749735.808,9.497082585264957e-06,0.0009497082585264957,9.14469413555603e-06,0.1,9.497082585264957e-05,1
PTN,-112,14.97,-1676.64,47242.05,800535.0932500002,0.002370769261706467,0.23707692617064668,0.002094399126455784,0.1,0.023707692617064666,1
PTON,-17153,5.73,-98286.69,9989963.15,63038532.21650001,0.0017170233505816284,0.17170233505816285,0.0015591525777034823,0.1,0.017170233505816285,1
PUMP,9156,11.44,104744.64,2873450.25,30099565.7145,0.0031864132674647837,0.3186413267464784,0.003479938580959023,0.1,0.031864132674647834,1
PVH,-1732,62.16,-107661.12,1070839.0,69353921.991,0.001617423347487344,0.1617423347487344,0.0015523436441557132,0.1,0.01617423347487344,1
PVLA,-1053,81.9,-86240.70000000001,220234.95,20638167.937999997,0.0047812574707147976,0.47812574707147976,0.004178699400987499,0.1,0.047812574707147976,1
PWP,-62,22.51,-1395.6200000000001,1035631.05,21450400.04,5.986688019831e-05,0.005986688019831,6.506265605291715e-05,0.1,0.0005986688019831,1
PWR,-868,483.43,-419617.24,965337.25,436469947.96299994,0.0008991676225070565,0.08991676225070565,0.0009613886178380635,0.1,0.008991676225070565,1
PYPL,-2345,53.11,-124542.95,15328941.25,871225719.4210001,0.0001529786018326608,0.015297860183266081,0.00014295141571666277,0.1,0.001529786018326608,1
PZZA,-20,35.88,-717.6,957694.35,36014597.1895,2.088348960187559e-05,0.002088348960187559,1.9925254091394233e-05,0.1,0.00020883489601875588,1
QBTS,-3147,23.22,-73073.34,39338400.9,1088825724.154,7.999816789705858e-05,0.007999816789705858,6.711206245313207e-05,0.1,0.0007999816789705858,1
QCOM,3704,152.22,563822.88,9084195.9,1499451462.7399998,0.00040774109682068833,0.040774109682068835,0.0003760194271108362,0.1,0.004077410968206883,1
QCRH,-1260,90.77,-114370.2,81176.75,6983959.62925,0.015521685704342683,1.5521685704342683,0.016376125589414682,0.1,0.15521685704342683,1
QDEL,-6442,27.41,-176575.22,1041274.0,32328842.7585,0.0061866521203833,0.6186652120383299,0.005461847840302737,0.1,0.06186652120383299,1
QGEN,-3121,53.71,-167628.91,3120877.85,165285468.27521,0.0010000391396286143,0.10000391396286143,0.0010141781473546607,0.1,0.010000391396286142,1
QLYS,360,132.12,47563.200000000004,381453.3,50511665.01799999,0.0009437590394420496,0.09437590394420496,0.0009416280374652213,0.1,0.009437590394420495,1
QNST,5233,13.5,70645.5,563778.5,8251450.88,0.009282014124341386,0.9282014124341386,0.008561585232390064,0.1,0.09282014124341385,1
QS,-10846,9.855,-106887.33,14005082.2,149076018.149,0.0007744331554155391,0.07744331554155391,0.0007169988260161818,0.1,0.007744331554155391,1
QTWO,1806,61.41,110906.45999999999,652403.95,43841446.6725,0.00276822358295041,0.276822358295041,0.002529717160760738,0.1,0.027682235829504097,1
QURE,23,23.655,544.065,1844400.0,43300972.971750006,1.2470180004337454e-05,0.0012470180004337454,1.2564729211857515e-05,0.1,0.00012470180004337452,1
R,803,192.42,154513.25999999998,301805.7,57658757.785500005,0.0026606522010684357,0.2660652201068436,0.002679788221848527,0.1,0.026606522010684357,1
RAMP,946,24.19,22883.74,529366.45,13963884.319999998,0.0017870418497432168,0.1787041849743217,0.001638780404906706,0.1,0.017870418497432167,1
RARE,1982,24.27,48103.14,2866331.35,67508084.15150002,0.0006914762314552363,0.06914762314552363,0.0007125537719608231,0.1,0.006914762314552362,1
RBC,682,511.98,349170.36,188384.05,92234845.6935,0.003620264029783838,0.3620264029783838,0.00378566644064551,0.1,0.03620264029783838,1
RBCAA,2065,71.4,147441.0,35279.5,2495455.9809999997,0.05853257557505067,5.853257557505067,0.05908379114782711,0.1,0.5853257557505067,1
RBLX,-3637,75.73,-275430.01,12234717.25,959558345.3955,0.0002972688232741954,0.02972688232741954,0.00028703831436792556,0.1,0.002972688232741954,1
RCL,-913,345.98,-315879.74,2524274.55,750041353.5385001,0.0003616880739062239,0.03616880739062239,0.0004211497652892891,0.1,0.0036168807390622388,1
RCUS,29,21.79,631.91,1382973.35,30951669.014500003,2.096931224307395e-05,0.0020969312243073954,2.0416023436538028e-05,0.1,0.0002096931224307395,1
RDN,818,33.18,27141.239999999998,1200151.65,40306558.64050001,0.0006815805319269444,0.06815805319269444,0.0006733703128088066,0.1,0.006815805319269444,1
RDNT,-233,70.71,-16475.43,652972.2,48115277.92375,0.00035682989260492256,0.03568298926049226,0.000342415771267272,0.1,0.0035682989260492253,1
RDWR,1339,24.26,32484.140000000003,217304.6,5286206.279,0.0061618575952833024,0.6161857595283302,0.006145076125584921,0.1,0.06161857595283302,1
REG,9165,71.98,659696.7000000001,1311614.4,92254880.723,0.006987571957123985,0.6987571957123985,0.007150805408125486,0.1,0.06987571957123985,1
REGN,479,749.44,358981.76,875026.9,668277342.8239999,0.0005474117424275756,0.05474117424275756,0.0005371748179925095,0.1,0.005474117424275756,1
RELY,-688,13.41,-9226.08,2896143.65,39569854.9825,0.00023755727724348205,0.023755727724348204,0.00023315930786403657,0.1,0.0023755727724348204,1
REPL,-4205,7.39,-31074.949999999997,1426150.15,11107535.86025,0.002948497393489739,0.2948497393489739,0.0027976457056696448,0.1,0.02948497393489739,1
RES,-150,6.7,-1005.0,2100111.75,12848146.735999998,7.142477061042108e-05,0.007142477061042108,7.822139804677276e-05,0.1,0.0007142477061042108,1
REX,54,34.38,1856.5200000000002,154970.2,5150956.394999999,0.0003484540898830872,0.03484540898830872,0.0003604223871516584,0.1,0.0034845408988308717,1
REXR,-3413,40.17,-137100.21,2238184.9,88936997.8735,0.0015248963568648864,0.15248963568648863,0.001541543039208555,0.1,0.015248963568648863,1
REYN,-7700,22.66,-174482.0,836370.7,19560302.386,0.009206443984706781,0.9206443984706781,0.008920209747109172,0.1,0.0920644398470678,1
REZI,923,23.4055,21603.2765,1303854.2,32510794.564975,0.0007079012361965011,0.0707901236196501,0.0006644954941603904,0.1,0.007079012361965011,1
RF,10242,28.46,291487.32,15360388.2,432168174.8835,0.000666780023176758,0.0666780023176758,0.0006744765971686289,0.1,0.00666780023176758,1
RGA,1708,199.4,340575.2,358790.05,71594106.46100001,0.004760444165048613,0.4760444165048613,0.004757028432019388,0.1,0.04760444165048613,1
RGEN,-1618,156.37,-253006.66,631980.0,104371451.9985,0.002560207601506377,0.2560207601506377,0.002424098306150193,0.1,0.025602076015063768,1
RGLD,-663,291.98,-193582.74000000002,959466.2,253210213.76000005,0.000691009229923889,0.0691009229923889,0.0007645139472275922,0.1,0.006910092299238889,1
RGNX,327,11.6,3793.2,1054110.65,14058813.244500002,0.00031021411272146813,0.031021411272146814,0.00026980940240343195,0.1,0.003102141127214681,1
RGP,-3132,4.35,-13624.199999999999,486972.7,2241844.1425,0.006431572036789742,0.6431572036789742,0.006077228894604121,0.1,0.06431572036789741,1
RGR,-19,37.05,-703.9499999999999,213368.8,7801986.422499999,8.904769582056984e-05,0.008904769582056984,9.022702192481289e-05,0.1,0.0008904769582056983,1
RGTI,-1402,19.85,-27829.7,32763066.2,788692337.73,4.2792087634337476e-05,0.004279208763433747,3.5285875960325595e-05,0.1,0.00042792087634337475,1
RH,-512,204.15,-104524.8,1074685.8,229431798.18199998,0.00047641831686991674,0.047641831686991674,0.00045558113926773237,0.1,0.0047641831686991674,1
RHI,-143,27.09,-3873.87,2260130.3,63130550.530499995,6.327068842004376e-05,0.006327068842004376,6.136284203839524e-05,0.1,0.0006327068842004375,1
RHP,-5336,94.66,-505105.76,471851.25,44597804.189,0.01130864864721668,1.1308648647216681,0.01132579886353651,0.1,0.1130864864721668,1
RIG,27166,4.92,133656.72,33761388.75,151881104.4915,0.000804646994860364,0.0804646994860364,0.0008800088756760396,0.1,0.008046469948603639,1
RIGL,32,35.16,1125.12,467041.1,18856971.7875,6.851645390523446e-05,0.006851645390523446,5.9665995827910434e-05,0.1,0.0006851645390523446,1
RILY,13837,9.2,127300.4,2417497.3,20777079.642500002,0.005723687881678296,0.5723687881678297,0.006126963085784397,0.1,0.05723687881678296,1
RIOT,-2272,16.97,-38555.84,20052367.25,335753577.829,0.00011330333080748858,0.011330333080748857,0.00011483374279822736,0.1,0.0011330333080748858,1
RITM,-9192,11.92,-109568.64,8816106.1,101324100.02149998,0.0010426371796954667,0.10426371796954667,0.0010813680060000593,0.1,0.010426371796954667,1
RIVN,-310,15.17,-4702.7,29020000.0,521128263.96550006,1.0682288077188146e-05,0.0010682288077188146,9.024073966387918e-06,0.1,0.00010682288077188146,1
RJF,-3188,167.61,-534340.68,1204781.0,202985026.231,0.00264612406736162,0.264612406736162,0.002632414271739987,0.1,0.026461240673616198,1
RKLB,-464,85.68,-39755.520000000004,26371232.0,2262404580.4804997,1.7594930718443492e-05,0.0017594930718443493,1.757224165076458e-05,0.1,0.0001759493071844349,1
RKT,-14915,20.77,-309784.55,31240523.85,683089768.8025,0.00047742477276033256,0.04774247727603326,0.000453504889325267,0.1,0.004774247727603325,1
RL,185,355.09,65691.65,479593.35,173721612.3645,0.00038574346370732625,0.03857434637073263,0.0003781432206728936,0.1,0.0038574346370732625,1
RLI,-1724,57.86,-99750.64,895268.1,52844698.4625,0.001925680139837441,0.1925680139837441,0.001887618680817825,0.1,0.01925680139837441,1
RLJ,-4559,7.5,-34192.5,1582981.1,12020824.5715,0.0028800091169755592,0.28800091169755593,0.00284443881504323,0.1,0.02880009116975559,1
RMBS,-176,121.6,-21401.6,2251445.7,247927354.41350007,7.817199411027323e-05,0.007817199411027324,8.632206014793277e-05,0.1,0.0007817199411027323,1
RMD,-2271,257.61,-585032.31,935618.2,237848959.75299996,0.002427272150114224,0.2427272150114224,0.0024596799187498702,0.1,0.024272721501142236,1
RNG,-1495,25.56,-38212.2,1333594.45,36641507.0505,0.0011210304601972513,0.11210304601972512,0.0010428664942011049,0.1,0.011210304601972513,1
RNR,370,282.72,104606.40000000001,347468.55,95311839.76900001,0.0010648445737031452,0.10648445737031452,0.0010975173730097595,0.1,0.010648445737031451,1
RNST,-3915,38.04,-148926.6,658253.0,24195193.156,0.0059475611960750656,0.5947561196075065,0.006155214345253893,0.1,0.05947561196075065,1
ROAD,654,112.78,73758.12,440025.55,49652919.1955,0.001486277330941351,0.1486277330941351,0.0014854739901513107,0.1,0.01486277330941351,1
ROCK,-3452,52.26,-180401.52,389549.75,20124367.086499996,0.008861512553916413,0.8861512553916413,0.008964332603583768,0.1,0.08861512553916412,1
ROG,16,99.19,1587.04,148575.5,14382696.9135,0.0001076893565897473,0.010768935658974731,0.00011034370045789953,0.1,0.001076893565897473,1
ROIV,4529,22.02,99728.58,5837735.8,131222934.22050002,0.0007758144861574586,0.07758144861574585,0.0007599935224159933,0.1,0.007758144861574586,1
ROK,-416,426.73,-177519.68,671832.4,277659490.4615,0.0006192020509877166,0.061920205098771657,0.0006393431022470839,0.1,0.006192020509877165,1
ROKU,153,100.46,15370.38,2769341.85,298235197.464,5.524778387326938e-05,0.005524778387326938,5.153778001624158e-05,0.1,0.0005524778387326938,1
ROL,7431,63.03,468375.93,2175441.55,134047631.248,0.0034158582656472663,0.34158582656472664,0.003494100758360012,0.1,0.03415858265647266,1
ROOT,1279,62.95,80513.05,277060.45,19647769.0575,0.004616321095270003,0.46163210952700034,0.004097821476035028,0.1,0.04616321095270003,1
ROP,68,365.0,24820.0,1452201.9,580866095.6695001,4.682544486410602e-05,0.004682544486410602,4.272929713928772e-05,0.1,0.0004682544486410602,1
ROST,-842,186.5,-157033.0,2365566.9,446084471.916,0.00035594004971916033,0.03559400497191603,0.0003520252550498331,0.1,0.0035594004971916033,1
RPD,1186,11.73,13911.78,1033468.9,13739325.977000002,0.0011475913788987749,0.11475913788987749,0.0010125518546753088,0.1,0.011475913788987747,1
RPM,-1069,107.76,-115195.44,1266416.6,137496927.37050003,0.0008441140142982964,0.08441140142982964,0.0008378037400762687,0.1,0.008441140142982964,1
RPRX,-14778,40.86,-603829.08,3795657.95,152254074.6745,0.003893396137025466,0.3893396137025466,0.0039659305098461925,0.1,0.038933961370254656,1
RRC,9281,37.45,347573.45,3240331.05,113380321.32650001,0.0028642135191711353,0.28642135191711354,0.003065553580493891,0.1,0.02864213519171135,1
RRR,6785,62.45,423723.25,528029.45,32832482.335,0.012849662078507176,1.2849662078507176,0.012905611146809439,0.1,0.12849662078507176,1
RRX,-1309,162.06,-212136.54,658194.25,101683253.27199998,0.001988774590479938,0.1988774590479938,0.0020862485529700788,0.1,0.01988774590479938,1
RS,-1789,332.29,-594466.81,299458.9,94899688.38250001,0.0059741086339394145,0.5974108633939414,0.006264159768406814,0.1,0.059741086339394144,1
RSG,-315,214.75,-67646.25,1389893.6,295696259.09650004,0.00022663605329213687,0.022663605329213687,0.00022876938046728466,0.1,0.0022663605329213687,1
RSI,-14245,17.78,-253276.1,1949559.95,35590806.951,0.007306777101160701,0.7306777101160701,0.0071163348543543965,0.1,0.07306777101160701,1
RTX,1958,199.88,391365.04,5957889.35,1157343935.1200001,0.00032863987311211145,0.032863987311211144,0.0003381579391604286,0.1,0.0032863987311211144,1
RUM,-25160,6.0,-150960.0,1917130.65,12045254.868,0.01312377954001205,1.3123779540012048,0.012532736057005115,0.1,0.13123779540012048,1
RUN,802,19.76,15847.52,7997851.3,150593051.06899998,0.00010027693313077726,0.010027693313077726,0.0001052340721401471,0.1,0.0010027693313077726,1
RUSHA,-487,63.29,-30822.23,403935.55,24245175.844500005,0.001205637879607279,0.1205637879607279,0.0012712726934909814,0.1,0.012056378796072789,1
RUSHB,3508,57.78,202692.24,27534.5,1605656.3730000001,0.12740380250231528,12.740380250231528,0.12623637498557108,0.1,1.2740380250231527,2
RVLV,2975,28.2,83895.0,864567.85,25994449.024,0.0034410254787984543,0.34410254787984546,0.0032274198203832644,0.1,0.03441025478798454,1
RVMD,-2927,98.2,-287431.4,5638277.75,614685386.319,0.0005191301545937498,0.05191301545937498,0.0004676073425484582,0.1,0.005191301545937498,1
RVTY,-3290,108.49,-356932.1,1430138.5,157539757.789,0.0023004764923117587,0.23004764923117588,0.002265663633163985,0.1,0.023004764923117586,1
RWT,2320,5.87,13618.4,1410835.25,8013279.821999999,0.0016444159585607178,0.16444159585607176,0.0016994789028347002,0.1,0.016444159585607177,1
RXO,-166,14.88,-2470.08,1911585.2,27744842.767500002,8.683892300484436e-05,0.008683892300484436,8.902843749013506e-05,0.1,0.0008683892300484435,1
RXRX,-4269,4.32,-18442.08,20408946.0,94348806.60949999,0.0002091729773796256,0.02091729773796256,0.00019546701927380887,0.1,0.002091729773796256,1
RYAM,15519,7.98,123841.62000000001,957797.3,7444860.261499999,0.016202801991611376,1.6202801991611375,0.01663451235484281,0.1,0.16202801991611374,1
RYAN,-2724,47.3,-128845.2,1409262.0,70764703.4445,0.0019329265956223897,0.19329265956223896,0.0018207551749446942,0.1,0.019329265956223897,1
RYN,391,22.6,8836.6,2273580.55,52400367.092999995,0.00017197543319940876,0.017197543319940875,0.00016863622318364358,0.1,0.0017197543319940876,1
RYTM,478,103.7,49568.6,581638.65,60314673.661,0.0008218160880471062,0.08218160880471062,0.0008218331790801265,0.1,0.008218160880471061,1
S,-1234,14.07,-17362.38,7827803.8,114058283.078,0.00015764319488947845,0.015764319488947846,0.00015222375378144654,0.1,0.0015764319488947845,1
SABR,-1490,1.21,-1802.8999999999999,4982105.1,6513010.958000001,0.00029907036686159034,0.029907036686159034,0.00027681513383383434,0.1,0.002990703668615903,1
SAFE,6217,13.96,86789.32,442057.5,6364191.162,0.014063781295419714,1.4063781295419715,0.013637132793592226,0.1,0.14063781295419714,1
SAFT,2385,77.18,184074.30000000002,65299.35,4968490.4459999995,0.03652410016332475,3.6524100163324755,0.03704833530437668,0.1,0.3652410016332475,1
SAH,579,60.27,34896.33,159185.4,10003344.370000001,0.0036372682419367605,0.363726824193676,0.003488466327786734,0.1,0.0363726824193676,1
SAIA,-249,341.78,-85103.21999999999,461183.15,163311487.51474997,0.0005399156495635194,0.053991564956351934,0.0005211098208404576,0.1,0.005399156495635193,1
SAIC,58,101.7,5898.6,500101.8,54003362.973000005,0.00011597638720756454,0.011597638720756455,0.00010922653100232139,0.1,0.0011597638720756453,1
SAM,-236,209.74,-49498.64,156492.1,33039623.9235,0.0015080633463286646,0.15080633463286647,0.0014981599098890844,0.1,0.015080633463286645,1
SANM,1497,154.43,231181.71000000002,878303.55,139977156.41474998,0.0017044221214863584,0.17044221214863584,0.0016515674122927063,0.1,0.017044221214863584,1
SB,-16657,5.62,-93612.34,577283.2,3012648.665,0.028854122205531015,2.8854122205531016,0.031073102246391548,0.1,0.28854122205531013,1
SBAC,-833,187.77,-156412.41,741750.4,138626490.0505,0.0011230192798008603,0.11230192798008602,0.0011283010191127309,0.1,0.011230192798008602,1
SBCF,1641,34.12,55990.92,668763.15,22199362.7815,0.0024537835256024498,0.24537835256024498,0.0025221859091676467,0.1,0.024537835256024498,1
SBGI,582,14.29,8316.779999999999,334786.9,5023973.217999999,0.0017384192750672142,0.17384192750672142,0.001655418856574008,0.1,0.017384192750672142,1
SBH,-3772,15.12,-57032.64,1657281.25,25547984.889500003,0.002276016819716026,0.2276016819716026,0.0022323733259854836,0.1,0.022760168197160258,1
SBLK,13669,22.9,313020.1,1344894.6,27950477.5495,0.010163621744038528,1.016362174403853,0.011199096668228466,0.1,0.10163621744038527,1
SBRA,6766,18.52,125306.31999999999,2586218.65,49476789.5075,0.0026161747770243634,0.2616174777024363,0.002532628354574326,0.1,0.026161747770243632,1
SBSI,-8041,32.31,-259804.71000000002,111588.75,3567410.164,0.07205923536198766,7.205923536198766,0.07282726068950002,0.1,0.7205923536198766,1
SBUX,-5140,93.88,-482543.19999999995,11649853.15,1078049493.5559998,0.00044120727822221517,0.04412072782222152,0.00044760764963425496,0.1,0.004412072782222151,1
SCCO,-449,204.1361,-91657.1089,2464552.25,435427396.89675504,0.0001821831937221051,0.01821831937221051,0.00021049917748224047,0.1,0.0018218319372210509,1
SCHL,29,35.55,1030.9499999999998,429983.3,14341904.1435,6.744447982049536e-05,0.006744447982049536,7.188376032113171e-05,0.1,0.0006744447982049536,1
SCHW,4257,103.47,440471.79,8927680.85,914457668.0945,0.0004768315614687324,0.04768315614687324,0.0004816754294573663,0.1,0.004768315614687324,1
SCI,3225,79.8,257355.0,911290.15,73171703.929,0.0035389387233034394,0.3538938723303439,0.0035171382676794953,0.1,0.03538938723303439,1
SCL,799,57.0,45543.0,209005.9,10949274.8235,0.003822858589159445,0.38228585891594447,0.00415945354684612,0.1,0.03822858589159445,1
SCSC,-927,42.56,-39453.12,170178.4,6923038.1755,0.0054472247946860475,0.5447224794686047,0.0056988158955443855,0.1,0.05447224794686047,1
SD,11023,15.67,172730.41,308031.1,4520403.3485,0.03578534764833811,3.578534764833811,0.038211282640810564,0.1,0.35785347648338106,1
SDGR,-106,14.32,-1517.92,1116128.8,18784942.1135,9.497111802867196e-05,0.009497111802867195,8.080514652792732e-05,0.1,0.0009497111802867195,1
SDRL,-6317,38.67,-244278.39,819035.25,29652417.982000005,0.007712732754786806,0.7712732754786806,0.008238059713993141,0.1,0.07712732754786805,1
SEB,3,5027.23,15081.689999999999,18958.65,89065260.2265,0.0001582391151268682,0.01582391151268682,0.0001693330257122257,0.1,0.0015823911512686819,1
SEDG,4792,34.04,163119.68,2602729.3,85824059.40575,0.0018411442173413887,0.18411442173413886,0.001900628811191741,0.1,0.018411442173413884,1
SEI,-148,56.19,-8316.119999999999,2501663.85,134096637.81099999,5.916062623681435e-05,0.005916062623681434,6.201587255096581e-05,0.1,0.0005916062623681434,1
SEIC,3004,88.04,264472.16000000003,605727.65,52162346.742000006,0.004959324541318198,0.4959324541318198,0.005070173727192621,0.1,0.049593245413181976,1
SENEA,82,116.83,9580.06,45363.35,5157531.70675,0.0018076266413305014,0.18076266413305014,0.0018574893078140357,0.1,0.018076266413305012,1
SF,3689,83.0467,306359.2763,1262425.0,108341457.54505,0.0029221537913143355,0.29221537913143353,0.002827719722827351,0.1,0.029221537913143355,1
SFBS,-642,82.05,-52676.1,304686.65,24230218.869999997,0.0021070828012976607,0.21070828012976608,0.0021739836640608935,0.1,0.021070828012976606,1
SFIX,12289,4.84,59478.759999999995,2174999.95,11360871.565,0.005650115072416438,0.5650115072416438,0.0052354046658919335,0.1,0.05650115072416438,1
SFL,17312,8.83,152864.96,1337621.7,11170159.043,0.012942373766813144,1.2942373766813144,0.013685119380264852,0.1,0.12942373766813142,1
SFM,-370,70.66,-26144.199999999997,2876053.75,216753510.66399997,0.00012864849970206573,0.012864849970206572,0.00012061719286534361,0.1,0.0012864849970206573,1
SFNC,15425,20.32,313436.0,1167109.25,23065394.641500004,0.013216414830059826,1.3216414830059826,0.01358901527035032,0.1,0.13216414830059825,1
SG,-1082,6.13,-6632.66,4784511.75,34191029.3815,0.00022614637742294184,0.022614637742294184,0.00019398830979884988,0.1,0.0022614637742294184,1
SGHC,205,10.07,2064.35,2116070.75,21977128.930999998,9.687766819705815e-05,0.009687766819705816,9.393174178853345e-05,0.1,0.0009687766819705814,1
SGI,-7739,90.12,-697438.68,1277098.4,117328617.48000002,0.006059830628556109,0.6059830628556109,0.005944318572737689,0.1,0.060598306285561086,1
SGRY,17739,14.48,256860.72,1367541.4,21420092.577,0.01297145373441711,1.2971453734417109,0.011991578424633248,0.1,0.1297145373441711,1
SHAK,-103,88.03,-9067.09,1668746.3,153524877.525,6.172298329590304e-05,0.0061722983295903035,5.9059418552693614e-05,0.1,0.0006172298329590304,1
SHBI,640,18.45,11808.0,175962.7,3205878.335,0.003637134460882903,0.36371344608829026,0.003683233974005442,0.1,0.03637134460882903,1
SHC,-933,18.32,-17092.56,1795080.35,33620872.966,0.0005197538929106989,0.05197538929106989,0.0005083913203944855,0.1,0.005197538929106989,1
SHEN,8797,11.29,99318.12999999999,270900.1,3097875.296,0.032473225369794995,3.2473225369794996,0.032060080058174165,0.1,0.32473225369794995,1
SHO,-9412,8.96,-84331.52,1821649.6,16582752.146000002,0.005166745569510184,0.5166745569510184,0.005085496017640352,0.1,0.05166745569510184,1
SHOO,384,43.95,16876.800000000003,1117567.8,49790042.2685,0.0003436033142687182,0.03436033142687182,0.0003389593426932522,0.1,0.0034360331426871817,1
SHW,-537,354.58,-190409.46,1816622.0,631704393.987,0.0002956035983270047,0.029560359832700472,0.0003014217754577127,0.1,0.002956035983270047,1
SIBN,1519,16.55,25139.45,601350.95,11020787.353000002,0.00252597921396815,0.252597921396815,0.0022810938270355716,0.1,0.0252597921396815,1
SIG,-6,91.65,-549.9000000000001,818110.35,73839040.00100002,7.3339739559583865e-06,0.0007333973955958386,7.447279921198226e-06,0.1,7.333973955958386e-05,1
SIGA,-144,6.81,-980.64,342950.0,2267891.098,0.0004198862807989503,0.04198862807989503,0.00043240171490809383,0.1,0.004198862807989503,1
SIGI,-722,84.08,-60705.76,501452.95,41459089.908999994,0.0014398160385735092,0.14398160385735093,0.0014642328168140014,0.1,0.014398160385735092,1
SIRI,-16304,20.06,-327058.24,4468909.25,92456016.70549999,0.0036483175396770477,0.3648317539677048,0.0035374467952883812,0.1,0.03648317539677048,1
SITC,194,6.11,1185.3400000000001,1092819.15,6854325.1765,0.00017752251138717693,0.017752251138717694,0.00017293314359580268,0.1,0.0017752251138717693,1
SITE,449,143.16,64278.84,683994.75,96957153.2775,0.0006564377869859382,0.06564377869859382,0.0006629612960688753,0.1,0.006564377869859381,1
SITM,-94,365.58,-34364.52,245956.55,86671384.054,0.00038218132430301206,0.038218132430301206,0.00039649211069006836,0.1,0.0038218132430301206,1
SJM,3957,103.48,409470.36000000004,1496816.2,150706084.43249997,0.002643611152792173,0.2643611152792173,0.0027170127970738865,0.1,0.02643611152792173,1
SKT,-2572,32.91,-84644.51999999999,1022250.25,34258318.024500005,0.0025160179711376934,0.25160179711376934,0.0024707727898219066,0.1,0.025160179711376934,1
SKWD,8207,45.15,370546.05,502414.1,23200485.118999995,0.01633513072184877,1.6335130721848772,0.015971478531564928,0.1,0.1633513072184877,1
SKY,-1813,84.46,-153125.97999999998,699186.8,63833362.04000001,0.002593012339477805,0.2593012339477805,0.002398839338965828,0.1,0.025930123394778046,1
SKYW,-13,101.53,-1319.89,269285.1,26947844.80525,4.827597219452543e-05,0.004827597219452543,4.897942709477301e-05,0.1,0.0004827597219452543,1
SLAB,-1772,146.54,-259668.87999999998,318129.2,46422721.808,0.005570063986581552,0.5570063986581552,0.0055935729290920505,0.1,0.05570063986581551,1
SLB,-1739,48.45,-84254.55,23566879.0,1093980922.305,7.378999994017026e-05,0.0073789999940170265,7.701647102078986e-05,0.1,0.0007378999994017026,1
SLDB,5860,6.6,38676.0,1055443.95,6167843.668,0.005552165986644767,0.5552165986644767,0.006270586947697586,0.1,0.05552165986644767,1
SLG,7293,44.54,324830.22,1204151.6,56463772.373500004,0.0060565463684140765,0.6056546368414076,0.005752896172988464,0.1,0.060565463684140765,1
SLGN,-32,42.71,-1366.72,811128.0,34315309.3235,3.945123334418242e-05,0.003945123334418242,3.98282873429917e-05,0.1,0.0003945123334418242,1
SLM,5449,26.92,146687.08000000002,2780209.15,75473362.7545,0.0019599244898535783,0.19599244898535784,0.0019435609418536738,0.1,0.019599244898535782,1
SLNO,-665,40.55,-26965.749999999996,1673462.2,72779465.8225,0.00039737975557499895,0.039737975557499895,0.00037051316185482977,0.1,0.003973797555749989,1
SLP,7358,17.71,130310.18000000001,345002.3,6712587.321500001,0.021327394049257063,2.1327394049257062,0.01941280966023706,0.1,0.21327394049257062,1
SLVM,715,49.63,35485.450000000004,261008.05,13003797.817499999,0.0027393791111040445,0.27393791111040444,0.0027288527934696957,0.1,0.027393791111040445,1
SM,-349,18.87,-6585.63,5129375.0,95592221.512,6.803947849396856e-05,0.006803947849396856,6.889294856667062e-05,0.1,0.0006803947849396856,1
SMBC,-432,62.18,-26861.76,47059.35,2868272.0415,0.009179897299898957,0.9179897299898957,0.00936513678317357,0.1,0.09179897299898956,1
SMBK,-278,39.59,-11006.02,75305.0,2909101.8385,0.0036916539406413916,0.3691653940641392,0.0037833051611816234,0.1,0.036916539406413915,1
SMCI,-1920,30.12,-57830.4,32203366.95,988784297.0929998,5.962109499236694e-05,0.005962109499236695,5.84863657018218e-05,0.1,0.0005962109499236694,1
SMG,-5052,65.42,-330501.84,892013.2,55531896.067499995,0.005663593319022634,0.5663593319022634,0.005951567718816394,0.1,0.056635933190226334,1
SMMT,-1777,15.4,-27365.8,3078457.95,52893047.406,0.0005772370546753773,0.057723705467537724,0.0005173799079857085,0.1,0.005772370546753772,1
SMP,-3445,40.33,-138936.85,125490.6,4868637.187999999,0.02745225538805297,2.745225538805297,0.02853711308422106,0.1,0.2745225538805297,1
SMPL,8409,18.75,157668.75,2409062.6,48994021.633,0.0034905693193692847,0.3490569319369285,0.0032181222268514893,0.1,0.03490569319369285,1
SMR,-20308,18.92,-384227.36000000004,32191637.35,620809477.3780001,0.0006308470668703032,0.06308470668703031,0.0006189134895665432,0.1,0.006308470668703031,1
SMTC,-522,81.98,-42793.560000000005,1306879.4,101289779.06600001,0.0003994247671208223,0.03994247671208223,0.0004224864581066555,0.1,0.003994247671208223,1
SNA,-183,366.63,-67093.29,278921.05,101222500.13199998,0.0006560996382309618,0.06560996382309618,0.0006628298047618511,0.1,0.006560996382309618,1
SNAP,39455,7.24,285654.2,43655967.85,344979878.5995,0.0009037710522319802,0.09037710522319801,0.0008280314816030955,0.1,0.009037710522319801,1
SNDR,-2052,29.71,-60964.92,813957.1,23614735.1575,0.0025210173853142874,0.25210173853142875,0.002581647416047249,0.1,0.02521017385314287,1
SNDX,8421,20.59,173388.38999999998,1277008.55,26696803.112000003,0.006594317633973555,0.6594317633973554,0.0064947248280099595,0.1,0.06594317633973554,1
SNEX,-4158,49.8844,-207419.3352,586154.25,27378078.198609997,0.007093695900012667,0.7093695900012668,0.007576110116104893,0.1,0.07093695900012667,1
SNOW,-18,199.37,-3588.66,4319791.6,924718519.7835,4.166867679450092e-06,0.0004166867679450092,3.880813375339554e-06,0.1,4.166867679450092e-05,1
SNPS,209,480.0,100320.0,1762878.05,894136572.0024998,0.00011855613041412592,0.011855613041412591,0.0001121976252188458,0.1,0.0011855613041412592,1
SNX,1557,161.76,251860.31999999998,973177.15,147981703.2335,0.001599914260214597,0.15999142602145972,0.0017019693279417803,0.1,0.01599914260214597,1
SO,64,89.14,5704.96,5216174.1,458848107.12399995,1.2269529117135872e-05,0.0012269529117135871,1.2433221171506939e-05,0.1,0.0001226952911713587,1
SOC,260,10.0,2600.0,8219593.2,86367350.4765,3.1631735740888e-05,0.0031631735740888004,3.010396852115364e-05,0.1,0.00031631735740888,1
SOFI,-937,24.36,-22825.32,49698640.85,1318490894.093,1.8853634304166287e-05,0.0018853634304166287,1.7311700901583938e-05,0.1,0.00018853634304166286,1
SON,-3341,47.86,-159900.26,923084.5,43868155.6135,0.0036193869575320567,0.3619386957532057,0.0036450189839025795,0.1,0.036193869575320566,1
SONO,-2363,14.34,-33885.42,1311345.25,21116968.115000002,0.0018019663395280534,0.18019663395280533,0.0016046536517678497,0.1,0.018019663395280532,1
SOUN,-10584,9.08,-96102.72,26463374.2,284535669.9725,0.0003999489981893541,0.03999489981893541,0.00033775280269531124,0.1,0.003999489981893541,1
SPB,119,63.81,7593.39,325904.8,20576794.092,0.00036513730389978915,0.03651373038997891,0.0003690268739653771,0.1,0.003651373038997891,1
SPG,-2785,189.8,-528593.0,1493695.8,276097041.126,0.0018645027990304317,0.18645027990304316,0.001914518887432664,0.1,0.018645027990304316,1
SPGI,-256,500.009,-128002.304,1460848.6,737401341.1140501,0.00017524061014947064,0.017524061014947065,0.00017358566748280777,0.1,0.0017524061014947063,1
SPNT,592,20.58,12183.359999999999,604154.1,12278394.322999999,0.0009798824505204882,0.09798824505204881,0.0009922600365731876,0.1,0.00979882450520488,1
SPOT,435,503.92,219205.2,2525594.15,1332305687.0475,0.00017223669923372288,0.01722366992337229,0.0001645307095294151,0.1,0.0017223669923372288,1
SPSC,-1859,88.95,-165358.05000000002,475145.1,43301806.11400001,0.003912489048082365,0.39124890480823654,0.0038187333240711574,0.1,0.03912489048082365,1
SPXC,2035,211.84,431094.4,446396.4,94564359.939,0.004558728520212081,0.4558728520212081,0.00455874073782219,0.1,0.045587285202120804,1
SR,129,84.86,10946.94,358490.05,29774716.644,0.0003598426232471445,0.03598426232471445,0.00036765891447050776,0.1,0.003598426232471445,1
SRCE,4108,65.91,270758.27999999997,112109.6,7286683.609999999,0.036642713915668236,3.6642713915668237,0.03715795751422779,0.1,0.36642713915668235,1
SRE,4262,87.1,371220.19999999995,3978646.5,348613950.154,0.0010712185664144829,0.10712185664144828,0.0010648460850061039,0.1,0.010712185664144828,1
SRI,-106,6.68,-708.0799999999999,144637.7,892458.2154999997,0.0007328656359994662,0.07328656359994662,0.0007934040918692178,0.1,0.007328656359994661,1
SRPT,6495,21.235,137921.32499999998,3111827.4,68178271.29825,0.002087198023900683,0.2087198023900683,0.0020229513358685017,0.1,0.020871980239006827,1
SRRK,-484,44.92,-21741.280000000002,1047361.65,46383839.765499994,0.00046211354024658054,0.046211354024658056,0.00046872531704826706,0.1,0.004621135402465805,1
SSB,-3441,102.78,-353665.98,794088.2,78487808.44000003,0.004333271795248941,0.4333271795248941,0.004505998919187046,0.1,0.04333271795248941,1
SSD,-7,177.99,-1245.93,252154.95,44968466.7305,2.776070824705206e-05,0.002776070824705206,2.7706748541527308e-05,0.1,0.00027760708247052057,1
SSNC,-3231,82.88,-267785.27999999997,1259449.95,108195082.55950001,0.002565405636008005,0.2565405636008005,0.002475022650430865,0.1,0.02565405636008005,1
SSTI,-889,7.15,-6356.35,189328.85,1528786.7455,0.004695533723465811,0.46955337234658107,0.004157774142606864,0.1,0.046955337234658105,1
ST,422,34.92,14736.240000000002,1371260.1,47829949.10599999,0.0003077461380229761,0.03077461380229761,0.0003080965017826336,0.1,0.003077461380229761,1
STAG,-1065,37.28,-39703.200000000004,1538510.75,57331026.8345,0.0006922278573614127,0.06922278573614127,0.0006925255344651855,0.1,0.006922278573614126,1
STBA,-451,42.1,-18987.100000000002,173481.65,7106917.302499999,0.002599698584835918,0.25996985848359183,0.002671636546737488,0.1,0.02599698584835918,1
STC,3167,67.91,215070.97,273012.05,18458063.069000002,0.011600220576344524,1.1600220576344524,0.011651871011385153,0.1,0.11600220576344523,1
STE,-1059,261.64,-277076.76,470512.15,122414813.38800001,0.002250738902279144,0.2250738902279144,0.0022634250899177624,0.1,0.02250738902279144,1
STEP,1074,71.34,76619.16,661970.0,47836409.27249999,0.0016224300194872879,0.1622430019487288,0.001601691288397905,0.1,0.01622430019487288,1
STGW,-444,6.07,-2695.08,2172165.85,12960866.783500003,0.00020440428156072888,0.020440428156072887,0.0002079397963900845,0.1,0.0020440428156072886,1
STLD,-2873,181.97,-522799.81,1341218.15,233349045.37799996,0.002142082553833618,0.2142082553833618,0.0022404197503920423,0.1,0.02142082553833618,1
STNE,2843,16.72,47534.96,5165599.55,78830357.37,0.0005503717375846527,0.055037173758465265,0.0006030032285264013,0.1,0.005503717375846527,1
STRA,-448,84.56,-37882.880000000005,191894.2,16057954.296999995,0.0023346198061223317,0.23346198061223317,0.0023591348748001743,0.1,0.023346198061223317,1
STRL,579,379.23,219574.17,443000.85,148263631.475,0.0013069952348849895,0.13069952348849895,0.0014809712119929041,0.1,0.013069952348849894,1
STRT,-840,80.34,-67485.6,46597.8,3679532.9112500004,0.018026602114262904,1.8026602114262904,0.018340806191368998,0.1,0.18026602114262902,1
STT,3558,131.43,467627.94,2370016.25,308740167.79249996,0.001501255529366096,0.15012555293660962,0.0015146326548422632,0.1,0.01501255529366096,1
STWD,-4167,18.18,-75756.06,3839493.35,70003174.036,0.0010852994445217621,0.10852994445217622,0.001082180358865464,0.1,0.010852994445217621,1
STX,530,446.57,236682.1,4573352.15,1631080572.0324998,0.00011588873601172391,0.011588873601172391,0.00014510754652976397,0.1,0.0011588873601172391,1
STZ,-2130,154.75,-329617.5,3046878.25,464002033.2325001,0.0006990761773956671,0.06990761773956672,0.0007103794302445152,0.1,0.006990761773956671,1
SUI,1034,126.59,130894.06,667812.9,83558691.4565,0.0015483378652913114,0.15483378652913113,0.0015664924583954553,0.1,0.015483378652913113,1
SUPN,-2666,49.06,-130793.96,658944.05,32944466.027000003,0.004045867020121056,0.40458670201210556,0.003970134464853866,0.1,0.04045867020121056,1
SVRA,10485,5.58,58506.3,1507022.2,8827693.1835,0.0069574290279200935,0.6957429027920093,0.006627586480843623,0.1,0.06957429027920094,1
SWBI,-2074,10.94,-22689.559999999998,548775.0,5868321.502,0.0037793266821557103,0.37793266821557103,0.003866448011116484,0.1,0.0377932668215571,1
SWK,866,79.1,68500.59999999999,1599033.35,129658366.118,0.0005415771972485752,0.05415771972485752,0.0005283160821081047,0.1,0.005415771972485752,1
SWKS,-72,55.79,-4016.88,4292083.9,255012765.10399994,1.677506816677092e-05,0.001677506816677092,1.5751682071137992e-05,0.1,0.00016775068166770922,1
SWX,-2720,82.64,-224780.8,497058.7,41301727.9585,0.005472190709065147,0.5472190709065147,0.005442406676685776,0.1,0.054721907090651466,1
SXC,-12188,7.94,-96772.72,999008.35,7866666.1865,0.012200098227407209,1.2200098227407208,0.012301617700020352,0.1,0.12200098227407208,1
SXI,-156,246.19,-38405.64,124676.1,30028715.7985,0.0012512422188374515,0.12512422188374514,0.001278963784455892,0.1,0.012512422188374514,1
SXT,173,95.6,16538.8,200475.4,19231533.215499997,0.0008629487707718752,0.08629487707718753,0.0008599834352609109,0.1,0.008629487707718752,1
SYBT,1576,66.94,105497.44,131058.75,8837024.329499999,0.012025141396511107,1.2025141396511108,0.011938118088893964,0.1,0.12025141396511106,1
SYF,-5800,73.37,-425546.0,4955967.75,388801993.67149997,0.0011703062434173426,0.11703062434173425,0.001094505704514327,0.1,0.011703062434173425,1
SYK,-1295,354.3,-458818.5,1886859.05,677865873.071,0.0006863257751022791,0.06863257751022792,0.0006768573522094734,0.1,0.006863257751022791,1
SYNA,-466,85.89,-40024.74,782581.05,67505670.27900001,0.0005954654792624994,0.059546547926249936,0.0005929093042788598,0.1,0.005954654792624994,1
SYRE,-2071,33.58,-69544.18,616428.4,19831822.50775,0.0033596764847304244,0.33596764847304245,0.003506696370080112,0.1,0.03359676484730424,1
SYY,-1367,84.11,-114978.37,4220232.15,327500916.1795,0.00032391583008057977,0.03239158300805798,0.0003510780102275546,0.1,0.0032391583008057976,1
T,2482,25.13,62372.659999999996,46518950.4,1112417814.799,5.3354600193215024e-05,0.005335460019321502,5.6069454453379064e-05,0.1,0.0005335460019321502,1
TALO,3435,12.09,41529.15,1848208.65,21016094.635500003,0.0018585563918878966,0.18585563918878967,0.0019760640937469764,0.1,0.018585563918878965,1
TAP,-5640,47.57,-268294.8,2873105.8,138750457.577,0.001963032478650804,0.19630324786508038,0.0019336498393247386,0.1,0.019630324786508037,1
TARS,-5108,65.71,-335646.68,568411.7,42274619.54099999,0.0089864441565858,0.89864441565858,0.007939673582975086,0.1,0.08986444156585799,1
TBBK,-733,70.53,-51698.49,601652.9,41630618.47299999,0.0012183104244989096,0.12183104244989096,0.0012418381445264773,0.1,0.012183104244989095,1
TBPH,1135,19.18,21769.3,390968.55,7587718.205499999,0.0029030468051714133,0.2903046805171413,0.0028690179854360437,0.1,0.029030468051714133,1
TCBI,182,101.03,18387.46,423061.4,41352978.838250004,0.00043019760252294343,0.04301976025229434,0.000444646565170591,0.1,0.004301976025229434,1
TCBK,871,49.47,43088.37,118398.3,5782783.479,0.007356524544693631,0.7356524544693631,0.00745114703956565,0.1,0.07356524544693631,1
TCMD,-3021,28.58,-86340.18,339858.5,10105779.84,0.008888993507592131,0.8888993507592131,0.00854364347600907,0.1,0.0888899350759213,1
TDAY,-6831,5.96,-40712.76,1313278.75,7624801.12,0.005201485214011116,0.5201485214011116,0.005339517629280801,0.1,0.05201485214011115,1
TDC,-3172,28.83,-91448.76,1102672.45,33423680.297499992,0.0028766475484174833,0.2876647548417483,0.0027360469938087616,0.1,0.028766475484174832,1
TDG,-417,1422.0,-592974.0,338011.9,475236321.90199995,0.001233684376200956,0.12336843762009561,0.0012477455376869934,0.1,0.01233684376200956,1
TDOC,-12629,5.7,-71985.3,6394912.15,42287819.04099999,0.001974851210426714,0.1974851210426714,0.0017022703377113616,0.1,0.01974851210426714,1
TDS,-3295,44.72,-147352.4,1021614.55,43578420.899,0.003225286875563783,0.3225286875563783,0.0033813157282938933,0.1,0.03225286875563783,1
TDW,-762,62.47,-47602.14,686456.6,39619217.7815,0.0011100483264346209,0.11100483264346209,0.0012014911617520018,0.1,0.011100483264346208,1
TDY,-264,625.32,-165084.48,436513.55,253270795.0745,0.0006047922223720203,0.06047922223720203,0.0006518101700254866,0.1,0.006047922223720202,1
TEAM,555,120.38,66810.9,4621081.6,619198789.6594999,0.00012010175280176832,0.012010175280176831,0.00010789895121846023,0.1,0.0012010175280176831,1
TECH,-174,63.98,-11132.519999999999,2267585.7,151541658.91725,7.673359379537452e-05,0.007673359379537452,7.346177994579669e-05,0.1,0.0007673359379537452,1
TECX,-2710,20.69,-56069.9,228324.75,4584814.288500001,0.011869059311353675,1.1869059311353676,0.0122294811680026,0.1,0.11869059311353675,1
TEL,1132,226.27,256137.64,2043281.7,471818552.2995,0.0005540107367476545,0.05540107367476545,0.0005428731845148164,0.1,0.005540107367476545,1
TEN,39,27.01,1053.39,355076.65,8888617.749499999,0.00010983543975645821,0.010983543975645821,0.00011850998993170285,0.1,0.0010983543975645821,1
TENB,-591,21.58,-12753.779999999999,1632020.85,37128128.7015,0.00036212772649320014,0.03621277264932001,0.00034350721261868335,0.1,0.0036212772649320013,1
TER,92,251.87,23172.04,2750338.95,625933102.3772501,3.345042253792028e-05,0.003345042253792028,3.701999448821961e-05,0.1,0.0003345042253792028,1
TEX,-156,57.68,-8998.08,1254777.0,74253890.048,0.00012432488003844507,0.012432488003844507,0.00012117991386287459,0.1,0.0012432488003844505,1
TFC,-10121,51.32,-519409.72000000003,10052569.05,504432804.78150004,0.0010068073096200219,0.10068073096200218,0.001029690605124279,0.1,0.010068073096200218,1
TFIN,-598,65.12,-38941.76,237883.55,16009560.730500001,0.0025138350255828955,0.25138350255828956,0.002432406526046127,0.1,0.025138350255828952,1
TFSL,-1020,14.69,-14983.8,591836.4,8293964.564,0.0017234492505023347,0.17234492505023347,0.0018065907907344175,0.1,0.017234492505023347,1
TFX,205,105.48,21623.4,1038303.25,112753480.1125,0.0001974375020014625,0.01974375020014625,0.00019177589887624943,0.1,0.001974375020014625,1
TGLS,11015,48.78,537311.7000000001,321635.3,16502148.393000003,0.0342468628288002,3.4246862828800197,0.03256010594523079,0.1,0.34246862828800195,1
TGT,204,102.84,20979.36,6218668.9,657028256.0624999,3.280444791006641e-05,0.0032804447910066412,3.193068152917359e-05,0.1,0.0003280444791006641,1
TGTX,1774,30.0,53220.0,2477277.8,73889024.40900001,0.0007161086253628883,0.07161086253628883,0.0007202693556408301,0.1,0.007161086253628883,1
THC,233,189.49,44151.170000000006,839284.0,164903189.28399998,0.0002776175883252868,0.02776175883252868,0.00026773993997145724,0.1,0.0027761758832528676,1
THFF,-1715,63.7,-109245.5,55808.1,3482291.5925,0.030730306174193353,3.0730306174193354,0.03137172666277803,0.1,0.3073030617419335,1
THG,60,173.76,10425.599999999999,369549.55,63779493.29599999,0.00016235982427796218,0.016235982427796218,0.00016346319892531747,0.1,0.0016235982427796217,1
THO,1350,112.92,152442.0,500549.6,56131419.84199999,0.0026970354186678005,0.26970354186678,0.00271580516632391,0.1,0.026970354186678005,1
THR,-646,45.58,-29444.68,230364.95,9496654.158500003,0.0028042460452425595,0.28042460452425594,0.0031005319882735196,0.1,0.028042460452425595,1
THRM,8685,35.84,311270.4,161324.05,6028511.437,0.053835742407905084,5.383574240790509,0.05163304461688127,0.1,0.5383574240790509,1
TILE,-4988,31.58,-157521.03999999998,327410.8,9944937.2,0.01523468376730395,1.523468376730395,0.01583931972943982,0.1,0.1523468376730395,1
TJX,-951,147.47,-140243.97,5472180.55,841374657.0320001,0.00017378812546673007,0.017378812546673006,0.0001666843288276819,0.1,0.0017378812546673006,1
TK,780,10.18,7940.4,553623.45,5290476.7195,0.0014088998578365855,0.14088998578365855,0.0015008855384870577,0.1,0.014088998578365855,1
TKO,-2390,201.1,-480629.0,959697.3,195464857.00499997,0.0024903685776754814,0.24903685776754814,0.0024589023692770796,0.1,0.02490368577675481,1
TKR,-1954,94.15,-183969.1,694271.25,63608988.661,0.002814461926804545,0.2814461926804545,0.002892187155819305,0.1,0.028144619268045446,1
TLN,-875,362.2,-316925.0,936046.45,351374286.89,0.0009347826702403498,0.09347826702403497,0.0009019584295854165,0.1,0.009347826702403497,1
TLRY,7860,7.62,59893.200000000004,5771036.9,52475848.609749995,0.001361973616907561,0.1361973616907561,0.001141347907404243,0.1,0.01361973616907561,1
TMDX,-3,138.97,-416.90999999999997,772593.5,106240631.79450001,3.883025161355875e-06,0.0003883025161355875,3.924204825950433e-06,0.1,3.883025161355875e-05,1
TMHC,124,61.55,7632.2,881560.8,54684868.730500005,0.00014065961190651852,0.014065961190651852,0.0001395669437850037,0.1,0.0014065961190651852,1
TMO,-895,592.16,-529983.2,2551776.8,1572091792.9339995,0.0003507360048104521,0.03507360048104521,0.00033711975495456965,0.1,0.003507360048104521,1
TMP,-3147,76.73,-241469.31000000003,47437.55,3564971.2749999994,0.06633985102518995,6.633985102518995,0.06773387255413442,0.1,0.6633985102518994,1
TMUS,-1166,189.28,-220700.48,5622055.3,1070292372.4035,0.00020739746192108784,0.020739746192108784,0.0002062057860922473,0.1,0.0020739746192108784,1
TNC,1454,76.63,111420.01999999999,110169.75,8491738.7825,0.013197815189741285,1.3197815189741284,0.01312099004147623,0.1,0.13197815189741285,1
TNDM,318,19.76,6283.68,1315727.6,27763238.931499995,0.0002416913652947616,0.02416913652947616,0.0002263309412674678,0.1,0.002416913652947616,1
TNET,3257,58.46,190404.22,343915.6,20950336.599999998,0.009470346794387926,0.9470346794387926,0.009088360900129882,0.1,0.09470346794387925,1
TNK,-4309,64.19,-276594.70999999996,441105.4,26084941.162,0.00976864032949948,0.9768640329499481,0.010603616403894267,0.1,0.0976864032949948,1
TNL,833,70.22,58493.26,568880.7,41103495.244,0.0014642788901082426,0.14642788901082426,0.0014230726524051122,0.1,0.014642788901082426,1
TOL,2545,147.07,374293.14999999997,1225008.0,176059071.63799998,0.002077537452816635,0.2077537452816635,0.0021259520825464458,0.1,0.020775374528166347,1
TOST,496,31.09,15420.64,9060886.45,309066837.5059999,5.4740780908914276e-05,0.0054740780908914275,4.989419157498785e-05,0.1,0.0005474078090891428,1
TOWN,59,35.5,2094.5,463033.65,16314632.110499999,0.0001274205449215192,0.012742054492151919,0.0001283816874210723,0.1,0.001274205449215192,1
TPB,-1857,121.34,-225328.38,311876.8,35270069.64749999,0.005954274251884078,0.5954274251884077,0.006388657075304973,0.1,0.05954274251884077,1
TPC,1761,79.86,140633.46,491936.65,36642753.213,0.0035797292191992605,0.3579729219199261,0.003837961061018376,0.1,0.035797292191992604,1
TPG,-6173,58.86,-363342.77999999997,1833955.95,117768587.17875,0.003365947802617615,0.3365947802617615,0.003085226618610239,0.1,0.033659478026176144,1
TPH,4014,33.73,135392.22,791195.75,26750195.9275,0.005073333621926053,0.5073333621926054,0.005061354330523343,0.1,0.05073333621926053,1
TPL,-737,353.21,-260315.77,360661.15,116472537.05350001,0.002043469334027244,0.2043469334027244,0.002234996992298945,0.1,0.020434693340272436,1
TPR,521,127.33,66338.93,2122690.15,277119290.8335,0.00024544326452921074,0.024544326452921074,0.00023938762906209235,0.1,0.0024544326452921074,1
TR,14229,35.9903,512105.9787,108118.75,3881287.3919699998,0.13160529510376323,13.160529510376323,0.13194229825894796,0.1,1.3160529510376322,2
TREE,-2045,58.51,-119652.95,301588.2,18699737.009500004,0.006780769274129426,0.6780769274129426,0.0063986434643018165,0.1,0.06780769274129425,1
TREX,-1194,41.78,-49885.32,2167362.25,88645929.597,0.0005509000629682463,0.05509000629682463,0.000562748004638086,0.1,0.005509000629682462,1
TRGP,15,201.52,3022.8,1252883.3,233627830.50899997,1.1972384020123821e-05,0.0011972384020123821,1.2938527029995914e-05,0.1,0.0001197238402012382,1
TRIP,-90,13.42,-1207.8,2351112.35,32785961.869000006,3.827975298585795e-05,0.003827975298585795,3.6838937494830886e-05,0.1,0.00038279752985857947,1
TRMB,6732,68.37,460266.84,1951027.85,144691208.78299996,0.003450488930744889,0.3450488930744889,0.0031810283698043003,0.1,0.03450488930744889,1
TRMK,-1082,42.32,-45790.24,299482.9,12222126.279,0.0036128940917828697,0.36128940917828695,0.003746503591496725,0.1,0.03612894091782869,1
TRN,1116,28.7,32029.2,922499.8,25558009.1255,0.0012097563598387772,0.12097563598387773,0.0012531962033006513,0.1,0.012097563598387772,1
TRNO,-2229,61.44,-136949.76,809987.9,49184528.645500004,0.0027518929603763216,0.27518929603763215,0.002784407287646739,0.1,0.027518929603763214,1
TROW,-1777,104.82,-186265.13999999998,1667629.45,176592032.14,0.0010655844438343302,0.10655844438343302,0.0010547765816089102,0.1,0.010655844438343302,1
TROX,16159,6.65,107457.35,3597011.8,20339220.387000002,0.004492340002887953,0.4492340002887953,0.0052832580578497665,0.1,0.044923400028879526,1
TRS,5548,34.41,190906.68,445988.15,15594388.122499999,0.012439792402555987,1.2439792402555987,0.012242011581368476,0.1,0.12439792402555987,1
TRST,1446,43.15,62394.9,85976.3,3670735.9207500005,0.016818588378425217,1.6818588378425217,0.016997926668408103,0.1,0.16818588378425217,1
TRTX,-28169,9.31,-262253.39,786770.8,7089180.3225,0.03580331145995758,3.5803311459957583,0.036993471469141066,0.1,0.3580331145995758,1
TRU,2037,80.68,164345.16,2096021.25,175613786.417,0.0009718412921624721,0.09718412921624721,0.0009358329055656126,0.1,0.00971841292162472,1
TRUP,1371,32.17,44105.07,376772.7,12896463.3635,0.0036387986709228138,0.3638798670922814,0.003419935276583473,0.1,0.03638798670922814,1
TRV,871,284.29,247616.59000000003,1702419.0,474330897.553,0.0005116249289980904,0.05116249289980904,0.0005220334396882343,0.1,0.005116249289980904,1
TSCO,-3700,50.96,-188552.0,8464698.7,439681458.4139999,0.0004371094744340989,0.04371094744340989,0.00042883773329932236,0.1,0.004371094744340989,1
TSLA,-813,416.56,-338663.28,62073372.35,27165261851.19,1.3097403431150942e-05,0.0013097403431150943,1.246677767566465e-05,0.1,0.0001309740343115094,1
TSN,10470,65.22,682853.4,2937439.05,177537014.6575,0.003564329275189557,0.3564329275189557,0.0038462593353692687,0.1,0.03564329275189557,1
TT,-675,426.07,-287597.25,2035442.1,796827235.5130001,0.00033162328714729836,0.033162328714729836,0.0003609279868738973,0.1,0.0033162328714729833,1
TTC,1898,91.73,174103.54,944628.35,82574461.65400001,0.002009255809440824,0.2009255809440824,0.0021084429315388242,0.1,0.020092558094408238,1
TTD,1302,31.25,40687.5,11801391.55,423629794.30599993,0.00011032597253329841,0.011032597253329841,9.604494430486221e-05,0.1,0.001103259725332984,1
TTEK,-11403,38.22,-435822.66,2129648.95,77392743.86599998,0.005354403597832403,0.5354403597832403,0.005631311647957537,0.1,0.05354403597832403,1
TTI,50,11.56,578.0,2227251.25,24159551.949500002,2.2449196066227373e-05,0.0022449196066227375,2.3924284738730932e-05,0.1,0.00022449196066227372,1
TTMI,416,96.48,40135.68,3452176.25,314050511.16899997,0.00012050369676229595,0.012050369676229595,0.00012780007856252713,0.1,0.0012050369676229594,1
TTWO,1237,239.27,295976.99,1289234.55,317758629.9355,0.000959484059746925,0.0959484059746925,0.0009314522474498289,0.1,0.00959484059746925,1
TVTX,47,31.99,1503.53,3082825.95,96814627.127,1.5245752034752399e-05,0.00152457520347524,1.5529988025752467e-05,0.1,0.000152457520347524,1
TW,5183,103.14,534574.62,1406442.65,148146585.1905,0.0036851840350546824,0.3685184035054683,0.0036084167536672993,0.1,0.036851840350546824,1
TWI,-6232,9.35,-58269.2,538502.65,4690574.390999999,0.011572830700090334,1.1572830700090333,0.012422615045143201,0.1,0.11572830700090334,1
TWLO,638,123.72,78933.36,2280203.8,296926737.431,0.00027979955125063824,0.027979955125063825,0.00026583446368935563,0.1,0.002797995512506382,1
TWST,-179,41.58,-7442.82,1279003.35,50225215.971499994,0.00013995272178137766,0.013995272178137766,0.00014818890981421333,0.1,0.0013995272178137766,1
TXN,1407,218.97,308090.79,8382591.6,1638894880.4234996,0.0001678478526855585,0.016784785268555848,0.00018798691342570282,0.1,0.001678478526855585,1
TXRH,-2045,184.02,-376320.9,904543.25,167677474.9875,0.002260809530113679,0.2260809530113679,0.0022443139725717718,0.1,0.022608095301136787,1
TXT,3509,87.82,308160.38,1952643.8,177553666.67600003,0.0017970507472996355,0.17970507472996355,0.0017355900656353728,0.1,0.017970507472996354,1
TYL,145,380.0,55100.0,369784.8,160234503.417,0.00039211995733734863,0.039211995733734864,0.00034387100671199255,0.1,0.003921199573373486,1
U,248,38.4,9523.199999999999,7865144.2,339024286.119,3.1531526147988486e-05,0.0031531526147988488,2.8090023015806265e-05,0.1,0.0003153152614798848,1
UAA,-2054,6.05,-12426.699999999999,13359763.1,77711782.82100001,0.00015374524118620038,0.015374524118620038,0.0001599075397436634,0.1,0.0015374524118620036,1
UAL,394,103.94,40952.36,4976083.1,552713745.1515,7.91787420109604e-05,0.00791787420109604,7.409325416500158e-05,0.1,0.000791787420109604,1
UBER,-1635,81.7,-133579.5,18493512.2,1545616406.089,8.840938283210476e-05,0.008840938283210475,8.642474256468795e-05,0.1,0.0008840938283210476,1
UBSI,-8762,42.35,-371070.7,950366.25,38786749.39749999,0.009219603494968387,0.9219603494968387,0.009566945046029493,0.1,0.09219603494968387,1
UCB,2176,34.7,75507.20000000001,1007250.0,33846000.740499996,0.002160337552742616,0.2160337552742616,0.002230904637121525,0.1,0.02160337552742616,1
UCTT,-2682,47.49,-127368.18000000001,1127093.75,45013644.136999995,0.0023795713533146644,0.23795713533146645,0.0028295460730162663,0.1,0.023795713533146644,1
UDR,-6271,36.91,-231462.61,4704813.65,174303863.809,0.00133289019853103,0.13328901985310299,0.0013279258700405739,0.1,0.0133289019853103,1
UE,646,19.2,12403.199999999999,918338.95,17455437.259000003,0.0007034439734914871,0.07034439734914871,0.0007105636951950272,0.1,0.00703443973491487,1
UEC,-6558,18.6,-121978.8,12125883.75,207922876.5355,0.0005408265603733831,0.05408265603733831,0.0005866540615081082,0.1,0.005408265603733831,1
UFCS,-8691,35.63,-309660.33,103748.8,3675736.7480000006,0.08376964360069707,8.376964360069707,0.08424442533010255,0.1,0.8376964360069706,1
UFPI,808,102.5,82820.0,372125.35,37940522.53750001,0.0021713113605402053,0.21713113605402054,0.0021828903362662334,0.1,0.02171311360540205,1
UFPT,426,246.78,105128.28,158706.35,39833423.351500005,0.0026842026169715326,0.2684202616971533,0.0026391977177638486,0.1,0.026842026169715323,1
UGI,1438,40.6,58382.8,2290886.25,88332067.26099999,0.0006277046710634367,0.06277046710634367,0.00066094683177167,0.1,0.006277046710634366,1
UHAL,3108,57.26,177964.08,168854.4,9359795.59,0.01840639035760987,1.840639035760987,0.019013671643656055,0.1,0.1840639035760987,1
UHS,2554,200.13,511132.01999999996,740205.8,153855898.63099998,0.003450391769424125,0.3450391769424125,0.003322147701505241,0.1,0.03450391769424124,1
UHT,1582,38.99,61682.18,65230.8,2575048.819,0.024252347050779693,2.4252347050779695,0.023953790524233163,0.1,0.24252347050779693,1
UI,-578,566.38,-327367.64,100278.55,56146509.983500004,0.005763944532504708,0.5763944532504708,0.005830596418124739,0.1,0.05763944532504708,1
ULTA,-670,631.1,-422837.0,548927.35,359867740.7625,0.0012205622474449488,0.12205622474449487,0.0011749788939238582,0.1,0.012205622474449488,1
UMBF,-824,127.27,-104870.48,514600.05,63037846.8015,0.001601243528833703,0.1601243528833703,0.0016636113909510085,0.1,0.01601243528833703,1
UMH,7772,15.59,121165.48,535034.5,8558482.0035,0.014526166069664666,1.4526166069664666,0.014157356403910092,0.1,0.14526166069664664,1
UNFI,369,37.28,13756.32,857883.45,29674780.0625,0.00043012835834518084,0.043012835834518086,0.0004635694003806233,0.1,0.004301283583451808,1
UNH,574,292.29,167774.46000000002,11243303.7,3567868540.5299997,5.105261009715499e-05,0.005105261009715499,4.702372245337197e-05,0.1,0.0005105261009715499,1
UNIT,-36,7.52,-270.71999999999997,2119215.65,15748293.165000001,1.6987417019122147e-05,0.0016987417019122147,1.7190434364129388e-05,0.1,0.00016987417019122147,1
UNM,4597,76.29,350705.13,1204383.6,93491513.653,0.003816890233311048,0.38168902333110477,0.003751197475544845,0.1,0.038168902333110474,1
UNP,-197,233.58,-46015.26,3345849.9,767069808.307,5.887891145385811e-05,0.005887891145385811,5.9988360253104334e-05,0.1,0.000588789114538581,1
UPBD,7799,18.6,145061.40000000002,680670.8,12921865.332500001,0.011457814849704144,1.1457814849704144,0.011226041772402136,0.1,0.11457814849704144,1
UPS,-4300,105.99,-455757.0,6046418.9,641043047.3135,0.0007111647524123742,0.07111647524123742,0.0007109616146840659,0.1,0.007111647524123741,1
UPST,-17,41.53,-706.01,3860366.5,180845818.66149998,4.403726951832164e-06,0.0004403726951832164,3.903933224585532e-06,0.1,4.403726951832164e-05,1
UPWK,-4798,21.02,-100853.95999999999,2180185.0,44828584.84950001,0.0022007306719383905,0.22007306719383904,0.002249768988661815,0.1,0.022007306719383904,1
URBN,548,69.97,38343.56,1810909.75,133152441.1125,0.0003026103316302759,0.03026103316302759,0.0002879673829457146,0.1,0.0030261033163027588,1
URGN,-1738,20.69,-35959.22,728510.95,15001116.806499997,0.002385688231590754,0.2385688231590754,0.0023971028599963197,0.1,0.02385688231590754,1
URI,-153,787.04,-120417.12,699067.25,619158075.338,0.00021886306360368048,0.02188630636036805,0.00019448526118998603,0.1,0.002188630636036805,1
USB,10164,56.33,572538.12,11896644.45,654623315.3100001,0.0008543585582235334,0.08543585582235334,0.000874606978715495,0.1,0.008543585582235334,1
USFD,-964,84.26,-81226.64,2669270.55,214100067.4815,0.0003611473554076413,0.03611473554076413,0.0003793863353500281,0.1,0.003611473554076413,1
USLM,779,123.82,96455.78,88322.9,11226174.396499999,0.00881990967234998,0.881990967234998,0.008592043611051701,0.1,0.08819909672349979,1
USNA,8488,21.68,184019.84,122664.9,2569287.5560000003,0.06919664875608263,6.919664875608262,0.07162290556783438,0.1,0.6919664875608262,1
USPH,-44,82.36,-3623.84,216865.1,18276333.954000004,0.00020289110603780876,0.020289110603780875,0.0001982804652793553,0.1,0.0020289110603780875,1
UTHR,245,467.7,114586.5,352224.95,169228910.527,0.0006955782093233315,0.06955782093233315,0.0006771094823169593,0.1,0.006955782093233315,1
UTI,-386,28.04,-10823.44,567800.9,15554843.453500003,0.0006798157593621285,0.06798157593621285,0.0006958244248716378,0.1,0.006798157593621284,1
UTL,-873,50.54,-44121.42,82287.55,4077250.7085,0.010609138320438511,1.0609138320438511,0.010821365462765974,0.1,0.1060913832043851,1
UTZ,-25847,10.31,-266482.57,1459161.05,14921644.926500002,0.017713603306502734,1.7713603306502734,0.017858793136589248,0.1,0.17713603306502734,1
UVE,23,30.36,698.28,210881.95,6403601.054,0.00010906575930277579,0.010906575930277579,0.00010904489428863161,0.1,0.0010906575930277578,1
UVSP,201,32.72,6576.719999999999,152094.2,5036835.767750001,0.0013215494081957103,0.13215494081957102,0.001305724526916207,0.1,0.013215494081957102,1
UVV,-5935,55.8,-331173.0,166898.3,9073322.524499997,0.03556057790882232,3.5560577908822317,0.03649963936647892,0.1,0.35560577908822316,1
UWMC,-454,5.7,-2587.8,17423270.9,94244506.0375,2.605710504105174e-05,0.0026057105041051736,2.7458364511670438e-05,0.1,0.00026057105041051736,1
V,1710,331.8,567378.0,8146953.5,2731019108.836,0.00020989441022340437,0.020989441022340436,0.00020775321496810205,0.1,0.0020989441022340434,1
VAC,-1025,55.27,-56651.75,527238.65,31540433.5515,0.0019440911625124599,0.194409116251246,0.0017961626908995281,0.1,0.019440911625124596,1
VAL,-46,58.79,-2704.34,1039061.1,56731340.191999994,4.4270736340721444e-05,0.004427073634072145,4.766924227151176e-05,0.1,0.0004427073634072144,1
VC,-2919,92.42,-269773.98,479339.75,46003133.66500001,0.006089626407991409,0.6089626407991409,0.005864252247782172,0.1,0.06089626407991409,1
VCEL,1843,36.5,67269.5,535462.05,20309995.005999997,0.003441887244857035,0.3441887244857035,0.003312137692802346,0.1,0.03441887244857035,1
VCTR,-1394,69.76,-97245.44,374001.4,25338524.799000002,0.0037272587749671523,0.3727258774967152,0.0038378493133048473,0.1,0.03727258774967152,1
VCYT,400,38.74,15496.0,753423.45,31848059.164500006,0.000530909941812934,0.053090994181293406,0.0004865602616461127,0.1,0.0053090994181293405,1
VEEV,-313,209.98,-65723.73999999999,1726105.6,388444839.95049995,0.00018133305401477173,0.018133305401477173,0.00016919709889408045,0.1,0.0018133305401477173,1
VERX,-28,18.7,-523.6,1392887.8,27015900.8625,2.01021216497122e-05,0.0020102121649712198,1.9381178612733e-05,0.1,0.000201021216497122,1
VFC,17568,20.11,353292.48,7596283.8,147882428.40399998,0.0023127098016006197,0.23127098016006198,0.0023890091866414333,0.1,0.023127098016006195,1
VHC,729,19.34,14098.86,29149.05,557105.4695,0.02500939138668327,2.5009391386683273,0.025307344429150322,0.1,0.2500939138668327,1
VIAV,167,24.7,4124.9,4721116.4,93931665.53024998,3.53729893209157e-05,0.00353729893209157,4.391383860506132e-05,0.1,0.00035372989320915703,1
VICI,1393,28.11,39157.229999999996,10712109.05,301578549.1165,0.0001300397516024167,0.01300397516024167,0.00012984089921088361,0.1,0.001300397516024167,1
VICR,-748,171.53,-128304.44,652420.3,94047915.272,0.0011465001932036754,0.11465001932036754,0.0013642454447706284,0.1,0.011465001932036754,1
VIRT,1117,40.66,45417.219999999994,1195296.65,42574225.5715,0.0009344960516705206,0.09344960516705206,0.0010667773609581085,0.1,0.009344960516705206,1
VISN,-11356,18.46,-209631.76,3848983.65,71006252.22450002,0.002950389254056717,0.29503892540567167,0.0029523000219362177,0.1,0.029503892540567168,1
VITL,-60,28.13,-1687.8,1573439.9,45654498.0725,3.813301035520963e-05,0.003813301035520963,3.6968975046440095e-05,0.1,0.0003813301035520963,1
VKTX,-1013,30.24,-30633.12,3394207.45,110336866.22800002,0.00029844964249312457,0.029844964249312458,0.0002776326811448473,0.1,0.0029844964249312457,1
VLO,276,182.49,50367.240000000005,3964455.35,724871237.3765,6.961864257091456e-05,0.0069618642570914565,6.948439585255489e-05,0.1,0.0006961864257091456,1
VLY,-12548,12.67,-158983.16,7327979.9,88761280.23550001,0.0017123409413281824,0.17123409413281823,0.001791131894201936,0.1,0.017123409413281825,1
VMC,1733,299.47,518981.51000000007,889167.35,266798193.08050004,0.0019490144346843146,0.19490144346843147,0.001945221232601863,0.1,0.019490144346843145,1
VMI,-528,447.96,-236522.87999999998,132171.8,56940286.607999995,0.003994800706353398,0.3994800706353398,0.004153875824832413,0.1,0.03994800706353398,1
VNO,-10462,31.79,-332586.98,1307547.35,43234163.163499996,0.008001239878617014,0.8001239878617015,0.007692689199100381,0.1,0.08001239878617014,1
VNT,-1930,37.43,-72239.9,988463.5,37335895.263,0.00195252530821826,0.195252530821826,0.0019348645449943178,0.1,0.0195252530821826,1
VOYA,4816,76.58,368809.27999999997,812614.5,62122023.0375,0.005926549427803712,0.5926549427803712,0.0059368523748392415,0.1,0.05926549427803712,1
VPG,-520,50.38,-26197.600000000002,323726.3,14462807.343,0.0016062951944281327,0.16062951944281326,0.0018113772367077572,0.1,0.016062951944281326,1
VRDN,24,33.57,805.6800000000001,1469480.35,47088369.793,1.633230413730949e-05,0.0016332304137309489,1.7109957374650285e-05,0.1,0.00016332304137309489,1
VRE,638,15.08,9621.04,613275.95,9121722.947999999,0.0010403147229236694,0.10403147229236694,0.0010547393354135449,0.1,0.010403147229236694,1
VREX,-1119,13.95,-15610.05,313391.05,4214533.132000001,0.003570618880149896,0.3570618880149896,0.0037038622099032524,0.1,0.03570618880149896,1
VRNS,-5229,30.57,-159850.53,2187663.95,73956702.78025,0.002390220856361417,0.2390220856361417,0.0021614069312279804,0.1,0.023902208563614167,1
VRRM,-5621,19.59,-110115.39,1172612.1,25680529.921499994,0.004793571548511225,0.4793571548511225,0.004287893993488441,0.1,0.047935715485112246,1
VRSK,-1895,216.59,-410438.05,1222647.75,269406360.735,0.0015499149284820587,0.15499149284820588,0.001523490569711251,0.1,0.015499149284820586,1
VRSN,2218,244.21,541657.78,602803.55,149266656.68549997,0.0036794740176961465,0.36794740176961466,0.0036287928732888788,0.1,0.036794740176961466,1
VRT,419,195.1,81746.9,4983024.25,877570959.7120001,8.408548282702015e-05,0.008408548282702015,9.315132764514856e-05,0.1,0.0008408548282702015,1
VRTS,141,165.91,23393.31,73767.95,12439442.258000001,0.0019113991916543704,0.19113991916543704,0.0018805754723412455,0.1,0.019113991916543702,1
VRTX,-565,475.68,-268759.2,1508803.1,697433173.1215,0.0003744690079176004,0.03744690079176004,0.00038535476997332243,0.1,0.0037446900791760036,1
VSAT,25,46.23,1155.75,1833116.85,77188146.575,1.3637974033133785e-05,0.0013637974033133785,1.4973153926905258e-05,0.1,0.00013637974033133785,1
VSEC,-805,217.64,-175200.19999999998,299221.4,60935631.3865,0.0026903155990848247,0.2690315599084825,0.002875168370517857,0.1,0.026903155990848245,1
VSH,4235,20.17,85419.95000000001,2255883.9,40650205.34550001,0.0018773129237723625,0.18773129237723626,0.002101341168488243,0.1,0.018773129237723625,1
VST,-8,162.58,-1300.64,6187872.75,1015948733.5120003,1.292851408426264e-06,0.0001292851408426264,1.2802220792223046e-06,0.1,1.2928514084262641e-05,1
VSTM,-9484,6.41,-60792.44,2038759.85,14320983.605,0.004651847543495621,0.4651847543495621,0.00424499054511696,0.1,0.04651847543495621,1
VTOL,430,44.93,19319.9,187341.75,7762210.281,0.0022952705416705035,0.22952705416705035,0.0024889689019750483,0.1,0.022952705416705032,1
VTR,3817,76.87,293412.79000000004,2771322.25,212382710.615,0.0013773208799517992,0.1377320879951799,0.0013815286053669809,0.1,0.01377320879951799,1
VTRS,1721,13.07,22493.47,8343702.5,107177150.2845,0.00020626334651792776,0.020626334651792776,0.0002098718797830643,0.1,0.0020626334651792774,1
VVV,-973,32.56,-31680.88,1924361.6,61076918.45,0.00050562222817167,0.050562222817167,0.0005187046236776866,0.1,0.005056222281716699,1
VVX,20,68.39,1367.8,392991.55,25383362.6305,5.0891679477586736e-05,0.005089167947758674,5.388568961137113e-05,0.1,0.0005089167947758673,1
VYX,-2809,10.04,-28202.359999999997,1715553.0,17994897.666,0.0016373729054130067,0.16373729054130068,0.0015672420329061513,0.1,0.016373729054130065,1
VZ,6145,39.81,244632.45,28969510.1,1151976905.8395002,0.0002121195691189821,0.02121195691189821,0.00021235881445186156,0.1,0.002121195691189821,1
W,-3004,107.54,-323050.16000000003,2574145.6,285621597.78299993,0.0011669891555473784,0.11669891555473784,0.001131042478956498,0.1,0.011669891555473783,1
WAB,-265,232.63,-61646.95,658572.4,149003408.784,0.00040238552359619077,0.040238552359619074,0.0004137284542890246,0.1,0.004023855235961908,1
WABC,4319,50.41,217720.78999999998,148521.95,7356599.536999999,0.029079876745491152,2.907987674549115,0.029595302680942986,0.1,0.2907987674549115,1
WAFD,-3146,32.6,-102559.6,568659.9,18491420.341000002,0.00553230498580962,0.553230498580962,0.005546334359865277,0.1,0.0553230498580962,1
WAL,-1823,90.21,-164452.83,904704.8,80099474.092,0.0020150219165411746,0.20150219165411745,0.0020531074874613297,0.1,0.020150219165411744,1
WASH,429,34.02,14594.580000000002,118677.75,3647568.4085,0.0036148309181796923,0.3614830918179692,0.0040011806128131735,0.1,0.03614830918179692,1
WAT,-645,375.18,-241991.1,467634.35,183129163.106,0.0013792827665461275,0.13792827665461274,0.0013214230649868102,0.1,0.013792827665461273,1
WBS,2946,65.62,193316.52000000002,1578029.8,101870815.377,0.0018668848965970096,0.18668848965970097,0.0018976634209177663,0.1,0.018668848965970094,1
WCC,1847,292.29,539859.63,428599.15,117956575.03200002,0.0043093879210913035,0.43093879210913033,0.00457676589756479,0.1,0.04309387921091303,1
WD,849,64.62,54862.380000000005,222275.2,14042982.936999997,0.0038195894098846835,0.38195894098846833,0.003906746896020957,0.1,0.038195894098846835,1
WDAY,1060,174.66,185139.6,3367745.1,651050572.35775,0.00031475066209731847,0.031475066209731846,0.0002843705356552032,0.1,0.0031475066209731843,1
WDC,710,278.41,197671.1,9380999.9,2120482315.4845002,7.56848958073222e-05,0.00756848958073222,9.321987670283162e-05,0.1,0.000756848958073222,1
WDFC,-230,225.83,-51940.9,208938.95,42112409.18025,0.0011008000183785741,0.11008000183785742,0.001233387046979003,0.1,0.01100800018378574,1
WEC,-729,110.41,-80488.89,2122382.45,228786986.5385,0.0003434819205181422,0.03434819205181422,0.00035180711638271183,0.1,0.0034348192051814217,1
WELL,2140,185.69,397376.6,3066919.5,570171855.9935,0.0006977685589726108,0.06977685589726108,0.000696941800656906,0.1,0.006977685589726107,1
WEN,41798,7.72,322680.56,6220423.8,51355459.93550001,0.006719477859370289,0.6719477859370289,0.0062832766059396855,0.1,0.06719477859370289,1
WERN,2960,34.64,102534.40000000001,1086820.45,36116700.2165,0.0027235409491972663,0.2723540949197266,0.0028389747508870407,0.1,0.027235409491972663,1
WEX,-169,157.63,-26639.469999999998,335726.5,52729039.427499995,0.000503385940639181,0.0503385940639181,0.0005052143996787206,0.1,0.00503385940639181,1
WFC,-3161,90.64,-286513.04,16975763.65,1538898933.7434998,0.00018620664526040336,0.018620664526040335,0.00018618054358061914,0.1,0.0018620664526040336,1
WFRD,454,94.04,42694.16,1234187.6,108860354.03300002,0.00036785331500656783,0.036785331500656784,0.0003921920002855921,0.1,0.003678533150065678,1
WGO,1556,46.65,72587.4,668623.9,30168037.433999997,0.002327167784459993,0.23271677844599928,0.002406102821862469,0.1,0.023271677844599926,1
WGS,-2049,98.16,-201129.84,709528.85,78680554.5725,0.002887831833758416,0.2887831833758416,0.0025562839648603313,0.1,0.02887831833758416,1
WH,1380,72.81,100477.8,1318597.7,102000687.58199999,0.0010465663636452574,0.10465663636452574,0.0009850698302325098,0.1,0.010465663636452573,1
WHD,-15,55.88,-838.2,886161.8,46675734.079500005,1.6926931402369182e-05,0.001692693140236918,1.795793931322738e-05,0.1,0.0001692693140236918,1
WHR,2841,76.96,218643.36,1564591.9,127839077.3975,0.001815808965903505,0.1815808965903505,0.0017103014543835855,0.1,0.01815808965903505,1
WINA,-6,451.93,-2711.58,122362.35,53836307.623,4.903469081788638e-05,0.004903469081788638,5.0367124338994525e-05,0.1,0.0004903469081788637,1
WING,-91,272.32,-24781.12,556103.65,149289523.318,0.00016363855910674205,0.016363855910674206,0.00016599369767705672,0.1,0.0016363855910674205,1
WIX,3133,89.97,281876.01,1768011.9,158043264.43250003,0.0017720468962906868,0.17720468962906868,0.0017835370017960411,0.1,0.01772046896290687,1
WK,1035,76.27,78939.45,736923.5,62164689.887,0.0014044877114110217,0.14044877114110219,0.0012698438638315795,0.1,0.014044877114110217,1
WKC,-3419,26.75,-91458.25,976354.95,25920076.158999998,0.0035018002418075516,0.35018002418075517,0.0035284714998124636,0.1,0.03501800241807551,1
WLDN,-1403,133.86,-187805.58000000002,325698.75,40157566.8615,0.004307661604473459,0.4307661604473459,0.0046767171090749925,0.1,0.04307661604473459,1
WLFC,-898,61.1167,-54882.7966,186460.5,10287991.706640001,0.004816033422628385,0.4816033422628385,0.00533464627159234,0.1,0.04816033422628385,1
WLK,-58,81.56,-4730.4800000000005,1371376.55,113462852.17300001,4.2293270947355775e-05,0.004229327094735578,4.169188337331151e-05,0.1,0.00042293270947355775,1
WLY,2743,30.74,84319.81999999999,532427.0,16474020.732499998,0.005151879976034273,0.5151879976034274,0.005118350970243324,0.1,0.05151879976034273,1
WM,1902,223.13,424393.26,2170140.45,484375812.23550004,0.0008764409695234241,0.08764409695234242,0.0008761652611044563,0.1,0.00876440969523424,1
WMB,4182,67.24,281197.68,7112047.1,442095932.80799997,0.0005880163532662769,0.058801635326627695,0.0006360557949808661,0.1,0.005880163532662769,1
WMG,641,29.87,19146.670000000002,1758790.05,53480456.309499994,0.0003644550979805691,0.03644550979805691,0.0003580124651367061,0.1,0.003644550979805691,1
WMK,282,70.02,19745.64,106044.8,7107909.343499999,0.002659253447599505,0.2659253447599505,0.0027779814071569276,0.1,0.02659253447599505,1
WMS,-1647,153.22,-252353.34,639306.85,98856293.89999999,0.002576227675333058,0.2576227675333058,0.0025527291186464357,0.1,0.02576227675333058,1
WMT,1040,117.41,122106.4,44917783.75,5312605915.935499,2.3153413039885345e-05,0.0023153413039885343,2.298427587744351e-05,0.1,0.00023153413039885343,1
WNC,1564,9.94,15546.16,508837.45,5087994.231999999,0.0030736731347112915,0.30736731347112917,0.003055459438657635,0.1,0.030736731347112915,1
WOR,-687,54.86,-37688.82,157288.75,8376238.363499999,0.004367763110839141,0.4367763110839141,0.004499492297668065,0.1,0.04367763110839141,1
WPC,-7443,69.17,-514832.31,1263932.35,85433486.4725,0.005888764537120994,0.5888764537120994,0.006026118460771448,0.1,0.05888764537120993,1
WRB,-3587,68.26,-244848.62000000002,2613541.75,178573093.54099998,0.0013724670746124489,0.1372467074612449,0.001371139487729059,0.1,0.013724670746124488,1
WRBY,-1140,26.86,-30620.399999999998,3627947.7,95810136.06850001,0.0003142272420299774,0.03142272420299774,0.0003195945779484935,0.1,0.003142272420299774,1
WRLD,826,119.53,98731.78,100099.4,13733681.68825,0.008251797713073206,0.8251797713073207,0.007189024927268486,0.1,0.08251797713073206,1
WSBC,1336,35.23,47067.28,487051.15,16839627.037499998,0.002743038385188085,0.2743038385188085,0.002795031023857378,0.1,0.02743038385188085,1
WSC,13547,20.19,273513.93,1816226.65,38099396.57,0.007458870840817142,0.7458870840817142,0.0071789570078222365,0.1,0.07458870840817142,1
WSFS,-802,64.72,-51905.44,404537.2,23700180.893,0.0019825123622747177,0.19825123622747176,0.0021900862374991665,0.1,0.019825123622747177,1
WSM,-2148,205.66,-441757.68,1050426.0,212051833.94750002,0.0020448846468004407,0.20448846468004409,0.002083253286596761,0.1,0.020448846468004406,1
WSO,-4,383.42,-1533.68,405834.55,151820257.2425,9.856233285214382e-06,0.000985623328521438,1.0101945734094484e-05,0.1,9.85623328521438e-05,1
WST,1897,232.65,441337.05,964937.95,249123347.5585,0.0019659295190949844,0.19659295190949844,0.0017715603708976482,0.1,0.019659295190949843,1
WT,14372,16.54,237712.87999999998,4860703.8,72421316.02849999,0.00295677346148926,0.29567734614892605,0.0032823606782629126,0.1,0.0295677346148926,1
WTFC,-2894,147.9,-428022.60000000003,478927.3,70354839.39249998,0.0060426707769634345,0.6042670776963435,0.006083769129400193,0.1,0.060426707769634345,1
WTM,14,2052.17,28730.38,16875.45,34742735.164000005,0.0008296075067627826,0.08296075067627826,0.0008269464066194209,0.1,0.008296075067627825,1
WTS,1132,297.61,336894.52,160712.75,46758922.768,0.007043622861285119,0.7043622861285119,0.007204924751400766,0.1,0.07043622861285119,1
WTTR,-2787,12.06,-33611.22,722062.2,8390170.933,0.003859778285028631,0.3859778285028631,0.004006023270372387,0.1,0.038597782850286304,1
WTW,-311,316.25,-98353.75,477109.95,155200664.25949997,0.0006518413627718307,0.06518413627718307,0.0006337199036439026,0.1,0.006518413627718307,1
WU,6182,9.37,57925.34,7167455.25,67610655.13949999,0.0008625097450032911,0.0862509745003291,0.0008567486867341185,0.1,0.00862509745003291,1
WULF,-2581,14.54,-37527.74,24152143.1,331384908.7805,0.00010686422274468885,0.010686422274468884,0.00011324516900332753,0.1,0.0010686422274468884,1
WVE,5637,13.01,73337.37,4672890.75,66399907.4005,0.0012063196641179767,0.12063196641179767,0.0011044800041309659,0.1,0.012063196641179767,1
WWD,221,319.41,70589.61,525248.3,170775927.90450004,0.0004207533846373229,0.04207533846373229,0.00041334637068682513,0.1,0.004207533846373229,1
WWW,-17208,17.46,-300451.68,1860250.1,34163171.867000006,0.009250369076717157,0.9250369076717156,0.008794607279724573,0.1,0.09250369076717156,1
WY,7684,25.93,199246.12,8011837.6,206350285.4715,0.0009590808480691122,0.09590808480691122,0.0009655723012194175,0.1,0.009590808480691122,1
WYNN,3828,108.91,416907.48,1212532.3,140518345.89450002,0.0031570293014050016,0.31570293014050016,0.002966925616339169,0.1,0.03157029301405002,1
XEL,-5364,75.97,-407503.08,5203822.7,391555508.1080001,0.0010307806989657813,0.10307806989657814,0.001040728764023928,0.1,0.010307806989657813,1
XENE,47,41.76,1962.7199999999998,1081003.1,45243050.464499995,4.347813618665848e-05,0.0043478136186658484,4.338169022312167e-05,0.1,0.0004347813618665848,1
XERS,134,7.24,970.1600000000001,2344651.45,17692485.5285,5.715135185658405e-05,0.005715135185658405,5.483457925892971e-05,0.1,0.0005715135185658405,1
XHR,195,14.79,2884.0499999999997,916622.5,13554373.363999998,0.0002127375228079171,0.02127375228079171,0.00021277634329152747,0.1,0.002127375228079171,1
XMTR,2151,61.11,131447.61,670522.6,42565086.56300001,0.0032079455636543795,0.32079455636543797,0.003088155589803539,0.1,0.03207945563654379,1
XNCR,4643,12.38,57480.340000000004,748973.35,10298353.103,0.006199152479857928,0.6199152479857928,0.005581507977547933,0.1,0.06199152479857928,1
XOM,-2880,140.51,-404668.8,19255329.6,2488121644.29,0.0001495689795930577,0.01495689795930577,0.0001626402796377243,0.1,0.001495689795930577,1
XP,16066,20.09,322765.94,6978872.7,130481049.28300002,0.0023020909952978508,0.23020909952978508,0.0024736614379913036,0.1,0.023020909952978508,1
XPO,1022,150.91,154230.02,1189348.8,175629489.21449998,0.0008592937580632359,0.0859293758063236,0.0008781556029673106,0.1,0.008592937580632358,1
XPRO,1815,16.23,29457.45,1122084.75,17281483.574500002,0.0016175248794710025,0.16175248794710026,0.0017045671960401862,0.1,0.016175248794710023,1
XRAY,-321,12.27,-3938.67,4109510.75,50759113.225999996,7.811148808894101e-05,0.0078111488088941005,7.75953272166804e-05,0.1,0.00078111488088941,1
XYL,694,137.92,95716.48,1364582.2,191310128.58699998,0.0005085805750653936,0.050858057506539364,0.0005003210269469453,0.1,0.005085805750653936,1
XYZ,5659,62.21,352046.39,6070420.0,402791788.3809999,0.0009322254473331335,0.09322254473331335,0.0008740158070625811,0.1,0.009322254473331335,1
YELP,-853,27.5,-23457.5,957606.5,27863351.912,0.0008907625418164977,0.08907625418164977,0.0008418764574371787,0.1,0.008907625418164977,1
YETI,-3572,45.71,-163276.12,1557471.1,74544246.7925,0.002293461496653132,0.2293461496653132,0.002190324901323269,0.1,0.02293461496653132,1
YORW,-47,32.85,-1543.95,64543.2,2114094.1389999995,0.0007281944496089441,0.0728194449608944,0.0007303127952146507,0.1,0.007281944496089441,1
YOU,848,32.92,27916.16,1271599.45,44346656.631,0.0006668766646604008,0.06668766646604007,0.0006294986391484932,0.1,0.006668766646604008,1
YUM,-17,155.48,-2643.16,1950680.45,301003984.29,8.71490766209299e-06,0.000871490766209299,8.781146223810337e-06,0.1,8.714907662092989e-05,1
YUMC,3417,50.51,172592.66999999998,1072257.0,51893370.848500006,0.003186736015712651,0.3186736015712651,0.0033259097872804467,0.1,0.03186736015712651,1
Z,617,66.16,40820.72,2807018.65,189467573.1225,0.00021980616338263375,0.021980616338263374,0.00021544963777842566,0.1,0.002198061633826337,1
ZBH,2025,86.02,174190.5,2216546.9,197454596.83249998,0.0009135831955552125,0.09135831955552125,0.0008821800190742846,0.1,0.009135831955552124,1
ZBRA,-817,237.96,-194413.32,624854.25,156223473.8945,0.0013075049101450458,0.1307504910145046,0.0012444565157428914,0.1,0.013075049101450457,1
ZD,-106,39.6,-4197.6,567468.05,21018282.709,0.00018679465742608766,0.018679465742608765,0.00019971184411762594,0.1,0.0018679465742608766,1
ZETA,9219,19.47,179493.93,9803942.1,213128986.65750003,0.0009403360307482844,0.09403360307482844,0.0008421845043933333,0.1,0.009403360307482844,1
ZION,5090,59.43,302498.7,1759276.45,105095736.694,0.002893234886421631,0.2893234886421631,0.002878315615035504,0.1,0.02893234886421631,1
ZM,-7051,92.58,-652781.58,3359018.55,296027668.451,0.002099125055442162,0.2099125055442162,0.002205137051599796,0.1,0.02099125055442162,1
ZS,665,200.63,133418.94999999998,1763195.35,379607813.34175,0.0003771561670690658,0.03771561670690658,0.00035146523678080023,0.1,0.0037715616706906576,1
ZTS,1557,121.72,189518.04,4534731.05,567465131.7710001,0.0003433500207250439,0.03433500207250439,0.0003339730132995727,0.1,0.0034335002072504385,1
ZUMZ,-4928,24.78,-122115.84000000001,246817.35,6255997.5165,0.019966181469819686,1.9966181469819686,0.019519803145369424,0.1,0.19966181469819685,1
ZWS,9380,46.52,436357.60000000003,975304.4,45404540.2465,0.009617510184512651,0.9617510184512651,0.009610439784898749,0.1,0.09617510184512651,1
ZYME,19,22.38,425.21999999999997,967331.75,23210004.297500003,1.9641658614017372e-05,0.001964165861401737,1.8320548094245778e-05,0.1,0.0001964165861401737,1
