ticker,shares,price,position_market_value,average_daily_volume,average_daily_dollar_volume,position_shares_pct_adv,position_pct_of_daily_market_volume,position_value_pct_dollar_adv,liquidation_participation_rate,estimated_days_to_liquidate,estimated_full_trading_days
AA,5869,56.81,333417.89,9199126.8,569091794.7265,0.0006379953366878255,0.06379953366878255,0.0005858771697107976,0.1,0.006379953366878255,1
AAOI,2193,43.61,95636.73,5348821.15,204980183.47024998,0.0004099968831449898,0.04099968831449898,0.0004665657351891303,0.1,0.0040999688314498975,1
AAPL,296,259.48,76806.08,52000863.55,13376301024.772999,5.6922131632562096e-06,0.0005692213163256209,5.741952117984982e-06,0.1,5.692213163256209e-05,1
AAT,116,18.06,2094.96,489140.35,8923433.344500002,0.00023715074824638777,0.023715074824638777,0.00023477062237386892,0.1,0.0023715074824638776,1
ABBV,1624,223.01,362168.24,7303194.25,1613346152.999,0.00022236845199619332,0.022236845199619333,0.00022448266252519738,0.1,0.002223684519961933,1
ABEO,13033,5.09,66337.97,1292221.15,6695297.014999999,0.010085734937862611,1.0085734937862612,0.009908144455933448,0.1,0.1008573493786261,1
ABG,775,234.51,181745.25,163177.25,39776283.344,0.00474943657893487,0.47494365789348697,0.004569186327143739,0.1,0.047494365789348694,1
ABM,4435,46.04,204187.4,708393.25,31756434.224499993,0.006260646893515714,0.6260646893515713,0.0064297961967804945,0.1,0.06260646893515713,1
ABT,5663,109.3,618965.9,11934846.1,1364933983.2875,0.0004744929220327357,0.04744929220327357,0.00045347680369800384,0.1,0.004744929220327357,1
ABUS,5634,4.13,23268.42,1465570.95,6352651.211750001,0.0038442355861379486,0.38442355861379485,0.0036627888458541885,0.1,0.038442355861379486,1
ACA,306,114.47,35027.82,216276.3,24329936.478000004,0.0014148568289729388,0.14148568289729388,0.001439700429619839,0.1,0.014148568289729388,1
ACAD,61,25.13,1532.9299999999998,1264926.95,33529883.661500007,4.822412867399181e-05,0.004822412867399181,4.571832146737076e-05,0.1,0.00048224128673991806,1
ACIC,707,11.05,7812.35,190988.45,2134839.4520000005,0.003701794532601317,0.3701794532601317,0.0036594555120672365,0.1,0.037017945326013164,1
ACIW,3354,43.36,145429.44,672953.5,29996101.248999994,0.004983999637419227,0.4983999637419227,0.004848278074299683,0.1,0.049839996374192265,1
ACLX,3550,68.31,242500.5,947940.5,63922383.029999994,0.003744960786040896,0.37449607860408957,0.0037936711446785376,0.1,0.037449607860408955,1
ACM,1267,96.43,122176.81000000001,1320378.65,129243982.979,0.0009595732254531684,0.09595732254531684,0.0009453191335015705,0.1,0.009595732254531683,1
ACMR,3,58.12,174.35999999999999,1537498.1,78905252.8445,1.9512219234612387e-06,0.00019512219234612388,2.2097388160407313e-06,0.1,1.9512219234612386e-05,1
ACVA,23224,7.81,181379.44,2210322.45,18836409.3595,0.010507064252095888,1.0507064252095888,0.009629194000741054,0.1,0.10507064252095887,1
AD,1321,48.19,63658.99,364281.05,19363644.420500003,0.0036263209409328322,0.36263209409328323,0.0032875521062866227,0.1,0.03626320940932832,1
ADEA,697,18.09,12608.73,814879.15,15252714.572749998,0.0008553415558613814,0.08553415558613814,0.000826654818711834,0.1,0.008553415558613813,1
ADI,826,310.88,256786.88,3650185.7,1093918170.0555,0.00022628985697905726,0.022628985697905727,0.00023474048336446582,0.1,0.0022628985697905725,1
ADM,1495,67.31,100628.45,3816080.9,246264614.9025,0.00039176318300799124,0.03917631830079912,0.00040861920028519065,0.1,0.003917631830079912,1
ADMA,1553,17.3,26866.9,2373702.65,41737429.6975,0.0006542521237864398,0.06542521237864397,0.0006437123750725188,0.1,0.006542521237864397,1
ADP,762,246.82,188076.84,2353252.85,602968463.06025,0.00032380710810570143,0.032380710810570146,0.00031191820388988886,0.1,0.0032380710810570143,1
ADT,346,8.0,2768.0,5534700.8,44952950.8595,6.251467107309577e-05,0.006251467107309576,6.157549053123022e-05,0.1,0.0006251467107309576,1
ADTN,24472,9.22,225631.84000000003,1158058.6,10753695.024500001,0.02113191854021895,2.113191854021895,0.02098179644168316,0.1,0.21131918540218947,1
AEE,3663,103.28,378314.64,1462639.0,149223217.0075,0.0025043773617413456,0.25043773617413456,0.002535226405023729,0.1,0.025043773617413456,1
AEIS,607,255.36,155003.52000000002,875029.75,219588036.2875,0.0006936907002304778,0.06936907002304778,0.0007058832649564687,0.1,0.006936907002304778,1
AEO,1216,23.31,28344.96,6252707.1,159970861.1125,0.00019447576554481498,0.019447576554481497,0.00017718826918151247,0.1,0.0019447576554481498,1
AEP,760,119.775,91029.0,3249590.5,382054584.40775,0.00023387562217454784,0.023387562217454784,0.00023826176602777984,0.1,0.0023387562217454783,1
AER,1994,143.66,286458.04,995914.1,143833239.0605,0.0020021807101636576,0.20021807101636577,0.001991598338959107,0.1,0.020021807101636573,1
AFG,1028,130.27,133917.56,537206.65,70225992.542,0.0019136025214877737,0.19136025214877736,0.0019069514741270198,0.1,0.019136025214877735,1
AFL,715,110.95,79329.25,2261493.4,247902416.32850003,0.00031616276218183965,0.03161627621818396,0.00032000192323611466,0.1,0.0031616276218183964,1
AFRM,235,60.3,14170.5,5513456.6,401482994.525,4.2622988997501136e-05,0.004262298899750113,3.529539281424687e-05,0.1,0.00042622988997501136,1
AGIO,337,27.44,9247.28,953191.0,26664302.84,0.0003535492886525366,0.03535492886525366,0.0003468037418974949,0.1,0.0035354928865253656,1
AGM,81,169.3,13713.300000000001,112733.3,19459379.4715,0.0007185099699911206,0.07185099699911206,0.0007047141467221168,0.1,0.007185099699911206,1
AGX,223,347.11,77405.53,360808.05,126601994.17300001,0.0006180571636359001,0.06180571636359001,0.0006114084577074381,0.1,0.006180571636359,1
AHH,1816,,,,,,,,0.1,,
AIR,1501,105.91,158970.91,665680.6,64844598.6655,0.002254835126635807,0.22548351266358072,0.002451567490147473,0.1,0.02254835126635807,1
AIT,234,260.41,60935.94,359930.95,97499747.93499999,0.0006501246975287899,0.06501246975287898,0.0006249856157640949,0.1,0.006501246975287899,1
AIV,90075,5.88,529641.0,1761340.7,10379699.428,0.05114002078076093,5.114002078076093,0.05102662207840572,0.1,0.5114002078076093,1
AJG,801,249.37,199745.37,2053865.15,522009643.4245001,0.00038999639289853086,0.03899963928985309,0.000382646896501041,0.1,0.0038999639289853086,1
ALB,2608,170.63,445003.04,3767721.55,646158722.3269999,0.0006921955259671459,0.06921955259671458,0.0006886899837820319,0.1,0.006921955259671458,1
ALDX,15002,5.36,80410.72,875589.45,4119488.4965000013,0.017133600684658776,1.7133600684658776,0.01951958843150516,0.1,0.17133600684658776,1
ALG,935,195.31,182614.85,109371.2,20585191.4275,0.008548868440686396,0.8548868440686397,0.008871175701385157,0.1,0.08548868440686395,1
ALGT,234,88.63,20739.42,534819.3,47674468.949499995,0.00043753095671753055,0.043753095671753055,0.00043502152109903074,0.1,0.004375309567175305,1
ALHC,1319,22.53,29717.07,3114995.95,68294797.16075,0.0004234355425084902,0.04234355425084902,0.0004351293397951378,0.1,0.004234355425084902,1
ALK,972,50.83,49406.759999999995,3967589.6,199368086.5015,0.00024498501558729765,0.024498501558729766,0.0002478167938860579,0.1,0.0024498501558729764,1
ALKS,5435,33.89,184192.15,2275282.2,72052568.8345,0.0023887146833918007,0.23887146833918008,0.002556357850655918,0.1,0.023887146833918006,1
ALL,1179,198.99,234609.21000000002,1875337.65,375095593.46950006,0.0006286867860835621,0.06286867860835621,0.0006254651189846,0.1,0.0062868678608356205,1
ALLE,1232,165.39,203760.47999999998,878775.2,143848543.856,0.0014019512612554383,0.14019512612554383,0.0014164931707892365,0.1,0.014019512612554382,1
ALLY,9400,42.28,397432.0,4041682.25,175858869.96649998,0.002325764228496686,0.23257642284966862,0.00225994856031833,0.1,0.02325764228496686,1
ALNT,1487,61.01,90721.87,141493.3,8553615.4495,0.010509331537253001,1.0509331537253002,0.010606260070448119,0.1,0.10509331537253,1
ALNY,216,338.06,73020.96,1496976.8,556505136.3185,0.00014429081332456188,0.014429081332456187,0.00013121345201422995,0.1,0.0014429081332456187,1
ALV,1651,121.24,200167.24,745745.45,93637700.4285,0.0022138921531468948,0.22138921531468947,0.0021376778699605504,0.1,0.022138921531468948,1
ALX,255,244.9,62449.5,89891.7,21290720.953500003,0.0028367468854187876,0.2836746885418788,0.002933179206866354,0.1,0.028367468854187873,1
AMAL,4615,38.84,179246.6,231562.15,8235446.428499999,0.019929854684800605,1.9929854684800605,0.021765256025428108,0.1,0.19929854684800605,1
AMAT,134,322.32,43190.88,7860813.1,2451539630.41875,1.7046582623876403e-05,0.0017046582623876402,1.761785918697244e-05,0.1,0.00017046582623876403,1
AMG,316,313.09,98936.43999999999,384793.7,120267973.73300001,0.000821219266323747,0.0821219266323747,0.0008226332990330666,0.1,0.00821219266323747,1
AMGN,641,341.88,219145.08,2748571.65,924846433.3675,0.00023321203942418603,0.023321203942418604,0.00023695293844845243,0.1,0.00233212039424186,1
AMH,5641,31.32,176676.12,4809663.25,151325517.75699997,0.0011728471842597295,0.11728471842597295,0.001167523644516507,0.1,0.011728471842597295,1
AMP,1230,527.19,648443.7000000001,589544.35,298942902.8545,0.0020863570314938987,0.20863570314938987,0.0021691222431047554,0.1,0.020863570314938986,1
AMPH,10737,26.49,284423.13,323507.05,8726392.391250001,0.0331893848990308,3.3189384899030796,0.03259343807243788,0.1,0.33189384899030794,1
AMRC,6,31.34,188.04,524680.85,16614205.974000003,1.1435523137541612e-05,0.0011435523137541613,1.1318025086138249e-05,0.1,0.00011435523137541611,1
AMT,703,179.28,126033.84,3231853.4,572571298.7965,0.0002175222428096522,0.02175222428096522,0.00022011903192652732,0.1,0.002175222428096522,1
AN,507,204.98,103924.86,316878.5,67354720.5015,0.0015999823276113716,0.15999823276113717,0.0015429484262752687,0.1,0.015999823276113715,1
ANDE,618,61.99,38309.82,282142.6,16259022.878999999,0.002190381743132728,0.2190381743132728,0.002356219084326439,0.1,0.02190381743132728,1
ANF,36,97.63,3514.68,1915238.15,204261364.762,1.879661806026577e-05,0.001879661806026577,1.7206778208376376e-05,0.1,0.0001879661806026577,1
ANGO,6966,10.36,72167.76,903575.45,9716087.6825,0.007709372803344757,0.7709372803344757,0.007427656311704966,0.1,0.07709372803344756,1
ANIP,1463,81.85,119746.54999999999,567396.1,46302741.637,0.0025784456396510304,0.257844563965103,0.0025861654357052554,0.1,0.025784456396510304,1
AORT,20,40.77,815.4000000000001,302329.85,13023076.681,6.61529121256138e-05,0.00661529121256138,6.2611932646425e-05,0.1,0.0006615291212561379,1
AOSL,5233,22.1,115649.3,296903.95,6592239.956000001,0.017625228630336512,1.7625228630336511,0.017543247935740035,0.1,0.17625228630336512,1
APG,1041,41.57,43274.37,2339788.35,97414220.5905,0.0004449120365951048,0.04449120365951048,0.0004442305213518302,0.1,0.004449120365951048,1
APH,223,144.08,32129.840000000004,11418272.0,1696969516.6425,1.9530100526594567e-05,0.0019530100526594567,1.8933657726256485e-05,0.1,0.00019530100526594566,1
APLS,5453,22.58,123128.73999999999,4016420.55,91902936.47999999,0.001357676551077302,0.1357676551077302,0.0013397693775192415,0.1,0.013576765510773019,1
APOG,1227,37.13,45558.51,329379.65,11984119.5865,0.0037251846008094303,0.372518460080943,0.003801573379768443,0.1,0.0372518460080943,1
APPF,294,189.88,55824.72,379190.45,81294373.3485,0.000775335982222126,0.0775335982222126,0.0006866984478825564,0.1,0.00775335982222126,1
APPN,5030,27.9,140337.0,1021392.85,31337757.263000004,0.0049246477493943685,0.49246477493943686,0.004478208150705593,0.1,0.04924647749394368,1
APTV,24,64.1686,1540.0464,2486773.65,170716306.666695,9.651059315350233e-06,0.0009651059315350233,9.021085507705909e-06,0.1,9.651059315350233e-05,1
ARCB,599,90.22,54041.78,382287.25,33423140.065000005,0.0015668845874404654,0.15668845874404652,0.0016168971525386806,0.1,0.015668845874404654,1
ARDX,123,7.69,945.87,6636666.55,47625062.0305,1.8533400627156717e-05,0.0018533400627156718,1.9860761533375994e-05,0.1,0.00018533400627156717,1
ARLO,13385,12.69,169855.65,1167458.05,15758161.664499998,0.011465080051484505,1.1465080051484504,0.010778900078341687,0.1,0.11465080051484504,1
ARMK,19485,38.49,749977.65,2567679.85,99235610.246,0.007588562880999358,0.7588562880999358,0.0075575456042527855,0.1,0.07588562880999357,1
AROC,19329,29.59,571945.11,1374575.0,37197997.206999995,0.014061800920284452,1.4061800920284453,0.015375696353145868,0.1,0.1406180092028445,1
ARQT,8,25.37,202.96,1498903.7,40939194.98900001,5.337234139858352e-06,0.0005337234139858351,4.957596260857927e-06,0.1,5.337234139858351e-05,1
ARR,27666,17.4,481388.39999999997,4299584.35,79058825.27050002,0.00643457547239421,0.6434575472394211,0.006088990044475466,0.1,0.06434575472394209,1
ARVN,9402,13.38,125798.76000000001,778397.3,9692854.923000002,0.012078664712737313,1.2078664712737313,0.012978504372483114,0.1,0.12078664712737312,1
ARWR,1254,69.33,86939.81999999999,2840551.15,190076929.80574998,0.0004414636222973841,0.04414636222973841,0.00045739280452840097,0.1,0.00441463622297384,1
ASAN,18692,10.25,191593.0,3861448.7,44862107.43800001,0.004840670290401631,0.4840670290401631,0.004270708866380919,0.1,0.0484067029040163,1
ASB,1689,27.26,46042.14,2460336.7,65689032.793500006,0.0006864914058307548,0.06864914058307547,0.0007009106093057883,0.1,0.006864914058307547,1
ASC,402,12.92,5193.84,666039.75,7830675.5649999995,0.0006035675798629136,0.06035675798629136,0.0006632684443235519,0.1,0.006035675798629136,1
ASH,507,61.16,31008.12,592336.35,36926878.9755,0.0008559326132863533,0.08559326132863533,0.000839716782470922,0.1,0.008559326132863533,1
ASTE,396,48.72,19293.12,174142.8,8374846.4275,0.0022739958241167597,0.22739958241167596,0.002303698362354239,0.1,0.022739958241167594,1
ASTH,2004,22.74,45570.96,556662.9,14141446.818500001,0.0036000243594462643,0.36000243594462644,0.003222510439340871,0.1,0.03600024359446264,1
ATEC,9058,14.83,134330.14,4027889.9,70430288.75500001,0.002248820157671142,0.2248820157671142,0.0019072779960803952,0.1,0.02248820157671142,1
ATGE,274,,,,,,,,0.1,,
ATI,476,120.3,57262.799999999996,1465489.85,179126183.80950004,0.00032480607081652595,0.032480607081652596,0.00031967855721695465,0.1,0.003248060708165259,1
ATKR,1405,69.45,97577.25,388373.75,26974423.7415,0.003617649236077361,0.3617649236077361,0.0036173988714308636,0.1,0.03617649236077361,1
ATO,2286,166.34,380253.24,1549251.6,259341528.39650002,0.0014755511628969755,0.14755511628969756,0.0014662258002067507,0.1,0.014755511628969754,1
ATR,1155,124.95,144317.25,414565.2,51389285.420499995,0.002786051506494033,0.2786051506494033,0.0028083140059081183,0.1,0.027860515064940326,1
ATRC,471,36.93,17394.03,534727.6,20985335.416249998,0.0008808223102753627,0.08808223102753626,0.000828865951150389,0.1,0.008808223102753625,1
ATRO,196,62.994,12346.824,914461.55,52644915.306509994,0.0002143337792605933,0.02143337792605933,0.0002345302281922982,0.1,0.0021433377926059326,1
AVB,1186,177.67,210716.62,1219508.4,217795166.173,0.0009725230264916586,0.09725230264916586,0.0009674990666809504,0.1,0.009725230264916585,1
AVPT,6826,11.63,79386.38,1970181.85,25450533.778500002,0.0034646547982360104,0.34646547982360104,0.0031192422402968895,0.1,0.0346465479823601,1
AVXL,53276,4.7,250397.2,1437038.35,6622243.277000001,0.03707347128209904,3.7073471282099044,0.03781153749963632,0.1,0.3707347128209904,1
AVY,2299,185.51,426487.49,588602.5,109212436.96200001,0.003905861765792704,0.3905861765792704,0.0039051183350884704,0.1,0.039058617657927036,1
AWK,1679,129.13,216809.27,1491732.4,194018744.2145,0.0011255369930960807,0.11255369930960807,0.00111746558755325,0.1,0.011255369930960806,1
AX,1437,98.99,142248.63,374897.15,34954722.7735,0.003833051278197233,0.3833051278197233,0.004069511033508812,0.1,0.03833051278197233,1
AXGN,9,34.85,313.65000000000003,1051833.8,34463868.82000001,8.5564848743214e-06,0.0008556484874321399,9.10083547607932e-06,0.1,8.556484874321398e-05,1
AXON,288,483.58,139271.04,740674.55,436387172.79899997,0.0003888347453007532,0.03888347453007532,0.00031914558603249386,0.1,0.003888347453007532,1
AXS,6,103.18,619.08,698966.4,71715876.2245,8.584103613564256e-06,0.0008584103613564256,8.6323981884015e-06,0.1,8.584103613564255e-05,1
AXSM,1202,184.25,221468.5,767322.8,137142073.63975,0.0015664854478454177,0.15664854478454177,0.0016148837050675043,0.1,0.015664854478454174,1
AXTI,5532,18.54,102563.28,8160242.45,169917501.8175,0.0006779210340741776,0.06779210340741776,0.0006036063319136963,0.1,0.006779210340741775,1
AYI,320,309.24,98956.8,503336.6,164491357.10550004,0.0006357574632959337,0.06357574632959337,0.0006015927021413772,0.1,0.006357574632959336,1
AZO,66,3704.29,244483.13999999998,192899.6,679745601.631,0.0003421468992159652,0.03421468992159652,0.0003596685869145464,0.1,0.0034214689921596517,1
AZTA,5679,38.88,220799.52000000002,582239.05,22540686.914,0.009753725724854764,0.9753725724854765,0.00979559854774708,0.1,0.09753725724854764,1
BA,327,233.72,76426.44,9128570.35,2194575804.6915,3.582160047657408e-05,0.003582160047657408,3.482515383456693e-05,0.1,0.00035821600476574077,1
BAC,9898,53.2,526573.6,39621868.0,2127377991.7040005,0.0002498115434638266,0.024981154346382657,0.0002475223500729279,0.1,0.0024981154346382655,1
BANC,274,19.98,5474.52,2265235.95,46010093.456,0.00012095870189593274,0.012095870189593273,0.00011898519626427947,0.1,0.0012095870189593272,1
BAP,958,356.83,341843.13999999996,492344.2,163338371.48549995,0.0019457932072724732,0.19457932072724732,0.002092852627897949,0.1,0.01945793207272473,1
BATRK,152,39.93,6069.36,380302.4,15114947.032,0.00039968193732145785,0.03996819373214579,0.0004015468917721312,0.1,0.003996819373214579,1
BBIO,1602,77.27,123786.54,2992852.5,229888726.19525003,0.0005352752933864934,0.053527529338649335,0.0005384628556985657,0.1,0.005352752933864933,1
BBSI,429,38.0,16302.0,148488.2,5623139.0975,0.0028891184619383894,0.2889118461938389,0.002899092431707359,0.1,0.02889118461938389,1
BC,340,80.22,27274.8,1105944.45,93797888.36250001,0.00030742954585105973,0.030742954585105974,0.000290782665539242,0.1,0.003074295458510597,1
BCC,619,80.81,50021.39,370056.6,30204508.783,0.0016727170924663959,0.1672717092466396,0.0016560901671790647,0.1,0.016727170924663956,1
BCO,1034,127.04,131359.36000000002,225689.8,27944036.192500003,0.004581509665035815,0.45815096650358145,0.00470080124056152,0.1,0.04581509665035814,1
BCRX,1956,6.58,12870.48,4955449.7,34720463.277,0.00039471695172286787,0.03947169517228678,0.0003706886022032384,0.1,0.003947169517228679,1
BFAM,1389,92.63,128663.06999999999,583877.35,56642116.106000006,0.002378924272366448,0.2378924272366448,0.002271508885000342,0.1,0.02378924272366448,1
BFH,594,72.54,43088.76,1048039.75,76160839.021,0.0005667723957989189,0.05667723957989189,0.0005657600487846391,0.1,0.005667723957989189,1
BFS,1166,31.73,36997.18,70595.45,2243247.7649999997,0.01651664519455574,1.651664519455574,0.01649268555049692,0.1,0.16516645194555737,1
BGC,11099,9.11,101111.89,1889772.45,16923954.326,0.005873193886385634,0.5873193886385634,0.005974483743711327,0.1,0.05873193886385634,1
BH,67,375.03,25127.01,70130.3,29340319.840499997,0.0009553645143397362,0.09553645143397362,0.0008563986397079372,0.1,0.009553645143397361,1
BHVN,19892,11.83,235322.36000000002,3142348.3,37208128.389,0.006330297631233305,0.6330297631233305,0.0063244879597214405,0.1,0.06330297631233305,1
BILL,245,43.17,10576.65,2719333.25,133300751.20349999,9.009561443048586e-05,0.009009561443048585,7.934426403834321e-05,0.1,0.0009009561443048585,1
BIO,1025,293.7,301042.5,234402.15,73030396.70099999,0.00437282678507855,0.43728267850785496,0.004122153426504362,0.1,0.04372826785078549,1
BJ,2309,92.44,213443.96,1905492.15,177406845.5555,0.0012117604367984408,0.12117604367984408,0.0012031326036583303,0.1,0.012117604367984407,1
BJRI,2147,41.82,89787.54,346228.5,14996710.1945,0.006201107072352507,0.6201107072352506,0.0059871491037367195,0.1,0.06201107072352507,1
BK,4264,,,,,,,,0.1,,
BKD,3853,15.0,57795.0,5228917.15,64916123.421000004,0.0007368638457008254,0.07368638457008254,0.0008903027006893581,0.1,0.0073686384570082536,1
BKE,1364,47.3,64517.2,588935.9,31140212.405500002,0.002316041525062405,0.2316041525062405,0.0020718291564576783,0.1,0.02316041525062405,1
BKH,233,72.98,17004.34,996438.15,71660544.1055,0.00023383287763520494,0.023383287763520492,0.00023729013241883696,0.1,0.0023383287763520492,1
BKNG,25,200.074,5001.85,5414677.5,1127898368.2275,4.6170801492794354e-06,0.00046170801492794356,4.434663743560905e-06,0.1,4.6170801492794354e-05,1
BKU,1558,47.47,73958.26,1033574.85,48646222.8575,0.0015073896196293862,0.15073896196293862,0.0015203289311206518,0.1,0.015073896196293861,1
BL,1647,46.47,76536.09,1007461.95,52434549.9425,0.0016348011952213185,0.16348011952213184,0.001459649984293369,0.1,0.016348011952213182,1
BLKB,6568,53.7,352701.60000000003,329872.65,18986467.6465,0.019910714028580422,1.9910714028580423,0.018576472810360685,0.1,0.1991071402858042,1
BLMN,13600,6.0,81600.0,2069941.5,14235466.958249997,0.00657023398970454,0.6570233989704539,0.005732161806796909,0.1,0.0657023398970454,1
BMRN,9868,56.54,557936.72,2096937.0,120296707.069,0.0047059115271465,0.47059115271465,0.004638004926269325,0.1,0.047059115271465,1
BOH,4715,74.78,352587.7,416770.85,30185794.547,0.011313171254659485,1.1313171254659484,0.011680583708042291,0.1,0.11313171254659485,1
BOKF,2552,129.94,331606.88,321777.15,41180840.20600001,0.007930954699549051,0.7930954699549051,0.008052455422016503,0.1,0.0793095469954905,1
BPOP,528,133.53,70503.84,582953.55,74620947.0905,0.000905732540783052,0.0905732540783052,0.0009448263892241036,0.1,0.009057325407830519,1
BRK/B,513,480.53,246511.88999999998,4869036.6,2378819327.146,0.00010535965164032656,0.010535965164032655,0.00010362783217158144,0.1,0.0010535965164032656,1
BRKR,4164,44.29,184423.56,2662916.3,133049594.50850001,0.001563699166962176,0.1563699166962176,0.0013861264341412023,0.1,0.01563699166962176,1
BRSL,2677,14.48,38762.96,1704355.8,24920025.152999997,0.0015706814269649564,0.15706814269649563,0.0015554944171207435,0.1,0.015706814269649563,1
BRSP,37408,5.98,223699.84000000003,656642.1,3881091.844499999,0.05696862872484113,5.696862872484113,0.05763837831279647,0.1,0.5696862872484113,1
BRZE,907,20.82,18883.74,2641626.5,68265738.29349999,0.0003433490692192859,0.034334906921928594,0.00027662104698570353,0.1,0.003433490692192859,1
BTU,200,35.26,7052.0,3201148.8,112569346.271,6.247757055217177e-05,0.006247757055217177,6.264582884778402e-05,0.1,0.0006247757055217177,1
BV,4676,13.36,62471.36,497211.6,6531560.108999999,0.009404446718459506,0.9404446718459506,0.009564538786670455,0.1,0.09404446718459505,1
BW,6451,9.64,62187.64000000001,3452665.2,29189218.156,0.0018684116838203716,0.18684116838203715,0.002130500367212371,0.1,0.018684116838203715,1
BWA,954,47.41,45229.14,1895400.95,90620937.49700001,0.0005033235843846127,0.050332358438461275,0.0004991025390958607,0.1,0.005033235843846127,1
BXC,69,69.56,4799.64,97869.15,6990085.694499999,0.0007050229822165617,0.07050229822165617,0.0006866353589594038,0.1,0.007050229822165617,1
BXMT,2226,19.25,42850.5,1456192.35,28109064.791500002,0.0015286442069277453,0.15286442069277453,0.001524437056794494,0.1,0.015286442069277453,1
BYD,3151,84.54,266385.54000000004,762749.05,65732172.948999986,0.004131109701152692,0.4131109701152692,0.004052589896985182,0.1,0.04131109701152692,1
C,2919,115.71,337757.49,14863491.05,1735536153.4455,0.00019638724107147088,0.01963872410714709,0.00019461276524229226,0.1,0.0019638724107147085,1
CAAP,2036,29.64,60347.04,212130.85,5917491.3780000005,0.009597849629132207,0.9597849629132207,0.010198078230305111,0.1,0.09597849629132206,1
CACC,751,498.24,374178.24,162295.1,74771377.703,0.0046273732232211566,0.4627373223221157,0.005004297787400367,0.1,0.04627373223221156,1
CACI,3,620.58,1861.7400000000002,344405.2,211714343.2365,8.710669873741744e-06,0.0008710669873741744,8.793641335487149e-06,0.1,8.710669873741743e-05,1
CAH,3015,214.88,647863.2,1737076.05,362958710.17700005,0.0017356753033351648,0.1735675303335165,0.0017849501384994003,0.1,0.017356753033351647,1
CAL,4866,12.22,59462.520000000004,629604.0,8252651.8785,0.0077286675434082375,0.7728667543408237,0.007205262123671197,0.1,0.07728667543408237,1
CALY,11969,14.35,171755.15,3159189.05,45770583.587,0.003788630503134974,0.37886305031349743,0.0037525226147385807,0.1,0.03788630503134974,1
CARG,795,32.4,25758.0,836176.85,29712608.759000003,0.0009507558120031666,0.09507558120031666,0.000866904693859904,0.1,0.009507558120031666,1
CARS,34386,11.36,390624.95999999996,585366.5,7063039.283499999,0.05874268513828516,5.874268513828516,0.05530550579161309,0.1,0.5874268513828516,1
CB,1099,309.56,340206.44,1625365.1,495573795.69949996,0.0006761557757084854,0.06761557757084855,0.0006864899697123822,0.1,0.006761557757084854,1
CBRE,1757,170.33,299269.81,1269936.9,213171451.981,0.0013835333078360036,0.13835333078360035,0.0014038925344781812,0.1,0.013835333078360035,1
CBT,4078,72.19,294390.82,456752.05,32671207.7815,0.008928257683791458,0.8928257683791457,0.009010711265063734,0.1,0.08928257683791457,1
CBZ,3445,39.35,135560.75,860374.7,38177606.714999996,0.00400406938976704,0.400406938976704,0.0035507922487644605,0.1,0.04004069389767039,1
CCEP,4803,91.7,440435.10000000003,1594494.5,141767006.417,0.0030122399293318353,0.3012239929331835,0.0031067531940717147,0.1,0.030122399293318353,1
CCL,1462,30.02,43889.24,19415558.35,587129228.2415,7.530043553962485e-05,0.0075300435539624845,7.475226558121089e-05,0.1,0.0007530043553962484,1
CCOI,3946,24.3,95887.8,794487.5,18073263.036250003,0.004966723831400746,0.4966723831400746,0.005305505696878057,0.1,0.04966723831400746,1
CCS,38,62.98,2393.24,293551.75,19130177.103,0.00012944906647635384,0.012944906647635384,0.00012510286690574815,0.1,0.0012944906647635384,1
CDE,14462,20.44,295603.28,28920119.9,651158107.6570001,0.0005000670830552124,0.050006708305521244,0.0004539654448343445,0.1,0.005000670830552124,1
CDNA,1804,20.55,37072.200000000004,778677.25,15395675.912999997,0.0023167493335653506,0.23167493335653505,0.0024079618335364223,0.1,0.023167493335653506,1
CE,4066,44.44,180693.03999999998,2068458.35,94694642.036,0.001965715190736134,0.19657151907361342,0.0019081654052961732,0.1,0.01965715190736134,1
CELC,430,109.42,47050.6,771786.65,84230076.36850002,0.0005571487923508394,0.05571487923508394,0.0005585961930529101,0.1,0.005571487923508394,1
CENTA,215,30.67,6594.05,249963.5,7377277.189,0.0008601255783344369,0.08601255783344369,0.0008938324846777016,0.1,0.008601255783344369,1
CENX,808,45.33,36626.64,2275037.35,104664470.57000001,0.0003551590043126105,0.03551590043126105,0.00034994339340305516,0.1,0.003551590043126105,1
CFFN,290,7.28,2111.2000000000003,999619.2,6838474.3715,0.0002901104740685253,0.029011047406852532,0.00030872383009851283,0.1,0.002901104740685253,1
CFG,7512,62.98,473105.75999999995,5732664.75,353666535.522,0.001310385366595875,0.1310385366595875,0.0013377170653189215,0.1,0.01310385366595875,1
CG,7563,58.78,444553.14,2360099.3,148208381.1155,0.0032045261824364766,0.3204526182436477,0.002999514174934251,0.1,0.03204526182436476,1
CGNX,728,38.74,28202.72,1588768.35,62581997.428750016,0.000458216580157831,0.0458216580157831,0.00045065228274487353,0.1,0.00458216580157831,1
CHCT,274,17.28,4734.72,172277.4,2907383.1904999996,0.0015904581796567629,0.1590458179656763,0.001628515984914167,0.1,0.01590458179656763,1
CHDN,1007,98.36,99048.52,779328.55,82305179.6995,0.001292137956449818,0.1292137956449818,0.0012034299707701353,0.1,0.01292137956449818,1
CHEF,1606,62.9,101017.4,454703.55,28391794.15,0.0035319715449769417,0.3531971544976942,0.003557978740839807,0.1,0.03531971544976942,1
CHKP,952,179.51,170893.52,1260856.85,232632581.22349995,0.0007550420969676295,0.07550420969676296,0.0007346069888457084,0.1,0.0075504209696762945,1
CHWY,8283,29.11,241118.13,7466253.95,240383519.94750005,0.0011093916782726095,0.11093916782726095,0.0010030559917446104,0.1,0.011093916782726095,1
CIEN,1332,251.81,335410.92,2464696.1,594352052.6194999,0.0005404317392314614,0.054043173923146136,0.0005643303804903787,0.1,0.005404317392314614,1
CLBK,23950,7.3955,177122.225,257138.65,1851593.9455149998,0.09314041276953115,9.314041276953116,0.09565932391874152,0.1,0.9314041276953114,1
CLF,2742,13.76,37729.92,16247098.5,221564917.42900005,0.00016876859582035526,0.016876859582035525,0.00017028833101292068,0.1,0.0016876859582035525,1
CLFD,3778,29.77,112471.06,135589.6,4190623.783500001,0.027863493955288605,2.7863493955288603,0.026838739483806485,0.1,0.27863493955288604,1
CMC,1559,76.87,119840.33,1411830.0,105506644.0645,0.001104240595539123,0.11042405955391231,0.0011358557658865285,0.1,0.01104240595539123,1
CMI,637,578.82,368708.34,838785.8,473575628.45,0.000759431072867471,0.07594310728674711,0.0007785627423581156,0.1,0.00759431072867471,1
CMRE,17,16.78,285.26,515380.85,8289327.0375,3.2985315616596934e-05,0.0032985315616596935,3.441292624956348e-05,0.1,0.00032985315616596933,1
CMS,1180,71.49,84358.2,3045538.95,215740264.5645,0.00038745194836532955,0.03874519483653296,0.0003910174123976722,0.1,0.0038745194836532952,1
CNC,1885,43.32,81658.2,6604848.8,296029862.6285,0.0002853963893919873,0.02853963893919873,0.0002758444681051527,0.1,0.0028539638939198727,1
CNM,1984,53.36,105866.24,2060969.8,115362478.45250002,0.0009626536012318084,0.09626536012318085,0.0009176834740386577,0.1,0.009626536012318084,1
CNO,142,42.05,5971.099999999999,538745.2,22636175.7205,0.00026357543417556204,0.026357543417556202,0.000263785723954793,0.1,0.00263575434175562,1
CNOB,97,26.62,2582.14,273539.5,7402981.31,0.0003546105772658062,0.03546105772658062,0.0003487973144700537,0.1,0.003546105772658062,1
CNS,3499,64.26,224845.74000000002,386847.65,25872012.675,0.00904490436997614,0.9044904369976139,0.00869069379427397,0.1,0.0904490436997614,1
CNX,13491,38.8,523450.8,2220832.65,81552721.12550001,0.006074748585851347,0.6074748585851347,0.006418557134279689,0.1,0.060747485858513466,1
CNXC,106,37.35,3959.1000000000004,1216817.8,49826117.535500005,8.711246663222711e-05,0.008711246663222712,7.945832819864461e-05,0.1,0.000871124666322271,1
COHR,1,212.18,212.18,4602183.35,901382799.2605,2.1728817040720467e-07,2.1728817040720466e-05,2.3539388612038504e-07,0.1,2.1728817040720466e-06,1
COKE,709,152.06,107810.54000000001,403254.6,60579245.655999996,0.0017581944508506537,0.17581944508506536,0.001779661315233331,0.1,0.017581944508506538,1
COO,3478,81.38,283039.63999999996,2213231.65,182055722.72800002,0.0015714577369250978,0.1571457736925098,0.0015546868604777383,0.1,0.015714577369250977,1
COP,5756,104.23,599947.88,9374348.85,923635957.0045,0.00061401598042727,0.061401598042727,0.0006495501560438676,0.1,0.006140159804272699,1
COR,93,359.22,33407.46,1146946.3,399941804.5005001,8.108487729547582e-05,0.008108487729547581,8.353080279198027e-05,0.1,0.0008108487729547581,1
COUR,16119,6.06,97681.14,3813787.8,25120302.396,0.004226506781525706,0.42265067815257057,0.0038885336036223084,0.1,0.04226506781525705,1
CPNG,13482,20.16,271797.12,24619486.05,516230685.937,0.0005476150059598828,0.05476150059598828,0.0005265032230826543,0.1,0.0054761500595988276,1
CPRI,1419,22.57,32026.83,2612324.35,64399023.2025,0.0005431944161145227,0.054319441611452274,0.0004973185680051853,0.1,0.005431944161145227,1
CPS,6,31.37,188.22,205256.35,6710206.3355,2.923173875010444e-05,0.002923173875010444,2.8049808096694705e-05,0.1,0.0002923173875010444,1
CPT,4051,109.05,441761.55,1359264.95,147568950.6355,0.0029802872501052866,0.2980287250105287,0.002993594167997881,0.1,0.029802872501052863,1
CRAI,2,188.94,377.88,132480.75,27352034.303000003,1.5096532892514572e-05,0.0015096532892514571,1.3815425785662811e-05,0.1,0.00015096532892514572,1
CRBG,3661,30.83,112868.62999999999,3913730.05,119185760.29349999,0.0009354247618585754,0.09354247618585754,0.0009469976087919916,0.1,0.009354247618585753,1
CRGY,6944,9.77,67842.87999999999,6348590.55,54611017.838,0.0010937860845349366,0.10937860845349366,0.0012422929050919988,0.1,0.010937860845349366,1
CRH,4647,122.41,568839.27,4846788.3,603866251.2815001,0.0009587792394398576,0.09587792394398575,0.0009419954647123146,0.1,0.009587792394398576,1
CRM,2733,212.29,580188.57,9623892.35,2249607438.4934998,0.0002839807325982818,0.028398073259828183,0.0002579065840876381,0.1,0.002839807325982818,1
CRS,1314,317.83,417628.62,920410.4,304400977.38150007,0.0014276240251087993,0.14276240251087993,0.00137196872228368,0.1,0.014276240251087993,1
CSGP,750,61.5,46125.0,7222822.05,458634399.90500003,0.00010383752981980222,0.010383752981980222,0.0001005703017688036,0.1,0.001038375298198022,1
CSIQ,19,19.125,363.375,4322894.0,92672507.2675,4.395203768586507e-06,0.00043952037685865067,3.9210658124433266e-06,0.1,4.3952037685865064e-05,1
CSL,1387,340.89,472814.43,392171.6,136067049.88050002,0.0035367170901717516,0.35367170901717515,0.0034748635354058615,0.1,0.035367170901717516,1
CTAS,1700,191.39,325363.0,1707052.6,327529479.099,0.0009958685514435818,0.09958685514435818,0.0009933853920417797,0.1,0.009958685514435817,1
CTO,587,17.77,10430.99,247071.9,4473196.279500001,0.0023758266318427957,0.23758266318427956,0.0023318873906346765,0.1,0.023758266318427954,1
CTVA,142,72.8,10337.6,3801900.85,268430260.84500003,3.734973782917037e-05,0.003734973782917037,3.851130631642627e-05,0.1,0.0003734973782917037,1
CUZ,145,25.24,3659.7999999999997,1623893.2,42361967.3925,8.92915864171363e-05,0.00892915864171363,8.639353234212516e-05,0.1,0.0008929158641713629,1
CVBF,8625,19.71,169998.75,1482117.35,29064473.59375,0.005819377257812952,0.5819377257812952,0.005849022155920153,0.1,0.05819377257812952,1
CVCO,3,492.02,1476.06,226000.45,141305335.26049998,1.3274309852037905e-05,0.0013274309852037904,1.0445890081070511e-05,0.1,0.00013274309852037903,1
CVI,213,22.74,4843.62,1469365.05,34609979.075,0.00014496057327619165,0.014496057327619164,0.0001399486543896444,0.1,0.0014496057327619163,1
CVLG,2340,24.6,57564.0,167884.15,4248753.570499999,0.01393818296724259,1.393818296724259,0.013548444042431433,0.1,0.1393818296724259,1
CVLT,3385,85.7,290094.5,1116750.55,116914912.14500001,0.003031115587988741,0.3031115587988741,0.002481244647733383,0.1,0.03031115587988741,1
CVNA,1,80.222,80.222,19987604.0,1744638613.3830001,5.003100921951425e-08,5.003100921951425e-06,4.598201563614532e-08,0.1,5.003100921951425e-07,1
CW,893,656.69,586424.17,223775.1,141927031.5445,0.003990613790363628,0.39906137903636285,0.004131870888993629,0.1,0.03990613790363628,1
CWEN,12283,36.15,444030.45,1241359.0,43137061.746999994,0.009894800778823853,0.9894800778823853,0.010293479250029831,0.1,0.09894800778823852,1
CWH,5869,13.19,77412.11,2636166.65,33581174.977,0.002226338763522405,0.2226338763522405,0.002305223389384682,0.1,0.02226338763522405,1
CWK,267,16.44,4389.4800000000005,1463962.15,24334408.7125,0.00018238176444657398,0.0182381764446574,0.00018038161731643928,0.1,0.0018238176444657398,1
CWST,4430,100.88,446898.39999999997,603684.15,62002369.948999986,0.0073382744933753845,0.7338274493375384,0.00720776319304562,0.1,0.07338274493375384,1
CXM,4198,6.38,26783.239999999998,1648045.5,11463896.3355,0.0025472597692236046,0.25472597692236043,0.0023363121242697318,0.1,0.025472597692236046,1
CXW,12690,18.53,235145.7,905888.1,17580234.1415,0.014008352687268992,1.4008352687268992,0.01337557270895009,0.1,0.1400835268726899,1
CYD,943,45.38,42793.340000000004,176309.85,7560735.8235,0.005348538382852688,0.5348538382852688,0.005659943820149267,0.1,0.053485383828526877,1
CYTK,1136,63.19,71783.84,1796424.1,114407549.48774998,0.0006323673791728802,0.06323673791728801,0.0006274397128634081,0.1,0.006323673791728802,1
D,7820,60.17,470529.4,6024244.3,358677407.13549995,0.0012980881270037471,0.1298088127003747,0.0013118456603045672,0.1,0.012980881270037471,1
DAN,16,28.9,462.4,1877340.85,52774504.232,8.522693148662908e-06,0.0008522693148662908,8.761806609632197e-06,0.1,8.522693148662908e-05,1
DAVE,1,163.69,163.69,537292.55,105117108.66049999,1.8611834465227554e-06,0.00018611834465227553,1.5572155863673411e-06,0.1,1.8611834465227554e-05,1
DBX,1691,25.48,43086.68,3477966.45,92186087.65050001,0.00048620365501225575,0.048620365501225574,0.00046738809616644254,0.1,0.004862036550122557,1
DCO,2922,113.35,331208.7,152782.15,16758665.445000002,0.019125270851339637,1.9125270851339637,0.019763429318819484,0.1,0.19125270851339637,1
DD,2145,131.7601,282625.4145,1627001.8,211509639.22017998,0.0013183759231243629,0.13183759231243627,0.001336229476547823,0.1,0.013183759231243628,1
DE,89,528.0,46992.0,1370088.6,692241910.6959999,6.495930263196117e-05,0.006495930263196117,6.788378350676991e-05,0.1,0.0006495930263196117,1
DECK,847,119.34,101080.98,3225984.9,338390378.43050003,0.0002625554756936401,0.02625554756936401,0.0002987111526894681,0.1,0.002625554756936401,1
DELL,4880,114.44,558467.2,7476787.5,883654659.8115,0.000652686732102524,0.0652686732102524,0.0006319971199146185,0.1,0.00652686732102524,1
DG,891,143.43,127796.13,3363601.55,490101796.96099997,0.0002648946335513492,0.02648946335513492,0.000260754257161333,0.1,0.0026489463355134917,1
DGICA,79,18.67,1474.93,113403.25,2172103.143,0.0006966290648636614,0.06966290648636614,0.0006790331318994827,0.1,0.006966290648636613,1
DHT,2968,14.33,42531.44,2591272.9,34547688.335,0.0011453830277775839,0.1145383027777584,0.0012310936577748306,0.1,0.011453830277775839,1
DINO,5165,51.99,268528.35000000003,2556685.85,127200568.1585,0.0020201934469187915,0.20201934469187915,0.0021110625045746385,0.1,0.020201934469187912,1
DIOD,1217,59.19,72034.23,309262.25,17487466.892,0.003935171525137646,0.3935171525137646,0.004119191787173792,0.1,0.039351715251376464,1
DIS,959,112.8,108175.2,10149838.2,1142165897.0310001,9.448426478364946e-05,0.009448426478364946,9.471058475935564e-05,0.1,0.0009448426478364945,1
DK,1631,29.51,48130.810000000005,1501496.95,43460273.927,0.001086249292747481,0.10862492927474811,0.0011074667886549698,0.1,0.01086249292747481,1
DKS,1000,202.0,202000.0,1161146.0,243774230.77400002,0.0008612181413879047,0.08612181413879047,0.0008286355754610979,0.1,0.008612181413879047,1
DLB,4179,64.19,268250.01,833028.65,52587486.76699999,0.005016634181789546,0.5016634181789545,0.005101023579783125,0.1,0.050166341817895456,1
DLTR,83,117.59,9759.970000000001,3265440.1,423527091.49250007,2.54177070955918e-05,0.00254177070955918,2.3044499858571227e-05,0.1,0.00025417707095591797,1
DLX,24,26.4,633.5999999999999,531214.95,13027209.774,4.517945136897974e-05,0.004517945136897974,4.863666210891553e-05,0.1,0.00045179451368979734,1
DNLI,4166,21.74,90568.84,1765591.75,33577695.471999995,0.0023595488594687873,0.23595488594687875,0.00269729172079496,0.1,0.023595488594687873,1
DOCU,7217,52.54,379181.18,3862795.85,231766107.182,0.0018683358583394978,0.1868335858339498,0.001636051037014824,0.1,0.01868335858339498,1
DORM,319,124.2,39619.8,183977.0,23101117.058250003,0.0017339123912228159,0.17339123912228158,0.001715059921132721,0.1,0.01733912391222816,1
DOW,6541,27.55,180204.55000000002,12569046.45,340130850.3635,0.0005204054282097112,0.05204054282097112,0.0005298094830486981,0.1,0.005204054282097112,1
DRH,81,9.18,743.5799999999999,2757080.15,25605960.741000004,2.9378906521814394e-05,0.0029378906521814394,2.903933218992198e-05,0.1,0.0002937890652181439,1
DSGR,6150,28.39,174598.5,68444.25,1992049.8885,0.0898541513713716,8.98541513713716,0.08764765431224791,0.1,0.8985415137137159,1
DT,6653,38.09,253412.77000000002,4573993.8,185147902.249,0.0014545275509555786,0.14545275509555786,0.001368704516344952,0.1,0.014545275509555786,1
DTE,16,134.38,2150.08,1651576.3,220779092.7235,9.68771470019278e-06,0.0009687714700192779,9.73860329561515e-06,0.1,9.687714700192779e-05,1
DTM,509,126.02,64144.18,723850.65,87312058.7805,0.0007031837299586593,0.07031837299586594,0.0007346543065861799,0.1,0.0070318372995865925,1
DVA,574,109.34,62761.16,926489.65,100209204.755,0.0006195428087081167,0.061954280870811666,0.0006263013477997738,0.1,0.006195428087081166,1
DVN,3612,40.21,145238.52,10199518.95,381295616.92800003,0.0003541343486596493,0.03541343486596493,0.00038090791908427667,0.1,0.003541343486596493,1
DXC,13385,14.43,193145.55,1836132.45,26973648.968500007,0.007289779122415706,0.7289779122415706,0.007160527306689449,0.1,0.07289779122415706,1
DXPE,278,130.05,36153.9,129435.3,15400022.6085,0.002147791213061661,0.21477912130616608,0.0023476523976039463,0.1,0.021477912130616606,1
DY,931,364.39,339247.08999999997,314712.4,113883292.641,0.0029582564906880057,0.29582564906880054,0.002978901313201626,0.1,0.029582564906880056,1
EAF,5032,15.11,76033.52,202096.4,3476127.6089999997,0.024899008591939293,2.4899008591939293,0.02187305201429963,0.1,0.24899008591939292,1
EAT,1953,157.72,308027.16,1242293.45,197624951.69849998,0.001572092326495,0.1572092326495,0.0015586450868305915,0.1,0.01572092326495,1
EBC,1721,20.485,35254.685,1989905.45,39269238.74175,0.0008648652125657528,0.08648652125657529,0.0008977684857057889,0.1,0.008648652125657528,1
ECPG,101,55.2,5575.200000000001,168512.0,9390087.863499999,0.0005993638435244968,0.059936384352449676,0.0005937324635343654,0.1,0.005993638435244968,1
EEFT,2530,72.46,183323.8,555383.4,41081055.549,0.0045554116309562,0.45554116309562004,0.004462490010300197,0.1,0.045554116309562,1
EEX,37632,5.04,189665.28,42029.6,198986.02349999998,0.8953689780535623,89.53689780535623,0.9531588031357389,0.1,8.953689780535623,9
EFX,3099,201.4,624138.6,1695141.95,361340643.27349997,0.0018281654819527061,0.1828165481952706,0.0017272859049171155,0.1,0.01828165481952706,1
EG,270,331.28,89445.59999999999,329582.85,108074591.785,0.0008192173834287798,0.08192173834287798,0.0008276283863087829,0.1,0.008192173834287797,1
EGBN,2199,26.76,58845.240000000005,457508.85,11336052.307,0.004806464399541124,0.4806464399541124,0.0051909816933063315,0.1,0.04806464399541124,1
EHC,1789,94.53,169114.17,1181052.9,118577930.64649999,0.001514750101371412,0.1514750101371412,0.0014261858768994436,0.1,0.015147501013714119,1
EIX,37,62.28,2304.36,3059283.95,186398923.92599997,1.2094333381509093e-05,0.0012094333381509094,1.2362517719870673e-05,0.1,0.00012094333381509092,1
EL,2222,115.28,256152.16,3362137.3,383192583.4705,0.0006608891314462381,0.06608891314462381,0.0006684684700316488,0.1,0.006608891314462381,1
EMN,1505,69.32,104326.59999999999,1736074.25,118579573.39149997,0.0008668984059869559,0.0866898405986956,0.0008798024568325724,0.1,0.008668984059869558,1
ENPH,331,36.98,12240.38,6593338.5,243261690.9245,5.0202185129733597e-05,0.00502021851297336,5.031774610083998e-05,0.1,0.000502021851297336,1
ENS,1185,180.19,213525.15,425439.6,72108695.339,0.002785354254752026,0.2785354254752026,0.0029611567508768233,0.1,0.02785354254752026,1
ENSG,508,171.66,87203.28,321185.25,56610675.6645,0.0015816417472471105,0.15816417472471106,0.0015404034482260087,0.1,0.015816417472471103,1
ENVA,445,165.17,73500.65,326724.2,52362814.7915,0.001362005018299838,0.1362005018299838,0.0014036802699142002,0.1,0.01362005018299838,1
EOG,2155,112.13,241640.15,4701086.6,507454914.8910001,0.0004584046590420181,0.04584046590420181,0.0004761805293617141,0.1,0.004584046590420181,1
EPAC,2806,40.36,113250.16,396799.45,15995564.193999996,0.007071582382485661,0.7071582382485662,0.00708009787128863,0.1,0.07071582382485661,1
EPRT,5009,30.36,152073.24,1877365.2,56573653.08400001,0.0026681010173193794,0.2668101017319379,0.0026880576330151978,0.1,0.026681010173193794,1
EQBK,4283,46.12,197531.96,90131.45,4189808.5675000004,0.047519484042473525,4.7519484042473525,0.04714581986686435,0.1,0.47519484042473525,1
EQH,14844,46.4,688761.6,2832365.15,132620067.94049998,0.005240849683523327,0.5240849683523328,0.0051934945494750695,0.1,0.05240849683523327,1
EQR,5831,62.32,363387.92,2491696.25,153267616.28899997,0.0023401728842349866,0.23401728842349867,0.002370937376065138,0.1,0.023401728842349864,1
EQT,7248,57.73,418427.04,12570634.7,671455169.7125,0.0005765818650350249,0.05765818650350249,0.00062316452218122,0.1,0.005765818650350248,1
ES,2617,69.13,180913.21,2375808.35,164234095.6455,0.0011015198258731602,0.11015198258731602,0.0011015569531341526,0.1,0.011015198258731602,1
ESI,13572,29.1,394945.2,1954403.45,55668136.271000005,0.006944318482450489,0.6944318482450489,0.007094636653135888,0.1,0.06944318482450489,1
ESNT,5414,62.92,340648.88,728361.3,45143881.910000004,0.007433124192622534,0.7433124192622534,0.007545848198857296,0.1,0.07433124192622534,1
ESTC,824,65.93,54326.32000000001,1438659.1,104780397.8625,0.0005727555610637711,0.05727555610637711,0.0005184778938450942,0.1,0.00572755561063771,1
ETR,516,95.89,49479.24,2443606.5,230721832.577,0.0002111632949085706,0.02111632949085706,0.0002144540871895469,0.1,0.002111632949085706,1
ETSY,782,52.96,41414.72,3169490.5,189528898.0675,0.00024672735255082797,0.024672735255082796,0.00021851401249243957,0.1,0.0024672735255082795,1
EVR,190,353.27,67121.3,355413.3,130481383.44350004,0.0005345888856719769,0.05345888856719769,0.0005144128474776963,0.1,0.005345888856719768,1
EVTC,737,30.01,22117.370000000003,380436.85,11282399.879999999,0.0019372466153055364,0.19372466153055365,0.001960342678440857,0.1,0.019372466153055365,1
EW,6300,81.36,512568.0,3680586.2,308766729.923,0.001711683861663123,0.1711683861663123,0.0016600493198468107,0.1,0.01711683861663123,1
EWBC,2680,114.44,306699.2,1222807.1,140136128.563,0.0021916784748796437,0.21916784748796436,0.0021885805119992267,0.1,0.021916784748796436,1
EWTX,3619,28.15,101874.84999999999,1161183.3,31524765.9885,0.0031166483362273637,0.3116648336227364,0.0032315814822277563,0.1,0.031166483362273636,1
EXC,11599,44.78,519403.22000000003,7563537.35,334313541.54249996,0.0015335417098191497,0.15335417098191498,0.001553640985057048,0.1,0.015335417098191495,1
EXE,326,112.41,36645.659999999996,3561229.0,378142763.9275,9.154143134294369e-05,0.009154143134294369,9.690958943492024e-05,0.1,0.0009154143134294368,1
EXEL,10030,41.36,414840.8,2503483.4,109618263.25700001,0.004006417617947856,0.4006417617947856,0.003784413177824262,0.1,0.04006417617947856,1
EXLS,2335,39.15,91415.25,1189794.95,49335106.6315,0.001962523038108373,0.1962523038108373,0.001852945219776463,0.1,0.01962523038108373,1
EXPD,377,160.54,60523.579999999994,1416010.05,226424603.55900002,0.000266241048218549,0.026624104821854903,0.00026730125193408683,0.1,0.00266241048218549,1
EXPE,380,264.84,100639.2,1704090.0,479511387.679,0.00022299291704076663,0.022299291704076664,0.00020987864435739124,0.1,0.002229929170407666,1
EXPO,1477,71.87,106151.99,323929.9,23818045.716500003,0.004559628487521528,0.4559628487521528,0.004456788405879286,0.1,0.045596284875215276,1
EXR,349,137.97,48151.53,1442482.1,201842083.76450005,0.0002419440768103812,0.02419440768103812,0.00023856040872121079,0.1,0.002419440768103812,1
EZPW,3631,21.45,77884.95,762158.15,16184484.161500001,0.004764103093301567,0.47641030933015677,0.004812322050107373,0.1,0.04764103093301567,1
FAF,5563,63.18,351470.34,1099489.85,68446092.55649999,0.005059619240686942,0.5059619240686942,0.005134994955480809,0.1,0.05059619240686942,1
FBP,22201,22.12,491086.12,1514310.45,32505542.158000004,0.014660798253092687,1.4660798253092686,0.015107765857679683,0.1,0.14660798253092686,1
FBRX,5,29.27,146.35,226307.7,6723240.6665,2.209381298117563e-05,0.002209381298117563,2.176777647261989e-05,0.1,0.00022093812981175627,1
FCBC,7170,36.02,258263.40000000002,51494.05,1748824.4467500001,0.13923938785160614,13.923938785160614,0.14767828782354595,0.1,1.3923938785160612,2
FDX,6,259.4944,1556.9663999999998,1913271.8,476328796.09073,3.1359893560339936e-06,0.00031359893560339934,3.268679980673334e-06,0.1,3.1359893560339934e-05,1
FFIV,1256,275.61,346166.16000000003,1172849.05,318712057.18350005,0.0010708965488781357,0.10708965488781357,0.001086140772517725,0.1,0.010708965488781357,1
FHN,9458,24.49,231626.41999999998,6754645.6,164488471.47349995,0.0014002215008882184,0.14002215008882185,0.0014081620305974839,0.1,0.014002215008882183,1
FICO,388,1463.17,567709.9600000001,300986.55,470940040.7285,0.001289094147230167,0.1289094147230167,0.0012054824625270897,0.1,0.01289094147230167,1
FIS,5669,55.25,313212.25,3739062.8,228163585.024,0.001516155331758536,0.1516155331758536,0.0013727530182656182,0.1,0.015161553317585359,1
FISI,3788,32.94,124776.71999999999,131711.4,4220640.9485,0.028759849185415996,2.8759849185415995,0.02956345292634882,0.1,0.2875984918541599,1
FITB,9467,50.22,475432.74,14607531.75,730550469.2710001,0.0006480903250475564,0.06480903250475564,0.0006507869887133515,0.1,0.0064809032504755636,1
FIVE,1351,191.64,258905.63999999998,1187183.85,232123254.16149998,0.0011379871786497094,0.11379871786497094,0.001115380020563843,0.1,0.011379871786497093,1
FIVN,5410,17.66,95540.6,2013498.05,37458001.78,0.002686866272356211,0.2686866272356211,0.0025506058908623397,0.1,0.026868662723562108,1
FIX,3,1142.1,3426.2999999999997,404096.8,436688624.60249996,7.423963763137941e-06,0.0007423963763137941,7.846094006041083e-06,0.1,7.423963763137941e-05,1
FLEX,2031,63.04,128034.24,3189408.3,203325593.42075,0.0006367952325200885,0.06367952325200885,0.0006297005598063275,0.1,0.006367952325200884,1
FLG,16401,13.22,216821.22,5259353.45,67924360.5465,0.003118444150202531,0.3118444150202531,0.0031920980669603426,0.1,0.03118444150202531,1
FLS,8691,78.15,679201.65,1209296.55,91377874.84650001,0.007186822785527669,0.7186822785527669,0.007432889538533792,0.1,0.07186822785527669,1
FMBH,367,42.1,15450.7,110256.15,4533945.37725,0.0033286125082365023,0.3328612508236502,0.0034077825633998713,0.1,0.03328612508236502,1
FN,510,489.44,249614.4,675372.45,322443555.5795,0.0007551388866987394,0.07551388866987394,0.0007741336295321193,0.1,0.007551388866987394,1
FNB,4057,17.55,71200.35,6173520.95,107681353.4675,0.0006571614533842313,0.06571614533842313,0.0006612133643127864,0.1,0.006571614533842312,1
FNF,6469,54.39,351848.91000000003,1605931.25,86688630.14650002,0.004028192365021853,0.4028192365021853,0.00405876652342286,0.1,0.04028192365021853,1
FORM,1342,70.49,94597.57999999999,1523025.55,111489301.7115,0.0008811408318133599,0.088114083181336,0.0008484902008337033,0.1,0.008811408318133599,1
FOXA,2326,72.78,169286.28,3158533.85,231272583.98849997,0.0007364176261717125,0.07364176261717126,0.0007319772931166703,0.1,0.007364176261717125,1
FOXF,7912,18.4,145580.8,561913.15,10493392.723,0.014080467773356078,1.4080467773356078,0.013873568238888832,0.1,0.14080467773356078,1
FR,3784,58.03,219585.52000000002,990308.1,57693563.4225,0.003821033070415157,0.3821033070415157,0.0038060661705351267,0.1,0.038210330704151564,1
FRME,1250,39.76,49700.0,329291.2,12671729.6235,0.0037960322049298612,0.3796032204929861,0.003922116512636938,0.1,0.03796032204929861,1
FRSH,5147,10.78,55484.659999999996,4140451.1,47681551.57975,0.0012431012649805236,0.12431012649805236,0.0011636504719692033,0.1,0.012431012649805236,1
FRT,1410,101.16,142635.6,794961.75,80678361.33950001,0.001773670242624881,0.1773670242624881,0.0017679536077806505,0.1,0.01773670242624881,1
FSK,6667,13.79,91937.93,2054698.95,29523239.584499996,0.003244757583586637,0.3244757583586637,0.003114086776854541,0.1,0.03244757583586637,1
FSLR,1121,225.52,252807.92,2532298.1,612410242.878,0.0004426808992195666,0.04426808992195666,0.0004128081183161442,0.1,0.004426808992195666,1
FTAI,275,272.32,74888.0,2119980.95,554883307.1315,0.00012971814675976213,0.012971814675976214,0.0001349617100343812,0.1,0.0012971814675976213,1
FTI,215,55.72,11979.8,3286701.6,170967744.69900003,6.541512621650836e-05,0.006541512621650836,7.007052716926942e-05,0.1,0.0006541512621650836,1
FULT,8936,20.65,184528.4,1899718.1,38259830.817,0.004703855798394509,0.4703855798394509,0.004823032304628185,0.1,0.04703855798394509,1
FWONK,4457,87.02,387848.13999999996,1867328.4,168102123.98525,0.0023868324393288296,0.23868324393288295,0.0023072173676641433,0.1,0.023868324393288294,1
GAP,13072,27.98,365754.56,8067585.2,219312926.95900002,0.0016203113665288593,0.16203113665288593,0.001667729144248651,0.1,0.016203113665288593,1
GATX,1409,181.91,256311.19,186431.6,33516190.554,0.007557731629187326,0.7557731629187326,0.0076473843167540545,0.1,0.07557731629187325,1
GBTG,29552,6.85,202431.19999999998,1248432.6,9451314.071500001,0.02367128189379226,2.367128189379226,0.021418312677855225,0.1,0.2367128189379226,1
GBX,10,50.42,504.20000000000005,592329.7,29512356.9515,1.6882489599964346e-05,0.0016882489599964346,1.7084369128111047e-05,0.1,0.00016882489599964344,1
GCMG,22942,11.32,259703.44,498633.6,5769920.7005,0.04600973540491455,4.600973540491455,0.04500988028786861,0.1,0.4600973540491455,1
GCO,382,28.93,11051.26,265333.35,8655849.2825,0.001439698402028995,0.14396984020289952,0.0012767389587458426,0.1,0.01439698402028995,1
GD,1428,351.09,501356.51999999996,1610083.55,576382980.4319999,0.0008869104960422706,0.08869104960422707,0.0008698322764912879,0.1,0.008869104960422706,1
GE,1501,306.79,460491.79000000004,6275412.2,1941093909.6869998,0.00023918747520680793,0.023918747520680794,0.00023723313318429505,0.1,0.0023918747520680793,1
GEF,2155,70.62,152186.1,202821.5,14437421.705499997,0.010625106312693674,1.0625106312693673,0.010541085735690885,0.1,0.10625106312693673,1
GEN,12248,23.99,293829.51999999996,4860781.7,123518819.74799998,0.002519759321839119,0.2519759321839119,0.002378823895819792,0.1,0.025197593218391188,1
GFF,1937,81.45,157768.65,227329.45,18466816.25,0.00852067341033025,0.8520673410330251,0.008543359497606958,0.1,0.0852067341033025,1
GGG,1824,87.33,159289.91999999998,938397.1,81025944.84299998,0.0019437400222144761,0.19437400222144763,0.001965912527260846,0.1,0.01943740022214476,1
GHC,194,1166.63,226326.22000000003,15701.95,18013830.555,0.012355153340827095,1.2355153340827094,0.01256402514218054,0.1,0.12355153340827094,1
GHM,662,69.92,46287.04,104647.25,7473928.189499999,0.006326014300423566,0.6326014300423566,0.006193134162705485,0.1,0.06326014300423566,1
GIC,1703,30.56,52043.68,85776.35,2640120.4795000004,0.019853957413669385,1.9853957413669385,0.01971261554315745,0.1,0.19853957413669385,1
GL,1705,140.22,239075.1,516624.75,72191219.534,0.0033002677475285494,0.33002677475285497,0.0033116922188494474,0.1,0.03300267747528549,1
GLNG,2002,40.59,81261.18000000001,1035731.6,40880784.315500006,0.0019329332039304391,0.19329332039304392,0.001987759808443541,0.1,0.01932933203930439,1
GLOB,4340,66.88,290259.19999999995,1225868.55,82556008.52550001,0.003540346964607257,0.3540346964607257,0.0035159064153440058,0.1,0.03540346964607257,1
GLPI,9028,44.75,404003.0,2450996.95,110562103.9865,0.003683399116428929,0.36833991164289287,0.003654082053732716,0.1,0.03683399116428929,1
GM,3174,84.0,266616.0,9465630.75,782296120.89,0.00033531838329949645,0.033531838329949645,0.000340812120730801,0.1,0.0033531838329949643,1
GMED,3724,90.68,337692.32,1569224.1,145038303.0815,0.002373147340778159,0.23731473407781592,0.0023282975105565307,0.1,0.02373147340778159,1
GMRE,1790,,,,,,,,0.1,,
GNW,2569,8.34,21425.46,4098258.4,35129310.8455,0.0006268516401991636,0.06268516401991636,0.0006099026563381775,0.1,0.006268516401991636,1
GO,6598,9.53,62878.939999999995,2491534.8,24047421.045500003,0.002648166904993661,0.2648166904993661,0.0026147893315057393,0.1,0.02648166904993661,1
GPC,911,138.99,126619.89000000001,1125886.85,149959498.12799996,0.0008091399237854141,0.08091399237854141,0.0008443605878963524,0.1,0.00809139923785414,1
GPI,121,354.26,42865.46,189268.5,73409427.2415,0.000639303423443415,0.0639303423443415,0.0005839230955852927,0.1,0.00639303423443415,1
GPK,30294,14.65,443807.10000000003,4784684.9,72935811.325,0.0063314514190892695,0.6331451419089269,0.006084899748662664,0.1,0.06331451419089269,1
GPRE,1683,11.46,19287.18,1189789.75,13311026.574,0.0014145356353927239,0.14145356353927238,0.0014489626245411478,0.1,0.014145356353927238,1
GRBK,709,69.39,49197.51,219019.85,15294816.201500002,0.003237149509507928,0.3237149509507928,0.00321661335133763,0.1,0.03237149509507928,1
GRMN,2656,201.64,535555.84,907496.3,188113373.9875,0.002926733695773746,0.2926733695773746,0.002846984393760261,0.1,0.029267336957737457,1
GS,155,935.41,144988.55,2490273.3,2346809413.6815004,6.224216434396981e-05,0.0062242164343969805,6.178113533836253e-05,0.1,0.0006224216434396981,1
GSAT,1832,61.62,112887.84,706779.7,44349846.60949999,0.0025920382263384194,0.25920382263384195,0.0025453941474471477,0.1,0.02592038226338419,1
GSBC,1707,61.38,104775.66,59136.75,3688541.7605,0.02886529949650598,2.886529949650598,0.02840571336944743,0.1,0.28865299496505975,1
GSIT,8209,7.215,59227.935,1783491.05,13747150.579,0.004602770504511362,0.4602770504511362,0.004308379009863758,0.1,0.04602770504511362,1
GTES,8992,23.02,206995.84,2171104.3,49636130.827,0.004141671130217006,0.4141671130217006,0.004170265420595652,0.1,0.041416711302170055,1
GTM,379,8.05,3050.9500000000003,5084360.95,47165828.17300001,7.454230801611361e-05,0.007454230801611361,6.468560222899915e-05,0.1,0.000745423080161136,1
GTY,923,29.86,27560.78,469720.6,13624662.76,0.001964997915782276,0.1964997915782276,0.002022859610214675,0.1,0.01964997915782276,1
GVA,9,120.74,1086.6599999999999,636296.0,76738139.16649999,1.4144360486314546e-05,0.0014144360486314546,1.4160624844476043e-05,0.1,0.00014144360486314546,1
GXO,2131,56.59,120593.29000000001,1058808.65,60054896.38199999,0.002012639394285266,0.2012639394285266,0.002008050921159277,0.1,0.02012639394285266,1
HAE,43,66.66,2866.3799999999997,825019.25,60765506.377,5.21199959879724e-05,0.00521199959879724,4.717116948250985e-05,0.1,0.000521199959879724,1
HAFC,75,26.57,1992.75,305658.35,8427015.355500001,0.00024537199785315864,0.024537199785315864,0.00023647162321822587,0.1,0.002453719978531586,1
HAS,441,89.31,39385.71,1735922.75,151883918.42975003,0.00025404356271037983,0.025404356271037983,0.00025931455026436415,0.1,0.0025404356271037983,1
HAYW,4448,16.14,71790.72,1512820.1,24726099.1815,0.002940204192157415,0.2940204192157415,0.002903438972440652,0.1,0.02940204192157415,1
HBAN,20873,17.48,364860.04000000004,42253718.7,748283502.325,0.0004939920234760308,0.049399202347603074,0.00048759599652583457,0.1,0.004939920234760307,1
HBNC,6398,17.62,112732.76000000001,361555.35,6300293.683,0.017695769126359215,1.7695769126359215,0.017893254770676062,0.1,0.17695769126359215,1
HCA,390,488.27,190425.3,1149145.9,552107655.57,0.0003393824926843493,0.03393824926843493,0.00034490610314650227,0.1,0.003393824926843493,1
HCC,9,89.3,803.6999999999999,923494.45,88172369.32,9.74559186576595e-06,0.000974559186576595,9.115100412955535e-06,0.1,9.74559186576595e-05,1
HCI,4,158.67,634.68,184970.35,31024025.547,2.1625087480236695e-05,0.0021625087480236695,2.045769331379928e-05,0.1,0.00021625087480236694,1
HCSG,2271,18.82,42740.22,658275.3,12265132.952000001,0.00344992437054831,0.344992437054831,0.003484692760140901,0.1,0.034499243705483094,1
HEI,539,330.91,178360.49000000002,448087.05,154451681.5515,0.0012028912685604282,0.12028912685604282,0.0011547979808852254,0.1,0.012028912685604281,1
HGV,254,45.11,11457.94,716338.25,33073339.929999996,0.00035458109349877656,0.035458109349877656,0.00034644036629656475,0.1,0.0035458109349877655,1
HHH,259,81.66,21149.94,330049.2,26937488.9305,0.0007847314885174695,0.07847314885174696,0.0007851489073301467,0.1,0.007847314885174695,1
HIFS,273,298.45,81476.84999999999,73828.8,21433836.38075,0.0036977439698329105,0.36977439698329106,0.0038013190243989816,0.1,0.036977439698329104,1
HII,404,420.51,169886.04,629004.6,253809643.828,0.0006422846510184504,0.06422846510184504,0.0006693443063776064,0.1,0.006422846510184504,1
HIW,460,25.85,11891.0,1221334.9,32511513.560000002,0.00037663707145353827,0.037663707145353824,0.00036574735218202495,0.1,0.0037663707145353825,1
HL,6654,22.52,149848.08,30740676.6,796856460.872,0.00021645587332323063,0.021645587332323062,0.00018804902433246413,0.1,0.002164558733232306,1
HLF,1366,17.24,23549.839999999997,1610452.8,25416362.6655,0.0008482086528707951,0.08482086528707951,0.0009265621643008105,0.1,0.00848208652870795,1
HLIO,484,64.78,31353.52,343464.4,21546873.078,0.0014091707903351846,0.14091707903351847,0.0014551308622137325,0.1,0.014091707903351845,1
HLIT,20379,9.72,198083.88,997489.7,10031906.5315,0.020430286147315607,2.043028614731561,0.01974538731775663,0.1,0.20430286147315604,1
HLMN,1184,9.37,11094.08,1167408.3,11185351.742999999,0.0010142124225089029,0.10142124225089029,0.000991840065015647,0.1,0.010142124225089028,1
HLX,3197,7.94,25384.18,1662005.55,12182915.803,0.001923579617408618,0.1923579617408618,0.002083588232116751,0.1,0.01923579617408618,1
HMN,301,44.81,13487.810000000001,235469.15,10311040.2975,0.0012782990892862187,0.12782990892862187,0.0013080940051480778,0.1,0.012782990892862186,1
HNRG,6823,18.49,126157.26999999999,571026.6,10966296.264000002,0.011948655281557813,1.1948655281557812,0.011504090985955508,0.1,0.11948655281557811,1
HOG,9589,19.8,189862.2,2873642.0,59040680.80349998,0.003336880516083771,0.3336880516083771,0.003215786088780074,0.1,0.03336880516083771,1
HOMB,4861,28.9,140482.9,1430596.6,40970075.949499995,0.003397883092969744,0.3397883092969744,0.003428914805360874,0.1,0.03397883092969744,1
HOPE,4659,11.98,55814.82,1051948.6,12242340.470000003,0.004428923618511399,0.4428923618511399,0.004559162534057509,0.1,0.04428923618511398,1
HOV,421,112.65,47425.65,95907.5,11047838.088499999,0.0043896462737533564,0.43896462737533565,0.004292753896290956,0.1,0.04389646273753356,1
HPE,3523,21.52,75814.95999999999,16773165.8,368982590.57650006,0.0002100378689394461,0.02100378689394461,0.00020547029029620707,0.1,0.0021003786893944608,1
HPP,20375,8.62,175632.49999999997,1226465.5,11939364.016,0.01661277875325478,1.661277875325478,0.014710373162643672,0.1,0.16612778753254778,1
HPQ,27351,19.44,531703.4400000001,17803206.0,364860927.3635,0.001536296327751305,0.1536296327751305,0.001457277006453146,0.1,0.01536296327751305,1
HR,16027,16.79,269093.32999999996,3212406.75,54691318.2585,0.004989094235964981,0.49890942359649815,0.00492022022084242,0.1,0.04989094235964981,1
HRB,8246,39.45,325304.7,1796039.65,74318724.51750001,0.004591212671724703,0.45912126717247026,0.004377156660208824,0.1,0.04591212671724702,1
HRL,12269,24.61,301940.08999999997,4970694.5,119193146.75000003,0.0024682667582970547,0.24682667582970547,0.002533200089375104,0.1,0.024682667582970545,1
HRMY,658,36.52,24030.160000000003,647465.6,23859855.117,0.001016270208023407,0.10162702080234069,0.001007137716560511,0.1,0.010162702080234069,1
HRTG,2010,26.07,52400.7,309335.3,8126560.126000002,0.006497803516119887,0.6497803516119888,0.006448078791954044,0.1,0.06497803516119886,1
HSIC,6684,75.48,504508.32,1226504.1,94916307.8455,0.005449635268239217,0.5449635268239217,0.005315296511756581,0.1,0.05449635268239217,1
HST,564,18.53,10450.92,8268065.7,152481071.7295,6.821426201293974e-05,0.006821426201293974,6.853913001437867e-05,0.1,0.0006821426201293973,1
HUBG,658,47.58,31307.64,560510.5,26050222.007,0.001173929837175218,0.1173929837175218,0.001201818548478676,0.1,0.01173929837175218,1
HUBS,1074,280.0,300720.0,1227955.45,402219874.2,0.0008746245639448891,0.08746245639448891,0.0007476507733441085,0.1,0.008746245639448891,1
HUM,990,195.2,193248.0,2091797.0,478206891.99399996,0.0004732772826426274,0.047327728264262736,0.00040410960869720103,0.1,0.0047327728264262734,1
HUN,49,10.82,530.1800000000001,4907066.95,56004015.64299999,9.985598423514477e-06,0.0009985598423514477,9.46682115403394e-06,0.1,9.985598423514477e-05,1
HURN,2,169.0,338.0,162095.05,28766627.134000003,1.2338439699423272e-05,0.0012338439699423273,1.1749726459954328e-05,0.1,0.00012338439699423272,1
HWM,80,208.08,16646.4,2703390.9,582398213.0985,2.959246478191519e-05,0.002959246478191519,2.8582505278368057e-05,0.1,0.0002959246478191519,1
HY,6811,33.45,227827.95,88725.1,2919442.5625000005,0.07676519947568387,7.676519947568387,0.07803816828816271,0.1,0.7676519947568387,1
HZO,2645,27.03,71494.35,307080.25,8333477.978999999,0.008613383635059564,0.8613383635059565,0.008579173087174725,0.1,0.08613383635059564,1
IAC,38,,,,,,,,0.1,,
IART,674,11.14,7508.360000000001,699722.0,8557729.3955,0.0009632396866183999,0.09632396866184,0.000877377590830133,0.1,0.009632396866184,1
IBOC,531,69.64,36978.840000000004,250491.35,17332274.735999994,0.0021198336788875146,0.21198336788875147,0.002133524915987693,0.1,0.021198336788875144,1
IBRX,25282,6.25,158012.5,52172098.2,292087325.987,0.0004845885228361392,0.04845885228361392,0.0005409769132092801,0.1,0.004845885228361392,1
ICHR,1237,30.34,37530.58,1013839.7,28275427.098500002,0.0012201139884342664,0.12201139884342664,0.0013273214183205382,0.1,0.012201139884342663,1
IDT,19,48.63,923.97,138434.75,6946848.178499999,0.0001372487760479215,0.01372487760479215,0.00013300564173255165,0.1,0.001372487760479215,1
IDXX,192,670.46,128728.32,475282.4,331508054.476,0.0004039703553087596,0.04039703553087596,0.0003883112891584946,0.1,0.004039703553087596,1
IESC,124,380.29,47155.96,187954.4,79842965.92975,0.0006597344887908982,0.06597344887908982,0.0005906088213392558,0.1,0.006597344887908981,1
IIIN,30,33.14,994.2,172424.8,5721027.156,0.00017398889254909968,0.01739888925490997,0.0001737799826657561,0.1,0.0017398889254909968,1
IMAX,2033,34.91,70972.03,1188068.65,41908978.810499996,0.0017111805786643728,0.17111805786643727,0.0016934802997924268,0.1,0.017111805786643727,1
IMKTA,1351,74.86,101135.86,119023.1,8461860.75875,0.011350737797956867,1.1350737797956867,0.011951964571789996,0.1,0.11350737797956867,1
INSM,1,156.87,156.87,2689904.45,444096213.11450005,3.7176041699176336e-07,3.7176041699176336e-05,3.532342662862443e-07,0.1,3.7176041699176335e-06,1
INSW,435,59.65,25947.75,599681.0,33054936.200999998,0.0007253856633776958,0.07253856633776957,0.000784988657736844,0.1,0.0072538566337769575,1
INTC,1108,46.47,51488.76,147290273.8,6864841272.195499,7.5225605290442465e-06,0.0007522560529044246,7.5003569577848335e-06,0.1,7.522560529044245e-05,1
INTU,412,498.92,205555.04,2923269.7,1650354188.6579998,0.00014093807355510166,0.014093807355510166,0.0001245520757984375,0.1,0.0014093807355510166,1
INVH,6787,26.73,181416.51,7707214.7,206652825.664,0.0008806034688510754,0.08806034688510754,0.0008778806165223596,0.1,0.008806034688510753,1
IONS,6221,82.67,514290.07,2402607.4,193126926.63675,0.0025892703069173933,0.25892703069173933,0.002662964087692037,0.1,0.02589270306917393,1
IP,784,40.32,31610.88,7473583.45,310801294.153,0.00010490282275499312,0.010490282275499311,0.00010170768460326528,0.1,0.0010490282275499312,1
IPAR,3376,97.57,329396.31999999995,229829.35,20949725.126500003,0.014689159587319896,1.4689159587319895,0.015723180996935163,0.1,0.14689159587319894,1
IPI,478,32.84,15697.520000000002,208485.3,6770858.6280000005,0.0022927275927847194,0.22927275927847193,0.0023183942927245535,0.1,0.022927275927847192,1
IR,3726,86.09,320771.34,3145121.1,271153868.39500004,0.0011846920616188673,0.11846920616188673,0.0011829864050942483,0.1,0.011846920616188673,1
IRM,7864,92.13,724510.32,1968393.3,178196578.97800002,0.003995136541056099,0.3995136541056099,0.004065792531794044,0.1,0.03995136541056099,1
IRT,6349,16.7,106028.29999999999,2477231.65,42304621.2645,0.0025629415803725907,0.2562941580372591,0.0025063053829765362,0.1,0.025629415803725904,1
IRTC,265,154.51,40945.149999999994,727010.7,119424373.72400002,0.00036450632707331544,0.036450632707331544,0.00034285421579541,0.1,0.0036450632707331542,1
IRWD,13314,4.89,65105.46,7676625.2,34135477.9925,0.0017343558729427091,0.17343558729427092,0.0019072666864165342,0.1,0.01734355872942709,1
ISRG,411,504.22,207234.42,2085896.7,1135419996.697,0.00019703756183132176,0.019703756183132175,0.00018251785295560804,0.1,0.0019703756183132174,1
IT,1600,209.61,335376.0,991866.9,229201502.0755,0.0016131196635355005,0.16131196635355005,0.0014632364838932234,0.1,0.016131196635355005,1
ITRN,563,44.63,25126.690000000002,116844.95,5179166.657500001,0.0048183511568108,0.48183511568108,0.004851492848490172,0.1,0.048183511568107996,1
ITT,3933,182.3,716985.9,769422.65,139525374.019,0.005111624930719157,0.5111624930719156,0.005138749170472489,0.1,0.051116249307191566,1
ITW,802,261.26,209530.52,1371493.35,351531143.934,0.0005847640457024454,0.05847640457024454,0.0005960510857022084,0.1,0.005847640457024453,1
IVT,2829,29.39,83144.31,506029.9,14512887.712000001,0.0055905787385290865,0.5590578738529086,0.005728998366827576,0.1,0.05590578738529086,1
IVZ,7807,27.29,213053.03,6411554.95,180521438.54900002,0.0012176453389048782,0.12176453389048782,0.001180209019562902,0.1,0.012176453389048781,1
J,1145,135.26,154872.69999999998,696313.4,96107672.11649999,0.0016443745014816603,0.16443745014816602,0.0016114499143446747,0.1,0.016443745014816602,1
JAZZ,637,164.49,104780.13,1211333.05,202563230.98150003,0.0005258669364300759,0.05258669364300759,0.0005172712218910524,0.1,0.0052586693643007585,1
JBHT,1732,202.72,351111.04,1071453.75,219613620.34499997,0.0016164953456927096,0.16164953456927095,0.0015987671413477242,0.1,0.016164953456927096,1
JBLU,21962,4.87,106954.94,20993978.55,105988715.5735,0.0010461094807587101,0.10461094807587101,0.0010091162952704145,0.1,0.0104610948075871,1
JCI,1568,119.26,186999.68000000002,6128369.95,701220731.2685001,0.0002558592272974643,0.02558592272974643,0.00026667734090194366,0.1,0.002558592272974643,1
JNJ,1574,227.25,357691.5,9568746.0,2071590653.9720001,0.00016449386366823823,0.016449386366823825,0.0001726651446868492,0.1,0.0016449386366823822,1
JPM,131,305.89,40071.59,12173704.6,3798763309.1784997,1.076089853535628e-05,0.001076089853535628,1.0548588247964748e-05,0.1,0.0001076089853535628,1
KALU,8,122.62,980.96,173044.4,21656333.062,4.6230909523798516e-05,0.004623090952379852,4.5296680522579973e-05,0.1,0.00046230909523798514,1
KBH,71,57.54,4085.34,1241072.8,73501110.48200001,5.72085698759976e-05,0.00572085698759976,5.5582017376465024e-05,0.1,0.0005720856987599759,1
KBR,465,42.81,19906.65,1344824.7,58441649.43849999,0.0003457699728447879,0.03457699728447879,0.00034062436962783543,0.1,0.003457699728447879,1
KDP,1144,27.44,31391.36,10770519.85,296613637.3555,0.0001062158573525121,0.01062158573525121,0.00010583249064295905,0.1,0.001062158573525121,1
KE,2826,30.21,85373.46,147391.2,4388648.5665,0.01917346490156807,1.9173464901568071,0.019453245960882753,0.1,0.1917346490156807,1
KEY,10771,21.52,231791.91999999998,16283355.6,346703064.2085,0.0006614729951607763,0.06614729951607763,0.0006685603443660513,0.1,0.006614729951607763,1
KFY,1190,69.47,82669.3,418240.5,28317062.5695,0.0028452529107056827,0.2845252910705683,0.00291941651070271,0.1,0.028452529107056826,1
KIDS,7443,17.46,129954.78000000001,165151.3,3054321.6574999997,0.04506776513415275,4.506776513415275,0.04254783699054461,0.1,0.45067765134152743,1
KLAC,57,142.794,8139.258000000001,12639580.5,1871952155.3215,4.5096433382421196e-06,0.00045096433382421197,4.348005357328226e-06,0.1,4.5096433382421194e-05,1
KMB,4354,99.99,435356.45999999996,7009723.55,698503372.3239999,0.0006211371916371794,0.06211371916371795,0.0006232703767077311,0.1,0.006211371916371794,1
KMI,6521,30.49,198825.28999999998,15834801.95,451402992.8299999,0.00041181443383950884,0.04118144338395088,0.0004404607261318676,0.1,0.004118144338395088,1
KMT,32,34.39,1100.48,1070977.2,35156817.366,2.987925419887557e-05,0.0029879254198875572,3.13020370570935e-05,0.1,0.0002987925419887557,1
KMX,2596,44.54,115625.84,3705229.4,168128325.54150003,0.0007006313833092224,0.07006313833092224,0.0006877237349958586,0.1,0.007006313833092224,1
KN,58,24.24,1405.9199999999998,664596.2,15748299.35,8.727103766166584e-05,0.008727103766166585,8.927440155625438e-05,0.1,0.0008727103766166584,1
KNF,1561,67.17,104852.37000000001,535781.75,40058091.6645,0.002913499759930233,0.29134997599302326,0.0026175078652815992,0.1,0.029134997599302326,1
KODK,103,7.32,753.96,845443.2,6430420.274499999,0.0001218295918637704,0.012182959186377039,0.00011724894607430998,0.1,0.001218295918637704,1
KR,3408,62.85,214192.80000000002,6862895.3,425409317.629,0.0004965834172058548,0.04965834172058548,0.0005034981396124422,0.1,0.004965834172058548,1
KRG,899,23.49,21117.51,1971725.1,46423316.002,0.00045594591254125634,0.045594591254125634,0.00045489016767113794,0.1,0.004559459125412563,1
KRNY,99,7.79,771.21,446998.8,3467207.9929999993,0.00022147710463652252,0.022147710463652253,0.00022242969027442484,0.1,0.002214771046365225,1
KRO,26002,5.25,136510.5,332381.0,1738805.914,0.07822950168631781,7.822950168631781,0.07850818708453046,0.1,0.7822950168631781,1
KSS,12,17.47,209.64,3528019.9,67688015.869,3.4013413586470983e-06,0.0003401341358647098,3.0971509108159818e-06,0.1,3.401341358647098e-05,1
KTB,892,59.73,53279.159999999996,758861.65,45349794.754999995,0.0011754448258124522,0.11754448258124521,0.001174848977549689,0.1,0.01175444825812452,1
KWR,828,153.74,127296.72,109980.7,16706987.8055,0.0075285936532500704,0.7528593653250071,0.007619369899707083,0.1,0.0752859365325007,1
L,7116,105.57,751236.12,702558.7,72840947.755,0.01012869102610216,1.0128691026102161,0.010313376516280065,0.1,0.1012869102610216,1
LAD,1407,323.44,455080.08,234100.4,77202444.165,0.006010241759518566,0.6010241759518565,0.005894633064043743,0.1,0.060102417595185656,1
LAMR,2883,128.31,369917.73,426697.95,54984331.6515,0.006756535858679424,0.6756535858679423,0.0067276934881122345,0.1,0.06756535858679423,1
LAUR,9,34.3,308.7,926300.1,32204473.9075,9.716073656906656e-06,0.0009716073656906656,9.585624683286871e-06,0.1,9.716073656906655e-05,1
LBRT,3250,24.65,80112.5,4022558.15,85110756.447,0.0008079435719282269,0.08079435719282269,0.0009412735045997094,0.1,0.008079435719282269,1
LC,35,,,,,,,,0.1,,
LDOS,315,188.28,59308.2,937018.4,180647561.3715,0.0003361726941541383,0.03361726941541383,0.00032830888803438233,0.1,0.003361726941541383,1
LEA,443,117.09,51870.87,497458.45,60516155.615499996,0.0008905266359431627,0.08905266359431627,0.0008571408654834367,0.1,0.008905266359431627,1
LECO,500,265.35,132675.0,296999.45,76284188.96000001,0.001683504801103167,0.1683504801103167,0.0017392201688028537,0.1,0.01683504801103167,1
LFST,4415,7.07,31214.050000000003,1621495.9,11734170.693500001,0.002722794427047272,0.2722794427047272,0.0026600985118863697,0.1,0.027227944270472718,1
LGIH,579,50.11,29013.69,407211.45,20385950.31,0.0014218657162022334,0.14218657162022333,0.0014232198920728165,0.1,0.014218657162022334,1
LGND,237,192.1,45527.7,240634.45,47168503.482,0.0009848963853679304,0.09848963853679303,0.0009652140016986939,0.1,0.009848963853679303,1
LH,123,271.52,33396.96,801784.95,211001445.50000003,0.00015340771861582086,0.015340771861582086,0.000158278346960424,0.1,0.0015340771861582086,1
LIND,5395,16.67,89934.65000000001,779621.35,12538193.022999998,0.00692002598440897,0.692002598440897,0.007172855756409583,0.1,0.0692002598440897,1
LITE,924,391.84,362060.16,4538025.7,1642769379.6360002,0.0002036127737222819,0.02036127737222819,0.00022039621902389254,0.1,0.002036127737222819,1
LKQ,2670,32.85,87709.5,3036158.5,99836861.83899997,0.000879400729573242,0.0879400729573242,0.0008785282147734478,0.1,0.008794007295732419,1
LLY,271,1037.15,281067.65,2954287.8,3131147336.9919996,9.173107643744121e-05,0.00917310764374412,8.976506684288239e-05,0.1,0.000917310764374412,1
LMAT,1442,84.97,122526.74,144606.8,12240857.795999998,0.009971868542834777,0.9971868542834778,0.010009653084936468,0.1,0.09971868542834776,1
LMND,665,86.73,57675.450000000004,2321954.95,199986126.1145,0.0002863965986936999,0.028639659869369987,0.00028839725595253805,0.1,0.0028639659869369987,1
LNC,31,41.61,1289.91,1684382.6,71424530.9955,1.840436964855847e-05,0.001840436964855847,1.8059761569610713e-05,0.1,0.00018404369648558467,1
LNN,375,125.27,46976.25,116420.95,14423607.525,0.0032210697473264048,0.3221069747326405,0.0032569001838532764,0.1,0.03221069747326404,1
LNT,2377,65.91,156668.06999999998,2321317.55,153750497.354,0.00102398743334362,0.102398743334362,0.001018976020866342,0.1,0.010239874333436198,1
LOVE,14003,13.32,186519.96,299573.2,4448558.536500001,0.046743166611699576,4.674316661169957,0.04192817931238207,0.1,0.4674316661169957,1
LQDA,974,42.39,41287.86,2392085.95,90137569.22475001,0.0004071760046916374,0.04071760046916374,0.0004580538431988597,0.1,0.004071760046916374,1
LQDT,1736,32.0,55552.0,128330.4,4022811.4175000004,0.013527581929145395,1.3527581929145394,0.013809247870367016,0.1,0.13527581929145394,1
LRCX,2367,233.46,552599.8200000001,14186276.65,3096448208.4164996,0.00016685139155241273,0.016685139155241273,0.00017846247791194139,0.1,0.0016685139155241272,1
LRN,2863,84.6,242209.8,1659018.9,124242785.37,0.0017257187365376007,0.17257187365376006,0.0019494878457424266,0.1,0.017257187365376004,1
LSCC,3706,80.52,298407.12,1931559.15,161509092.73299998,0.0019186572671098373,0.19186572671098373,0.0018476180811275687,0.1,0.019186572671098374,1
LTH,619,29.17,18056.23,2362310.2,66747029.1875,0.00026203163327153224,0.026203163327153223,0.00027051735814755134,0.1,0.0026203163327153224,1
LULU,680,174.5,118660.0,2956579.3,587245608.1240001,0.0002299955221901202,0.02299955221901202,0.00020206196241989485,0.1,0.002299955221901202,1
LUV,2588,47.52,122981.76000000001,10248084.85,450418133.2665,0.00025253498950098956,0.025253498950098957,0.00027303909615742554,0.1,0.0025253498950098953,1
LVS,2202,52.73,116111.45999999999,7301173.45,431957880.6835,0.0003015953551959514,0.030159535519595142,0.0002688027356192074,0.1,0.003015953551959514,1
LW,7107,45.93,326424.51,2982264.8,128806340.16199999,0.0023830881818408616,0.23830881818408617,0.0025342270387424663,0.1,0.023830881818408613,1
LXP,630,49.55,31216.5,481002.35,23990397.827,0.0013097649107119747,0.13097649107119747,0.0013012081010539717,0.1,0.013097649107119747,1
LXU,310,9.29,2879.8999999999996,558443.15,5328050.719500001,0.0005551146969928809,0.055511469699288093,0.0005405166263639205,0.1,0.005551146969928809,1
LYB,2547,49.0,124803.0,6505071.9,319618024.921,0.0003915406376984088,0.03915406376984088,0.00039047547468841145,0.1,0.003915406376984088,1
LYTS,4932,22.11,109046.52,154759.85,3218765.3055,0.03186873081099523,3.186873081099523,0.033878369390172365,0.1,0.31868730810995227,1
M,371,20.02,7427.42,6586297.8,142405066.0415,5.632906547286702e-05,0.005632906547286702,5.2156992770436165e-05,0.1,0.0005632906547286702,1
MAA,1967,134.3,264168.10000000003,935100.6,126894792.88450003,0.00210351699057834,0.210351699057834,0.0020817883381585764,0.1,0.0210351699057834,1
MAC,18142,18.93,343428.06,1702839.75,31380977.171000004,0.010653967879244068,1.0653967879244068,0.010943829382004427,0.1,0.10653967879244068,1
MAGN,3528,13.07,46110.96,485489.3,6902920.733000001,0.007266895480497717,0.7266895480497717,0.006679920251664288,0.1,0.07266895480497716,1
MANU,21702,17.7,384125.39999999997,337304.4,5705499.292000001,0.06433951054299913,6.433951054299913,0.06732546624597843,0.1,0.6433951054299913,1
MAR,161,315.3,50763.3,1509256.75,482512235.37250006,0.00010667502398117484,0.010667502398117484,0.00010520624406718033,0.1,0.0010667502398117484,1
MAS,376,66.09,24849.84,2258363.5,153198338.58500004,0.00016649224095235333,0.016649224095235334,0.00016220698102553115,0.1,0.0016649224095235332,1
MAT,9406,20.89,196491.34,2882893.15,60825195.52725001,0.003262694630218952,0.3262694630218952,0.003230426771287087,0.1,0.03262694630218952,1
MATV,3561,12.05,42910.05,265344.1,3327657.4094999996,0.013420309703513288,1.3420309703513287,0.012894972264121231,0.1,0.13420309703513286,1
MCB,839,92.6,77691.4,188304.2,16304829.6675,0.004455556487853165,0.4455556487853165,0.004764931715592238,0.1,0.04455556487853165,1
MCHP,5905,75.92,448307.60000000003,9341665.9,696750858.6585,0.0006321142356418462,0.06321142356418462,0.0006434259741899078,0.1,0.006321142356418462,1
MCK,9,831.21,7480.89,586138.7,484174960.57400006,1.535472747320728e-05,0.001535472747320728,1.5450799006894616e-05,0.1,0.00015354727473207278,1
MCRI,21,91.53,1922.13,81665.15,7502132.582,0.0002571476327417509,0.02571476327417509,0.00025621114782905873,0.1,0.002571476327417509,1
MCS,17,15.09,256.53,159154.9,2452069.2700000005,0.00010681417914245808,0.010681417914245808,0.000104617762286952,0.1,0.0010681417914245807,1
MCW,6961,5.55,38633.549999999996,1079798.85,6269472.62,0.006446571044227357,0.6446571044227357,0.0061621690278631435,0.1,0.06446571044227356,1
MCY,238,87.59,20846.420000000002,211220.2,18690133.104500003,0.0011267861691258696,0.11267861691258696,0.001115370333825008,0.1,0.011267861691258695,1
MDGL,1,489.31,489.31,359572.3,186396264.389,2.78108185752907e-06,0.000278108185752907,2.6251062573809618e-06,0.1,2.7810818575290697e-05,1
MELI,204,2147.79,438149.16,563114.7,1204175221.634,0.0003622707771613847,0.03622707771613847,0.0003638583090967903,0.1,0.003622707771613847,1
MET,71,78.88,5600.48,3520013.7,274793021.39,2.0170376041434155e-05,0.0020170376041434156,2.0380721357736078e-05,0.1,0.00020170376041434154,1
MFA,3213,9.64,30973.320000000003,1571172.9,15362847.326999998,0.002044969080105697,0.2044969080105697,0.0020161184538731182,0.1,0.02044969080105697,1
MGEE,3074,79.88,245551.12,113095.75,8931185.353999998,0.027180508551382345,2.7180508551382343,0.02749367640097463,0.1,0.27180508551382343,1
MGM,6368,33.54,213582.72,4618773.4,159621405.27599996,0.0013787210258030843,0.13787210258030844,0.0013380581359417054,0.1,0.013787210258030843,1
MGPI,3289,24.91,81928.99,247455.65,6090956.922,0.013291270577172111,1.3291270577172112,0.01345092258066704,0.1,0.1329127057717211,1
MHO,1502,133.7,200817.4,245710.5,32862462.748000003,0.006112884878749585,0.6112884878749585,0.006110844507909611,0.1,0.061128848787495846,1
MIDD,285,118.385,33739.725,733810.2,89006185.1287,0.0003883838082381521,0.03883838082381521,0.0003790716898068766,0.1,0.0038838380823815206,1
MIRM,4625,103.22,477392.5,866144.1,77835285.9825,0.0053397581303157296,0.5339758130315729,0.006133368612628133,0.1,0.05339758130315729,1
MITK,124,10.02,1242.48,438613.1,4523896.7385,0.00028270929436444105,0.028270929436444103,0.00027464817873185414,0.1,0.0028270929436444102,1
MKC,6156,61.83,380625.48,4707731.2,303186537.7535,0.0013076362558677947,0.13076362558677945,0.0012554168229905386,0.1,0.013076362558677945,1
MKSI,474,235.41,111584.34,1417831.85,302401829.1035,0.0003343132685303973,0.033431326853039726,0.000368993601430265,0.1,0.003343132685303973,1
MLKN,2798,20.08,56183.84,516248.55,9969949.4175,0.0054198699444289,0.54198699444289,0.005635318460230292,0.1,0.05419869944428899,1
MMI,5022,27.2,136598.4,272989.7,7310359.314,0.01839629846840375,1.8396298468403751,0.01868559316070849,0.1,0.18396298468403752,1
MMM,2861,153.16,438190.76,4267928.8,687998473.161,0.000670348577511415,0.0670348577511415,0.0006369065878689211,0.1,0.006703485775114149,1
MMS,4,94.44,377.76,540415.6,51206224.253000006,7.40171083144158e-06,0.000740171083144158,7.3772281692467935e-06,0.1,7.401710831441579e-05,1
MMSI,947,81.09,76792.23000000001,802029.2,67873708.4085,0.0011807550149046944,0.11807550149046944,0.0011313987669249426,0.1,0.011807550149046943,1
MNST,844,80.76,68161.44,5515649.05,435875219.946,0.00015301916281276092,0.015301916281276091,0.00015637833233200188,0.1,0.0015301916281276091,1
MO,5968,61.99,369956.32,11455666.2,683855834.0350001,0.0005209649003215545,0.05209649003215545,0.0005409858358846223,0.1,0.005209649003215544,1
MOG/A,216,305.35,65955.6,208376.75,58726306.7585,0.0010365839758994225,0.10365839758994225,0.0011231014453408248,0.1,0.010365839758994223,1
MOH,597,179.59,107215.23,1408337.8,262644554.78599995,0.0004239039809909242,0.04239039809909242,0.0004082141740473464,0.1,0.004239039809909241,1
MORN,1586,202.09,320514.74,389057.4,82742203.9755,0.0040765193002369315,0.40765193002369315,0.0038736548532705816,0.1,0.04076519300236931,1
MOS,2177,27.5,59867.5,7533867.55,202540479.049,0.0002889618095290247,0.028896180952902473,0.00029558288931229613,0.1,0.002889618095290247,1
MOV,3745,22.8,85386.0,142371.25,3179242.4395,0.02630446807202999,2.630446807202999,0.0268573415286406,0.1,0.2630446807202999,1
MPC,262,176.19,46161.78,2276744.3,398348147.12700003,0.00011507660302476656,0.011507660302476656,0.00011588300418348087,0.1,0.0011507660302476656,1
MRK,53,110.27,5844.3099999999995,12622637.25,1377898647.1215,4.198805602212802e-06,0.0004198805602212802,4.241465808975906e-06,0.1,4.1988056022128016e-05,1
MRNA,8028,44.07,353793.96,14749107.2,626654635.656,0.0005443041325240352,0.05443041325240352,0.0005645756687487652,0.1,0.005443041325240351,1
MRSH,933,188.19,175581.27,2776912.45,508896475.98050004,0.00033598466527095584,0.03359846652709558,0.0003450235525048673,0.1,0.0033598466527095584,1
MRVL,5593,78.92,441399.56,14579323.95,1215813109.2704997,0.00038362546982159625,0.03836254698215962,0.00036304885729094026,0.1,0.0038362546982159624,1
MS,1696,182.8,310028.80000000005,7075734.35,1303061567.1994998,0.00023969243559857501,0.023969243559857502,0.00023792337047151538,0.1,0.00239692435598575,1
MSBI,44,22.85,1005.4000000000001,196956.05,4431449.152000001,0.00022340009357417557,0.02234000935741756,0.0002268783789488464,0.1,0.0022340009357417557,1
MSM,1909,84.34,161005.06,861401.2,72637671.79249999,0.0022161566526724135,0.22161566526724136,0.002216550393574483,0.1,0.022161566526724134,1
MTG,5419,26.92,145879.48,2359180.0,63796320.282000005,0.002296984545477666,0.22969845454776658,0.0022866441098039255,0.1,0.022969845454776656,1
MTRN,7,138.28,967.96,173064.2,24155462.461499996,4.044741777906696e-05,0.004044741777906696,4.007209555779675e-05,0.1,0.00040447417779066955,1
MTUS,1848,19.95,36867.6,378814.05,7449764.3825,0.0048783829427657185,0.4878382942765718,0.004948827655087251,0.1,0.04878382942765718,1
MTZ,1040,240.48,250099.19999999998,904148.8,211676135.29099998,0.001150253144172729,0.1150253144172729,0.0011815181699919937,0.1,0.01150253144172729,1
MU,417,414.88,173004.96,37494733.25,13908673577.0295,1.1121561986309103e-05,0.0011121561986309103,1.2438638310249926e-05,0.1,0.00011121561986309103,1
MUSA,788,422.51,332937.88,273298.45,117172657.60049999,0.0028832948009767344,0.28832948009767345,0.002841429791028136,0.1,0.028832948009767344,1
MWA,1370,27.07,37085.9,1070799.6,27781262.767,0.00127941773605444,0.127941773605444,0.0013349249208373826,0.1,0.012794177360544398,1
MXL,7545,17.35,130905.75000000001,1262968.65,23594902.45,0.005974020020211903,0.5974020020211903,0.005548052181076088,0.1,0.05974020020211903,1
MYE,10547,20.67,218006.49000000002,294246.05,5852070.5655000005,0.035844151518771454,3.5844151518771454,0.03725288127679533,0.1,0.3584415151877145,1
MYRG,9,250.04,2250.36,204252.4,49406245.543,4.406312973556247e-05,0.004406312973556247,4.554808760041142e-05,0.1,0.0004406312973556247,1
NAT,17680,4.16,73548.8,3261837.65,12828478.9135,0.005420257504232315,0.5420257504232315,0.005733244018712243,0.1,0.05420257504232315,1
NBIX,804,136.06,109392.24,1120115.15,151865779.08,0.0007177833457569073,0.07177833457569073,0.0007203218569890867,0.1,0.007177833457569073,1
NBN,400,115.23,46092.0,121172.1,13509548.877499998,0.003301089937370071,0.3301089937370071,0.0034118089669719254,0.1,0.033010899373700706,1
NBR,174,66.84,11630.16,369626.6,23240394.5635,0.0004707453413796518,0.04707453413796518,0.0005004286811148055,0.1,0.004707453413796518,1
NCNO,10219,21.35,218175.65000000002,1808087.1,43076474.38599999,0.005651829494276022,0.5651829494276022,0.00506484463062065,0.1,0.056518294942760214,1
NDAQ,715,96.89,69276.35,3467639.85,342689016.79850006,0.00020619211651982833,0.020619211651982834,0.0002021551511840085,0.1,0.002061921165198283,1
NE,3641,35.62,129692.41999999998,1964228.2,64304758.331499994,0.0018536542749971719,0.18536542749971718,0.002016840174274779,0.1,0.018536542749971716,1
NEM,2415,112.35,271325.25,10318325.95,1204199474.1145,0.0002340495940623004,0.02340495940623004,0.0002253158682032453,0.1,0.0023404959406230037,1
NEXA,11,12.61,138.70999999999998,952634.85,11357143.6695,1.1546921677282749e-05,0.001154692167728275,1.2213458245888924e-05,0.1,0.00011546921677282749,1
NGVT,613,65.79,40329.270000000004,286111.9,18713408.287499998,0.0021425183643182964,0.21425183643182963,0.002155100203042049,0.1,0.021425183643182962,1
NHC,1289,143.11,184468.79,70037.9,9594262.694000002,0.01840432108901038,1.840432108901038,0.019226989700351013,0.1,0.18404321089010378,1
NJR,235,49.48,11627.8,511120.6,24381680.0405,0.0004597740728900381,0.04597740728900381,0.00047690725088202516,0.1,0.0045977407289003805,1
NKE,1651,61.81,102048.31,16158842.15,1041439760.9349998,0.00010217316220271388,0.010217316220271389,9.79877222167718e-05,0.1,0.0010217316220271387,1
NMIH,11421,38.72,442221.12,467800.7,18025140.709,0.024414243074027037,2.4414243074027038,0.024533573808896696,0.1,0.24414243074027037,1
NMRK,10029,17.83,178817.06999999998,927932.6,16134933.349500004,0.010807897039073743,1.0807897039073744,0.011082603573664048,0.1,0.10807897039073742,1
NNN,1975,41.67,82298.25,1459073.1,60634580.822000004,0.0013535990760161366,0.13535990760161365,0.0013572824102074073,0.1,0.013535990760161366,1
NOMD,417,12.7,5295.9,2194937.4,26342433.577999998,0.00018998263914041466,0.018998263914041465,0.00020104065117290053,0.1,0.0018998263914041466,1
NOW,2568,117.01,300481.68,16191773.1,2105793684.657,0.00015859906040802907,0.015859906040802906,0.0001426928393742161,0.1,0.0015859906040802906,1
NPK,899,127.4,114532.6,78768.15,9362439.7975,0.01141324253521252,1.141324253521252,0.012233200156927365,0.1,0.1141324253521252,1
NPKI,21018,13.81,290258.58,648041.3,8707863.739500001,0.03243311807441902,3.2433118074419025,0.03333292627023427,0.1,0.3243311807441902,1
NRG,2332,152.63,355933.16,2000318.25,304665297.8135,0.0011658144897693154,0.11658144897693154,0.0011682760148741438,0.1,0.011658144897693153,1
NSSC,3422,36.89,126237.58,347805.25,13653713.168000001,0.009838839407973284,0.9838839407973284,0.009245659290387108,0.1,0.09838839407973284,1
NTGR,93,20.91,1944.63,435712.4,9726069.985499999,0.00021344354670649722,0.021344354670649723,0.00019993995549066887,0.1,0.0021344354670649723,1
NTLA,13301,13.15,174908.15,6904005.55,88036914.00600001,0.0019265627618158564,0.19265627618158565,0.0019867592131645982,0.1,0.019265627618158563,1
NTRA,2,231.14,462.28,1123675.0,268323908.54400006,1.779874073909271e-06,0.0001779874073909271,1.7228431208700688e-06,0.1,1.779874073909271e-05,1
NTRS,4330,149.43,647031.9,1051582.05,154789125.661,0.004117605468826707,0.4117605468826707,0.004180086276971738,0.1,0.04117605468826707,1
NU,10382,17.75,184280.5,49106882.0,866494903.4884999,0.00021141639577116706,0.021141639577116705,0.00021267349554866225,0.1,0.0021141639577116705,1
NUE,2870,177.72,510056.4,1894542.15,328215368.3955,0.0015148778822366134,0.15148778822366135,0.00155402960712486,0.1,0.015148778822366133,1
NUS,7139,10.61,75744.79,478845.6,5102119.988,0.014908772263961494,1.4908772263961494,0.014845748468900962,0.1,0.14908772263961492,1
NVR,24,7635.73,183257.52,33364.15,251308796.48549995,0.0007193349748157827,0.07193349748157828,0.0007292125168828844,0.1,0.007193349748157827,1
NVRI,66,,,,,,,,0.1,,
NVT,2457,112.26,275822.82,1863362.5,203954092.71600002,0.001318584011430948,0.1318584011430948,0.0013523769801671744,0.1,0.01318584011430948,1
NWN,6,46.56,279.36,313039.6,14585490.863499999,1.9166904123312197e-05,0.0019166904123312197,1.9153280655030596e-05,0.1,0.00019166904123312195,1
NWPX,880,67.45,59356.0,78232.7,5231614.083749999,0.011248493277107911,1.1248493277107912,0.011345638086029057,0.1,0.11248493277107911,1
NWSA,27194,27.03,735053.8200000001,3034181.9,80461947.915,0.008962547696959105,0.8962547696959104,0.009135421637772315,0.1,0.08962547696959104,1
NX,4840,18.72,90604.79999999999,597827.25,10597001.173,0.008095984249630641,0.8095984249630641,0.008550041518429865,0.1,0.0809598424963064,1
NXRT,387,30.22,11695.14,184002.2,5601177.146500001,0.0021032357221815825,0.21032357221815826,0.002087978954086093,0.1,0.021032357221815824,1
NYT,3721,73.31,272786.51,1420089.0,101483997.5705,0.0026202583077539507,0.26202583077539504,0.002687975607292152,0.1,0.026202583077539504,1
O,1397,61.16,85440.51999999999,6551486.25,391287236.8809999,0.00021323405814978243,0.021323405814978245,0.0002183575438878538,0.1,0.002132340581497824,1
OCFC,57,18.75,1068.75,851303.05,15469279.464000002,6.695617970592259e-05,0.0066956179705922585,6.908854432988863e-05,0.1,0.0006695617970592259,1
ODC,1312,60.55,79441.59999999999,72783.75,3981208.7285,0.01802600168306799,1.8026001683067991,0.019954140919893743,0.1,0.1802600168306799,1
OEC,8369,6.18,51720.42,616245.75,3748433.408500001,0.013580621042822608,1.3580621042822607,0.01379787616947337,0.1,0.13580621042822608,1
OFIX,5487,13.23,72593.01000000001,215114.1,3099532.836,0.025507393518137585,2.5507393518137587,0.02342062944352689,0.1,0.25507393518137583,1
OGE,5791,43.68,252950.88,1562266.35,67401860.771,0.003706794299192324,0.3706794299192324,0.003752876806463976,0.1,0.03706794299192324,1
OGS,8,79.56,636.48,454213.5,35414706.202999994,1.761286267361054e-05,0.0017612862673610538,1.7972194837693827e-05,0.1,0.00017612862673610537,1
OHI,4986,43.88,218785.68000000002,1925251.8,84960637.39899999,0.00258979111199896,0.25897911119989603,0.0025751416973547234,0.1,0.0258979111199896,1
OI,8263,15.28,126258.64,1882413.2,29042714.1945,0.004389578228626956,0.4389578228626956,0.004347342991238415,0.1,0.04389578228626956,1
OII,7245,30.1,218074.5,1084084.0,30442075.948000006,0.006683061460182053,0.6683061460182053,0.007163588329932116,0.1,0.06683061460182052,1
OIS,78,8.47,660.6600000000001,867461.95,7040047.620999999,8.991748859993226e-05,0.008991748859993225,9.384311521264355e-05,0.1,0.0008991748859993225,1
OLN,9642,20.81,200650.02,3446621.0,78467625.8395,0.002797522559051314,0.2797522559051314,0.002557105785389958,0.1,0.02797522559051314,1
OMC,1654,77.04,127424.16,3756711.95,295209344.416,0.0004402786324887113,0.04402786324887113,0.00043163999517724534,0.1,0.0044027863248871126,1
OMCL,1226,48.5,59461.0,433447.4,21412418.1485,0.0028284862246261023,0.2828486224626102,0.0027769399788302477,0.1,0.028284862246261023,1
OMF,4219,65.54,276513.26,1312381.55,87399659.9335,0.003214766315481957,0.32147663154819567,0.0031637795869044723,0.1,0.03214766315481957,1
ONTO,4,202.05,808.2,892027.6,180045607.62350002,4.484166184992482e-06,0.0004484166184992482,4.488862631350922e-06,0.1,4.484166184992482e-05,1
OPLN,14,30.04,420.56,779245.65,23687484.3695,1.7966093233885873e-05,0.0017966093233885874,1.7754523588900514e-05,0.1,0.00017966093233885873,1
OPY,684,84.03,57476.520000000004,38242.6,2969761.6435,0.017885813203077198,1.7885813203077199,0.019353916879423796,0.1,0.17885813203077197,1
ORI,3720,39.17,145712.4,2110950.0,86272642.9225,0.0017622397498756484,0.17622397498756484,0.0016889757293154402,0.1,0.017622397498756482,1
ORLY,2092,98.41,205873.72,6039245.85,576605118.414,0.0003464008672539801,0.034640086725398006,0.00035704455861625486,0.1,0.0034640086725398005,1
ORN,589,12.22,7197.58,280808.75,3193359.4925000006,0.0020975129870418924,0.20975129870418924,0.002253920993519335,0.1,0.020975129870418923,1
OSBC,593,19.84,11765.12,381316.55,7710918.993500002,0.0015551383751898522,0.15551383751898523,0.0015257740367805096,0.1,0.015551383751898521,1
OSCR,58,14.35,832.3,8455627.85,137598947.43600002,6.859336885314791e-06,0.0006859336885314791,6.048738129970937e-06,0.1,6.859336885314791e-05,1
OSIS,295,250.14,73791.3,274893.45,75398751.66749999,0.001073143066886461,0.1073143066886461,0.0009786806594015154,0.1,0.010731430668864608,1
OSK,73,143.82,10498.859999999999,861171.2,127236593.09300001,8.476827836323371e-05,0.008476827836323371,8.25144696567453e-05,0.1,0.0008476827836323371,1
OTIS,762,85.42,65090.04,3426170.6,305166200.72599995,0.00022240573776448843,0.022240573776448842,0.00021329373910068924,0.1,0.0022240573776448843,1
OUT,19,24.32,462.08,1083775.9,26526236.978499997,1.75312995980073e-05,0.00175312995980073,1.7419734294559924e-05,0.1,0.000175312995980073,1
OXY,2617,45.39,118785.63,12038488.0,520846388.11800003,0.00021738610363693513,0.02173861036369351,0.00022806269316604842,0.1,0.002173861036369351,1
PAG,2950,156.79,462530.5,247311.65,39992027.328999996,0.01192826945273302,1.192826945273302,0.011565567711657333,0.1,0.11928269452733019,1
PAGS,27003,11.25,303783.75,4093272.8,43692596.12899999,0.006596921661317076,0.6596921661317077,0.0069527511961773834,0.1,0.06596921661317076,1
PAR,3891,26.21,101983.11,1048269.3,33526506.686500005,0.0037118324461090295,0.37118324461090296,0.0030418650816688027,0.1,0.03711832446109029,1
PARR,8,37.74,301.92,1213017.55,44702124.871,6.5951230466533645e-06,0.0006595123046653365,6.754041354214623e-06,0.1,6.595123046653364e-05,1
PATH,12532,12.59,157777.88,26528219.45,405081747.9575,0.0004724026059728634,0.04724026059728634,0.0003894963937416247,0.1,0.004724026059728634,1
PAX,2455,14.61,35867.549999999996,858924.5,13891648.088,0.0028582256065579686,0.28582256065579686,0.0025819506636497224,0.1,0.028582256065579684,1
PAYC,4010,134.75,540347.5,991802.35,146789734.3665,0.00404314428172105,0.40431442817210506,0.0036810986976165334,0.1,0.0404314428172105,1
PB,742,69.01,51205.420000000006,1162434.3,81784951.4675,0.0006383156450218304,0.06383156450218304,0.0006260983112565421,0.1,0.006383156450218304,1
PCAR,1715,122.91,210790.65,3321602.15,397363134.5995,0.0005163171031786573,0.05163171031786573,0.0005304735936625189,0.1,0.005163171031786573,1
PCG,15711,15.42,242263.62,22501597.6,348284306.49100006,0.0006982170901500789,0.0698217090150079,0.0006955915482980864,0.1,0.006982170901500789,1
PCOR,1983,56.49,112019.67,1774289.8,116816647.215,0.0011176302766323742,0.11176302766323742,0.000958935842370384,0.1,0.011176302766323741,1
PCRX,5705,20.54,117180.7,1065934.85,23254701.560000002,0.005352109465226697,0.5352109465226698,0.005039011130616289,0.1,0.05352109465226697,1
PCTY,884,134.98,119322.31999999999,583824.2,84170069.7335,0.001514154432104733,0.15141544321047332,0.0014176336122543245,0.1,0.01514154432104733,1
PD,320,10.6,3392.0,2165463.25,25082504.102999996,0.00014777438499591255,0.014777438499591254,0.00013523370657375072,0.1,0.0014777438499591253,1
PECO,12233,36.23,443201.58999999997,870782.4,30768395.982,0.014048285771508472,1.4048285771508473,0.01440444247595097,0.1,0.1404828577150847,1
PEG,5669,82.36,466898.84,3344598.85,266204282.014,0.001694971580822017,0.1694971580822017,0.0017539118321749808,0.1,0.01694971580822017,1
PEGA,97,43.69,4237.929999999999,1615327.2,83646546.47049999,6.004975338742516e-05,0.006004975338742516,5.066473367785255e-05,0.1,0.0006004975338742515,1
PENN,1682,12.84,21596.88,4183707.8,58888070.912,0.00040203572534391625,0.04020357253439162,0.0003667445658437941,0.1,0.0040203572534391625,1
PFE,14266,26.44,377193.04000000004,49523268.55,1272443179.2195,0.0002880666082368265,0.028806660823682648,0.0002964321284910854,0.1,0.0028806660823682646,1
PFS,1909,22.14,42265.26,992605.5,20640962.393499997,0.0019232212596041428,0.1923221259604143,0.0020476399885942173,0.1,0.019232212596041427,1
PG,2695,151.77,409020.15,12098765.25,1760795407.184,0.00022275000335261484,0.022275000335261485,0.00023229283103034476,0.1,0.0022275000335261483,1
PGC,728,31.72,23092.16,103590.95,3039225.7334999996,0.007027640928092657,0.7027640928092658,0.007598040430319357,0.1,0.07027640928092657,1
PGNY,265,23.87,6325.55,1491521.8,38159523.6545,0.00017767088620494853,0.017767088620494854,0.00016576595812023596,0.1,0.0017767088620494853,1
PGR,506,208.0,105248.0,3969948.3,827664272.6065,0.00012745757923346255,0.012745757923346255,0.00012716267148822372,0.1,0.0012745757923346254,1
PHR,7969,13.43,107023.67,1107327.05,17596429.079000004,0.007196609167996031,0.7196609167996031,0.006082124362818851,0.1,0.0719660916799603,1
PI,457,138.1,63111.7,688974.45,120286378.32750002,0.0006633047132589606,0.06633047132589606,0.0005246786949405669,0.1,0.0066330471325896055,1
PII,394,63.84,25152.960000000003,1066762.05,72661948.29349999,0.0003693419727482806,0.03693419727482806,0.0003461641284156163,0.1,0.003693419727482806,1
PINS,5057,22.13,111911.40999999999,14881609.95,373316784.9185,0.0003398153840203291,0.033981538402032906,0.00029977599326114343,0.1,0.0033981538402032907,1
PKE,2995,24.49,73347.54999999999,331480.15,8018040.871500002,0.009035231823082015,0.9035231823082015,0.009147814431915991,0.1,0.09035231823082014,1
PLAB,9,34.57,311.13,1277102.6,44059013.41149999,7.047202002407637e-06,0.0007047202002407637,7.061665160182432e-06,0.1,7.047202002407636e-05,1
PLD,480,130.56,62668.8,3834113.85,496042195.7965,0.00012519190060044773,0.012519190060044774,0.00012633763927960215,0.1,0.0012519190060044773,1
PLNT,63,91.04,5735.52,1969501.55,195927678.093,3.1987788991585204e-05,0.0031987788991585204,2.927365881035731e-05,0.1,0.00031987788991585204,1
PLOW,2216,37.68,83498.88,184184.65,6723634.857000001,0.012031404354271651,1.203140435427165,0.012418711273868333,0.1,0.1203140435427165,1
PLUS,650,85.81,55776.5,135347.55,11735875.226499999,0.004802451171077718,0.4802451171077718,0.0047526493698616355,0.1,0.04802451171077718,1
PLXS,1592,199.33,317333.36000000004,331045.7,59149561.499999985,0.0048090037115721485,0.48090037115721485,0.005364931741717141,0.1,0.04809003711572148,1
PM,3435,179.44,616376.4,5418472.2,914187331.8285,0.0006339425345764438,0.06339425345764438,0.000674234239023158,0.1,0.006339425345764438,1
PNC,109,223.3,24339.7,3071998.25,674009333.8175001,3.5481791045942164e-05,0.0035481791045942164,3.6111814449427795e-05,0.1,0.0003548179104594216,1
PNFP,5285,95.09,502550.65,1995943.55,192872590.4585,0.002647870477098413,0.2647870477098413,0.0026056094793217017,0.1,0.02647870477098413,1
PODD,913,255.81,233554.53,916297.25,252844748.717,0.0009964015498245794,0.09964015498245794,0.0009237072598308504,0.1,0.009964015498245793,1
POR,86,50.25,4321.5,837420.15,41364199.706999995,0.0001026963585722173,0.01026963585722173,0.00010447440130864371,0.1,0.001026963585722173,1
PPL,13137,36.25,476216.25,6467991.1,232730602.72699994,0.002031078861564915,0.20310788615649147,0.002046212420798893,0.1,0.020310788615649146,1
PR,9412,16.13,151815.56,11331663.9,166414543.63850003,0.0008305929370178372,0.08305929370178372,0.0009122733907787939,0.1,0.008305929370178372,1
PRCT,14833,28.96,429563.68,1128544.7,35273871.4485,0.013143475841054414,1.3143475841054413,0.012177956724346652,0.1,0.13143475841054414,1
PRDO,5800,32.03,185774.0,444302.3,14055539.826999998,0.013054175051535858,1.305417505153586,0.013217137319986624,0.1,0.13054175051535857,1
PRG,543,32.44,17614.92,405360.7,12942252.776999999,0.0013395477163918455,0.13395477163918457,0.0013610397125996421,0.1,0.013395477163918455,1
PRIM,514,148.25,76200.5,726433.15,102902982.0475,0.0007075668284135986,0.07075668284135986,0.0007405081804609498,0.1,0.007075668284135986,1
PRKS,2878,37.65,108356.7,1082065.8,40361820.66250001,0.002659727347449665,0.2659727347449665,0.0026846336022862747,0.1,0.02659727347449665,1
PRU,1145,111.11,127220.95,1841159.7,207486529.3675,0.0006218906485950133,0.062189064859501327,0.0006131528171386313,0.1,0.006218906485950132,1
PRVA,1260,23.22,29257.199999999997,726119.9,17023009.3845,0.0017352506108151008,0.17352506108151008,0.0017186855355105204,0.1,0.017352506108151006,1
PSA,513,276.19,141685.47,1216268.15,340091038.47049993,0.00042178198944040426,0.04217819894404043,0.00041661041889608637,0.1,0.004217819894404042,1
PTC,886,156.13,138331.18,883767.55,146295783.989,0.0010025260601614079,0.10025260601614079,0.0009455582124663356,0.1,0.010025260601614077,1
PTCT,227,75.53,17145.31,1381863.3,105232810.516,0.00016427095212674076,0.016427095212674075,0.0001629274169902852,0.1,0.0016427095212674075,1
PTGX,990,81.8,80982.0,870278.3,71862573.813,0.0011375671437516021,0.11375671437516022,0.0011269009124378216,0.1,0.01137567143751602,1
PUMP,17407,11.49,200006.43,2991429.1,31609408.362,0.005818957902094354,0.5818957902094354,0.00632743351945943,0.1,0.05818957902094354,1
QCOM,2086,151.59,316216.74,9328929.65,1531994508.3735,0.0002236055022668115,0.02236055022668115,0.0002064085336283114,0.1,0.0022360550226681146,1
QNST,3144,13.29,41783.759999999995,588348.35,8562977.802499998,0.005343772953557192,0.5343772953557192,0.004879582893208136,0.1,0.053437729535571916,1
QTWO,406,61.25,24867.5,692249.1,46027187.426,0.0005864940813935331,0.05864940813935331,0.0005402785047420204,0.1,0.0058649408139353305,1
QURE,21,22.72,477.12,1878165.0,44011840.66475,1.1181126258875019e-05,0.0011181126258875019,1.0840719060907974e-05,0.1,0.00011181126258875019,1
R,966,191.28,184776.48,308571.45,58951688.494,0.0031305553381558793,0.3130555338155879,0.0031343712914822827,0.1,0.03130555338155879,1
RAMP,1147,24.35,27929.45,552488.7,14458457.383499999,0.0020760605601526333,0.20760605601526333,0.001931703311023561,0.1,0.02076060560152633,1
RBC,475,499.67,237343.25,197021.8,96866134.58399999,0.002410900722661147,0.24109007226611473,0.002450219067987911,0.1,0.02410900722661147,1
RBCAA,72,72.61,5227.92,36031.95,2555111.0485,0.00199822657391565,0.199822657391565,0.0020460637133830626,0.1,0.0199822657391565,1
RCUS,13,21.04,273.52,1360967.75,30249401.069500007,9.552026489973771e-06,0.0009552026489973772,9.042162500063047e-06,0.1,9.55202648997377e-05,1
RDN,350,32.9,11515.0,1222995.35,40959505.509500004,0.00028618260895268326,0.028618260895268324,0.00028113132365158194,0.1,0.0028618260895268326,1
RDWR,2071,24.15,50014.649999999994,216817.65,5275014.1565,0.009551805399606535,0.9551805399606536,0.009481424791698567,0.1,0.09551805399606535,1
REG,2442,72.87,177948.54,1326730.6,93540625.097,0.0018406148166025566,0.18406148166025565,0.0019023663762720259,0.1,0.018406148166025565,1
REGN,269,741.45,199450.05000000002,923163.65,703428143.8355,0.0002913892894288028,0.02913892894288028,0.0002835400484724455,0.1,0.0029138928942880277,1
RELY,17652,13.22,233359.44,2932346.95,39989145.4285,0.006019751516784192,0.6019751516784192,0.005835569565177212,0.1,0.06019751516784192,1
REX,69,33.81,2332.8900000000003,161894.05,5395563.7135,0.000426204669041265,0.0426204669041265,0.0004323718750949007,0.1,0.00426204669041265,1
REZI,196,23.8297,4670.6212,1376324.45,34209812.48269,0.00014240828171002847,0.014240828171002848,0.00013652869925444085,0.1,0.0014240828171002847,1
RF,8243,28.5,234925.5,16013107.35,451206073.4585,0.0005147657990315041,0.05147657990315041,0.0005206612096315397,0.1,0.005147657990315041,1
RGA,725,202.75,146993.75,364061.5,72648968.4995,0.001991421779012612,0.1991421779012612,0.0020233425613057623,0.1,0.01991421779012612,1
RGNX,4725,11.16,52731.0,1071247.0,14141954.9025,0.004410747474672041,0.4410747474672041,0.0037286924165398287,0.1,0.04410747474672041,1
RGR,4179,36.69,153327.50999999998,210029.6,7725320.3265,0.019897195442928044,1.9897195442928044,0.019847398362763537,0.1,0.19897195442928042,1
RIG,16482,4.97,81915.54,34694263.0,157490925.236,0.00047506413380217933,0.04750641338021793,0.0005201286352038992,0.1,0.004750641338021793,1
RIGL,4,34.86,139.44,434305.95,17356807.0415,9.210097167676381e-06,0.0009210097167676381,8.033735678837703e-06,0.1,9.21009716767638e-05,1
RILY,18066,8.36,151031.75999999998,2451825.25,21164174.141,0.007368388101884504,0.7368388101884504,0.007136199078395212,0.1,0.07368388101884504,1
RITM,18301,10.94,200212.94,9716496.8,111190973.87149999,0.0018834977643382746,0.18834977643382744,0.0018006222360403101,0.1,0.018834977643382746,1
RL,734,353.41,259402.94000000003,484352.55,175399900.05650002,0.001515425076217726,0.1515425076217726,0.0014789229635617856,0.1,0.01515425076217726,1
RNR,321,281.7,90425.7,357499.5,98143473.193,0.0008979033537109842,0.08979033537109843,0.0009213623388096023,0.1,0.008979033537109842,1
ROAD,1819,109.88,199871.72,443173.1,50025597.690500006,0.004104490999115244,0.41044909991152445,0.003995388945406966,0.1,0.04104490999115244,1
ROG,400,97.24,38896.0,150669.35,14611614.334500004,0.002654819974998233,0.26548199749982326,0.002661991968140116,0.1,0.026548199749982328,1
ROIV,16568,21.62,358200.16000000003,5728587.8,128840574.27650003,0.002892161310681142,0.2892161310681142,0.0027801813365972727,0.1,0.02892161310681142,1
ROKU,39,95.2,3712.8,2912322.35,310716938.879,1.3391374756300586e-05,0.0013391374756300586,1.1949139346554408e-05,0.1,0.00013391374756300585,1
ROL,6593,63.34,417600.62,2158040.2,133386755.01500002,0.00305508674027481,0.305508674027481,0.0031307502754155665,0.1,0.030550867402748098,1
ROOT,1408,62.13,87479.04000000001,287123.65,20113863.1035,0.004903810605639765,0.49038106056397646,0.004349191378595882,0.1,0.04903810605639764,1
ROP,45,371.23,16705.350000000002,1580445.0,626598694.8125,2.8472993365792545e-05,0.0028472993365792542,2.6660365140081916e-05,0.1,0.00028472993365792545,1
RPD,294,11.92,3504.48,1061855.3,13954297.116999999,0.00027687388291041163,0.027687388291041164,0.00025113984392167077,0.1,0.0027687388291041163,1
RPRX,712,41.68,29676.16,3852368.0,154972281.1985,0.0001848213877801913,0.01848213877801913,0.00019149334171566186,0.1,0.001848213877801913,1
RRC,8924,37.85,337773.4,3298414.1,115859376.37649998,0.002705542642447472,0.2705542642447472,0.002915373883097401,0.1,0.02705542642447472,1
RRR,5830,63.13,368047.9,564680.0,35173558.1145,0.01032443153644542,1.032443153644542,0.010463766526033527,0.1,0.10324431536445419,1
RTX,2508,200.93,503932.44,6187065.95,1205710589.865,0.0004053617692567185,0.04053617692567185,0.00041795472664499353,0.1,0.004053617692567185,1
RUN,3388,19.0,64372.0,8122307.25,153115206.16899997,0.00041712285631647337,0.04171228563164734,0.00042041546108065715,0.1,0.0041712285631647335,1
RUSHB,3094,59.01,182576.94,27386.15,1600614.6020000004,0.1129768149228716,11.29768149228716,0.11406677145882989,0.1,1.129768149228716,2
RVLV,4754,27.65,131448.1,863936.4,25855159.7285,0.005502719876139031,0.5502719876139031,0.0050840180985269835,0.1,0.055027198761390304,1
RWT,24032,5.48,131695.36000000002,1403683.25,7968574.032,0.017120671633005523,1.7120671633005524,0.016526841499011128,0.1,0.17120671633005521,1
RYAM,16886,7.76,131035.36,972909.15,7598972.453500001,0.01735619404956773,1.735619404956773,0.01724382616226574,0.1,0.1735619404956773,1
RYI,4834,,,,,,,,0.1,,
RYTM,24,102.52,2460.48,589640.9,61020403.683000006,4.070273958268499e-05,0.0040702739582684985,4.032225045219552e-05,0.1,0.0004070273958268499,1
S,7602,13.98,106275.96,7745247.0,112552134.92300001,0.0009815051734308796,0.09815051734308797,0.0009442376199501351,0.1,0.009815051734308796,1
SAFE,8270,14.11,116689.7,437348.75,6307689.0545,0.01890939439063219,1.890939439063219,0.018499596126532555,0.1,0.1890939439063219,1
SAFT,928,78.7,73033.6,79686.2,6101983.227499999,0.011645680180508043,1.1645680180508042,0.011968830014290631,0.1,0.11645680180508042,1
SAH,740,59.96,44370.4,165154.85,10350886.432,0.0044806434688415145,0.4480643468841515,0.004286628038235247,0.1,0.044806434688415143,1
SAIC,12,101.76,1221.1200000000001,515787.75,55615617.489999995,2.3265383871563448e-05,0.0023265383871563447,2.1956422586147937e-05,0.1,0.00023265383871563447,1
SAM,543,213.62,115995.66,153996.65,32679689.028000005,0.003526050729025599,0.35260507290255994,0.00354947257608892,0.1,0.03526050729025599,1
SANM,171,141.68,24227.280000000002,952753.1,150288707.83525,0.00017947986734443582,0.01794798673444358,0.000161204925832209,0.1,0.0017947986734443582,1
SB,41,5.71,234.10999999999999,611023.55,3216222.0915,6.710052337589933e-05,0.006710052337589934,7.279037123049373e-05,0.1,0.0006710052337589933,1
SBGI,7916,14.51,114861.16,332036.4,4970001.8975,0.023840759627558904,2.3840759627558903,0.023110888560782486,0.1,0.23840759627558902,1
SBLK,14432,22.95,331214.39999999997,1407652.85,29495115.8795,0.0102525278160734,1.02525278160734,0.011229465968303043,0.1,0.102525278160734,1
SBRA,7442,18.73,139388.66,2617534.65,50044982.056,0.002843133327767027,0.2843133327767027,0.002785267458863808,0.1,0.02843133327767027,1
SCHL,260,34.97,9092.199999999999,432859.9,14563075.511500001,0.0006006562400444115,0.060065624004441154,0.0006243324078639966,0.1,0.0060065624004441145,1
SCHW,5126,103.92,532693.92,9275427.75,951473841.0545002,0.000552642976492378,0.05526429764923779,0.0005598618658917891,0.1,0.005526429764923779,1
SCI,4029,80.43,324052.47000000003,960932.25,77238009.793,0.004192803394828303,0.4192803394828303,0.004195505177677022,0.1,0.041928033948283025,1
SCL,1135,57.61,65387.35,213267.2,11250503.716500001,0.0053219623083155775,0.5321962308315578,0.005811948660050024,0.1,0.053219623083155775,1
SD,8662,15.85,137292.69999999998,311583.95,4595314.187,0.027799891489917884,2.7799891489917883,0.029876673152925373,0.1,0.27799891489917883,1
SEB,6,5082.28,30493.68,18910.8,89444234.08850001,0.00031727901516593693,0.031727901516593694,0.00034092393222159216,0.1,0.003172790151659369,1
SEDG,4990,30.95,154440.5,2622010.2,86638130.16075,0.0019031199802350119,0.19031199802350118,0.0017825927188577157,0.1,0.01903119980235012,1
SEIC,5828,87.85,511989.8,649525.6,56141066.7095,0.008972702538591244,0.8972702538591244,0.009119702029341079,0.1,0.08972702538591243,1
SENEA,346,119.33,41288.18,43555.85,4969536.136750001,0.00794382384915,0.7943823849149999,0.00830825631685653,0.1,0.07943823849149999,1
SF,2499,82.2,205417.80000000002,1324668.45,113404521.61505,0.0018865097904309566,0.18865097904309566,0.001811372219330793,0.1,0.018865097904309566,1
SFBS,1324,81.85,108369.4,310291.75,24802247.760999996,0.004266951989538878,0.42669519895388774,0.004369337853740989,0.1,0.04266951989538877,1
SFIX,6393,4.8,30686.399999999998,2281311.9,11851500.955000002,0.0028023349196574132,0.2802334919657413,0.002589241659475527,0.1,0.02802334919657413,1
SFL,19882,8.86,176154.52,1380895.05,11606070.163999999,0.01439790808142878,1.4397908081428779,0.01517779209593274,0.1,0.14397908081428779,1
SFNC,7932,20.33,161257.56,1179693.7,23372353.490000002,0.0067237792318463685,0.6723779231846368,0.006899500303595656,0.1,0.06723779231846368,1
SGHC,1577,9.47,14934.19,2175973.1,22287693.0615,0.0007247332239539175,0.07247332239539174,0.0006700644144188023,0.1,0.0072473322395391745,1
SGRY,6164,14.86,91597.04,1370068.95,21428669.163999997,0.0044990436430224915,0.44990436430224917,0.004274509037354607,0.1,0.04499043643022491,1
SHBI,153,18.97,2902.41,180945.3,3310002.1780000003,0.0008455594038640407,0.08455594038640407,0.0008768604502108577,0.1,0.008455594038640407,1
SHEN,11966,11.87,142036.41999999998,274275.95,3142359.191,0.04362759476359484,4.362759476359484,0.045200567906687784,0.1,0.43627594763594835,1
SHOO,818,43.88,35893.840000000004,1122814.4,50139321.76450001,0.0007285264599385259,0.07285264599385259,0.0007158820410174318,0.1,0.007285264599385259,1
SIBN,3897,16.58,64612.259999999995,610515.0,11131932.736,0.006383135549495099,0.6383135549495098,0.005804226591402932,0.1,0.06383135549495098,1
SITC,52,6.12,318.24,1100901.35,6892170.050500001,4.7234023284647616e-05,0.004723402328464761,4.617413639945127e-05,0.1,0.0004723402328464761,1
SITE,450,143.54,64593.0,699377.55,99431274.3665,0.0006434292893731004,0.06434292893731004,0.000649624581516602,0.1,0.006434292893731004,1
SJM,3870,104.86,405808.2,1574378.15,159162190.657,0.0024581133827346374,0.24581133827346374,0.002549652014243324,0.1,0.024581133827346374,1
SKWD,4492,44.62,200433.03999999998,509706.05,23445662.137000002,0.00881292266395504,0.881292266395504,0.008548832565649454,0.1,0.08812922663955039,1
SKYW,1483,96.52,143139.16,283737.15,28293873.375249993,0.005226668414763452,0.5226668414763452,0.005059016066892089,0.1,0.052266684147634516,1
SLDB,13579,6.46,87720.34,1044905.0,6142609.387999999,0.012995439776821816,1.2995439776821816,0.014280631317916386,0.1,0.12995439776821816,1
SLG,10714,44.78,479772.92,1235373.85,57813051.4735,0.00867267831515132,0.867267831515132,0.008298695671165453,0.1,0.08672678315151319,1
SLM,3295,27.15,89459.25,2841453.95,77142124.63000001,0.0011596175964773245,0.11596175964773245,0.0011596679561144722,0.1,0.011596175964773244,1
SLP,5564,16.89,93975.96,353850.7,6851755.3795,0.015724145804996287,1.5724145804996286,0.013715603490628092,0.1,0.15724145804996287,1
SLVM,2488,48.94,121762.72,265860.8,13249221.541,0.009358280724348984,0.9358280724348984,0.0091901791832224,0.1,0.09358280724348983,1
SMPL,6597,18.77,123825.69,2401155.15,48721706.46350001,0.0027474276287394427,0.2747427628739443,0.0025414891839382584,0.1,0.027474276287394427,1
SNAP,26926,6.93,186597.18,44702312.85,350895834.8805,0.0006023401986011558,0.06023401986011558,0.0005317737101768305,0.1,0.006023401986011558,1
SNDX,4641,20.31,94258.70999999999,1328889.9,27716955.715500005,0.003492388647095595,0.3492388647095595,0.003400759844173226,0.1,0.03492388647095595,1
SNPS,140,465.115,65116.1,1828153.95,924226248.7114998,7.65799838684264e-05,0.00765799838684264,7.04547183016939e-05,0.1,0.0007657998386842639,1
SNX,2151,158.67,341299.17,971727.9,148012031.89600003,0.0022135826294583084,0.22135826294583083,0.00230588801213007,0.1,0.02213582629458308,1
SO,14,89.31,1250.3400000000001,5321698.9,468613748.2995,2.6307388416883187e-06,0.00026307388416883185,2.6681675570493165e-06,0.1,2.6307388416883185e-05,1
SOC,1540,9.68,14907.199999999999,8066735.1,85241998.2375,0.00019090747135107984,0.019090747135107985,0.000174880930858352,0.1,0.0019090747135107984,1
SPB,5,63.71,318.55,329555.8,20886231.6055,1.5171937498900035e-05,0.0015171937498900034,1.52516742137493e-05,0.1,0.00015171937498900033,1
SPNT,995,20.41,20307.95,598143.4,12105590.704,0.001663480697103738,0.1663480697103738,0.0016775678689755907,0.1,0.016634806971037377,1
SPOT,484,500.35,242169.40000000002,2576092.3,1354678664.764,0.00018788146682477178,0.018788146682477178,0.00017876519819715964,0.1,0.0018788146682477177,1
SPXC,2311,208.41,481635.51,449855.2,95388334.287,0.005137208595121274,0.5137208595121274,0.005049207679325623,0.1,0.05137208595121274,1
SR,380,84.49,32106.199999999997,381662.55,31767250.474,0.0009956439268144072,0.09956439268144071,0.001010669778496487,0.1,0.00995643926814407,1
SRE,1963,87.01,170800.63,4278051.45,374534621.0615,0.00045885376156474226,0.04588537615647423,0.00045603429001014537,0.1,0.004588537615647422,1
SRPT,3536,20.34,71922.24,3175667.35,69367911.61824998,0.0011134667489653789,0.11134667489653789,0.0010368229102211866,0.1,0.011134667489653789,1
ST,2973,34.59,102836.07,1332443.8,46646830.45899999,0.0022312385708125175,0.22312385708125174,0.0022045671482521685,0.1,0.022312385708125174,1
STC,3077,67.43,207482.11000000002,279806.55,18885666.071000002,0.010996883382465492,1.0996883382465492,0.01098622146658626,0.1,0.10996883382465492,1
STNE,8729,16.14,140886.06,5505637.8,84451127.7825,0.0015854657202477068,0.15854657202477068,0.00166825551889426,0.1,0.015854657202477068,1
STRL,410,357.91,146743.1,446559.1,150585085.2605,0.0009181315530240007,0.09181315530240007,0.00097448628292866,0.1,0.009181315530240007,1
STT,5327,130.86,697091.2200000001,2397120.2,312433651.56700003,0.002222249847963402,0.2222249847963402,0.0022311656138951854,0.1,0.02222249847963402,1
STX,407,407.69,165929.83,4968719.45,1800980251.5444999,8.191245331832932e-05,0.008191245331832932,9.213306467836085e-05,0.1,0.0008191245331832932,1
SVRA,19656,5.4,106142.40000000001,1445810.9,8421133.2135,0.013595138894028259,1.3595138894028258,0.012604289388255027,0.1,0.13595138894028258,1
SWBI,929,10.92,10144.68,549750.85,5898345.139,0.0016898564140464722,0.16898564140464722,0.0017199196996667983,0.1,0.01689856414046472,1
SWK,1601,78.66,125934.65999999999,1690342.0,137051141.627,0.000947145607220314,0.0947145607220314,0.0009188880771438244,0.1,0.009471456072203139,1
SXT,303,94.52,28639.559999999998,210067.15,20141594.124999996,0.0014423959195904738,0.14423959195904737,0.001421911285783096,0.1,0.014423959195904737,1
SYBT,4828,67.69,326807.32,129922.95,8777594.868499998,0.037160486272825546,3.7160486272825546,0.03723198950236445,0.1,0.37160486272825544,1
SYF,557,72.63,40454.909999999996,5218050.6,406867899.587,0.00010674484452105544,0.010674484452105544,9.943008539396846e-05,0.1,0.0010674484452105543,1
SYRE,3726,31.98,119157.48,616557.1,19815143.49475,0.0060432358981836395,0.604323589818364,0.00601345531671626,0.1,0.060432358981836395,1
SYY,700,83.85,58694.99999999999,4408350.5,344026897.403,0.00015878955178359798,0.0158789551783598,0.00017061165985298961,0.1,0.0015878955178359798,1
T,10921,26.21,286239.41000000003,49284771.05,1186479380.4125,0.0002215897480566667,0.02215897480566667,0.00024125106152328074,0.1,0.002215897480566667,1
TALO,3774,11.92,44986.08,1912668.15,21838706.2605,0.0019731598500241664,0.19731598500241665,0.0020599242218558985,0.1,0.019731598500241664,1
TAP,12,48.04,576.48,2907687.3,140529944.24899998,4.126991234580142e-06,0.0004126991234580142,4.10218621433846e-06,0.1,4.126991234580142e-05,1
TBBK,1697,59.44,100869.68,694881.1,46984521.84499999,0.002442144418663855,0.24421444186638552,0.0021468704168739854,0.1,0.02442144418663855,1
TBPH,1037,18.94,19640.780000000002,381994.5,7423595.988000001,0.002714698771840956,0.2714698771840956,0.0026457231821005183,0.1,0.02714698771840956,1
TDS,602,45.13,27168.260000000002,1030126.0,44108977.363,0.0005843945303778373,0.05843945303778372,0.0006159349326196258,0.1,0.005843945303778372,1
TEAM,1423,118.18,168170.14,4772451.55,634070658.4024999,0.00029816960635252547,0.029816960635252545,0.00026522302801976964,0.1,0.0029816960635252543,1
TECX,4206,19.99,84077.93999999999,228847.85,4586268.1235,0.018379023442868264,1.8379023442868263,0.01833253916603465,0.1,0.18379023442868264,1
TEL,1213,222.78,270232.14,2105524.35,485509585.2505,0.000576103524996042,0.057610352499604195,0.0005565948607596964,0.1,0.00576103524996042,1
TEN,20,27.17,543.4000000000001,365237.9,9207259.862,5.4758829792855555e-05,0.005475882979285556,5.90186448676993e-05,0.1,0.0005475882979285555,1
TER,1198,241.05,288777.9,2875867.85,659026875.62275,0.0004165699060198472,0.04165699060198472,0.00043818835116112405,0.1,0.004165699060198471,1
TEX,213,57.0,12141.0,1415861.9,83578362.59699999,0.00015043840080731038,0.015043840080731037,0.00014526487026961444,0.1,0.0015043840080731037,1
TFX,283,104.37,29536.710000000003,1083947.95,117163746.21699998,0.0002610826470034839,0.026108264700348386,0.00025209769193701616,0.1,0.0026108264700348384,1
TGLS,10589,48.91,517907.99,331455.35,16965732.123000003,0.031946987731530055,3.1946987731530054,0.030526710326746555,0.1,0.3194698773153005,1
THC,4,189.28,757.12,837789.8,164308238.70000002,4.774467294779669e-06,0.00047744672947796693,4.6079247516150265e-06,0.1,4.774467294779669e-05,1
THG,183,174.14,31867.62,418303.3,72199882.8845,0.0004374816072452692,0.04374816072452692,0.0004413804943559181,0.1,0.0043748160724526915,1
THO,1781,111.87,199240.47,513206.0,57674345.61,0.003470341344411406,0.3470341344411406,0.0034545770375495033,0.1,0.03470341344411406,1
THRM,7709,31.96,246379.64,196328.95,7122765.419499999,0.03926573233341287,3.926573233341287,0.03459044703697336,0.1,0.39265732333412867,1
TK,2749,10.23,28122.27,562378.2,5401905.832,0.004888169562760435,0.4888169562760435,0.005205990417938852,0.1,0.048881695627604346,1
TLRY,5623,7.46,41947.58,5644593.5,51111811.34725,0.000996174480943579,0.09961744809435791,0.0008207022778944603,0.1,0.00996174480943579,1
TMHC,21,60.95,1279.95,897800.7,55738507.531500004,2.339049189870313e-05,0.002339049189870313,2.2963478153351173e-05,0.1,0.0002339049189870313,1
TMUS,1,197.21,197.21,5996748.65,1143241321.464,1.66757030912076e-07,1.6675703091207598e-05,1.725007627851125e-07,0.1,1.66757030912076e-06,1
TNC,837,76.09,63687.33,111425.15,8595645.691,0.007511769111372074,0.7511769111372074,0.007409254905269455,0.1,0.07511769111372073,1
TNDM,893,19.89,17761.77,1358579.95,28530395.267999995,0.0006573039739030449,0.06573039739030449,0.000622556043586322,0.1,0.006573039739030449,1
TNL,997,69.54,69331.38,571824.7,41282597.428,0.0017435413335590436,0.17435413335590436,0.0016794335705479582,0.1,0.017435413335590434,1
TOL,3326,144.49,480573.74000000005,1245798.3,179339645.04950002,0.0026697740717738978,0.26697740717738977,0.0026796849066326386,0.1,0.026697740717738977,1
TOST,297,31.11,9239.67,9306401.8,315598659.60449994,3.191351570485598e-05,0.003191351570485598,2.9276645254383893e-05,0.1,0.00031913515704855977,1
TPC,1893,78.89,149338.77,563623.0,42509710.0985,0.0033586280190836784,0.33586280190836787,0.0035130507748456644,0.1,0.03358628019083678,1
TPH,2629,33.35,87677.15000000001,799656.75,27108795.7555,0.003287660611881285,0.3287660611881285,0.0032342694522758918,0.1,0.03287660611881285,1
TPR,1748,126.91,221838.68,2153102.95,280922937.16650003,0.0008118515652026764,0.08118515652026764,0.0007896780598891381,0.1,0.008118515652026764,1
TR,14670,36.7767,539514.189,109137.45,3926425.4697399996,0.13441765406833311,13.441765406833312,0.13740594165301337,0.1,1.344176540683331,2
TRGP,278,200.98,55872.439999999995,1285489.9,240723978.42499995,0.0002162599643917856,0.02162599643917856,0.00023210168079457706,0.1,0.002162599643917856,1
TRMB,5882,67.6,397623.19999999995,2022332.85,148939203.20799997,0.002908522204937728,0.2908522204937728,0.0026697014045704414,0.1,0.029085222049377277,1
TRN,1484,28.74,42650.159999999996,1018059.35,28364693.372499995,0.0014576753310109082,0.1457675331010908,0.0015036355034724253,0.1,0.014576753310109082,1
TROX,8956,6.06,54273.35999999999,3646369.8,20910530.2185,0.002456141447858635,0.2456141447858635,0.002595503769291473,0.1,0.024561414478586348,1
TRS,6250,34.77,217312.50000000003,432293.15,15098667.596499998,0.014457781715949003,1.4457781715949003,0.014392826294843059,0.1,0.14457781715949003,1
TRST,691,43.4,29989.399999999998,88240.8,3775132.0707499995,0.007830844688624763,0.7830844688624763,0.007943933997001077,0.1,0.07830844688624762,1
TRU,2369,79.02,187198.38,2131387.75,177835631.7095,0.0011114824132774526,0.11114824132774526,0.0010526483258754035,0.1,0.011114824132774526,1
TRV,1700,284.51,483667.0,1786364.8,498017022.6585,0.0009516533241138652,0.09516533241138651,0.0009711856783892704,0.1,0.009516533241138651,1
TSN,9954,65.33,650294.82,3085079.4,187678894.69699997,0.0032264971851291738,0.32264971851291735,0.0034649331298006354,0.1,0.032264971851291735,1
TTC,3176,91.5,290604.0,997418.95,87933047.518,0.003184218627488479,0.31842186274884793,0.0033048325766318176,0.1,0.03184218627488479,1
TTD,1291,30.33,39156.03,12157150.45,431511192.8659999,0.00010619264812997359,0.010619264812997358,9.074163230838693e-05,0.1,0.0010619264812997359,1
TTI,16,11.4,182.4,2169345.25,23761648.089,7.375497284261231e-06,0.0007375497284261231,7.676235222271412e-06,0.1,7.375497284261231e-05,1
TTMI,22,98.2,2160.4,3623911.9,332179541.219,6.070787758388939e-06,0.0006070787758388939,6.5037117941459475e-06,0.1,6.070787758388939e-05,1
TTWO,1092,220.3,240567.6,1703720.45,407626258.43700004,0.000640950221616463,0.0640950221616463,0.0005901670832552131,0.1,0.00640950221616463,1
TVTX,316,31.09,9824.44,3135497.0,98114996.0635,0.00010078147100762655,0.010078147100762654,0.00010013189006950197,0.1,0.0010078147100762655,1
TW,5419,103.07,558536.33,1440933.0,151517591.438,0.0037607577867950835,0.37607577867950837,0.0036862804160172342,0.1,0.03760757786795083,1
TWLO,2389,120.46,287778.94,2356548.1,304564578.674,0.00101377094742942,0.101377094742942,0.0009448864383800618,0.1,0.0101377094742942,1
TXN,629,215.55,135580.95,8665585.45,1707101078.5379999,7.258597859651826e-05,0.007258597859651826,7.942174702163191e-05,0.1,0.0007258597859651825,1
TXT,2671,88.06,235208.26,1994725.65,181326706.73350003,0.0013390312597624642,0.13390312597624643,0.0012971517777890871,0.1,0.013390312597624642,1
TYL,267,369.4,98629.79999999999,395771.1,169067206.64949995,0.000674632382202743,0.0674632382202743,0.0005833762913258122,0.1,0.006746323822027429,1
U,918,29.1,26713.800000000003,11946679.6,453856758.031,7.684143466942898e-05,0.0076841434669428985,5.885953999207688e-05,0.1,0.0007684143466942897,1
UAL,611,102.32,62517.52,5143826.25,568867928.1094999,0.00011878317235151556,0.011878317235151557,0.00010989812733469158,0.1,0.0011878317235151556,1
UCB,9796,34.43,337276.27999999997,1030081.9,34708303.6425,0.009509923434243433,0.9509923434243432,0.009717452154216153,0.1,0.09509923434243432,1
UE,102,19.43,1981.86,914150.4,17385249.7325,0.00011157901369402672,0.011157901369402671,0.0001139966368326081,0.1,0.001115790136940267,1
UFCS,13,35.94,467.21999999999997,107197.35,3798187.0185000002,0.00012127165456981912,0.012127165456981913,0.00012301132032843315,0.1,0.0012127165456981912,1
UFPT,518,251.14,130090.51999999999,157930.3,39949266.6715,0.0032799279175687,0.32799279175687,0.0032563931916379132,0.1,0.032799279175687,1
UGI,15,40.11,601.65,2563362.25,99517963.115,5.851689514425829e-06,0.0005851689514425829,6.045642225461861e-06,0.1,5.8516895144258285e-05,1
UHS,2877,201.26,579025.02,729884.8,151170386.61900002,0.003941717925897347,0.39417179258973467,0.0038302807378493837,0.1,0.039417179258973464,1
UHT,52,39.73,2065.96,59086.6,2336472.5009999997,0.0008800641769876758,0.08800641769876758,0.000884221834032191,0.1,0.008800641769876758,1
UMH,17836,15.63,278776.68,544189.3,8695616.403500002,0.03277535960372613,3.277535960372613,0.032059450079673694,0.1,0.3277535960372613,1
UNFI,1157,37.23,43075.10999999999,842221.7,29248143.005999994,0.0013737475536429423,0.13737475536429422,0.0014727468335737938,0.1,0.013737475536429422,1
UNH,305,286.93,87513.65000000001,11630153.65,3669615639.0884995,2.6224932978422e-05,0.0026224932978421997,2.3848178830450383e-05,0.1,0.00026224932978422,1
UNIT,29053,8.32,241720.96000000002,2406377.0,18270147.157,0.01207333680466527,1.2073336804665271,0.01323037838298896,0.1,0.1207333680466527,1
UNM,3048,75.97,231556.56,1256890.8,97421271.3475,0.0024250316733959703,0.24250316733959704,0.0023768583266999435,0.1,0.024250316733959703,1
UPBD,6996,18.9,132224.4,701959.15,13365746.8395,0.009966391918959957,0.9966391918959957,0.009892780522315084,0.1,0.09966391918959956,1
UPS,147,106.22,15614.34,6209416.4,659736885.6010001,2.3673722380737742e-05,0.002367372238073774,2.3667526162002926e-05,0.1,0.0002367372238073774,1
URBN,935,70.85,66244.75,1813912.2,133143178.30450001,0.0005154604506215902,0.05154604506215902,0.0004975452054216212,0.1,0.005154604506215902,1
USB,10466,56.11,587247.26,12085440.15,666048631.1620001,0.0008660007306395042,0.08660007306395043,0.0008816882619749225,0.1,0.008660007306395042,1
USFD,1292,83.62,108037.04000000001,2672733.0,215508257.0255,0.00048340032468637906,0.048340032468637904,0.0005013127640265614,0.1,0.004834003246863791,1
USNA,2703,21.7,58655.1,123283.25,2592505.027500001,0.021925119592483163,2.1925119592483164,0.02262487415754876,0.1,0.2192511959248316,1
UTHR,474,469.49,222538.26,353460.35,169499484.21700007,0.0013410273599287728,0.13410273599287728,0.0013129140836505293,0.1,0.013410273599287727,1
UVE,39,30.45,1187.55,208641.75,6286161.393999999,0.0001869232787780969,0.01869232787780969,0.00018891497140583916,0.1,0.001869232787780969,1
UVSP,27,33.14,894.78,154932.8,5134132.411750001,0.0001742691024753958,0.01742691024753958,0.0001742806628734783,0.1,0.001742691024753958,1
UVV,4,56.59,226.36,170743.6,9337106.739499997,2.3426939574894754e-05,0.0023426939574894756,2.424305583253101e-05,0.1,0.00023426939574894753,1
UWMC,45985,4.91,225786.35,19095561.75,102684058.26900001,0.002408151202988307,0.2408151202988307,0.0021988452132317426,0.1,0.024081512029883068,1
VAC,457,54.31,24819.670000000002,546534.05,32497784.077499997,0.0008361784595122664,0.08361784595122664,0.0007637342269494622,0.1,0.008361784595122664,1
VAL,5885,57.73,339741.05,1075272.35,59055747.10700001,0.005473032018353303,0.5473032018353303,0.005752887172597123,0.1,0.05473032018353303,1
VCEL,1922,35.98,69153.56,541892.8,20540796.969499998,0.003546826973895944,0.3546826973895944,0.003366644444355429,0.1,0.03546826973895944,1
VCYT,472,38.08,17973.76,786009.55,32976085.19650001,0.00060050160968146,0.060050160968146,0.0005450543899585656,0.1,0.006005016096814599,1
VERX,16862,18.55,312790.10000000003,1456634.85,28156848.434999995,0.011575996551229019,1.157599655122902,0.01110884624470935,0.1,0.11575996551229019,1
VFC,16775,19.59,328622.25,7779387.45,151809688.8345,0.00215633944289534,0.215633944289534,0.0021646987917764435,0.1,0.021563394428953397,1
VHC,2488,20.32,50556.16,25873.55,504403.7455,0.09615997804707897,9.615997804707897,0.10022954914794542,0.1,0.9615997804707896,1
VICI,331,28.08,9294.48,11102440.85,312523430.9205,2.9813263990503493e-05,0.0029813263990503495,2.9740106118201225e-05,0.1,0.00029813263990503494,1
VIRT,6122,41.51,254124.22,1268549.7,45913304.997,0.004825983562173401,0.48259835621734015,0.005534870992550081,0.1,0.04825983562173401,1
VLO,110,181.43,19957.3,4013181.2,735874753.39,2.7409676891738652e-05,0.002740967689173865,2.7120511891543315e-05,0.1,0.0002740967689173865,1
VMC,568,300.54,170706.72,906918.1,272609415.6535,0.0006262969059719946,0.06262969059719946,0.0006261952456439605,0.1,0.006262969059719946,1
VOYA,5196,76.66,398325.36,820732.1,62808573.47249999,0.006330933077919093,0.6330933077919093,0.0063418947124217395,0.1,0.06330933077919092,1
VRE,6383,15.19,96957.77,622777.55,9272095.578,0.010249245497047862,1.024924549704786,0.010456942466172668,0.1,0.10249245497047861,1
VREX,2162,13.94,30138.28,315740.8,4279915.9945,0.0068473887441851036,0.6847388744185103,0.007041792418059106,0.1,0.06847388744185103,1
VRSN,2941,244.23,718280.4299999999,620975.65,153737683.2605,0.004736095529671735,0.47360955296717355,0.004672116912175094,0.1,0.04736095529671735,1
VRT,937,186.18,174450.66,5079382.55,898623448.2154999,0.00018447124050540356,0.018447124050540355,0.00019413099040140427,0.1,0.0018447124050540355,1
VRTS,81,163.25,13223.25,87025.9,14604122.1255,0.00093075739521223,0.093075739521223,0.0009054464134417992,0.1,0.009307573952122299,1
VSCO,7,,,,,,,,0.1,,
VSH,4164,20.15,83904.59999999999,2374268.85,43333557.793,0.0017538030707853493,0.17538030707853494,0.0019362499705379314,0.1,0.01753803070785349,1
VTOL,204,43.96,8967.84,195104.35,8160724.893999999,0.001045594319142551,0.10455943191425511,0.0010989023789532981,0.1,0.01045594319142551,1
VTR,3133,77.67,243340.11000000002,2761751.65,211674329.5735,0.001134424958160159,0.1134424958160159,0.0011495966964454453,0.1,0.01134424958160159,1
VTRS,36,13.09,471.24,8504872.7,109512910.8585,4.23286758895286e-06,0.000423286758895286,4.3030542819639066e-06,0.1,4.2328675889528595e-05,1
VZ,9,44.52,400.68,34276004.45,1391529717.954,2.625743619892662e-07,2.6257436198926618e-05,2.8794210776118355e-07,0.1,2.625743619892662e-06,1
WABC,2798,50.58,141522.84,150561.75,7475519.533500001,0.01858373723737935,1.8583737237379347,0.018931505611856747,0.1,0.18583737237379347,1
WASH,808,34.37,27770.96,124344.75,3875926.3075,0.006498062845435774,0.6498062845435774,0.007164986585596996,0.1,0.06498062845435773,1
WBS,1191,65.77,78332.06999999999,1610250.35,104109809.89400001,0.0007396365416098186,0.07396365416098186,0.0007523985499517695,0.1,0.007396365416098186,1
WCC,852,289.43,246594.36000000002,424619.85,117717449.20150001,0.00200650063815905,0.200650063815905,0.0020947987037834813,0.1,0.0200650063815905,1
WDAY,2246,175.63,394464.98,3512804.25,672158401.8572501,0.0006393752228009859,0.06393752228009858,0.0005868631246891333,0.1,0.006393752228009858,1
WDC,1316,250.23,329302.68,10288144.9,2361323848.1505,0.00012791421707134004,0.012791421707134003,0.0001394568052399612,0.1,0.0012791421707134003,1
WELL,2392,188.36,450557.12000000005,3088035.2,574475442.8455,0.0007746025692971375,0.07746025692971376,0.0007842930896546144,0.1,0.007746025692971375,1
WEN,49994,7.79,389453.26,6459572.45,53102471.775,0.007739521522047484,0.7739521522047484,0.0073339949531944365,0.1,0.07739521522047484,1
WERN,7075,34.25,242318.75,1127919.45,37641686.5705,0.006272611045052908,0.6272611045052907,0.00643751043264641,0.1,0.06272611045052907,1
WFRD,928,94.08,87306.24,1269501.85,112448439.303,0.0007309953900421649,0.0730995390042165,0.0007764113094068596,0.1,0.007309953900421649,1
WGO,1049,45.91,48159.59,669028.2,30316083.355999995,0.0015679458653611313,0.15679458653611314,0.0015885821870346756,0.1,0.01567945865361131,1
WH,720,72.79,52408.8,1355572.85,104525402.39449999,0.0005311407645852452,0.05311407645852452,0.0005013977348989158,0.1,0.005311407645852452,1
WHR,945,79.99,75590.54999999999,1696868.65,138850692.03249997,0.0005569081613948139,0.05569081613948139,0.0005444016799160565,0.1,0.005569081613948139,1
WK,1091,77.02,84028.81999999999,758551.55,63689785.254499994,0.0014382674453700607,0.14382674453700608,0.001319345318314807,0.1,0.014382674453700606,1
WLK,1919,79.32,152215.08,1434156.95,118668345.295,0.0013380683334554143,0.13380683334554144,0.001282693203664427,0.1,0.013380683334554142,1
WLY,7368,31.23,230102.64,583824.55,18090906.419,0.01262022982760831,1.262022982760831,0.01271924328558432,0.1,0.1262022982760831,1
WM,795,222.24,176680.80000000002,2262266.45,504980902.6825,0.00035141749107405097,0.0351417491074051,0.00034987620138000685,0.1,0.0035141749107405096,1
WMB,7435,67.26,500078.10000000003,7303825.05,456478531.6425001,0.0010179597606873128,0.10179597606873128,0.0010955128562138948,0.1,0.010179597606873127,1
WMG,982,29.98,29440.36,1748052.9,53108898.0115,0.0005617678961546301,0.05617678961546301,0.0005543395005790762,0.1,0.005617678961546301,1
WMK,270,71.15,19210.5,108838.5,7344156.990499998,0.0024807398117394123,0.24807398117394122,0.0026157529073588238,0.1,0.02480739811739412,1
WMT,1697,119.14,202180.58,45454181.35,5380952219.2404995,3.733429905893575e-05,0.003733429905893575,3.757338325307356e-05,0.1,0.0003733429905893575,1
WNC,68,10.13,688.84,609521.4,6149098.1695,0.00011156294102225122,0.011156294102225123,0.00011202293100746049,0.1,0.0011156294102225121,1
WRLD,1055,121.25,127918.75,98757.55,13475674.745749999,0.01068272754842541,1.068272754842541,0.009492567341783269,0.1,0.1068272754842541,1
WSBC,124,35.29,4375.96,498678.75,17289713.3115,0.00024865707632418666,0.024865707632418667,0.0002530961573023535,0.1,0.0024865707632418664,1
WSC,19709,20.03,394771.27,1833087.15,38539924.005,0.010751807408611206,1.0751807408611207,0.010243177177743892,0.1,0.10751807408611205,1
WSO,856,386.45,330801.2,417983.1,157067325.99000004,0.0020479296890233123,0.20479296890233123,0.0021061108535142506,0.1,0.02047929689023312,1
WST,1014,231.12,234355.68,1025117.7,262156665.63850003,0.0009891547087714904,0.09891547087714904,0.0008939527798357181,0.1,0.009891547087714904,1
WTFC,2,147.49,294.98,484888.45,71340366.72749999,4.124660012008948e-06,0.0004124660012008948,4.1348259552230805e-06,0.1,4.124660012008948e-05,1
WTS,299,299.31,89493.69,165331.6,48277389.223000005,0.0018084867018767132,0.1808486701876713,0.0018537392232752302,0.1,0.01808486701876713,1
WU,27241,9.37,255248.16999999998,7468881.25,70449893.6935,0.0036472664497109258,0.3647266449710926,0.0036231164678613313,0.1,0.03647266449710926,1
WVE,5334,12.94,69021.95999999999,4704260.75,66460629.843499996,0.0011338657194969474,0.11338657194969474,0.0010385390593277758,0.1,0.011338657194969473,1
WWD,1047,317.84,332778.48,531104.65,172947249.24449998,0.001971362894299645,0.1971362894299645,0.0019241617398004548,0.1,0.01971362894299645,1
WY,7634,25.78,196804.52000000002,8285823.75,213895852.069,0.0009213326556698723,0.09213326556698723,0.0009200950747586889,0.1,0.009213326556698723,1
WYNN,4352,107.45,467622.4,1176992.65,135444224.594,0.0036975591988616073,0.36975591988616074,0.0034525089674492847,0.1,0.03697559198861607,1
XERS,68,7.36,500.48,2152627.25,16148560.007000003,3.158930557996049e-05,0.003158930557996049,3.099223706528968e-05,0.1,0.0003158930557996049,1
XHR,105,14.75,1548.75,901040.15,13356436.030499998,0.00011653198805846775,0.011653198805846775,0.00011595533392765573,0.1,0.0011653198805846774,1
XMTR,1480,57.13,84552.40000000001,681362.2,43084113.863,0.0021721193221461363,0.21721193221461363,0.0019624959740117197,0.1,0.021721193221461363,1
XNCR,3886,12.09,46981.74,752957.0,10268313.2235,0.005160985288668543,0.5160985288668543,0.004575409707261157,0.1,0.051609852886685424,1
XPO,890,148.11,131817.90000000002,1220375.7,180686744.2635,0.0007292836132348424,0.07292836132348424,0.0007295382986577404,0.1,0.0072928361323484235,1
XYL,1875,137.87,258506.25,1409116.65,197495049.91249996,0.0013306208538519505,0.13306208538519507,0.0013089252116168532,0.1,0.013306208538519505,1
XYZ,3509,60.43,212048.87,6257751.6,413299640.615,0.0005607445332281966,0.056074453322819656,0.0005130632818467156,0.1,0.005607445332281966,1
YOU,274,32.62,8937.88,1268079.8,44087062.839999996,0.00021607472968183862,0.021607472968183862,0.00020273248940255327,0.1,0.002160747296818386,1
Z,15,63.03,945.45,2816218.5,189467811.9045,5.32629126610737e-06,0.000532629126610737,4.9900296546230654e-06,0.1,5.32629126610737e-05,1
ZBH,3692,87.07,321462.44,2257161.45,200846415.831,0.001635682728853977,0.16356827288539771,0.0016005385939796457,0.1,0.01635682728853977,1
ZETA,6413,18.58,119153.54,9933258.35,215051072.5355,0.0006456089003262459,0.0645608900326246,0.0005540708939283736,0.1,0.006456089003262459,1
ZION,5109,59.91,306080.19,1834902.7,109703843.544,0.0027843438237896757,0.27843438237896756,0.0027900589451748553,0.1,0.027843438237896756,1
ZS,582,200.01,116405.81999999999,1791963.75,384124097.78375006,0.0003247833556900914,0.03247833556900914,0.00030304222169766826,0.1,0.0032478335569009137,1
ZTS,1601,124.82,199836.81999999998,4649921.8,581696066.1360002,0.0003443068655477174,0.03443068655477174,0.00034354163906839667,0.1,0.0034430686554771735,1
ZYME,6,22.53,135.18,970910.05,23197789.966499995,6.179769176351609e-06,0.0006179769176351609,5.8272792449286714e-06,0.1,6.179769176351609e-05,1
