ticker,shares,price,position_market_value,average_daily_volume,average_daily_dollar_volume,position_shares_pct_adv,position_pct_of_daily_market_volume,position_value_pct_dollar_adv,liquidation_participation_rate,estimated_days_to_liquidate,estimated_full_trading_days
A,-650,133.85,-87002.5,1985462.85,279917929.4295,0.0003273795830528886,0.03273795830528886,0.00031081431681535934,0.1,0.003273795830528886,1
AA,5869,56.81,333417.89,9199126.8,569091794.7265,0.0006379953366878255,0.06379953366878255,0.0005858771697107976,0.1,0.006379953366878255,1
AAL,-13215,13.3,-175759.5,60259216.5,906116258.6424999,0.0002193025526642883,0.02193025526642883,0.00019397014270918666,0.1,0.002193025526642883,1
AAMI,-4442,55.42,-246175.64,226376.25,12012543.257500002,0.019622199766980857,1.9622199766980857,0.02049321569321308,0.1,0.19622199766980855,1
AAOI,2193,43.61,95636.73,5348821.15,204980183.47024998,0.0004099968831449898,0.04099968831449898,0.0004665657351891303,0.1,0.0040999688314498975,1
AAON,-503,91.06,-45803.18,1004809.7,87844997.8625,0.0005005923012088757,0.05005923012088757,0.0005214090854859345,0.1,0.005005923012088756,1
AAP,-2152,48.01,-103317.51999999999,1985743.7,87341043.40900001,0.0010837249540310767,0.10837249540310767,0.0011829206060223652,0.1,0.010837249540310767,1
AAPL,296,259.48,76806.08,52000863.55,13376301024.772999,5.6922131632562096e-06,0.0005692213163256209,5.741952117984982e-06,0.1,5.692213163256209e-05,1
AAT,116,18.06,2094.96,489140.35,8923433.344500002,0.00023715074824638777,0.023715074824638777,0.00023477062237386892,0.1,0.0023715074824638776,1
ABBV,1624,223.01,362168.24,7303194.25,1613346152.999,0.00022236845199619332,0.022236845199619333,0.00022448266252519738,0.1,0.002223684519961933,1
ABCB,-1603,80.62,-129233.86,506629.0,40384424.837,0.003164051011687053,0.3164051011687053,0.00320009163239578,0.1,0.03164051011687053,1
ABEO,13033,5.09,66337.97,1292221.15,6695297.014999999,0.010085734937862611,1.0085734937862612,0.009908144455933448,0.1,0.1008573493786261,1
ABG,775,234.51,181745.25,163177.25,39776283.344,0.00474943657893487,0.47494365789348697,0.004569186327143739,0.1,0.047494365789348694,1
ABM,4435,46.04,204187.4,708393.25,31756434.224499993,0.006260646893515714,0.6260646893515713,0.0064297961967804945,0.1,0.06260646893515713,1
ABNB,-3774,129.37,-488242.38,4059196.75,544567098.3900001,0.0009297405946139467,0.09297405946139467,0.0008965697366651001,0.1,0.009297405946139467,1
ABR,-36,7.7,-277.2,3709103.2,29303314.920500003,9.705850190417995e-06,0.0009705850190417995,9.459680611290722e-06,0.1,9.705850190417995e-05,1
ABT,5663,109.3,618965.9,11934846.1,1364933983.2875,0.0004744929220327357,0.04744929220327357,0.00045347680369800384,0.1,0.004744929220327357,1
ABUS,5634,4.13,23268.42,1465570.95,6352651.211750001,0.0038442355861379486,0.38442355861379485,0.0036627888458541885,0.1,0.038442355861379486,1
ACA,306,114.47,35027.82,216276.3,24329936.478000004,0.0014148568289729388,0.14148568289729388,0.001439700429619839,0.1,0.014148568289729388,1
ACAD,61,25.13,1532.9299999999998,1264926.95,33529883.661500007,4.822412867399181e-05,0.004822412867399181,4.571832146737076e-05,0.1,0.00048224128673991806,1
ACGL,-217,96.04,-20840.68,2331652.1,216648332.3895,9.306705747396878e-05,0.009306705747396877,9.619589391776023e-05,0.1,0.0009306705747396877,1
ACHC,-1046,13.44,-14058.24,3697275.75,50922311.0335,0.0002829110054882977,0.02829110054882977,0.00027607230926246805,0.1,0.0028291100548829768,1
ACHR,-121,7.19,-869.99,44912978.6,382023758.5310001,2.6940987610204946e-06,0.00026940987610204944,2.2773190948787626e-06,0.1,2.6940987610204944e-05,1
ACI,-4113,16.65,-68481.45,10036000.55,169762053.61900002,0.00040982460886772266,0.040982460886772265,0.00040339668695157357,0.1,0.004098246088677226,1
ACIC,707,11.05,7812.35,190988.45,2134839.4520000005,0.003701794532601317,0.3701794532601317,0.0036594555120672365,0.1,0.037017945326013164,1
ACIW,3354,43.36,145429.44,672953.5,29996101.248999994,0.004983999637419227,0.4983999637419227,0.004848278074299683,0.1,0.049839996374192265,1
ACLS,-157,88.07,-13826.99,561704.35,51701592.95925,0.0002795064699071674,0.027950646990716737,0.00026743837488524025,0.1,0.0027950646990716737,1
ACLX,3550,68.31,242500.5,947940.5,63922383.029999994,0.003744960786040896,0.37449607860408957,0.0037936711446785376,0.1,0.037449607860408955,1
ACM,1267,96.43,122176.81000000001,1320378.65,129243982.979,0.0009595732254531684,0.09595732254531684,0.0009453191335015705,0.1,0.009595732254531683,1
ACMR,3,58.12,174.35999999999999,1537498.1,78905252.8445,1.9512219234612387e-06,0.00019512219234612388,2.2097388160407313e-06,0.1,1.9512219234612386e-05,1
ACN,-620,263.64,-163456.8,4558268.5,1258248609.6744998,0.00013601655979677372,0.013601655979677373,0.00012990819043486577,0.1,0.0013601655979677372,1
ACT,-1165,39.77,-46332.05,285620.8,11246972.689,0.0040788345946793795,0.40788345946793797,0.0041195129819524366,0.1,0.04078834594679379,1
ACVA,23224,7.81,181379.44,2210322.45,18836409.3595,0.010507064252095888,1.0507064252095888,0.009629194000741054,0.1,0.10507064252095887,1
AD,1321,48.19,63658.99,364281.05,19363644.420500003,0.0036263209409328322,0.36263209409328323,0.0032875521062866227,0.1,0.03626320940932832,1
ADAM,-28186,8.0,-225488.0,681973.8,5493578.6335,0.041330033499820666,4.133003349982067,0.04104573995263628,0.1,0.4133003349982066,1
ADBE,-220,293.25,-64515.0,5023120.45,1547207060.9664998,4.379747652676734e-05,0.004379747652676734,4.169771559838873e-05,0.1,0.0004379747652676734,1
ADC,-1113,72.23,-80391.99,1424306.3,102187560.924,0.0007814330386659105,0.07814330386659105,0.0007867101364694474,0.1,0.007814330386659105,1
ADEA,697,18.09,12608.73,814879.15,15252714.572749998,0.0008553415558613814,0.08553415558613814,0.000826654818711834,0.1,0.008553415558613813,1
ADI,826,310.88,256786.88,3650185.7,1093918170.0555,0.00022628985697905726,0.022628985697905727,0.00023474048336446582,0.1,0.0022628985697905725,1
ADM,1495,67.31,100628.45,3816080.9,246264614.9025,0.00039176318300799124,0.03917631830079912,0.00040861920028519065,0.1,0.003917631830079912,1
ADMA,1553,17.3,26866.9,2373702.65,41737429.6975,0.0006542521237864398,0.06542521237864397,0.0006437123750725188,0.1,0.006542521237864397,1
ADNT,-4931,20.8,-102564.8,1313263.25,28077443.907000005,0.0037547688934415854,0.3754768893441585,0.003652925114541125,0.1,0.03754768893441585,1
ADP,762,246.82,188076.84,2353252.85,602968463.06025,0.00032380710810570143,0.032380710810570146,0.00031191820388988886,0.1,0.0032380710810570143,1
ADSK,-2935,252.87,-742173.4500000001,2021046.45,542520698.2305,0.0014522179834115143,0.14522179834115143,0.0013680094647461245,0.1,0.014522179834115143,1
ADT,346,8.0,2768.0,5534700.8,44952950.8595,6.251467107309577e-05,0.006251467107309576,6.157549053123022e-05,0.1,0.0006251467107309576,1
ADTN,24472,9.22,225631.84000000003,1158058.6,10753695.024500001,0.02113191854021895,2.113191854021895,0.02098179644168316,0.1,0.21131918540218947,1
ADUS,-2131,103.48,-220515.88,199254.65,21484803.663999997,0.010694857058542924,1.0694857058542924,0.010263807081909578,0.1,0.10694857058542924,1
AEE,3663,103.28,378314.64,1462639.0,149223217.0075,0.0025043773617413456,0.25043773617413456,0.002535226405023729,0.1,0.025043773617413456,1
AEIS,607,255.36,155003.52000000002,875029.75,219588036.2875,0.0006936907002304778,0.06936907002304778,0.0007058832649564687,0.1,0.006936907002304778,1
AEO,1216,23.31,28344.96,6252707.1,159970861.1125,0.00019447576554481498,0.019447576554481497,0.00017718826918151247,0.1,0.0019447576554481498,1
AEP,760,119.775,91029.0,3249590.5,382054584.40775,0.00023387562217454784,0.023387562217454784,0.00023826176602777984,0.1,0.0023387562217454783,1
AER,1994,143.66,286458.04,995914.1,143833239.0605,0.0020021807101636576,0.20021807101636577,0.001991598338959107,0.1,0.020021807101636573,1
AES,-7740,14.65,-113391.0,9246510.5,133587796.02900001,0.0008370725367153371,0.08370725367153371,0.0008488125664966014,0.1,0.008370725367153371,1
AFG,1028,130.27,133917.56,537206.65,70225992.542,0.0019136025214877737,0.19136025214877736,0.0019069514741270198,0.1,0.019136025214877735,1
AFL,715,110.95,79329.25,2261493.4,247902416.32850003,0.00031616276218183965,0.03161627621818396,0.00032000192323611466,0.1,0.0031616276218183964,1
AFRM,235,60.3,14170.5,5513456.6,401482994.525,4.2622988997501136e-05,0.004262298899750113,3.529539281424687e-05,0.1,0.00042622988997501136,1
AGCO,-805,113.41,-91295.05,750835.1,83873541.7965,0.0010721395416916444,0.10721395416916443,0.0010884844975487813,0.1,0.010721395416916444,1
AGIO,337,27.44,9247.28,953191.0,26664302.84,0.0003535492886525366,0.03535492886525366,0.0003468037418974949,0.1,0.0035354928865253656,1
AGM,81,169.3,13713.300000000001,112733.3,19459379.4715,0.0007185099699911206,0.07185099699911206,0.0007047141467221168,0.1,0.007185099699911206,1
AGNC,-34794,11.4,-396651.60000000003,22802497.05,263389131.41899997,0.0015258855169986744,0.15258855169986743,0.0015059528001897917,0.1,0.015258855169986743,1
AGO,-976,84.85,-82813.59999999999,293336.45,25373832.951000005,0.0033272373753756137,0.33272373753756135,0.003263740253982252,0.1,0.033272373753756135,1
AGX,223,347.11,77405.53,360808.05,126601994.17300001,0.0006180571636359001,0.06180571636359001,0.0006114084577074381,0.1,0.006180571636359,1
AGYS,-147,86.75,-12752.25,339273.7,34540774.627,0.00043327850051448136,0.04332785005144814,0.0003691940941600007,0.1,0.004332785005144813,1
AHH,1816,,,,,,,,0.1,,
AI,-27,11.01,-297.27,7032341.2,91899257.269,3.839404151778074e-06,0.0003839404151778074,3.23473778607215e-06,0.1,3.8394041517780735e-05,1
AIG,-4255,74.88,-318614.39999999997,5973829.05,448099265.5845,0.0007122734789339176,0.07122734789339176,0.000711035309518751,0.1,0.007122734789339176,1
AIN,-625,55.49,-34681.25,307874.65,17309342.3905,0.0020300469687907076,0.20300469687907075,0.002003614534717063,0.1,0.020300469687907073,1
AIR,1501,105.91,158970.91,665680.6,64844598.6655,0.002254835126635807,0.22548351266358072,0.002451567490147473,0.1,0.02254835126635807,1
AIT,234,260.41,60935.94,359930.95,97499747.93499999,0.0006501246975287899,0.06501246975287898,0.0006249856157640949,0.1,0.006501246975287899,1
AIV,90075,5.88,529641.0,1761340.7,10379699.428,0.05114002078076093,5.114002078076093,0.05102662207840572,0.1,0.5114002078076093,1
AIZ,-460,238.13,-109539.8,321589.65,76116795.04100001,0.0014303942928511535,0.14303942928511534,0.0014391015798943824,0.1,0.014303942928511533,1
AJG,801,249.37,199745.37,2053865.15,522009643.4245001,0.00038999639289853086,0.03899963928985309,0.000382646896501041,0.1,0.0038999639289853086,1
AKAM,-51,97.15,-4954.650000000001,3507242.85,330426965.842,1.4541336936505552e-05,0.0014541336936505552,1.4994690240775209e-05,0.1,0.00014541336936505552,1
AKBA,-23,1.41,-32.43,2988213.2,4269849.1620000005,7.696907302330369e-06,0.0007696907302330369,7.595116073095604e-06,0.1,7.696907302330369e-05,1
AKR,-2119,20.01,-42401.19,1574244.55,32388307.93,0.0013460424557290033,0.13460424557290032,0.0013091511323049226,0.1,0.013460424557290032,1
ALB,2608,170.63,445003.04,3767721.55,646158722.3269999,0.0006921955259671459,0.06921955259671458,0.0006886899837820319,0.1,0.006921955259671458,1
ALDX,15002,5.36,80410.72,875589.45,4119488.4965000013,0.017133600684658776,1.7133600684658776,0.01951958843150516,0.1,0.17133600684658776,1
ALG,935,195.31,182614.85,109371.2,20585191.4275,0.008548868440686396,0.8548868440686397,0.008871175701385157,0.1,0.08548868440686395,1
ALGM,-2117,36.91,-78138.46999999999,2981002.45,99971214.59599999,0.0007101637907073843,0.07101637907073843,0.0007816096895068277,0.1,0.007101637907073843,1
ALGN,-3142,163.03,-512240.26,875892.8,146549321.47349995,0.0035871969720495476,0.3587196972049548,0.0034953437849429194,0.1,0.03587196972049547,1
ALGT,234,88.63,20739.42,534819.3,47674468.949499995,0.00043753095671753055,0.043753095671753055,0.00043502152109903074,0.1,0.004375309567175305,1
ALHC,1319,22.53,29717.07,3114995.95,68294797.16075,0.0004234355425084902,0.04234355425084902,0.0004351293397951378,0.1,0.004234355425084902,1
ALK,972,50.83,49406.759999999995,3967589.6,199368086.5015,0.00024498501558729765,0.024498501558729766,0.0002478167938860579,0.1,0.0024498501558729764,1
ALKS,5435,33.89,184192.15,2275282.2,72052568.8345,0.0023887146833918007,0.23887146833918008,0.002556357850655918,0.1,0.023887146833918006,1
ALKT,-5113,21.19,-108344.47,1603478.0,34513851.533,0.0031886935773362654,0.31886935773362657,0.0031391590676690417,0.1,0.03188693577336265,1
ALL,1179,198.99,234609.21000000002,1875337.65,375095593.46950006,0.0006286867860835621,0.06286867860835621,0.0006254651189846,0.1,0.0062868678608356205,1
ALLE,1232,165.39,203760.47999999998,878775.2,143848543.856,0.0014019512612554383,0.14019512612554383,0.0014164931707892365,0.1,0.014019512612554382,1
ALLY,9400,42.28,397432.0,4041682.25,175858869.96649998,0.002325764228496686,0.23257642284966862,0.00225994856031833,0.1,0.02325764228496686,1
ALNT,1487,61.01,90721.87,141493.3,8553615.4495,0.010509331537253001,1.0509331537253002,0.010606260070448119,0.1,0.10509331537253,1
ALNY,216,338.06,73020.96,1496976.8,556505136.3185,0.00014429081332456188,0.014429081332456187,0.00013121345201422995,0.1,0.0014429081332456187,1
ALRM,-1249,48.78,-60926.22,350585.4,17660088.2505,0.003562612704351065,0.3562612704351065,0.0034499385923666055,0.1,0.03562612704351065,1
ALSN,-565,108.7,-61415.5,802606.4,85776090.738,0.0007039565096914253,0.07039565096914253,0.0007159978902231794,0.1,0.007039565096914253,1
ALV,1651,121.24,200167.24,745745.45,93637700.4285,0.0022138921531468948,0.22138921531468947,0.0021376778699605504,0.1,0.022138921531468948,1
ALX,255,244.9,62449.5,89891.7,21290720.953500003,0.0028367468854187876,0.2836746885418788,0.002933179206866354,0.1,0.028367468854187873,1
AMAL,4615,38.84,179246.6,231562.15,8235446.428499999,0.019929854684800605,1.9929854684800605,0.021765256025428108,0.1,0.19929854684800605,1
AMAT,134,322.32,43190.88,7860813.1,2451539630.41875,1.7046582623876403e-05,0.0017046582623876402,1.761785918697244e-05,0.1,0.00017046582623876403,1
AMBA,-1975,64.04,-126479.00000000001,1089154.6,75459777.7095,0.0018133330199404196,0.18133330199404196,0.0016761114840135151,0.1,0.018133330199404194,1
AMBP,-74488,4.39,-327002.31999999995,931367.9,4014316.5875,0.07997698868513721,7.997698868513721,0.0814590261810037,0.1,0.7997698868513721,1
AMC,-23,1.39,-31.97,42788765.65,66385726.84499999,5.375242695275086e-07,5.375242695275086e-05,4.815794225563699e-07,0.1,5.375242695275086e-06,1
AMCR,-4963,44.25,-219612.75,5891627.05,254323757.841,0.0008423819019569475,0.08423819019569476,0.0008635164558133775,0.1,0.008423819019569475,1
AMD,-323,236.73,-76463.79,37982661.95,8832542292.1415,8.503880018340842e-06,0.0008503880018340842,8.657053368205375e-06,0.1,8.503880018340842e-05,1
AME,-1669,223.98,-373822.62,1256418.7,272302954.47249997,0.0013283788278541223,0.13283788278541223,0.0013728188176443475,0.1,0.013283788278541223,1
AMG,316,313.09,98936.43999999999,384793.7,120267973.73300001,0.000821219266323747,0.0821219266323747,0.0008226332990330666,0.1,0.00821219266323747,1
AMGN,641,341.88,219145.08,2748571.65,924846433.3675,0.00023321203942418603,0.023321203942418604,0.00023695293844845243,0.1,0.00233212039424186,1
AMH,5641,31.32,176676.12,4809663.25,151325517.75699997,0.0011728471842597295,0.11728471842597295,0.001167523644516507,0.1,0.011728471842597295,1
AMKR,-8265,48.33,-399447.45,4450854.7,223111693.97649997,0.0018569467118304266,0.18569467118304267,0.0017903474393505937,0.1,0.018569467118304265,1
AMN,-978,21.3,-20831.4,1400523.3,26245981.283999998,0.0006983104101159902,0.06983104101159901,0.0007936986533134191,0.1,0.006983104101159901,1
AMP,1230,527.19,648443.7000000001,589544.35,298942902.8545,0.0020863570314938987,0.20863570314938987,0.0021691222431047554,0.1,0.020863570314938986,1
AMPH,10737,26.49,284423.13,323507.05,8726392.391250001,0.0331893848990308,3.3189384899030796,0.03259343807243788,0.1,0.33189384899030794,1
AMPL,-30968,9.17,-283976.56,1277821.2,13206328.1605,0.024235002518349202,2.4235002518349202,0.02150306705609294,0.1,0.24235002518349202,1
AMR,-83,209.8,-17413.4,278366.1,63417737.09099998,0.00029816849106266896,0.029816849106266897,0.0002745824874673942,0.1,0.0029816849106266896,1
AMRC,6,31.34,188.04,524680.85,16614205.974000003,1.1435523137541612e-05,0.0011435523137541613,1.1318025086138249e-05,0.1,0.00011435523137541611,1
AMRX,-16608,13.68,-227197.44,3598268.75,49496482.808,0.004615552965575459,0.4615552965575459,0.004590173424671674,0.1,0.04615552965575459,1
AMSF,-67,37.61,-2519.87,148079.15,5575776.220499999,0.0004524607279282735,0.04524607279282735,0.00045193169531004503,0.1,0.004524607279282735,1
AMT,703,179.28,126033.84,3231853.4,572571298.7965,0.0002175222428096522,0.02175222428096522,0.00022011903192652732,0.1,0.002175222428096522,1
AMZN,-1,239.3,-239.3,42103019.35,10049869754.997501,2.375126571534115e-08,2.3751265715341147e-06,2.3811253860379955e-08,0.1,2.3751265715341147e-07,1
AN,507,204.98,103924.86,316878.5,67354720.5015,0.0015999823276113716,0.15999823276113717,0.0015429484262752687,0.1,0.015999823276113715,1
ANAB,-1995,31.602,-63045.99,488548.55,15039053.234684998,0.0040835245545197095,0.40835245545197096,0.004192151528169022,0.1,0.040835245545197095,1
ANDE,618,61.99,38309.82,282142.6,16259022.878999999,0.002190381743132728,0.2190381743132728,0.002356219084326439,0.1,0.02190381743132728,1
ANET,-1308,141.74,-185395.92,8287606.2,1114491652.0670002,0.00015782603184017117,0.015782603184017117,0.00016635020967286217,0.1,0.0015782603184017116,1
ANF,36,97.63,3514.68,1915238.15,204261364.762,1.879661806026577e-05,0.001879661806026577,1.7206778208376376e-05,0.1,0.0001879661806026577,1
ANGI,-1017,12.98,-13200.66,839056.2,10944956.5015,0.0012120761398342567,0.12120761398342567,0.0012060952456221144,0.1,0.012120761398342566,1
ANGO,6966,10.36,72167.76,903575.45,9716087.6825,0.007709372803344757,0.7709372803344757,0.007427656311704966,0.1,0.07709372803344756,1
ANIP,1463,81.85,119746.54999999999,567396.1,46302741.637,0.0025784456396510304,0.257844563965103,0.0025861654357052554,0.1,0.025784456396510304,1
AON,-419,349.64,-146499.16,1199077.8,410995449.311,0.0003494352076237255,0.03494352076237255,0.0003564495914628587,0.1,0.003494352076237255,1
AORT,20,40.77,815.4000000000001,302329.85,13023076.681,6.61529121256138e-05,0.00661529121256138,6.2611932646425e-05,0.1,0.0006615291212561379,1
AOS,-3482,73.49,-255892.18,1453217.65,103135889.99100001,0.0023960622828934127,0.23960622828934128,0.0024811167094435315,0.1,0.023960622828934127,1
AOSL,5233,22.1,115649.3,296903.95,6592239.956000001,0.017625228630336512,1.7625228630336511,0.017543247935740035,0.1,0.17625228630336512,1
APA,-950,26.41,-25089.5,6332100.05,162061099.677,0.00015002921503111751,0.01500292150311175,0.00015481506697168703,0.1,0.001500292150311175,1
APAM,-12,44.52,-534.24,465784.05,20261155.553999998,2.5763011850663416e-05,0.0025763011850663416,2.636769648089145e-05,0.1,0.00025763011850663415,1
APD,-818,272.5,-222905.0,1577556.3,412868983.9655,0.0005185234910475144,0.05185234910475144,0.0005398928198942314,0.1,0.0051852349104751436,1
APEI,-2185,41.78,-91289.3,222858.45,9023894.4405,0.009804429672736214,0.9804429672736213,0.01011639715002493,0.1,0.09804429672736213,1
APG,1041,41.57,43274.37,2339788.35,97414220.5905,0.0004449120365951048,0.04449120365951048,0.0004442305213518302,0.1,0.004449120365951048,1
APH,223,144.08,32129.840000000004,11418272.0,1696969516.6425,1.9530100526594567e-05,0.0019530100526594567,1.8933657726256485e-05,0.1,0.00019530100526594566,1
APLD,-2343,33.88,-79380.84000000001,41800890.55,1473231471.0640001,5.6051437401732587e-05,0.0056051437401732586,5.388212345387207e-05,0.1,0.0005605143740173258,1
APLE,-2475,11.64,-28809.0,2615207.85,31507705.101999998,0.0009463874926805531,0.09463874926805531,0.000914347773242657,0.1,0.00946387492680553,1
APLS,5453,22.58,123128.73999999999,4016420.55,91902936.47999999,0.001357676551077302,0.1357676551077302,0.0013397693775192415,0.1,0.013576765510773019,1
APO,-393,134.54,-52874.219999999994,3080365.7,432311327.292,0.00012758225427584783,0.012758225427584783,0.00012230588620289998,0.1,0.0012758225427584782,1
APOG,1227,37.13,45558.51,329379.65,11984119.5865,0.0037251846008094303,0.372518460080943,0.003801573379768443,0.1,0.0372518460080943,1
APP,-337,473.11,-159438.07,5617982.7,3213202969.0680003,5.9985944776939234e-05,0.005998594477693924,4.9619669698688697e-05,0.1,0.0005998594477693923,1
APPF,294,189.88,55824.72,379190.45,81294373.3485,0.000775335982222126,0.0775335982222126,0.0006866984478825564,0.1,0.00775335982222126,1
APPN,5030,27.9,140337.0,1021392.85,31337757.263000004,0.0049246477493943685,0.49246477493943686,0.004478208150705593,0.1,0.04924647749394368,1
APTV,24,64.1686,1540.0464,2486773.65,170716306.666695,9.651059315350233e-06,0.0009651059315350233,9.021085507705909e-06,0.1,9.651059315350233e-05,1
AR,-3280,36.37,-119293.59999999999,6687883.55,223294316.807,0.0004904391614294779,0.04904391614294779,0.0005342437806113491,0.1,0.004904391614294779,1
ARCB,599,90.22,54041.78,382287.25,33423140.065000005,0.0015668845874404654,0.15668845874404652,0.0016168971525386806,0.1,0.015668845874404654,1
ARDX,123,7.69,945.87,6636666.55,47625062.0305,1.8533400627156717e-05,0.0018533400627156718,1.9860761533375994e-05,0.1,0.00018533400627156717,1
ARE,-4782,54.64,-261288.48,2913294.9,161297354.143,0.001641440418544652,0.16414404185446518,0.001619917954564535,0.1,0.01641440418544652,1
ARES,-565,149.67,-84563.54999999999,2102048.5,339843274.3705,0.0002687854252649261,0.026878542526492608,0.0002488310241143925,0.1,0.002687854252649261,1
ARI,-15065,10.81,-162852.65,1475385.05,15245353.2155,0.010210893759564663,1.0210893759564663,0.01068211721289784,0.1,0.10210893759564663,1
ARLO,13385,12.69,169855.65,1167458.05,15758161.664499998,0.011465080051484505,1.1465080051484504,0.010778900078341687,0.1,0.11465080051484504,1
ARMK,19485,38.49,749977.65,2567679.85,99235610.246,0.007588562880999358,0.7588562880999358,0.0075575456042527855,0.1,0.07588562880999357,1
AROC,19329,29.59,571945.11,1374575.0,37197997.206999995,0.014061800920284452,1.4061800920284453,0.015375696353145868,0.1,0.1406180092028445,1
ARQT,8,25.37,202.96,1498903.7,40939194.98900001,5.337234139858352e-06,0.0005337234139858351,4.957596260857927e-06,0.1,5.337234139858351e-05,1
ARR,27666,17.4,481388.39999999997,4299584.35,79058825.27050002,0.00643457547239421,0.6434575472394211,0.006088990044475466,0.1,0.06434575472394209,1
ARVN,9402,13.38,125798.76000000001,778397.3,9692854.923000002,0.012078664712737313,1.2078664712737313,0.012978504372483114,0.1,0.12078664712737312,1
ARW,-2000,132.49,-264980.0,554940.0,66671346.995000005,0.003603993224492738,0.3603993224492738,0.003974420976073456,0.1,0.03603993224492738,1
ARWR,1254,69.33,86939.81999999999,2840551.15,190076929.80574998,0.0004414636222973841,0.04414636222973841,0.00045739280452840097,0.1,0.00441463622297384,1
ASAN,18692,10.25,191593.0,3861448.7,44862107.43800001,0.004840670290401631,0.4840670290401631,0.004270708866380919,0.1,0.0484067029040163,1
ASB,1689,27.26,46042.14,2460336.7,65689032.793500006,0.0006864914058307548,0.06864914058307547,0.0007009106093057883,0.1,0.006864914058307547,1
ASC,402,12.92,5193.84,666039.75,7830675.5649999995,0.0006035675798629136,0.06035675798629136,0.0006632684443235519,0.1,0.006035675798629136,1
ASGN,-4677,,,,,,,,0.1,,
ASH,507,61.16,31008.12,592336.35,36926878.9755,0.0008559326132863533,0.08559326132863533,0.000839716782470922,0.1,0.008559326132863533,1
ASIX,-16002,15.84,-253471.68,346114.5,5958863.081,0.04623325518000546,4.623325518000546,0.042536919636264416,0.1,0.4623325518000546,1
ASMB,-2712,25.775,-69901.8,108113.25,3164118.613,0.025084806903871635,2.5084806903871635,0.022092028950116985,0.1,0.2508480690387163,1
ASO,-13,55.01,-715.13,1531475.65,85861220.6605,8.4885450186557e-06,0.0008488545018655701,8.328905581574054e-06,0.1,8.4885450186557e-05,1
ASTE,396,48.72,19293.12,174142.8,8374846.4275,0.0022739958241167597,0.22739958241167596,0.002303698362354239,0.1,0.022739958241167594,1
ASTH,2004,22.74,45570.96,556662.9,14141446.818500001,0.0036000243594462643,0.36000243594462644,0.003222510439340871,0.1,0.03600024359446264,1
ASTS,-915,111.21,-101757.15,17939159.7,1852737687.6924999,5.10057335628714e-05,0.00510057335628714,5.492258870533037e-05,0.1,0.000510057335628714,1
ASUR,-45,9.62,-432.9,74133.1,707646.6479999999,0.0006070162990620923,0.06070162990620923,0.0006117459910585205,0.1,0.006070162990620923,1
ATEC,9058,14.83,134330.14,4027889.9,70430288.75500001,0.002248820157671142,0.2248820157671142,0.0019072779960803952,0.1,0.02248820157671142,1
ATEN,-1290,17.44,-22497.600000000002,579441.85,10169802.764499998,0.002226280342022241,0.2226280342022241,0.002212196295343404,0.1,0.02226280342022241,1
ATEX,-158,26.265,-4149.87,307329.4,7670670.825999999,0.0005141063627495449,0.051410636274954485,0.0005410048344056004,0.1,0.005141063627495448,1
ATGE,274,,,,,,,,0.1,,
ATI,476,120.3,57262.799999999996,1465489.85,179126183.80950004,0.00032480607081652595,0.032480607081652596,0.00031967855721695465,0.1,0.003248060708165259,1
ATKR,1405,69.45,97577.25,388373.75,26974423.7415,0.003617649236077361,0.3617649236077361,0.0036173988714308636,0.1,0.03617649236077361,1
ATO,2286,166.34,380253.24,1549251.6,259341528.39650002,0.0014755511628969755,0.14755511628969756,0.0014662258002067507,0.1,0.014755511628969754,1
ATR,1155,124.95,144317.25,414565.2,51389285.420499995,0.002786051506494033,0.2786051506494033,0.0028083140059081183,0.1,0.027860515064940326,1
ATRC,471,36.93,17394.03,534727.6,20985335.416249998,0.0008808223102753627,0.08808223102753626,0.000828865951150389,0.1,0.008808223102753625,1
ATRO,196,62.994,12346.824,914461.55,52644915.306509994,0.0002143337792605933,0.02143337792605933,0.0002345302281922982,0.1,0.0021433377926059326,1
AUB,-2553,38.84,-99158.52,1237143.3,47283685.0335,0.002063625127339735,0.2063625127339735,0.0020970979721598943,0.1,0.020636251273397348,1
AUR,-230,4.2,-966.0,17928441.8,80328166.7375,1.2828778014606935e-05,0.0012828778014606936,1.202566969014416e-05,0.1,0.00012828778014606934,1
AVA,-187,41.29,-7721.23,624154.65,24893208.2795,0.0002996052340553739,0.02996052340553739,0.00031017416129356734,0.1,0.002996052340553739,1
AVAV,-558,278.39,-155341.62,1840640.3,609606027.1729999,0.0003031553747899576,0.030315537478995756,0.0002548229726670922,0.1,0.003031553747899576,1
AVB,1186,177.67,210716.62,1219508.4,217795166.173,0.0009725230264916586,0.09725230264916586,0.0009674990666809504,0.1,0.009725230264916585,1
AVGO,-2,331.3,-662.6,25739549.65,8683814171.399998,7.770143717335785e-08,7.770143717335785e-06,7.630287646899014e-08,0.1,7.770143717335785e-07,1
AVNS,-1315,13.32,-17515.8,592683.4,7333176.3375,0.0022187225085096023,0.22187225085096024,0.002388569317558702,0.1,0.022187225085096022,1
AVNT,-364,36.15,-13158.6,960573.15,33881180.66900001,0.0003789404273896267,0.03789404273896267,0.0003883748954486589,0.1,0.003789404273896267,1
AVPT,6826,11.63,79386.38,1970181.85,25450533.778500002,0.0034646547982360104,0.34646547982360104,0.0031192422402968895,0.1,0.0346465479823601,1
AVT,-6676,62.39,-416515.64,1346354.95,73517195.846,0.004958573517332855,0.49585735173328555,0.005665553959273628,0.1,0.04958573517332855,1
AVTR,-17798,10.92,-194354.16,12346469.1,146112342.9005,0.0014415457452527866,0.14415457452527866,0.0013301693487479825,0.1,0.014415457452527865,1
AVXL,53276,4.7,250397.2,1437038.35,6622243.277000001,0.03707347128209904,3.7073471282099044,0.03781153749963632,0.1,0.3707347128209904,1
AVY,2299,185.51,426487.49,588602.5,109212436.96200001,0.003905861765792704,0.3905861765792704,0.0039051183350884704,0.1,0.039058617657927036,1
AWI,-407,183.74,-74782.18000000001,531524.25,101544907.608,0.0007657223541541143,0.07657223541541143,0.0007364444142160848,0.1,0.007657223541541142,1
AWK,1679,129.13,216809.27,1491732.4,194018744.2145,0.0011255369930960807,0.11255369930960807,0.00111746558755325,0.1,0.011255369930960806,1
AWR,-1050,72.96,-76608.0,242935.3,17884934.4565,0.004322138445915435,0.43221384459154355,0.004283381646509642,0.1,0.04322138445915435,1
AX,1437,98.99,142248.63,374897.15,34954722.7735,0.003833051278197233,0.3833051278197233,0.004069511033508812,0.1,0.03833051278197233,1
AXGN,9,34.85,313.65000000000003,1051833.8,34463868.82000001,8.5564848743214e-06,0.0008556484874321399,9.10083547607932e-06,0.1,8.556484874321398e-05,1
AXL,-4742,,,,,,,,0.1,,
AXON,288,483.58,139271.04,740674.55,436387172.79899997,0.0003888347453007532,0.03888347453007532,0.00031914558603249386,0.1,0.003888347453007532,1
AXP,-14,352.17,-4930.38,3136386.15,1140210934.4975,4.4637360740800365e-06,0.00044637360740800363,4.3240946484808605e-06,0.1,4.463736074080036e-05,1
AXS,6,103.18,619.08,698966.4,71715876.2245,8.584103613564256e-06,0.0008584103613564256,8.6323981884015e-06,0.1,8.584103613564255e-05,1
AXSM,1202,184.25,221468.5,767322.8,137142073.63975,0.0015664854478454177,0.15664854478454177,0.0016148837050675043,0.1,0.015664854478454174,1
AXTI,5532,18.54,102563.28,8160242.45,169917501.8175,0.0006779210340741776,0.06779210340741776,0.0006036063319136963,0.1,0.006779210340741775,1
AYI,320,309.24,98956.8,503336.6,164491357.10550004,0.0006357574632959337,0.06357574632959337,0.0006015927021413772,0.1,0.006357574632959336,1
AZO,66,3704.29,244483.13999999998,192899.6,679745601.631,0.0003421468992159652,0.03421468992159652,0.0003596685869145464,0.1,0.0034214689921596517,1
AZTA,5679,38.88,220799.52000000002,582239.05,22540686.914,0.009753725724854764,0.9753725724854765,0.00979559854774708,0.1,0.09753725724854764,1
AZZ,-17,124.29,-2112.9300000000003,159524.05,19124698.23,0.00010656700353332305,0.010656700353332304,0.00011048174327193032,0.1,0.0010656700353332304,1
BA,327,233.72,76426.44,9128570.35,2194575804.6915,3.582160047657408e-05,0.003582160047657408,3.482515383456693e-05,0.1,0.00035821600476574077,1
BAC,9898,53.2,526573.6,39621868.0,2127377991.7040005,0.0002498115434638266,0.024981154346382657,0.0002475223500729279,0.1,0.0024981154346382655,1
BAH,-3031,88.42,-268001.02,2718685.0,255133216.40249997,0.0011148772292486992,0.11148772292486993,0.0010504356264501432,0.1,0.011148772292486992,1
BALL,-4245,56.87,-241413.15,2058824.7,114120664.38900001,0.0020618559705447483,0.20618559705447484,0.002115420123888357,0.1,0.020618559705447483,1
BANC,274,19.98,5474.52,2265235.95,46010093.456,0.00012095870189593274,0.012095870189593273,0.00011898519626427947,0.1,0.0012095870189593272,1
BAND,-65,13.97,-908.0500000000001,222815.85,3121115.0095,0.00029172071914991684,0.029172071914991684,0.00029093769285530715,0.1,0.0029172071914991683,1
BANF,-1279,109.95,-140626.05000000002,122140.35,13454896.49425,0.010471559971786554,1.0471559971786555,0.010451663456504261,0.1,0.10471559971786554,1
BANR,-4558,61.84,-281866.72000000003,228712.55,14519347.607499998,0.019928945744341533,1.9928945744341533,0.01941318078605689,0.1,0.1992894574434153,1
BAP,958,356.83,341843.13999999996,492344.2,163338371.48549995,0.0019457932072724732,0.19457932072724732,0.002092852627897949,0.1,0.01945793207272473,1
BATRK,152,39.93,6069.36,380302.4,15114947.032,0.00039968193732145785,0.03996819373214579,0.0004015468917721312,0.1,0.003996819373214579,1
BAX,-9654,20.07,-193755.78,8942911.0,179338104.5635,0.001079514265545078,0.1079514265545078,0.0010803938207755229,0.1,0.01079514265545078,1
BBBY,-153,5.91,-904.23,1983218.55,13173333.944999998,7.714732196307865e-05,0.007714732196307864,6.864093810839775e-05,0.1,0.0007714732196307864,1
BBIO,1602,77.27,123786.54,2992852.5,229888726.19525003,0.0005352752933864934,0.053527529338649335,0.0005384628556985657,0.1,0.005352752933864933,1
BBSI,429,38.0,16302.0,148488.2,5623139.0975,0.0028891184619383894,0.2889118461938389,0.002899092431707359,0.1,0.02889118461938389,1
BBT,-2254,28.35,-63900.9,712948.35,19803126.731,0.0031615193442834956,0.31615193442834955,0.00322680861805368,0.1,0.031615193442834956,1
BBW,-9,59.68,-537.12,333789.85,21612259.2845,2.6963072723751187e-05,0.0026963072723751188,2.4852561360172775e-05,0.1,0.00026963072723751183,1
BBWI,-16,21.8,-348.8,5028565.85,110786156.71149997,3.1818217116516435e-06,0.00031818217116516437,3.148407800699466e-06,0.1,3.1818217116516436e-05,1
BBY,-902,65.1,-58720.2,4596171.55,311751050.679,0.00019625029009197884,0.019625029009197884,0.00018835606126140145,0.1,0.001962502900919788,1
BC,340,80.22,27274.8,1105944.45,93797888.36250001,0.00030742954585105973,0.030742954585105974,0.000290782665539242,0.1,0.003074295458510597,1
BCC,619,80.81,50021.39,370056.6,30204508.783,0.0016727170924663959,0.1672717092466396,0.0016560901671790647,0.1,0.016727170924663956,1
BCO,1034,127.04,131359.36000000002,225689.8,27944036.192500003,0.004581509665035815,0.45815096650358145,0.00470080124056152,0.1,0.04581509665035814,1
BCPC,-2379,170.17,-404834.43,155827.9,25528816.644,0.015266842458892151,1.5266842458892151,0.015857939505987545,0.1,0.1526684245889215,1
BCRX,1956,6.58,12870.48,4955449.7,34720463.277,0.00039471695172286787,0.03947169517228678,0.0003706886022032384,0.1,0.003947169517228679,1
BCSF,-5091,13.17,-67048.47,366175.55,5004745.564,0.01390316748346524,1.390316748346524,0.01339697875598137,0.1,0.1390316748346524,1
BDC,-1542,117.51,-181200.42,243694.05,28539153.073000003,0.006327606275163469,0.6327606275163469,0.0063491870111390255,0.1,0.06327606275163468,1
BDX,-568,203.48,-115576.64,1803928.5,366961281.488,0.0003148683553699606,0.03148683553699606,0.00031495595265894414,0.1,0.003148683553699606,1
BE,-680,151.37,-102931.6,12803837.0,1738405012.2310002,5.31090797235235e-05,0.00531090797235235,5.921036770821413e-05,0.1,0.000531090797235235,1
BEAM,-8388,27.62,-231676.56,2156885.65,67391825.40225,0.0038889405194012026,0.3888940519401203,0.0034377546329567893,0.1,0.038889405194012024,1
BELFB,-325,201.19,-65386.75,163172.75,31992431.62925,0.0019917541378692213,0.19917541378692213,0.0020438193244497953,0.1,0.019917541378692213,1
BEN,-5090,26.62,-135495.80000000002,5707776.65,146450539.9725,0.000891765798158903,0.0891765798158903,0.0009251983640718769,0.1,0.00891765798158903,1
BEPC,-4252,41.64,-177053.28,994747.6,39344590.682,0.00427445112709998,0.427445112709998,0.004500066640190038,0.1,0.0427445112709998,1
BF/B,-45,27.37,-1231.65,5133906.55,137363235.0385,8.765254988912878e-06,0.0008765254988912878,8.966372986591315e-06,0.1,8.765254988912877e-05,1
BFAM,1389,92.63,128663.06999999999,583877.35,56642116.106000006,0.002378924272366448,0.2378924272366448,0.002271508885000342,0.1,0.02378924272366448,1
BFH,594,72.54,43088.76,1048039.75,76160839.021,0.0005667723957989189,0.05667723957989189,0.0005657600487846391,0.1,0.005667723957989189,1
BFS,1166,31.73,36997.18,70595.45,2243247.7649999997,0.01651664519455574,1.651664519455574,0.01649268555049692,0.1,0.16516645194555737,1
BFST,-4134,28.17,-116454.78000000001,128193.75,3475385.7835,0.03224806201550388,3.2248062015503876,0.03350844690476936,0.1,0.32248062015503876,1
BG,-5223,113.88,-594795.24,1801600.15,190060078.61699998,0.0028990894566699498,0.289908945666995,0.0031295117013952363,0.1,0.028990894566699496,1
BGC,11099,9.11,101111.89,1889772.45,16923954.326,0.005873193886385634,0.5873193886385634,0.005974483743711327,0.1,0.05873193886385634,1
BGS,-298,4.37,-1302.26,1724362.6,7348878.663500001,0.00017281748049975104,0.017281748049975103,0.00017720526622217782,0.1,0.0017281748049975103,1
BH,67,375.03,25127.01,70130.3,29340319.840499997,0.0009553645143397362,0.09553645143397362,0.0008563986397079372,0.1,0.009553645143397361,1
BH/A,-117,1968.82,-230351.94,14128.1,30522765.381000005,0.008281368336860582,0.8281368336860582,0.00754688957978201,0.1,0.08281368336860581,1
BHB,-57,33.91,-1932.87,78134.1,2551153.1245,0.000729515026089761,0.07295150260897611,0.0007576456236349289,0.1,0.00729515026089761,1
BHE,-603,52.14,-31440.420000000002,225569.95,10952833.7985,0.0026732284153984163,0.26732284153984165,0.002870528356260258,0.1,0.02673228415398416,1
BHVN,19892,11.83,235322.36000000002,3142348.3,37208128.389,0.006330297631233305,0.6330297631233305,0.0063244879597214405,0.1,0.06330297631233305,1
BIIB,-726,179.89,-130600.13999999998,1562017.5,274717853.3315,0.00046478352515256713,0.04647835251525671,0.000475397351923851,0.1,0.004647835251525671,1
BILL,245,43.17,10576.65,2719333.25,133300751.20349999,9.009561443048586e-05,0.009009561443048585,7.934426403834321e-05,0.1,0.0009009561443048585,1
BIO,1025,293.7,301042.5,234402.15,73030396.70099999,0.00437282678507855,0.43728267850785496,0.004122153426504362,0.1,0.04372826785078549,1
BJ,2309,92.44,213443.96,1905492.15,177406845.5555,0.0012117604367984408,0.12117604367984408,0.0012031326036583303,0.1,0.012117604367984407,1
BJRI,2147,41.82,89787.54,346228.5,14996710.1945,0.006201107072352507,0.6201107072352506,0.0059871491037367195,0.1,0.06201107072352507,1
BK,4264,,,,,,,,0.1,,
BKD,3853,15.0,57795.0,5228917.15,64916123.421000004,0.0007368638457008254,0.07368638457008254,0.0008903027006893581,0.1,0.0073686384570082536,1
BKE,1364,47.3,64517.2,588935.9,31140212.405500002,0.002316041525062405,0.2316041525062405,0.0020718291564576783,0.1,0.02316041525062405,1
BKH,233,72.98,17004.34,996438.15,71660544.1055,0.00023383287763520494,0.023383287763520492,0.00023729013241883696,0.1,0.0023383287763520492,1
BKNG,25,200.074,5001.85,5414677.5,1127898368.2275,4.6170801492794354e-06,0.00046170801492794356,4.434663743560905e-06,0.1,4.6170801492794354e-05,1
BKR,-1991,56.04,-111575.64,10207959.95,537475322.825,0.00019504386868210628,0.019504386868210627,0.00020759211681301433,0.1,0.0019504386868210628,1
BKU,1558,47.47,73958.26,1033574.85,48646222.8575,0.0015073896196293862,0.15073896196293862,0.0015203289311206518,0.1,0.015073896196293861,1
BL,1647,46.47,76536.09,1007461.95,52434549.9425,0.0016348011952213185,0.16348011952213184,0.001459649984293369,0.1,0.016348011952213182,1
BLBD,-21,50.31,-1056.51,447383.55,21872090.7295,4.6939589084131504e-05,0.00469395890841315,4.830402420446397e-05,0.1,0.000469395890841315,1
BLD,-1,468.05,-468.05,305250.95,143969194.4995,3.2759930804474155e-06,0.00032759930804474155,3.251042708317893e-06,0.1,3.275993080447415e-05,1
BLDR,-364,114.4,-41641.6,2054002.8,246316812.02949995,0.00017721494829510455,0.017721494829510454,0.00016905707595392565,0.1,0.0017721494829510455,1
BLFS,-13,21.8,-283.40000000000003,305080.55,7467952.437999999,4.2611697140312616e-05,0.004261169714031262,3.7948822298056534e-05,0.1,0.00042611697140312616,1
BLK,-27,1118.94,-30211.38,768653.9,857978913.3075,3.512634229787945e-05,0.003512634229787945,3.521226399788246e-05,0.1,0.00035126342297879445,1
BLKB,6568,53.7,352701.60000000003,329872.65,18986467.6465,0.019910714028580422,1.9910714028580423,0.018576472810360685,0.1,0.1991071402858042,1
BLMN,13600,6.0,81600.0,2069941.5,14235466.958249997,0.00657023398970454,0.6570233989704539,0.005732161806796909,0.1,0.0657023398970454,1
BLX,-7087,48.47,-343506.89,159668.3,7226239.157500001,0.044385767243717136,4.438576724371714,0.047536053334669884,0.1,0.44385767243717134,1
BMI,-156,146.58,-22866.480000000003,417010.75,67554165.921,0.000374091075589778,0.0374091075589778,0.00033849104179216414,0.1,0.0037409107558977798,1
BMRN,9868,56.54,557936.72,2096937.0,120296707.069,0.0047059115271465,0.47059115271465,0.004638004926269325,0.1,0.047059115271465,1
BMY,-8251,55.05,-454217.55,12805121.6,705987826.323,0.000644351553834522,0.0644351553834522,0.000643378728448766,0.1,0.0064435155383452195,1
BNL,-24541,18.51,-454253.91000000003,1783946.05,32482009.03000001,0.013756581932508553,1.3756581932508554,0.013984784918336065,0.1,0.13756581932508552,1
BOH,4715,74.78,352587.7,416770.85,30185794.547,0.011313171254659485,1.1313171254659484,0.011680583708042291,0.1,0.11313171254659485,1
BOKF,2552,129.94,331606.88,321777.15,41180840.20600001,0.007930954699549051,0.7930954699549051,0.008052455422016503,0.1,0.0793095469954905,1
BOOT,-534,178.48,-95308.31999999999,736559.95,138390978.03149998,0.0007249919032388335,0.07249919032388334,0.0006886888246306512,0.1,0.007249919032388335,1
BOX,-2349,25.35,-59547.15,2643290.2,72335296.08049999,0.0008886651946123811,0.08886651946123811,0.0008232101508747761,0.1,0.00888665194612381,1
BPOP,528,133.53,70503.84,582953.55,74620947.0905,0.000905732540783052,0.0905732540783052,0.0009448263892241036,0.1,0.009057325407830519,1
BPRN,-1925,36.23,-69742.75,15335.4,551740.308,0.12552655946372446,12.552655946372445,0.12640502966478934,0.1,1.2552655946372444,2
BR,-2677,197.11,-527663.4700000001,815450.1,172745339.656,0.003282849557563363,0.3282849557563363,0.0030545742712988593,0.1,0.03282849557563363,1
BRBR,-32,24.87,-795.84,4188922.1,104918359.0915,7.63919672796016e-06,0.0007639196727960159,7.585326408945671e-06,0.1,7.639196727960158e-05,1
BRC,-1429,86.47,-123565.63,167602.7,14017797.273000002,0.008526115629402151,0.8526115629402151,0.008814910616377836,0.1,0.0852611562940215,1
BRK/B,513,480.53,246511.88999999998,4869036.6,2378819327.146,0.00010535965164032656,0.010535965164032655,0.00010362783217158144,0.1,0.0010535965164032656,1
BRKR,4164,44.29,184423.56,2662916.3,133049594.50850001,0.001563699166962176,0.1563699166962176,0.0013861264341412023,0.1,0.01563699166962176,1
BRO,-6671,72.1,-480979.1,3106530.5,240702188.444,0.0021474117186359508,0.21474117186359507,0.0019982331822957274,0.1,0.021474117186359505,1
BROS,-593,54.39,-32253.27,4507944.4,265200814.942,0.00013154554435054698,0.013154554435054698,0.00012161829143343267,0.1,0.0013154554435054696,1
BRSL,2677,14.48,38762.96,1704355.8,24920025.152999997,0.0015706814269649564,0.15706814269649563,0.0015554944171207435,0.1,0.015706814269649563,1
BRSP,37408,5.98,223699.84000000003,656642.1,3881091.844499999,0.05696862872484113,5.696862872484113,0.05763837831279647,0.1,0.5696862872484113,1
BRX,-16076,26.79,-430676.04,2972584.0,77782910.6085,0.00540808939293221,0.5408089392932209,0.005536897971942649,0.1,0.054080893929322096,1
BRZE,907,20.82,18883.74,2641626.5,68265738.29349999,0.0003433490692192859,0.034334906921928594,0.00027662104698570353,0.1,0.003433490692192859,1
BSX,-1028,93.53,-96148.84,12326818.3,1147195501.1405,8.339540463576071e-05,0.008339540463576071,8.381207902612267e-05,0.1,0.0008339540463576071,1
BSY,-8282,35.12,-290863.83999999997,2207720.55,84815400.688,0.0037513805812062584,0.37513805812062584,0.003429375297889178,0.1,0.03751380581206258,1
BTU,200,35.26,7052.0,3201148.8,112569346.271,6.247757055217177e-05,0.006247757055217177,6.264582884778402e-05,0.1,0.0006247757055217177,1
BURL,-864,295.86,-255623.04,835922.9,252548812.5405,0.0010335881455095918,0.10335881455095917,0.001012172805045389,0.1,0.010335881455095917,1
BUSE,-3158,24.65,-77844.7,621910.65,15259977.920000002,0.005077899855871579,0.5077899855871579,0.0051012328070262365,0.1,0.05077899855871579,1
BV,4676,13.36,62471.36,497211.6,6531560.108999999,0.009404446718459506,0.9404446718459506,0.009564538786670455,0.1,0.09404446718459505,1
BW,6451,9.64,62187.64000000001,3452665.2,29189218.156,0.0018684116838203716,0.18684116838203715,0.002130500367212371,0.1,0.018684116838203715,1
BWA,954,47.41,45229.14,1895400.95,90620937.49700001,0.0005033235843846127,0.050332358438461275,0.0004991025390958607,0.1,0.005033235843846127,1
BWIN,-11,21.92,-241.12,1226469.25,30790699.804500002,8.968834726186571e-06,0.0008968834726186571,7.830936014151935e-06,0.1,8.96883472618657e-05,1
BWXT,-801,205.43,-164549.43,1153049.5,236694950.61899996,0.0006946796299725207,0.06946796299725207,0.0006951961990303282,0.1,0.006946796299725206,1
BX,-4264,142.42,-607278.88,4043628.3,620718501.9914999,0.0010544985057108242,0.10544985057108242,0.000978348281953284,0.1,0.010544985057108242,1
BXC,69,69.56,4799.64,97869.15,6990085.694499999,0.0007050229822165617,0.07050229822165617,0.0006866353589594038,0.1,0.007050229822165617,1
BXMT,2226,19.25,42850.5,1456192.35,28109064.791500002,0.0015286442069277453,0.15286442069277453,0.001524437056794494,0.1,0.015286442069277453,1
BXP,-8566,64.67,-553963.22,1939281.15,128023614.7435,0.004417100635459691,0.4417100635459691,0.0043270393599640624,0.1,0.044171006354596906,1
BY,-5305,31.93,-169388.65,229958.35,7061863.0030000005,0.023069394957826058,2.306939495782606,0.023986397063783423,0.1,0.23069394957826056,1
BYD,3151,84.54,266385.54000000004,762749.05,65732172.948999986,0.004131109701152692,0.4131109701152692,0.004052589896985182,0.1,0.04131109701152692,1
BZH,-2008,21.57,-43312.56,530105.3,11986939.6285,0.0037879266628724514,0.3787926662872451,0.003613312600408914,0.1,0.03787926662872451,1
C,2919,115.71,337757.49,14863491.05,1735536153.4455,0.00019638724107147088,0.01963872410714709,0.00019461276524229226,0.1,0.0019638724107147085,1
CAAP,2036,29.64,60347.04,212130.85,5917491.3780000005,0.009597849629132207,0.9597849629132207,0.010198078230305111,0.1,0.09597849629132206,1
CABO,-7,80.99,-566.93,164278.05,14598214.082500001,4.261068353319266e-05,0.004261068353319266,3.883557240605359e-05,0.1,0.00042610683533192656,1
CAC,-3417,47.57,-162546.69,107118.3,4895387.28025,0.03189931132215504,3.189931132215504,0.0332040512209892,0.1,0.3189931132215504,1
CACC,751,498.24,374178.24,162295.1,74771377.703,0.0046273732232211566,0.4627373223221157,0.005004297787400367,0.1,0.04627373223221156,1
CACI,3,620.58,1861.7400000000002,344405.2,211714343.2365,8.710669873741744e-06,0.0008710669873741744,8.793641335487149e-06,0.1,8.710669873741743e-05,1
CAG,-8651,18.51,-160130.01,13316450.95,229416085.8265,0.0006496475699480574,0.06496475699480575,0.00069798946060435,0.1,0.006496475699480574,1
CAH,3015,214.88,647863.2,1737076.05,362958710.17700005,0.0017356753033351648,0.1735675303335165,0.0017849501384994003,0.1,0.017356753033351647,1
CAKE,-29,57.96,-1680.84,1290701.8,74724912.2005,2.246839665056638e-05,0.0022468396650566383,2.249370324437468e-05,0.1,0.0002246839665056638,1
CAL,4866,12.22,59462.520000000004,629604.0,8252651.8785,0.0077286675434082375,0.7728667543408237,0.007205262123671197,0.1,0.07728667543408237,1
CALM,-1925,83.53,-160795.25,1731963.15,135418901.664,0.0011114555179768115,0.11114555179768115,0.0011873914795067792,0.1,0.011114555179768115,1
CALX,-5631,44.67,-251536.77000000002,1149283.3,59921670.53900001,0.004899575239629776,0.4899575239629776,0.004197759637496878,0.1,0.048995752396297755,1
CALY,11969,14.35,171755.15,3159189.05,45770583.587,0.003788630503134974,0.37886305031349743,0.0037525226147385807,0.1,0.03788630503134974,1
CAMT,-2606,146.53,-381857.18,588953.2,82530023.85550001,0.00442479979733534,0.44247997973353403,0.004626888036147732,0.1,0.0442479979733534,1
CAR,-18,114.99,-2069.8199999999997,491417.65,60857857.78349999,3.662872100747704e-05,0.0036628721007477038,3.401072721559346e-05,0.1,0.0003662872100747704,1
CARG,795,32.4,25758.0,836176.85,29712608.759000003,0.0009507558120031666,0.09507558120031666,0.000866904693859904,0.1,0.009507558120031666,1
CARR,-2763,59.58,-164619.54,8027898.6,452929807.1615,0.000344174750787211,0.034417475078721095,0.0003634548607689713,0.1,0.0034417475078721096,1
CARS,34386,11.36,390624.95999999996,585366.5,7063039.283499999,0.05874268513828516,5.874268513828516,0.05530550579161309,0.1,0.5874268513828516,1
CASH,-497,90.29,-44874.130000000005,272926.85,21875679.457999997,0.001821000755330595,0.1821000755330595,0.002051325083920509,0.1,0.01821000755330595,1
CASS,-7,44.96,-314.72,81056.7,3452575.4897499993,8.635930157531704e-05,0.008635930157531703,9.115513938343717e-05,0.1,0.0008635930157531703,1
CASY,-712,606.5,-431828.0,329910.0,201314996.047,0.0021581643478524445,0.21581643478524445,0.0021450364278833125,0.1,0.021581643478524443,1
CAT,-795,657.36,-522601.2,2522978.15,1596854666.3869998,0.00031510379905588955,0.031510379905588956,0.00032726910657588103,0.1,0.0031510379905588955,1
CATY,-452,51.18,-23133.36,390536.25,19650626.779,0.0011573829574079231,0.11573829574079231,0.0011772326786401485,0.1,0.011573829574079231,1
CB,1099,309.56,340206.44,1625365.1,495573795.69949996,0.0006761557757084854,0.06761557757084855,0.0006864899697123822,0.1,0.006761557757084854,1
CBOE,-566,265.06,-150023.96,840813.6,222866214.52499995,0.0006731575226661415,0.06731575226661414,0.0006731570342312747,0.1,0.0067315752266614145,1
CBRE,1757,170.33,299269.81,1269936.9,213171451.981,0.0013835333078360036,0.13835333078360035,0.0014038925344781812,0.1,0.013835333078360035,1
CBRL,-7,30.12,-210.84,1747994.35,54455253.086500004,4.004589602935501e-06,0.0004004589602935501,3.871802774749556e-06,0.1,4.004589602935501e-05,1
CBSH,-3111,52.64,-163763.04,1283142.4,68686244.498,0.0024245165618406814,0.24245165618406814,0.002384218866483062,0.1,0.024245165618406814,1
CBT,4078,72.19,294390.82,456752.05,32671207.7815,0.008928257683791458,0.8928257683791457,0.009010711265063734,0.1,0.08928257683791457,1
CBU,-2310,62.5,-144375.0,245416.7,15091376.983000001,0.009412562388786093,0.9412562388786093,0.009566721457070104,0.1,0.09412562388786093,1
CBZ,3445,39.35,135560.75,860374.7,38177606.714999996,0.00400406938976704,0.400406938976704,0.0035507922487644605,0.1,0.04004069389767039,1
CC,-4726,14.99,-70842.74,2999820.55,44425219.919,0.001575427570159155,0.1575427570159155,0.001594651419377704,0.1,0.01575427570159155,1
CCBG,-2498,41.76,-104316.48,79929.7,3436559.679,0.03125246310195084,3.1252463101950836,0.030354915887960052,0.1,0.31252463101950834,1
CCC,-1041,7.58,-7890.78,8249889.95,65716830.802,0.0001261835013932519,0.01261835013932519,0.00012007243659960326,0.1,0.001261835013932519,1
CCEP,4803,91.7,440435.10000000003,1594494.5,141767006.417,0.0030122399293318353,0.3012239929331835,0.0031067531940717147,0.1,0.030122399293318353,1
CCI,-141,86.81,-12240.210000000001,2949037.45,256780222.31249994,4.781221072658809e-05,0.004781221072658809,4.766804035672086e-05,0.1,0.0004781221072658809,1
CCK,-2615,104.68,-273738.2,1096151.15,113831343.66599998,0.002385619902875621,0.2385619902875621,0.0024047699972969943,0.1,0.023856199028756207,1
CCL,1462,30.02,43889.24,19415558.35,587129228.2415,7.530043553962485e-05,0.0075300435539624845,7.475226558121089e-05,0.1,0.0007530043553962484,1
CCNE,-3462,27.7,-95897.4,148178.05,3969274.2790000006,0.023363784312183892,2.3363784312183893,0.024159932838947053,0.1,0.2336378431218389,1
CCOI,3946,24.3,95887.8,794487.5,18073263.036250003,0.004966723831400746,0.4966723831400746,0.005305505696878057,0.1,0.04966723831400746,1
CCRN,-47,9.32,-438.04,633524.15,5540739.738,7.418817419983121e-05,0.0074188174199831215,7.905803569797633e-05,0.1,0.0007418817419983121,1
CCS,38,62.98,2393.24,293551.75,19130177.103,0.00012944906647635384,0.012944906647635384,0.00012510286690574815,0.1,0.0012944906647635384,1
CDE,14462,20.44,295603.28,28920119.9,651158107.6570001,0.0005000670830552124,0.050006708305521244,0.0004539654448343445,0.1,0.005000670830552124,1
CDNA,1804,20.55,37072.200000000004,778677.25,15395675.912999997,0.0023167493335653506,0.23167493335653505,0.0024079618335364223,0.1,0.023167493335653506,1
CDNS,-1658,296.36,-491364.88,1935737.2,606292701.9005,0.0008565212261251166,0.08565212261251166,0.0008104416867624426,0.1,0.008565212261251166,1
CDP,-6129,30.81,-188834.49,1308457.45,38768683.715,0.004684141620348449,0.46841416203484487,0.00487079962240085,0.1,0.04684141620348449,1
CDRE,-1977,40.01,-79099.76999999999,232279.95,9822005.022,0.008511281322387059,0.8511281322387059,0.008053322088802328,0.1,0.08511281322387058,1
CDW,-407,126.39,-51440.73,1525711.45,197716267.19750002,0.00026676079543087915,0.026676079543087913,0.0002601744951446789,0.1,0.0026676079543087915,1
CDZI,-13221,5.64,-74566.44,951499.55,5931882.901999999,0.013894909356499433,1.3894909356499432,0.012570450434019713,0.1,0.13894909356499432,1
CE,4066,44.44,180693.03999999998,2068458.35,94694642.036,0.001965715190736134,0.19657151907361342,0.0019081654052961732,0.1,0.01965715190736134,1
CECO,-3493,67.43,-235532.99000000002,241456.65,15847535.298750004,0.014466364873363398,1.4466364873363398,0.014862436685569523,0.1,0.14466364873363396,1
CEG,-920,280.68,-258225.6,3974681.05,1240056564.8419998,0.00023146511340828218,0.023146511340828218,0.00020823695250780878,0.1,0.0023146511340828217,1
CELC,430,109.42,47050.6,771786.65,84230076.36850002,0.0005571487923508394,0.05571487923508394,0.0005585961930529101,0.1,0.005571487923508394,1
CELH,-1883,52.48,-98819.84,4041318.55,214244042.82,0.0004659370392863488,0.04659370392863488,0.0004612489509592797,0.1,0.004659370392863488,1
CENTA,215,30.67,6594.05,249963.5,7377277.189,0.0008601255783344369,0.08601255783344369,0.0008938324846777016,0.1,0.008601255783344369,1
CENX,808,45.33,36626.64,2275037.35,104664470.57000001,0.0003551590043126105,0.03551590043126105,0.00034994339340305516,0.1,0.003551590043126105,1
CERT,-11412,8.79,-100311.48,1943253.05,18403834.1675,0.005872626830561259,0.587262683056126,0.005450575085986359,0.1,0.05872626830561259,1
CEVA,-28,21.09,-590.52,293224.7,6663207.781000001,9.548990927435513e-05,0.009548990927435512,8.86239810326575e-05,0.1,0.0009548990927435513,1
CF,-2200,93.23,-205106.0,2528133.6,217743453.3625,0.0008702071757600152,0.08702071757600152,0.0009419617298828216,0.1,0.008702071757600151,1
CFFN,290,7.28,2111.2000000000003,999619.2,6838474.3715,0.0002901104740685253,0.029011047406852532,0.00030872383009851283,0.1,0.002901104740685253,1
CFG,7512,62.98,473105.75999999995,5732664.75,353666535.522,0.001310385366595875,0.1310385366595875,0.0013377170653189215,0.1,0.01310385366595875,1
CFR,-271,137.82,-37349.22,579494.0,79386837.60350001,0.0004676493630650188,0.04676493630650188,0.0004704711905333958,0.1,0.004676493630650188,1
CG,7563,58.78,444553.14,2360099.3,148208381.1155,0.0032045261824364766,0.3204526182436477,0.002999514174934251,0.1,0.03204526182436476,1
CGNX,728,38.74,28202.72,1588768.35,62581997.428750016,0.000458216580157831,0.0458216580157831,0.00045065228274487353,0.1,0.00458216580157831,1
CHCO,-292,123.09,-35942.28,85447.0,10446005.082249997,0.0034173230189474177,0.3417323018947418,0.003440767998579059,0.1,0.03417323018947418,1
CHCT,274,17.28,4734.72,172277.4,2907383.1904999996,0.0015904581796567629,0.1590458179656763,0.001628515984914167,0.1,0.01590458179656763,1
CHD,-3069,96.25,-295391.25,2866585.15,258094356.65750003,0.0010706118393168959,0.10706118393168959,0.001144508751859283,0.1,0.010706118393168958,1
CHDN,1007,98.36,99048.52,779328.55,82305179.6995,0.001292137956449818,0.1292137956449818,0.0012034299707701353,0.1,0.01292137956449818,1
CHE,-127,427.14,-54246.78,158026.75,69897371.385,0.0008036614054266129,0.08036614054266128,0.0007760918461612045,0.1,0.008036614054266127,1
CHEF,1606,62.9,101017.4,454703.55,28391794.15,0.0035319715449769417,0.3531971544976942,0.003557978740839807,0.1,0.03531971544976942,1
CHH,-1042,102.8,-107117.59999999999,825656.6,86290369.3995,0.001262025883399951,0.1262025883399951,0.0012413621675910994,0.1,0.012620258833999509,1
CHKP,952,179.51,170893.52,1260856.85,232632581.22349995,0.0007550420969676295,0.07550420969676296,0.0007346069888457084,0.1,0.0075504209696762945,1
CHRD,-762,100.24,-76382.87999999999,815478.3,76593006.07049999,0.0009344209404468518,0.09344209404468519,0.0009972565893247931,0.1,0.009344209404468519,1
CHRW,-1364,194.95,-265911.8,2110965.4,376210106.48975,0.0006461498611014658,0.06461498611014659,0.0007068172688955789,0.1,0.006461498611014658,1
CHTR,-2091,206.12,-430996.92,2267335.35,449032137.97749996,0.0009222279359777987,0.09222279359777986,0.0009598353515213121,0.1,0.009222279359777987,1
CHWY,8283,29.11,241118.13,7466253.95,240383519.94750005,0.0011093916782726095,0.11093916782726095,0.0010030559917446104,0.1,0.011093916782726095,1
CI,-850,274.11,-232993.5,1539586.25,425592329.861,0.0005520963830379753,0.055209638303797534,0.0005474569996975662,0.1,0.005520963830379753,1
CIEN,1332,251.81,335410.92,2464696.1,594352052.6194999,0.0005404317392314614,0.054043173923146136,0.0005643303804903787,0.1,0.005404317392314614,1
CIM,-25506,12.35,-314999.1,820813.65,10542032.633,0.03107404463851204,3.107404463851204,0.02988030021970811,0.1,0.3107404463851204,1
CINF,-1610,160.89,-259032.89999999997,666711.4,107246611.49700001,0.0024148379643725904,0.24148379643725904,0.002415301484907482,0.1,0.024148379643725904,1
CL,-7482,90.29,-675549.78,7619007.75,635735342.1169999,0.000982017638714175,0.0982017638714175,0.001062627378478626,0.1,0.009820176387141749,1
CLB,-2879,19.54,-56255.659999999996,353659.35,6681935.782500001,0.008140601966270651,0.8140601966270651,0.0084190662453437,0.1,0.08140601966270651,1
CLBK,23950,7.3955,177122.225,257138.65,1851593.9455149998,0.09314041276953115,9.314041276953116,0.09565932391874152,0.1,0.9314041276953114,1
CLF,2742,13.76,37729.92,16247098.5,221564917.42900005,0.00016876859582035526,0.016876859582035525,0.00017028833101292068,0.1,0.0016876859582035525,1
CLFD,3778,29.77,112471.06,135589.6,4190623.783500001,0.027863493955288605,2.7863493955288603,0.026838739483806485,0.1,0.27863493955288604,1
CLH,-2349,259.91,-610528.5900000001,437160.7,112043838.7875,0.005373310089401906,0.5373310089401906,0.005449015283722257,0.1,0.05373310089401906,1
CLSK,-2642,11.84,-31281.28,31697229.1,402067633.943,8.335113431097988e-05,0.008335113431097989,7.780103982315238e-05,0.1,0.0008335113431097988,1
CLX,-2673,112.79,-301487.67000000004,2292161.05,248097964.09899998,0.0011661484257399803,0.11661484257399803,0.0012151960661785021,0.1,0.011661484257399803,1
CMC,1559,76.87,119840.33,1411830.0,105506644.0645,0.001104240595539123,0.11042405955391231,0.0011358557658865285,0.1,0.01104240595539123,1
CMCO,-4329,21.08,-91255.31999999999,400183.45,8167842.661499999,0.010817538806264976,1.0817538806264977,0.011172511981669494,0.1,0.10817538806264976,1
CMCSA,-8074,29.75,-240201.5,38827794.9,1113212242.1515002,0.00020794382016270515,0.020794382016270516,0.00021577331878399366,0.1,0.0020794382016270513,1
CME,-1828,289.06,-528401.68,2020594.2,556438581.7565,0.0009046843745270575,0.09046843745270575,0.0009496136632582227,0.1,0.009046843745270575,1
CMG,-6,38.87,-233.21999999999997,15772164.15,623877413.7770001,3.804170399786259e-07,3.8041703997862587e-05,3.7382343846697194e-07,0.1,3.8041703997862586e-06,1
CMI,637,578.82,368708.34,838785.8,473575628.45,0.000759431072867471,0.07594310728674711,0.0007785627423581156,0.1,0.00759431072867471,1
CMP,-3366,24.98,-84082.68000000001,457918.95,10809958.560500002,0.007350645785678885,0.7350645785678885,0.007778261084852009,0.1,0.07350645785678885,1
CMPR,-1764,79.09,-139514.76,137781.8,10404491.411500001,0.012802852045770923,1.2802852045770923,0.013409089832665482,0.1,0.12802852045770924,1
CMRE,17,16.78,285.26,515380.85,8289327.0375,3.2985315616596934e-05,0.0032985315616596935,3.441292624956348e-05,0.1,0.00032985315616596933,1
CMS,1180,71.49,84358.2,3045538.95,215740264.5645,0.00038745194836532955,0.03874519483653296,0.0003910174123976722,0.1,0.0038745194836532952,1
CNA,-2678,47.86,-128169.08,345495.9,16134094.163999999,0.007751177365635887,0.7751177365635886,0.007943989832784269,0.1,0.07751177365635886,1
CNC,1885,43.32,81658.2,6604848.8,296029862.6285,0.0002853963893919873,0.02853963893919873,0.0002758444681051527,0.1,0.0028539638939198727,1
CNH,-12719,10.76,-136856.44,12664604.9,133383185.00000003,0.0010042950491096646,0.10042950491096646,0.0010260396765904185,0.1,0.010042950491096644,1
CNK,-9601,23.68,-227351.68,2751635.3,64805655.192999996,0.0034891978599053447,0.34891978599053447,0.0035082074137344336,0.1,0.03489197859905344,1
CNM,1984,53.36,105866.24,2060969.8,115362478.45250002,0.0009626536012318084,0.09626536012318085,0.0009176834740386577,0.1,0.009626536012318084,1
CNMD,-6014,38.39,-230877.46,685676.6,28112229.726,0.00877089870064109,0.877089870064109,0.008212705368812124,0.1,0.08770898700641089,1
CNNE,-178,14.41,-2564.98,444314.3,6915712.484999999,0.00040061731076402446,0.04006173107640244,0.00037089164790516884,0.1,0.004006173107640244,1
CNO,142,42.05,5971.099999999999,538745.2,22636175.7205,0.00026357543417556204,0.026357543417556202,0.000263785723954793,0.1,0.00263575434175562,1
CNOB,97,26.62,2582.14,273539.5,7402981.31,0.0003546105772658062,0.03546105772658062,0.0003487973144700537,0.1,0.003546105772658062,1
CNP,-7203,39.69,-285887.07,4988403.55,194327135.04549998,0.0014439489363285375,0.14439489363285374,0.0014711639212560926,0.1,0.014439489363285374,1
CNR,-766,95.38,-73061.08,698843.95,66942074.73599999,0.0010960959166921313,0.10960959166921314,0.0010914074636636463,0.1,0.010960959166921313,1
CNS,3499,64.26,224845.74000000002,386847.65,25872012.675,0.00904490436997614,0.9044904369976139,0.00869069379427397,0.1,0.0904490436997614,1
CNX,13491,38.8,523450.8,2220832.65,81552721.12550001,0.006074748585851347,0.6074748585851347,0.006418557134279689,0.1,0.060747485858513466,1
CNXC,106,37.35,3959.1000000000004,1216817.8,49826117.535500005,8.711246663222711e-05,0.008711246663222712,7.945832819864461e-05,0.1,0.000871124666322271,1
CNXN,-860,58.81,-50576.6,69076.85,4001194.993,0.012449901812256928,1.2449901812256927,0.01264037371047465,0.1,0.12449901812256928,1
COCO,-1446,53.35,-77144.1,644255.4,34599867.26675,0.0022444515016870636,0.22444515016870636,0.0022296068191606745,0.1,0.022444515016870635,1
COF,-955,218.93,-209078.15,6433765.85,1492188246.4589999,0.00014843561644382815,0.014843561644382814,0.0001401151299081384,0.1,0.0014843561644382814,1
COHR,1,212.18,212.18,4602183.35,901382799.2605,2.1728817040720467e-07,2.1728817040720466e-05,2.3539388612038504e-07,0.1,2.1728817040720466e-06,1
COHU,-902,28.54,-25743.079999999998,796621.65,22300331.961,0.0011322815542359412,0.11322815542359412,0.0011543810219964824,0.1,0.01132281554235941,1
COIN,-715,194.74,-139239.1,9262814.45,2137832961.7695003,7.719036194231442e-05,0.007719036194231441,6.513095386308889e-05,0.1,0.0007719036194231441,1
COKE,709,152.06,107810.54000000001,403254.6,60579245.655999996,0.0017581944508506537,0.17581944508506536,0.001779661315233331,0.1,0.017581944508506538,1
COLB,-4040,29.44,-118937.6,2783433.75,80661801.99100001,0.0014514446409942395,0.14514446409942394,0.001474521980221452,0.1,0.014514446409942395,1
COLD,-2642,12.41,-32787.22,4909922.55,63798173.195499994,0.0005380940275727975,0.053809402757279745,0.0005139209848458897,0.1,0.005380940275727974,1
COLL,-4897,45.92,-224870.24000000002,517759.55,24135463.5255,0.009458058282073214,0.9458058282073214,0.009317005234327337,0.1,0.09458058282073213,1
COLM,-1113,55.28,-61526.64,536433.8,29256262.104000002,0.002074813332045818,0.20748133320458179,0.002103024637299373,0.1,0.02074813332045818,1
COO,3478,81.38,283039.63999999996,2213231.65,182055722.72800002,0.0015714577369250978,0.1571457736925098,0.0015546868604777383,0.1,0.015714577369250977,1
COP,5756,104.23,599947.88,9374348.85,923635957.0045,0.00061401598042727,0.061401598042727,0.0006495501560438676,0.1,0.006140159804272699,1
COR,93,359.22,33407.46,1146946.3,399941804.5005001,8.108487729547582e-05,0.008108487729547581,8.353080279198027e-05,0.1,0.0008108487729547581,1
CORT,-397,39.87,-15828.39,2685674.8,104807842.70725,0.00014782132222412037,0.014782132222412037,0.00015102295392351476,0.1,0.0014782132222412037,1
COST,-92,940.25,-86503.0,2769376.1,2601020328.6125,3.322047879303934e-05,0.0033220478793039338,3.325733330432852e-05,0.1,0.00033220478793039335,1
COUR,16119,6.06,97681.14,3813787.8,25120302.396,0.004226506781525706,0.42265067815257057,0.0038885336036223084,0.1,0.04226506781525705,1
CPAY,-446,314.63,-140324.98,504432.55,162108719.22349998,0.0008841618170754445,0.08841618170754445,0.000865622655413947,0.1,0.008841618170754444,1
CPB,-1868,27.98,-52266.64,7575975.65,202716193.3445,0.0002465689023168917,0.02465689023168917,0.0002578315976522754,0.1,0.0024656890231689165,1
CPF,-11306,32.57,-368236.42,156706.9,4991897.194,0.07214742937292487,7.214742937292487,0.07376682765875085,0.1,0.7214742937292487,1
CPK,-757,128.68,-97410.76000000001,119597.85,14952173.866500001,0.006329545221757749,0.6329545221757749,0.0065148225849785335,0.1,0.06329545221757749,1
CPNG,13482,20.16,271797.12,24619486.05,516230685.937,0.0005476150059598828,0.05476150059598828,0.0005265032230826543,0.1,0.0054761500595988276,1
CPRI,1419,22.57,32026.83,2612324.35,64399023.2025,0.0005431944161145227,0.054319441611452274,0.0004973185680051853,0.1,0.005431944161145227,1
CPRT,-1453,40.58,-58962.74,8138076.4,326559570.84950006,0.0001785434208998087,0.01785434208998087,0.0001805573783877058,0.1,0.0017854342089980869,1
CPRX,-3975,24.3,-96592.5,1233414.65,28717969.530500006,0.003222760488534817,0.3222760488534817,0.003363486401690539,0.1,0.03222760488534817,1
CPS,6,31.37,188.22,205256.35,6710206.3355,2.923173875010444e-05,0.002923173875010444,2.8049808096694705e-05,0.1,0.0002923173875010444,1
CPT,4051,109.05,441761.55,1359264.95,147568950.6355,0.0029802872501052866,0.2980287250105287,0.002993594167997881,0.1,0.029802872501052863,1
CR,-1658,182.64,-302817.12,505478.7,97873001.1785,0.0032800590806299056,0.32800590806299057,0.0030939801207048364,0.1,0.03280059080629905,1
CRAI,2,188.94,377.88,132480.75,27352034.303000003,1.5096532892514572e-05,0.0015096532892514571,1.3815425785662811e-05,0.1,0.00015096532892514572,1
CRBG,3661,30.83,112868.62999999999,3913730.05,119185760.29349999,0.0009354247618585754,0.09354247618585754,0.0009469976087919916,0.1,0.009354247618585753,1
CRC,-1179,53.5,-63076.5,922761.95,44489050.11,0.0012776859730724702,0.12776859730724702,0.001417798308663417,0.1,0.012776859730724701,1
CRDO,-1458,125.28,-182658.24,6173050.15,869643840.0210001,0.00023618794025187046,0.023618794025187045,0.00021003798520045764,0.1,0.0023618794025187045,1
CRGY,6944,9.77,67842.87999999999,6348590.55,54611017.838,0.0010937860845349366,0.10937860845349366,0.0012422929050919988,0.1,0.010937860845349366,1
CRH,4647,122.41,568839.27,4846788.3,603866251.2815001,0.0009587792394398576,0.09587792394398575,0.0009419954647123146,0.1,0.009587792394398576,1
CRI,-2154,34.61,-74549.94,1341230.2,47623058.2055,0.0016059882934338938,0.16059882934338937,0.001565416896964215,0.1,0.016059882934338937,1
CRK,-5998,24.35,-146051.30000000002,2704736.4,61626816.773,0.002217591333484476,0.22175913334844757,0.0023699309431797254,0.1,0.022175913334844758,1
CRL,-2002,210.48,-421380.95999999996,690876.25,150344405.32999998,0.0028977693183113475,0.28977693183113473,0.0028027711378756366,0.1,0.028977693183113475,1
CRM,2733,212.29,580188.57,9623892.35,2249607438.4934998,0.0002839807325982818,0.028398073259828183,0.0002579065840876381,0.1,0.002839807325982818,1
CRNX,-3596,49.94,-179584.24,1584442.8,82139688.09925,0.0022695675729032315,0.22695675729032314,0.002186327269504688,0.1,0.022695675729032312,1
CROX,-1786,83.92,-149881.12,1007224.05,85761412.49700001,0.0017731903840064183,0.17731903840064184,0.0017476521857104784,0.1,0.01773190384006418,1
CRS,1314,317.83,417628.62,920410.4,304400977.38150007,0.0014276240251087993,0.14276240251087993,0.00137196872228368,0.1,0.014276240251087993,1
CRSP,-3712,49.96,-185451.52,1840275.8,101965340.7015,0.002017088960252588,0.20170889602525882,0.0018187701695903012,0.1,0.02017088960252588,1
CRUS,-2507,130.34,-326762.38,535284.3,67612731.461,0.004683492491746909,0.4683492491746909,0.004832852821342993,0.1,0.04683492491746909,1
CRVL,-9,69.63,-626.67,171502.7,11899774.0865,5.247730793742605e-05,0.005247730793742605,5.266234429701834e-05,0.1,0.0005247730793742605,1
CRWD,-536,110.3513,-59148.2968,11192915.6,1283108243.4015799,4.7887433369014235e-05,0.004788743336901423,4.6097667210986895e-05,0.1,0.0004788743336901423,1
CSCO,-4,78.32,-313.28,19005173.4,1436884011.895,2.104690084016808e-07,2.104690084016808e-05,2.1802734069456182e-07,0.1,2.1046900840168076e-06,1
CSGP,750,61.5,46125.0,7222822.05,458634399.90500003,0.00010383752981980222,0.010383752981980222,0.0001005703017688036,0.1,0.001038375298198022,1
CSIQ,19,19.125,363.375,4322894.0,92672507.2675,4.395203768586507e-06,0.00043952037685865067,3.9210658124433266e-06,0.1,4.3952037685865064e-05,1
CSL,1387,340.89,472814.43,392171.6,136067049.88050002,0.0035367170901717516,0.35367170901717515,0.0034748635354058615,0.1,0.035367170901717516,1
CSR,-954,64.27,-61313.579999999994,139904.85,9123147.606,0.006818920144655457,0.6818920144655457,0.006720660746481403,0.1,0.06818920144655456,1
CSTM,-8432,22.47,-189467.03999999998,1439880.25,31304155.549999993,0.005856042542426706,0.5856042542426706,0.00605245650844589,0.1,0.05856042542426705,1
CSV,-3195,42.91,-137097.44999999998,77628.8,3330658.7875,0.041157405498990066,4.115740549899007,0.041162262106982636,0.1,0.41157405498990063,1
CSW,-400,269.98,-107992.0,178425.65,54632128.1245,0.0022418301404534607,0.22418301404534607,0.00197671230661012,0.1,0.022418301404534605,1
CSX,-8292,37.76,-313105.92,15604739.9,565638252.608,0.0005313770080845756,0.05313770080845756,0.0005535444580637112,0.1,0.005313770080845756,1
CTAS,1700,191.39,325363.0,1707052.6,327529479.099,0.0009958685514435818,0.09958685514435818,0.0009933853920417797,0.1,0.009958685514435817,1
CTBI,-107,61.7,-6601.900000000001,78916.5,4737320.962250001,0.0013558634759524308,0.13558634759524307,0.001393593563241367,0.1,0.013558634759524308,1
CTMX,-22179,5.69,-126198.51000000001,3338846.7,17153938.608999997,0.006642712886458668,0.6642712886458668,0.007356824160125454,0.1,0.06642712886458668,1
CTO,587,17.77,10430.99,247071.9,4473196.279500001,0.0023758266318427957,0.23758266318427956,0.0023318873906346765,0.1,0.023758266318427954,1
CTRA,-7819,28.85,-225578.15000000002,11219148.7,294796693.7695,0.0006969334491484189,0.06969334491484189,0.00076519904994721,0.1,0.006969334491484189,1
CTRE,-2029,37.34,-75762.86,1768848.35,65477662.62099999,0.0011470740270074593,0.11470740270074593,0.0011570794827929815,0.1,0.011470740270074593,1
CTS,-1530,51.41,-78657.29999999999,160390.8,7792825.880500001,0.00953920050277198,0.953920050277198,0.010093552865953833,0.1,0.09539200502771979,1
CTSH,-3356,82.06,-275393.36,4565126.7,384014463.68999994,0.000735138413573494,0.0735138413573494,0.0007171431965185416,0.1,0.00735138413573494,1
CTVA,142,72.8,10337.6,3801900.85,268430260.84500003,3.734973782917037e-05,0.003734973782917037,3.851130631642627e-05,0.1,0.0003734973782917037,1
CUBE,-8561,37.53,-321294.33,2329029.4,87616211.50649999,0.00367578013399058,0.367578013399058,0.003667064855642202,0.1,0.0367578013399058,1
CUBI,-497,79.02,-39272.939999999995,342561.25,26535298.5485,0.0014508354345390787,0.14508354345390786,0.0014800263101701575,0.1,0.014508354345390786,1
CUZ,145,25.24,3659.7999999999997,1623893.2,42361967.3925,8.92915864171363e-05,0.00892915864171363,8.639353234212516e-05,0.1,0.0008929158641713629,1
CVBF,8625,19.71,169998.75,1482117.35,29064473.59375,0.005819377257812952,0.5819377257812952,0.005849022155920153,0.1,0.05819377257812952,1
CVCO,3,492.02,1476.06,226000.45,141305335.26049998,1.3274309852037905e-05,0.0013274309852037904,1.0445890081070511e-05,0.1,0.00013274309852037903,1
CVI,213,22.74,4843.62,1469365.05,34609979.075,0.00014496057327619165,0.014496057327619164,0.0001399486543896444,0.1,0.0014496057327619163,1
CVLG,2340,24.6,57564.0,167884.15,4248753.570499999,0.01393818296724259,1.393818296724259,0.013548444042431433,0.1,0.1393818296724259,1
CVLT,3385,85.7,290094.5,1116750.55,116914912.14500001,0.003031115587988741,0.3031115587988741,0.002481244647733383,0.1,0.03031115587988741,1
CVNA,1,80.222,80.222,19987604.0,1744638613.3830001,5.003100921951425e-08,5.003100921951425e-06,4.598201563614532e-08,0.1,5.003100921951425e-07,1
CVS,-5326,74.52,-396893.51999999996,10320414.4,803784683.1635,0.0005160645487258729,0.05160645487258729,0.0004937808947017056,0.1,0.005160645487258728,1
CVX,-2981,176.9,-527338.9,13234029.25,2185335452.3599997,0.00022525263800516384,0.022525263800516383,0.00024130798749021038,0.1,0.002252526380051638,1
CW,893,656.69,586424.17,223775.1,141927031.5445,0.003990613790363628,0.39906137903636285,0.004131870888993629,0.1,0.03990613790363628,1
CWEN,12283,36.15,444030.45,1241359.0,43137061.746999994,0.009894800778823853,0.9894800778823853,0.010293479250029831,0.1,0.09894800778823852,1
CWH,5869,13.19,77412.11,2636166.65,33581174.977,0.002226338763522405,0.2226338763522405,0.002305223389384682,0.1,0.02226338763522405,1
CWK,267,16.44,4389.4800000000005,1463962.15,24334408.7125,0.00018238176444657398,0.0182381764446574,0.00018038161731643928,0.1,0.0018238176444657398,1
CWST,4430,100.88,446898.39999999997,603684.15,62002369.948999986,0.0073382744933753845,0.7338274493375384,0.00720776319304562,0.1,0.07338274493375384,1
CWT,-225,44.7,-10057.5,346618.45,15387861.062,0.0006491287466088432,0.06491287466088433,0.0006535996107241172,0.1,0.006491287466088432,1
CXM,4198,6.38,26783.239999999998,1648045.5,11463896.3355,0.0025472597692236046,0.25472597692236043,0.0023363121242697318,0.1,0.025472597692236046,1
CXT,-5,50.52,-252.60000000000002,514125.65,25884166.035000004,9.725249070922643e-06,0.0009725249070922644,9.758861833077404e-06,0.1,9.725249070922642e-05,1
CXW,12690,18.53,235145.7,905888.1,17580234.1415,0.014008352687268992,1.4008352687268992,0.01337557270895009,0.1,0.1400835268726899,1
CYD,943,45.38,42793.340000000004,176309.85,7560735.8235,0.005348538382852688,0.5348538382852688,0.005659943820149267,0.1,0.053485383828526877,1
CYRX,-1049,9.51,-9975.99,345288.9,3618251.6870000004,0.0030380356854796085,0.30380356854796087,0.0027571299243340885,0.1,0.030380356854796085,1
CYTK,1136,63.19,71783.84,1796424.1,114407549.48774998,0.0006323673791728802,0.06323673791728801,0.0006274397128634081,0.1,0.006323673791728802,1
CZR,-3481,20.7,-72056.7,4935003.6,115616347.76149997,0.0007053692929423598,0.07053692929423598,0.0006232397182156514,0.1,0.007053692929423597,1
D,7820,60.17,470529.4,6024244.3,358677407.13549995,0.0012980881270037471,0.1298088127003747,0.0013118456603045672,0.1,0.012980881270037471,1
DAKT,-2935,23.15,-67945.25,355465.0,7603409.902,0.008256790401305333,0.8256790401305333,0.008936155077227613,0.1,0.08256790401305332,1
DAL,-1182,65.89,-77881.98,8210366.95,568619944.0105001,0.00014396433280000962,0.014396433280000962,0.00013696666960130727,0.1,0.001439643328000096,1
DAN,16,28.9,462.4,1877340.85,52774504.232,8.522693148662908e-06,0.0008522693148662908,8.761806609632197e-06,0.1,8.522693148662908e-05,1
DAR,-206,45.66,-9405.96,2451569.4,100627991.61700001,8.402780684079349e-05,0.008402780684079349,9.347259990838337e-05,0.1,0.0008402780684079349,1
DASH,-8,204.62,-1636.96,3952054.25,843782158.767,2.024263710448813e-06,0.00020242637104488128,1.940026798376554e-06,0.1,2.0242637104488127e-05,1
DAVE,1,163.69,163.69,537292.55,105117108.66049999,1.8611834465227554e-06,0.00018611834465227553,1.5572155863673411e-06,0.1,1.8611834465227554e-05,1
DBI,-18030,6.34,-114310.2,848988.5,6212747.6615,0.021237036779650137,2.123703677965014,0.018399298704560783,0.1,0.21237036779650137,1
DBX,1691,25.48,43086.68,3477966.45,92186087.65050001,0.00048620365501225575,0.048620365501225574,0.00046738809616644254,0.1,0.004862036550122557,1
DCI,-3926,101.94,-400216.44,679021.6,66893285.202,0.005781848471388833,0.5781848471388833,0.00598290902878297,0.1,0.057818484713888334,1
DCO,2922,113.35,331208.7,152782.15,16758665.445000002,0.019125270851339637,1.9125270851339637,0.019763429318819484,0.1,0.19125270851339637,1
DCOM,-221,34.02,-7518.420000000001,348733.0,11089911.2205,0.0006337226474122036,0.06337226474122036,0.0006779513244526249,0.1,0.0063372264741220355,1
DD,2145,131.7601,282625.4145,1627001.8,211509639.22017998,0.0013183759231243629,0.13183759231243627,0.001336229476547823,0.1,0.013183759231243628,1
DDOG,-1060,129.32,-137079.19999999998,5925366.45,765249471.091,0.00017889188946280276,0.017889188946280277,0.00017913008133748734,0.1,0.0017889188946280275,1
DDS,-176,607.56,-106930.56,140902.75,91710831.002,0.001249088467045533,0.12490884670455331,0.0011659534520810097,0.1,0.01249088467045533,1
DE,89,528.0,46992.0,1370088.6,692241910.6959999,6.495930263196117e-05,0.006495930263196117,6.788378350676991e-05,0.1,0.0006495930263196117,1
DEA,-3405,23.39,-79642.95,459470.85,10398752.1055,0.007410698633003596,0.7410698633003596,0.007658894951239012,0.1,0.07410698633003596,1
DECK,847,119.34,101080.98,3225984.9,338390378.43050003,0.0002625554756936401,0.02625554756936401,0.0002987111526894681,0.1,0.002625554756936401,1
DEI,-515,10.56,-5438.400000000001,2769046.7,30265995.213500004,0.0001859845845142301,0.018598458451423012,0.00017968680565885465,0.1,0.001859845845142301,1
DELL,4880,114.44,558467.2,7476787.5,883654659.8115,0.000652686732102524,0.0652686732102524,0.0006319971199146185,0.1,0.00652686732102524,1
DFH,-155,18.39,-2850.4500000000003,443806.05,8270737.9215,0.00034925166071981216,0.03492516607198121,0.0003446427667101119,0.1,0.0034925166071981214,1
DFIN,-10,51.75,-517.5,204653.3,10661129.2875,4.886312607712654e-05,0.004886312607712654,4.854082396381407e-05,0.1,0.0004886312607712654,1
DG,891,143.43,127796.13,3363601.55,490101796.96099997,0.0002648946335513492,0.02648946335513492,0.000260754257161333,0.1,0.0026489463355134917,1
DGICA,79,18.67,1474.93,113403.25,2172103.143,0.0006966290648636614,0.06966290648636614,0.0006790331318994827,0.1,0.006966290648636613,1
DGII,-34,43.07,-1464.38,272631.0,11785946.636499997,0.0001247106895400743,0.01247106895400743,0.0001242479747417954,0.1,0.001247106895400743,1
DGX,-3646,187.03,-681911.38,1001655.65,182965598.184,0.003639973477911296,0.3639973477911296,0.003726992324066481,0.1,0.03639973477911296,1
DHC,-9465,5.81,-54991.649999999994,1815051.4,10173603.9105,0.005214728354249362,0.5214728354249362,0.005405326419602799,0.1,0.052147283542493615,1
DHI,-2527,148.84,-376118.68,3750829.45,571215956.5400001,0.0006737176493055423,0.06737176493055423,0.0006584526844772443,0.1,0.006737176493055422,1
DHR,-1592,218.89,-348472.88,3934223.2,915583434.291,0.0004046542148396664,0.04046542148396664,0.0003806019931649886,0.1,0.004046542148396664,1
DHT,2968,14.33,42531.44,2591272.9,34547688.335,0.0011453830277775839,0.1145383027777584,0.0012310936577748306,0.1,0.011453830277775839,1
DIN,-439,34.39,-15097.210000000001,420082.35,15168440.024,0.0010450331940868262,0.10450331940868261,0.0009953040639718194,0.1,0.01045033194086826,1
DINO,5165,51.99,268528.35000000003,2556685.85,127200568.1585,0.0020201934469187915,0.20201934469187915,0.0021110625045746385,0.1,0.020201934469187912,1
DIOD,1217,59.19,72034.23,309262.25,17487466.892,0.003935171525137646,0.3935171525137646,0.004119191787173792,0.1,0.039351715251376464,1
DIS,959,112.8,108175.2,10149838.2,1142165897.0310001,9.448426478364946e-05,0.009448426478364946,9.471058475935564e-05,0.1,0.0009448426478364945,1
DK,1631,29.51,48130.810000000005,1501496.95,43460273.927,0.001086249292747481,0.10862492927474811,0.0011074667886549698,0.1,0.01086249292747481,1
DKNG,-1001,27.51,-27537.510000000002,13909986.3,449363984.412,7.196268769869313e-05,0.007196268769869313,6.128107938163597e-05,0.1,0.0007196268769869312,1
DKS,1000,202.0,202000.0,1161146.0,243774230.77400002,0.0008612181413879047,0.08612181413879047,0.0008286355754610979,0.1,0.008612181413879047,1
DLB,4179,64.19,268250.01,833028.65,52587486.76699999,0.005016634181789546,0.5016634181789545,0.005101023579783125,0.1,0.050166341817895456,1
DLR,-1194,165.95,-198144.3,2037456.75,325121508.79700005,0.0005860247094815632,0.05860247094815632,0.0006094469133499183,0.1,0.005860247094815632,1
DLTR,83,117.59,9759.970000000001,3265440.1,423527091.49250007,2.54177070955918e-05,0.00254177070955918,2.3044499858571227e-05,0.1,0.00025417707095591797,1
DLX,24,26.4,633.5999999999999,531214.95,13027209.774,4.517945136897974e-05,0.004517945136897974,4.863666210891553e-05,0.1,0.00045179451368979734,1
DNLI,4166,21.74,90568.84,1765591.75,33577695.471999995,0.0023595488594687873,0.23595488594687875,0.00269729172079496,0.1,0.023595488594687873,1
DNOW,-5525,15.19,-83924.75,2535858.5,36019422.208500005,0.002178749326904478,0.2178749326904478,0.0023299860146061726,0.1,0.02178749326904478,1
DOC,-14346,17.24,-247325.03999999998,9698145.1,166863897.03199998,0.0014792519447868438,0.14792519447868438,0.0014821962353700137,0.1,0.014792519447868437,1
DOCN,-735,55.25,-40608.75,2824619.7,156617473.7595,0.00026021202075451075,0.026021202075451076,0.00025928620239628133,0.1,0.0026021202075451073,1
DOCS,-2032,37.47,-76139.04,2677054.55,111832628.83000001,0.0007590431804985072,0.07590431804985072,0.000680830280004784,0.1,0.0075904318049850724,1
DOCU,7217,52.54,379181.18,3862795.85,231766107.182,0.0018683358583394978,0.1868335858339498,0.001636051037014824,0.1,0.01868335858339498,1
DOMO,-34,5.87,-199.58,1263040.2,8440111.067,2.691917486078432e-05,0.002691917486078432,2.3646608251440917e-05,0.1,0.0002691917486078432,1
DORM,319,124.2,39619.8,183977.0,23101117.058250003,0.0017339123912228159,0.17339123912228158,0.001715059921132721,0.1,0.01733912391222816,1
DOV,-3026,201.49,-609708.74,1307555.45,266514672.35799998,0.002314242199059321,0.2314242199059321,0.002287711721855971,0.1,0.023142421990593208,1
DOW,6541,27.55,180204.55000000002,12569046.45,340130850.3635,0.0005204054282097112,0.05204054282097112,0.0005298094830486981,0.1,0.005204054282097112,1
DOX,-408,81.94,-33431.52,924064.95,76329082.27499999,0.0004415274056222996,0.04415274056222996,0.00043799190300169245,0.1,0.004415274056222996,1
DPZ,-325,410.33,-133357.25,703538.8,285996754.49600005,0.00046195035725108547,0.046195035725108545,0.00046628938232187223,0.1,0.004619503572510854,1
DRH,81,9.18,743.5799999999999,2757080.15,25605960.741000004,2.9378906521814394e-05,0.0029378906521814394,2.903933218992198e-05,0.1,0.0002937890652181439,1
DRI,-1275,199.35,-254171.25,1721303.95,349611627.64900005,0.0007407175240607564,0.07407175240607564,0.0007270102876989565,0.1,0.007407175240607564,1
DRS,-2124,41.06,-87211.44,1325760.9,53565250.30850001,0.0016020988399944515,0.16020988399944516,0.001628134648820279,0.1,0.016020988399944515,1
DRVN,-17763,15.55,-276214.65,891263.2,13845462.312,0.01993013960410348,1.9930139604103478,0.01994983221041323,0.1,0.19930139604103478,1
DSGR,6150,28.39,174598.5,68444.25,1992049.8885,0.0898541513713716,8.98541513713716,0.08764765431224791,0.1,0.8985415137137159,1
DT,6653,38.09,253412.77000000002,4573993.8,185147902.249,0.0014545275509555786,0.14545275509555786,0.001368704516344952,0.1,0.014545275509555786,1
DTE,16,134.38,2150.08,1651576.3,220779092.7235,9.68771470019278e-06,0.0009687714700192779,9.73860329561515e-06,0.1,9.687714700192779e-05,1
DTM,509,126.02,64144.18,723850.65,87312058.7805,0.0007031837299586593,0.07031837299586594,0.0007346543065861799,0.1,0.0070318372995865925,1
DUK,-4265,121.35,-517557.75,3970184.3,471100296.71500003,0.00107425743434631,0.10742574343463099,0.001098614782476151,0.1,0.010742574343463098,1
DUOL,-261,134.06,-34989.66,2095026.8,329918199.01500005,0.00012458074522006115,0.012458074522006115,0.00010605556196798094,0.1,0.0012458074522006114,1
DV,-13676,10.82,-147974.32,2055049.45,22342166.8215,0.006654827697698467,0.6654827697698467,0.006623096192156413,0.1,0.06654827697698466,1
DVA,574,109.34,62761.16,926489.65,100209204.755,0.0006195428087081167,0.061954280870811666,0.0006263013477997738,0.1,0.006195428087081166,1
DVN,3612,40.21,145238.52,10199518.95,381295616.92800003,0.0003541343486596493,0.03541343486596493,0.00038090791908427667,0.1,0.003541343486596493,1
DX,-30394,13.88,-421868.72000000003,7663817.8,109398591.29100001,0.003965908479713597,0.3965908479713597,0.003856253677689781,0.1,0.039659084797135966,1
DXC,13385,14.43,193145.55,1836132.45,26973648.968500007,0.007289779122415706,0.7289779122415706,0.007160527306689449,0.1,0.07289779122415706,1
DXCM,-110,73.04,-8034.400000000001,6066023.9,430638438.686,1.8133789416820464e-05,0.0018133789416820464,1.865695042113573e-05,0.1,0.00018133789416820462,1
DXPE,278,130.05,36153.9,129435.3,15400022.6085,0.002147791213061661,0.21477912130616608,0.0023476523976039463,0.1,0.021477912130616606,1
DY,931,364.39,339247.08999999997,314712.4,113883292.641,0.0029582564906880057,0.29582564906880054,0.002978901313201626,0.1,0.029582564906880056,1
EAF,5032,15.11,76033.52,202096.4,3476127.6089999997,0.024899008591939293,2.4899008591939293,0.02187305201429963,0.1,0.24899008591939292,1
EAT,1953,157.72,308027.16,1242293.45,197624951.69849998,0.001572092326495,0.1572092326495,0.0015586450868305915,0.1,0.01572092326495,1
EBAY,-859,91.22,-78357.98,4095496.9,379055374.66749996,0.0002097425589554225,0.02097425589554225,0.00020671908443122353,0.1,0.002097425589554225,1
EBC,1721,20.485,35254.685,1989905.45,39269238.74175,0.0008648652125657528,0.08648652125657529,0.0008977684857057889,0.1,0.008648652125657528,1
EBF,-1345,19.49,-26214.05,194636.15,3662625.3655000003,0.006910329864210734,0.6910329864210734,0.0071571748087922195,0.1,0.06910329864210733,1
EBS,-6518,11.34,-73914.12,962585.6,11648257.174500002,0.006771345841865908,0.6771345841865908,0.006345508936891475,0.1,0.06771345841865908,1
ECL,-147,281.99,-41452.53,1149332.0,316601881.70449996,0.00012790038039487285,0.012790038039487285,0.00013092951241107807,0.1,0.0012790038039487285,1
ECPG,101,55.2,5575.200000000001,168512.0,9390087.863499999,0.0005993638435244968,0.059936384352449676,0.0005937324635343654,0.1,0.005993638435244968,1
ECVT,-1816,10.61,-19267.76,1155981.55,12239742.0455,0.0015709593288924031,0.15709593288924031,0.0015741965744354787,0.1,0.01570959328892403,1
ED,-3345,106.63,-356677.35,1903410.4,194951375.86350003,0.0017573719256761444,0.17573719256761444,0.0018295708271878848,0.1,0.017573719256761444,1
EE,-3749,37.35,-140025.15,413333.25,13777605.856500003,0.0090701631189845,0.90701631189845,0.010163242544345169,0.1,0.09070163118984499,1
EEFT,2530,72.46,183323.8,555383.4,41081055.549,0.0045554116309562,0.45554116309562004,0.004462490010300197,0.1,0.045554116309562,1
EEX,37632,5.04,189665.28,42029.6,198986.02349999998,0.8953689780535623,89.53689780535623,0.9531588031357389,0.1,8.953689780535623,9
EFSC,-1296,57.35,-74325.6,167236.45,9356567.88375,0.007749506761235364,0.7749506761235364,0.00794368201283345,0.1,0.07749506761235364,1
EFX,3099,201.4,624138.6,1695141.95,361340643.27349997,0.0018281654819527061,0.1828165481952706,0.0017272859049171155,0.1,0.01828165481952706,1
EG,270,331.28,89445.59999999999,329582.85,108074591.785,0.0008192173834287798,0.08192173834287798,0.0008276283863087829,0.1,0.008192173834287797,1
EGBN,2199,26.76,58845.240000000005,457508.85,11336052.307,0.004806464399541124,0.4806464399541124,0.0051909816933063315,0.1,0.04806464399541124,1
EGP,-292,181.64,-53038.88,364537.05,66444703.315,0.000801015973547819,0.08010159735478191,0.0007982409033953258,0.1,0.00801015973547819,1
EGY,-477,5.14,-2451.7799999999997,1349017.3,5931049.434,0.0003535907211864518,0.03535907211864518,0.0004133804695582309,0.1,0.0035359072118645177,1
EHC,1789,94.53,169114.17,1181052.9,118577930.64649999,0.001514750101371412,0.1514750101371412,0.0014261858768994436,0.1,0.015147501013714119,1
EIG,-1096,43.62,-47807.52,284452.3,12559256.037,0.0038530185904631464,0.38530185904631464,0.0038065566829083982,0.1,0.03853018590463146,1
EIX,37,62.28,2304.36,3059283.95,186398923.92599997,1.2094333381509093e-05,0.0012094333381509094,1.2362517719870673e-05,0.1,0.00012094333381509092,1
EL,2222,115.28,256152.16,3362137.3,383192583.4705,0.0006608891314462381,0.06608891314462381,0.0006684684700316488,0.1,0.006608891314462381,1
ELAN,-3160,24.08,-76092.79999999999,4708515.1,113276983.71299998,0.0006711245335073897,0.06711245335073897,0.0006717410501747617,0.1,0.006711245335073897,1
ELF,-1462,84.99,-124255.37999999999,1803202.65,155327104.18900004,0.0008107796425432273,0.08107796425432273,0.0007999594188584603,0.1,0.008107796425432271,1
ELS,-5804,63.17,-366638.68,1782746.15,110317641.48050001,0.003255651400509265,0.3255651400509265,0.0033234818572948537,0.1,0.03255651400509265,1
ELV,-583,345.74,-201566.42,1760034.15,627787685.0895,0.0003312435727454493,0.033124357274544936,0.00032107418604629666,0.1,0.003312435727454493,1
EME,-647,720.73,-466312.31,345693.9,234621788.5285,0.0018715979657147551,0.18715979657147552,0.0019875064158559855,0.1,0.01871597965714755,1
EMN,1505,69.32,104326.59999999999,1736074.25,118579573.39149997,0.0008668984059869559,0.0866898405986956,0.0008798024568325724,0.1,0.008668984059869558,1
EMR,-48,146.96,-7054.08,3058496.7,447956824.2669999,1.5693984564377655e-05,0.0015693984564377655,1.5747231915805106e-05,0.1,0.00015693984564377653,1
ENOV,-10724,22.04,-236356.96,1104072.2,27316644.5365,0.009713132891127954,0.9713132891127954,0.008652488766846314,0.1,0.09713132891127953,1
ENPH,331,36.98,12240.38,6593338.5,243261690.9245,5.0202185129733597e-05,0.00502021851297336,5.031774610083998e-05,0.1,0.000502021851297336,1
ENR,-470,21.83,-10260.099999999999,1251173.2,26068538.376000006,0.0003756474323458974,0.03756474323458974,0.00039358171340538056,0.1,0.003756474323458974,1
ENS,1185,180.19,213525.15,425439.6,72108695.339,0.002785354254752026,0.2785354254752026,0.0029611567508768233,0.1,0.02785354254752026,1
ENSG,508,171.66,87203.28,321185.25,56610675.6645,0.0015816417472471105,0.15816417472471106,0.0015404034482260087,0.1,0.015816417472471103,1
ENTA,-8694,12.9,-112152.6,247257.8,3271568.342,0.03516168145150527,3.516168145150527,0.03428098950591936,0.1,0.35161681451505267,1
ENTG,-1408,118.07,-166242.56,3282064.55,362468289.65075,0.0004289982657409953,0.04289982657409953,0.00045864028591350746,0.1,0.004289982657409952,1
ENVA,445,165.17,73500.65,326724.2,52362814.7915,0.001362005018299838,0.1362005018299838,0.0014036802699142002,0.1,0.01362005018299838,1
ENVX,-58,6.62,-383.96,6457841.0,50064005.299499996,8.98132982834356e-06,0.000898132982834356,7.669382377678734e-06,0.1,8.981329828343559e-05,1
EOG,2155,112.13,241640.15,4701086.6,507454914.8910001,0.0004584046590420181,0.04584046590420181,0.0004761805293617141,0.1,0.004584046590420181,1
EOLS,-392,4.69,-1838.4800000000002,1523750.65,8104188.830499999,0.00025725993947894296,0.025725993947894297,0.00022685552353875405,0.1,0.0025725993947894295,1
EPAC,2806,40.36,113250.16,396799.45,15995564.193999996,0.007071582382485661,0.7071582382485662,0.00708009787128863,0.1,0.07071582382485661,1
EPAM,-722,208.6,-150609.19999999998,689410.5,147687724.1095,0.001047271545762648,0.1047271545762648,0.0010197814402525015,0.1,0.010472715457626479,1
EPC,-10771,19.46,-209603.66,586983.1,10826320.4725,0.018349761688198518,1.8349761688198518,0.019360563040085085,0.1,0.18349761688198518,1
EPR,-3067,54.24,-166354.08000000002,841825.35,44956447.809,0.003643273512730402,0.36432735127304017,0.0037003386189844154,0.1,0.036432735127304015,1
EPRT,5009,30.36,152073.24,1877365.2,56573653.08400001,0.0026681010173193794,0.2668101017319379,0.0026880576330151978,0.1,0.026681010173193794,1
EQBK,4283,46.12,197531.96,90131.45,4189808.5675000004,0.047519484042473525,4.7519484042473525,0.04714581986686435,0.1,0.47519484042473525,1
EQH,14844,46.4,688761.6,2832365.15,132620067.94049998,0.005240849683523327,0.5240849683523328,0.0051934945494750695,0.1,0.05240849683523327,1
EQIX,-417,820.93,-342327.81,542931.2,432121147.50549996,0.0007680531161222638,0.07680531161222638,0.0007922033253316836,0.1,0.007680531161222638,1
EQR,5831,62.32,363387.92,2491696.25,153267616.28899997,0.0023401728842349866,0.23401728842349867,0.002370937376065138,0.1,0.023401728842349864,1
EQT,7248,57.73,418427.04,12570634.7,671455169.7125,0.0005765818650350249,0.05765818650350249,0.00062316452218122,0.1,0.005765818650350248,1
ERIE,-506,283.01,-143203.06,179745.05,50576832.6285,0.0028150983851850165,0.28150983851850164,0.002831396363862161,0.1,0.028150983851850164,1
ERII,-115,14.59,-1677.85,314082.7,4505300.96225,0.0003661456043265038,0.03661456043265038,0.00037241685162850077,0.1,0.003661456043265038,1
ES,2617,69.13,180913.21,2375808.35,164234095.6455,0.0011015198258731602,0.11015198258731602,0.0011015569531341526,0.1,0.011015198258731602,1
ESAB,-3456,121.1,-418521.6,319158.8,37857584.74249999,0.010828465328231588,1.082846532823159,0.01105515850645791,0.1,0.10828465328231587,1
ESE,-292,228.17,-66625.64,177859.25,38522739.586,0.0016417476178495075,0.16417476178495075,0.0017295145858269435,0.1,0.016417476178495073,1
ESI,13572,29.1,394945.2,1954403.45,55668136.271000005,0.006944318482450489,0.6944318482450489,0.007094636653135888,0.1,0.06944318482450489,1
ESNT,5414,62.92,340648.88,728361.3,45143881.910000004,0.007433124192622534,0.7433124192622534,0.007545848198857296,0.1,0.07433124192622534,1
ESQ,-6,106.63,-639.78,92026.3,9912171.7455,6.519875296518495e-05,0.006519875296518495,6.454488647156987e-05,0.1,0.0006519875296518494,1
ESRT,-454,6.63,-3010.02,1522560.9,9904640.497499999,0.0002981818329894062,0.02981818329894062,0.0003038999750429862,0.1,0.002981818329894062,1
ESS,-1570,251.87,-395435.9,598832.1,151561558.34900004,0.0026217699418584943,0.26217699418584944,0.0026090778183306333,0.1,0.02621769941858494,1
ESTC,824,65.93,54326.32000000001,1438659.1,104780397.8625,0.0005727555610637711,0.05727555610637711,0.0005184778938450942,0.1,0.00572755561063771,1
ETD,-790,22.93,-18114.7,395337.1,9400770.466000002,0.0019982946199585115,0.19982946199585114,0.0019269378042486925,0.1,0.019982946199585114,1
ETN,-374,351.42,-131431.08000000002,3023482.15,1012983067.4234998,0.00012369843162460874,0.012369843162460875,0.00012974657151406497,0.1,0.0012369843162460873,1
ETR,516,95.89,49479.24,2443606.5,230721832.577,0.0002111632949085706,0.02111632949085706,0.0002144540871895469,0.1,0.002111632949085706,1
ETSY,782,52.96,41414.72,3169490.5,189528898.0675,0.00024672735255082797,0.024672735255082796,0.00021851401249243957,0.1,0.0024672735255082795,1
EVCM,-29,12.05,-349.45000000000005,146746.55,1769481.977,0.00019761963739522328,0.01976196373952233,0.00019748717677953498,0.1,0.001976196373952233,1
EVR,190,353.27,67121.3,355413.3,130481383.44350004,0.0005345888856719769,0.05345888856719769,0.0005144128474776963,0.1,0.005345888856719768,1
EVRG,-9829,76.73,-754179.17,2151436.65,161405513.13599998,0.004568575142568107,0.45685751425681065,0.004672573788508266,0.1,0.04568575142568106,1
EVTC,737,30.01,22117.370000000003,380436.85,11282399.879999999,0.0019372466153055364,0.19372466153055365,0.001960342678440857,0.1,0.019372466153055365,1
EW,6300,81.36,512568.0,3680586.2,308766729.923,0.001711683861663123,0.1711683861663123,0.0016600493198468107,0.1,0.01711683861663123,1
EWBC,2680,114.44,306699.2,1222807.1,140136128.563,0.0021916784748796437,0.21916784748796436,0.0021885805119992267,0.1,0.021916784748796436,1
EWTX,3619,28.15,101874.84999999999,1161183.3,31524765.9885,0.0031166483362273637,0.3116648336227364,0.0032315814822277563,0.1,0.031166483362273636,1
EXC,11599,44.78,519403.22000000003,7563537.35,334313541.54249996,0.0015335417098191497,0.15335417098191498,0.001553640985057048,0.1,0.015335417098191495,1
EXE,326,112.41,36645.659999999996,3561229.0,378142763.9275,9.154143134294369e-05,0.009154143134294369,9.690958943492024e-05,0.1,0.0009154143134294368,1
EXEL,10030,41.36,414840.8,2503483.4,109618263.25700001,0.004006417617947856,0.4006417617947856,0.003784413177824262,0.1,0.04006417617947856,1
EXLS,2335,39.15,91415.25,1189794.95,49335106.6315,0.001962523038108373,0.1962523038108373,0.001852945219776463,0.1,0.01962523038108373,1
EXP,-1835,203.81,-373991.35,507399.4,112491829.749,0.003616480429421083,0.3616480429421083,0.0033246090034669794,0.1,0.036164804294210824,1
EXPD,377,160.54,60523.579999999994,1416010.05,226424603.55900002,0.000266241048218549,0.026624104821854903,0.00026730125193408683,0.1,0.00266241048218549,1
EXPE,380,264.84,100639.2,1704090.0,479511387.679,0.00022299291704076663,0.022299291704076664,0.00020987864435739124,0.1,0.002229929170407666,1
EXPI,-122,,,,,,,,0.1,,
EXPO,1477,71.87,106151.99,323929.9,23818045.716500003,0.004559628487521528,0.4559628487521528,0.004456788405879286,0.1,0.045596284875215276,1
EXR,349,137.97,48151.53,1442482.1,201842083.76450005,0.0002419440768103812,0.02419440768103812,0.00023856040872121079,0.1,0.002419440768103812,1
EXTR,-3638,14.58,-53042.04,1767925.9,27091540.2555,0.0020577785528228306,0.20577785528228307,0.001957882036228326,0.1,0.020577785528228306,1
EYE,-43,26.35,-1133.05,1182329.5,31978081.891499996,3.6368880248695475e-05,0.0036368880248695474,3.543208138137806e-05,0.1,0.00036368880248695474,1
EYPT,-8012,13.52,-108322.23999999999,951267.8,15146400.4035,0.008422444237048705,0.8422444237048705,0.007151682057406135,0.1,0.08422444237048704,1
EZPW,3631,21.45,77884.95,762158.15,16184484.161500001,0.004764103093301567,0.47641030933015677,0.004812322050107373,0.1,0.04764103093301567,1
F,-1475,13.88,-20473.0,64987916.4,899746262.8935,2.2696527011596883e-05,0.0022696527011596885,2.2754192870066217e-05,0.1,0.00022696527011596882,1
FA,-3788,13.5,-51138.0,558133.0,8053818.836999999,0.0067869127967706624,0.6786912796770662,0.006349534430184502,0.1,0.06786912796770662,1
FAF,5563,63.18,351470.34,1099489.85,68446092.55649999,0.005059619240686942,0.5059619240686942,0.005134994955480809,0.1,0.05059619240686942,1
FANG,-1138,163.95,-186575.09999999998,2065028.85,313718322.116,0.0005510818892433392,0.05510818892433392,0.0005947217196036522,0.1,0.005510818892433391,1
FAST,-2701,43.36,-117115.36,9554992.6,409153854.426,0.00028267944446131756,0.028267944446131756,0.0002862379487156502,0.1,0.0028267944446131754,1
FBIN,-967,54.1,-52314.700000000004,1920781.55,109881620.331,0.0005034409040424196,0.050344090404241953,0.00047610055114231774,0.1,0.005034409040424195,1
FBK,-6898,57.53,-396841.94,303627.65,17769927.285,0.022718616041720836,2.2718616041720834,0.02233222081527499,0.1,0.22718616041720835,1
FBNC,-4175,57.93,-241857.75,304767.15,17297880.5825,0.013698982977660156,1.3698982977660157,0.01398192968476634,0.1,0.13698982977660154,1
FBP,22201,22.12,491086.12,1514310.45,32505542.158000004,0.014660798253092687,1.4660798253092686,0.015107765857679683,0.1,0.14660798253092686,1
FBRX,5,29.27,146.35,226307.7,6723240.6665,2.209381298117563e-05,0.002209381298117563,2.176777647261989e-05,0.1,0.00022093812981175627,1
FCBC,7170,36.02,258263.40000000002,51494.05,1748824.4467500001,0.13923938785160614,13.923938785160614,0.14767828782354595,0.1,1.3923938785160612,2
FCF,-6474,18.03,-116726.22,662621.2,11609930.5495,0.009770288062017938,0.9770288062017938,0.010053998127062612,0.1,0.09770288062017937,1
FCFS,-498,170.5,-84909.0,256330.1,42741217.395500004,0.0019428073410028709,0.1942807341002871,0.0019865835643918654,0.1,0.019428073410028706,1
FCN,-1138,174.67,-198774.46,215916.65,38442683.747,0.00527055231729466,0.527055231729466,0.005170670739539926,0.1,0.05270552317294659,1
FCNCA,-180,2069.57,-372522.60000000003,103530.1,218421188.758,0.0017386248057328253,0.17386248057328252,0.0017055240936937528,0.1,0.017386248057328253,1
FCPT,-2574,24.65,-63449.1,963677.55,23343209.177000005,0.002671017914654129,0.2671017914654129,0.002718096707222082,0.1,0.026710179146541287,1
FCX,-868,60.23,-52279.64,24859120.8,1476501460.9575,3.491676181886529e-05,0.0034916761818865293,3.540778074550434e-05,0.1,0.0003491676181886529,1
FDP,-46,,,,,,,,0.1,,
FDS,-1302,254.36,-331176.72000000003,597854.85,166959373.95000002,0.002177786129860785,0.2177786129860785,0.0019835766759593795,0.1,0.02177786129860785,1
FDX,6,259.4944,1556.9663999999998,1913271.8,476328796.09073,3.1359893560339936e-06,0.00031359893560339934,3.268679980673334e-06,0.1,3.1359893560339934e-05,1
FE,-9032,47.34,-427574.88,4518636.45,209313158.314,0.001998833077177519,0.1998833077177519,0.002042752034530843,0.1,0.019988330771775187,1
FELE,-757,99.62,-75412.34,307141.1,30569826.101000004,0.002464665262968714,0.2464665262968714,0.0024668880925538894,0.1,0.02464665262968714,1
FERG,-2683,252.46,-677350.18,1220832.05,296344960.7595,0.002197681491078154,0.21976814910781542,0.0022856814513195194,0.1,0.02197681491078154,1
FET,-1206,45.24,-54559.44,184998.2,7826366.456,0.006518982346855266,0.6518982346855267,0.0069712350305514495,0.1,0.06518982346855266,1
FFBC,-2266,28.74,-65124.84,1244062.25,33418985.824500002,0.0018214522625375057,0.18214522625375057,0.0019487377726542473,0.1,0.018214522625375058,1
FFIN,-635,31.82,-20205.7,879076.6,28053254.176000006,0.0007223488829073599,0.07223488829073599,0.0007202622509757278,0.1,0.007223488829073599,1
FFIV,1256,275.61,346166.16000000003,1172849.05,318712057.18350005,0.0010708965488781357,0.10708965488781357,0.001086140772517725,0.1,0.010708965488781357,1
FG,-2664,29.49,-78561.36,1013763.65,29044894.709499996,0.0026278314476949334,0.2627831447694933,0.0027048250918363347,0.1,0.02627831447694933,1
FHB,-3542,26.55,-94040.1,1582385.7,42610684.596999995,0.0022383923211641765,0.22383923211641765,0.002206960552016592,0.1,0.022383923211641763,1
FHI,-20,53.28,-1065.6,616791.7,32816483.525499992,3.2425857870655524e-05,0.0032425857870655526,3.247148644588861e-05,0.1,0.00032425857870655524,1
FHN,9458,24.49,231626.41999999998,6754645.6,164488471.47349995,0.0014002215008882184,0.14002215008882185,0.0014081620305974839,0.1,0.014002215008882183,1
FIBK,-460,35.47,-16316.199999999999,1126503.65,41331540.9725,0.0004083431065669428,0.04083431065669428,0.00039476389256466407,0.1,0.004083431065669428,1
FICO,388,1463.17,567709.9600000001,300986.55,470940040.7285,0.001289094147230167,0.1289094147230167,0.0012054824625270897,0.1,0.01289094147230167,1
FIS,5669,55.25,313212.25,3739062.8,228163585.024,0.001516155331758536,0.1516155331758536,0.0013727530182656182,0.1,0.015161553317585359,1
FISI,3788,32.94,124776.71999999999,131711.4,4220640.9485,0.028759849185415996,2.8759849185415995,0.02956345292634882,0.1,0.2875984918541599,1
FISV,-3549,63.73,-226177.77,9310371.6,621815520.0459999,0.00038118779276221374,0.03811877927622137,0.00036373773685042165,0.1,0.003811877927622137,1
FITB,9467,50.22,475432.74,14607531.75,730550469.2710001,0.0006480903250475564,0.06480903250475564,0.0006507869887133515,0.1,0.0064809032504755636,1
FIVE,1351,191.64,258905.63999999998,1187183.85,232123254.16149998,0.0011379871786497094,0.11379871786497094,0.001115380020563843,0.1,0.011379871786497093,1
FIVN,5410,17.66,95540.6,2013498.05,37458001.78,0.002686866272356211,0.2686866272356211,0.0025506058908623397,0.1,0.026868662723562108,1
FIX,3,1142.1,3426.2999999999997,404096.8,436688624.60249996,7.423963763137941e-06,0.0007423963763137941,7.846094006041083e-06,0.1,7.423963763137941e-05,1
FIZZ,-499,34.08,-17005.92,287793.35,9520147.7945,0.001733883010152945,0.1733883010152945,0.0017863084026725608,0.1,0.017338830101529448,1
FLEX,2031,63.04,128034.24,3189408.3,203325593.42075,0.0006367952325200885,0.06367952325200885,0.0006297005598063275,0.1,0.006367952325200884,1
FLG,16401,13.22,216821.22,5259353.45,67924360.5465,0.003118444150202531,0.3118444150202531,0.0031920980669603426,0.1,0.03118444150202531,1
FLO,-518,11.43,-5920.74,4100150.8,44425576.725999996,0.00012633681668488877,0.012633681668488878,0.0001332732276390437,0.1,0.0012633681668488877,1
FLR,-6023,46.19,-278202.37,2605866.4,116366552.7915,0.002311323404760889,0.2311323404760889,0.0023907416979041187,0.1,0.02311323404760889,1
FLS,8691,78.15,679201.65,1209296.55,91377874.84650001,0.007186822785527669,0.7186822785527669,0.007432889538533792,0.1,0.07186822785527669,1
FLYW,-17308,12.6,-218080.8,1117203.35,15548173.895000001,0.015492255729451579,1.5492255729451578,0.014026135896906237,0.1,0.1549225572945158,1
FMBH,367,42.1,15450.7,110256.15,4533945.37725,0.0033286125082365023,0.3328612508236502,0.0034077825633998713,0.1,0.03328612508236502,1
FMC,-12664,15.8,-200091.2,3784743.45,58140781.441999994,0.003346065636232226,0.3346065636232226,0.003441494851588927,0.1,0.033460656362322254,1
FN,510,489.44,249614.4,675372.45,322443555.5795,0.0007551388866987394,0.07551388866987394,0.0007741336295321193,0.1,0.007551388866987394,1
FNB,4057,17.55,71200.35,6173520.95,107681353.4675,0.0006571614533842313,0.06571614533842313,0.0006612133643127864,0.1,0.006571614533842312,1
FND,-631,65.96,-41620.759999999995,2727584.4,194531311.81700003,0.0002313402291052845,0.023134022910528452,0.00021395403964146183,0.1,0.002313402291052845,1
FNF,6469,54.39,351848.91000000003,1605931.25,86688630.14650002,0.004028192365021853,0.4028192365021853,0.00405876652342286,0.1,0.04028192365021853,1
FOR,-13975,26.02,-363629.5,174584.95,4494881.445,0.08004699145029397,8.004699145029397,0.08089857417807823,0.1,0.8004699145029396,1
FORM,1342,70.49,94597.57999999999,1523025.55,111489301.7115,0.0008811408318133599,0.088114083181336,0.0008484902008337033,0.1,0.008811408318133599,1
FOUR,-2809,59.04,-165843.36,2013546.4,128902137.2455,0.0013950510402938815,0.13950510402938815,0.0012865834775426862,0.1,0.013950510402938815,1
FOXA,2326,72.78,169286.28,3158533.85,231272583.98849997,0.0007364176261717125,0.07364176261717126,0.0007319772931166703,0.1,0.007364176261717125,1
FOXF,7912,18.4,145580.8,561913.15,10493392.723,0.014080467773356078,1.4080467773356078,0.013873568238888832,0.1,0.14080467773356078,1
FPI,-29,11.61,-336.69,480884.45,5096016.507499999,6.030554741372902e-05,0.006030554741372902,6.606925222955629e-05,0.1,0.0006030554741372901,1
FR,3784,58.03,219585.52000000002,990308.1,57693563.4225,0.003821033070415157,0.3821033070415157,0.0038060661705351267,0.1,0.038210330704151564,1
FRME,1250,39.76,49700.0,329291.2,12671729.6235,0.0037960322049298612,0.3796032204929861,0.003922116512636938,0.1,0.03796032204929861,1
FRPT,-5,69.7,-348.5,1145863.65,77308499.98249999,4.363520912806686e-06,0.00043635209128066856,4.507913102425847e-06,0.1,4.363520912806685e-05,1
FRSH,5147,10.78,55484.659999999996,4140451.1,47681551.57975,0.0012431012649805236,0.12431012649805236,0.0011636504719692033,0.1,0.012431012649805236,1
FRT,1410,101.16,142635.6,794961.75,80678361.33950001,0.001773670242624881,0.1773670242624881,0.0017679536077806505,0.1,0.01773670242624881,1
FSK,6667,13.79,91937.93,2054698.95,29523239.584499996,0.003244757583586637,0.3244757583586637,0.003114086776854541,0.1,0.03244757583586637,1
FSLR,1121,225.52,252807.92,2532298.1,612410242.878,0.0004426808992195666,0.04426808992195666,0.0004128081183161442,0.1,0.004426808992195666,1
FSS,-1527,108.09,-165053.43,383569.15,43426819.2885,0.003981029235536799,0.3981029235536799,0.0038007257428523743,0.1,0.03981029235536799,1
FTAI,275,272.32,74888.0,2119980.95,554883307.1315,0.00012971814675976213,0.012971814675976214,0.0001349617100343812,0.1,0.0012971814675976213,1
FTDR,-7597,59.11,-449058.67,501706.35,29814096.193,0.01514232379159642,1.514232379159642,0.015061958178877604,0.1,0.15142323791596418,1
FTI,215,55.72,11979.8,3286701.6,170967744.69900003,6.541512621650836e-05,0.006541512621650836,7.007052716926942e-05,0.1,0.0006541512621650836,1
FTK,-2120,17.37,-36824.4,372339.85,6577092.563,0.0056937230865834,0.56937230865834,0.005598887296669478,0.1,0.05693723086583399,1
FTNT,-266,81.26,-21615.16,6486051.0,510615006.5905,4.101108671516767e-05,0.004101108671516767,4.23316191671092e-05,0.1,0.0004101108671516767,1
FTV,-7274,52.81,-384139.94,3443549.25,187135810.4895,0.0021123554425713526,0.21123554425713525,0.0020527334613037827,0.1,0.021123554425713526,1
FUL,-4068,60.1,-244486.80000000002,543645.7,33641931.558000006,0.007482814634604855,0.7482814634604855,0.007267323506038742,0.1,0.07482814634604855,1
FULT,8936,20.65,184528.4,1899718.1,38259830.817,0.004703855798394509,0.4703855798394509,0.004823032304628185,0.1,0.04703855798394509,1
FUN,-3898,18.01,-70202.98000000001,2728280.4,45230992.94900001,0.0014287387762636128,0.14287387762636128,0.001552099023763574,0.1,0.014287387762636126,1
FWONK,4457,87.02,387848.13999999996,1867328.4,168102123.98525,0.0023868324393288296,0.23868324393288295,0.0023072173676641433,0.1,0.023868324393288294,1
FWRD,-20,27.88,-557.6,513442.25,14101903.593,3.8952774143538054e-05,0.0038952774143538055,3.95407610272407e-05,0.1,0.0003895277414353805,1
G,-1124,44.1,-49568.4,1361995.8,62726792.0755,0.0008252595198898557,0.08252595198898557,0.0007902269247299921,0.1,0.008252595198898557,1
GABC,-9879,42.07,-415609.53,138185.7,5607765.1055,0.07149075483208464,7.149075483208464,0.07411322018327361,0.1,0.7149075483208464,1
GAP,13072,27.98,365754.56,8067585.2,219312926.95900002,0.0016203113665288593,0.16203113665288593,0.001667729144248651,0.1,0.016203113665288593,1
GATX,1409,181.91,256311.19,186431.6,33516190.554,0.007557731629187326,0.7557731629187326,0.0076473843167540545,0.1,0.07557731629187325,1
GBCI,-2442,50.68,-123760.56,1044518.2,50342477.980000004,0.0023379200094359293,0.23379200094359293,0.0024583724315113656,0.1,0.02337920009435929,1
GBTG,29552,6.85,202431.19999999998,1248432.6,9451314.071500001,0.02367128189379226,2.367128189379226,0.021418312677855225,0.1,0.2367128189379226,1
GBX,10,50.42,504.20000000000005,592329.7,29512356.9515,1.6882489599964346e-05,0.0016882489599964346,1.7084369128111047e-05,0.1,0.00016882489599964344,1
GCMG,22942,11.32,259703.44,498633.6,5769920.7005,0.04600973540491455,4.600973540491455,0.04500988028786861,0.1,0.4600973540491455,1
GCO,382,28.93,11051.26,265333.35,8655849.2825,0.001439698402028995,0.14396984020289952,0.0012767389587458426,0.1,0.01439698402028995,1
GD,1428,351.09,501356.51999999996,1610083.55,576382980.4319999,0.0008869104960422706,0.08869104960422707,0.0008698322764912879,0.1,0.008869104960422706,1
GDDY,-2020,100.52,-203050.4,1564881.0,169171588.29449993,0.0012908329770762123,0.12908329770762123,0.0012002630113427948,0.1,0.012908329770762122,1
GE,1501,306.79,460491.79000000004,6275412.2,1941093909.6869998,0.00023918747520680793,0.023918747520680794,0.00023723313318429505,0.1,0.0023918747520680793,1
GEF,2155,70.62,152186.1,202821.5,14437421.705499997,0.010625106312693674,1.0625106312693673,0.010541085735690885,0.1,0.10625106312693673,1
GEHC,-610,78.97,-48171.7,3475701.55,287170998.729,0.00017550413671162303,0.017550413671162304,0.00016774569929834415,0.1,0.0017550413671162301,1
GEN,12248,23.99,293829.51999999996,4860781.7,123518819.74799998,0.002519759321839119,0.2519759321839119,0.002378823895819792,0.1,0.025197593218391188,1
GEO,-11184,15.98,-178720.32,1784186.75,30224342.1335,0.006268402116538529,0.626840211653853,0.005913125229015666,0.1,0.06268402116538528,1
GFF,1937,81.45,157768.65,227329.45,18466816.25,0.00852067341033025,0.8520673410330251,0.008543359497606958,0.1,0.0852067341033025,1
GFS,-2505,42.2,-105711.0,4037602.65,171430660.86150002,0.0006204176629416468,0.062041766294164684,0.0006166399841706533,0.1,0.006204176629416468,1
GGG,1824,87.33,159289.91999999998,938397.1,81025944.84299998,0.0019437400222144761,0.19437400222144763,0.001965912527260846,0.1,0.01943740022214476,1
GH,-1757,114.04,-200368.28,2010602.9,223252012.10900003,0.0008738672365388512,0.08738672365388511,0.000897498204415612,0.1,0.00873867236538851,1
GHC,194,1166.63,226326.22000000003,15701.95,18013830.555,0.012355153340827095,1.2355153340827094,0.01256402514218054,0.1,0.12355153340827094,1
GHM,662,69.92,46287.04,104647.25,7473928.189499999,0.006326014300423566,0.6326014300423566,0.006193134162705485,0.1,0.06326014300423566,1
GIC,1703,30.56,52043.68,85776.35,2640120.4795000004,0.019853957413669385,1.9853957413669385,0.01971261554315745,0.1,0.19853957413669385,1
GIII,-2287,29.35,-67123.45,379368.95,11146088.263,0.006028432216184271,0.6028432216184271,0.006022153101265101,0.1,0.06028432216184271,1
GILD,-2896,141.95,-411087.19999999995,7751930.5,1002884596.593,0.00037358436069570024,0.037358436069570025,0.0004099047900391985,0.1,0.0037358436069570024,1
GIS,-2455,46.26,-113568.29999999999,8597380.6,382392826.056,0.0002855520901331273,0.02855520901331273,0.00029699380391453353,0.1,0.002855520901331273,1
GKOS,-2567,119.38,-306448.45999999996,897992.1,105102835.79099998,0.0028585997582829515,0.28585997582829514,0.0029157011577630653,0.1,0.028585997582829512,1
GL,1705,140.22,239075.1,516624.75,72191219.534,0.0033002677475285494,0.33002677475285497,0.0033116922188494474,0.1,0.03300267747528549,1
GLDD,-5784,14.98,-86644.32,989007.75,14684489.497499999,0.0058482858198027265,0.5848285819802727,0.00590039715134469,0.1,0.05848285819802726,1
GLNG,2002,40.59,81261.18000000001,1035731.6,40880784.315500006,0.0019329332039304391,0.19329332039304392,0.001987759808443541,0.1,0.01932933203930439,1
GLOB,4340,66.88,290259.19999999995,1225868.55,82556008.52550001,0.003540346964607257,0.3540346964607257,0.0035159064153440058,0.1,0.03540346964607257,1
GLPI,9028,44.75,404003.0,2450996.95,110562103.9865,0.003683399116428929,0.36833991164289287,0.003654082053732716,0.1,0.03683399116428929,1
GLW,-666,103.25,-68764.5,7802317.6,759697841.2205,8.535925274305676e-05,0.008535925274305675,9.051559221166894e-05,0.1,0.0008535925274305676,1
GM,3174,84.0,266616.0,9465630.75,782296120.89,0.00033531838329949645,0.033531838329949645,0.000340812120730801,0.1,0.0033531838329949643,1
GME,-5587,23.88,-133417.56,9205451.3,209025787.049,0.000606922987034867,0.0606922987034867,0.000638282777850391,0.1,0.00606922987034867,1
GMED,3724,90.68,337692.32,1569224.1,145038303.0815,0.002373147340778159,0.23731473407781592,0.0023282975105565307,0.1,0.02373147340778159,1
GMRE,1790,,,,,,,,0.1,,
GNL,-39813,9.46,-376630.98000000004,2070718.5,19005778.07,0.019226659731875675,1.9226659731875675,0.019816656735274614,0.1,0.19226659731875673,1
GNRC,-4,168.04,-672.16,1087137.15,175747813.87449998,3.6793885665667854e-06,0.00036793885665667854,3.824571044052836e-06,0.1,3.679388566566785e-05,1
GNTX,-1571,23.01,-36148.71,2630712.8,62735631.3005,0.0005971765523017184,0.05971765523017184,0.0005762070015180017,0.1,0.005971765523017184,1
GNW,2569,8.34,21425.46,4098258.4,35129310.8455,0.0006268516401991636,0.06268516401991636,0.0006099026563381775,0.1,0.006268516401991636,1
GO,6598,9.53,62878.939999999995,2491534.8,24047421.045500003,0.002648166904993661,0.2648166904993661,0.0026147893315057393,0.1,0.02648166904993661,1
GOGO,-19310,4.59,-88632.9,2256410.0,10971124.436999999,0.008557841881572941,0.8557841881572942,0.00807874347875287,0.1,0.0855784188157294,1
GOLF,-1646,96.94,-159563.24,349362.8,31518930.891499996,0.004711434646161527,0.47114346461615264,0.005062457243530138,0.1,0.04711434646161526,1
GOOD,-819,11.65,-9541.35,443335.15,5024100.074999999,0.0018473608510401216,0.18473608510401215,0.0018991162312784946,0.1,0.018473608510401213,1
GOOG,-451,338.53,-152677.03,20869232.05,6868259151.3895,2.1610761666718826e-05,0.0021610761666718825,2.2229363603601404e-05,0.1,0.00021610761666718826,1
GPC,911,138.99,126619.89000000001,1125886.85,149959498.12799996,0.0008091399237854141,0.08091399237854141,0.0008443605878963524,0.1,0.00809139923785414,1
GPI,121,354.26,42865.46,189268.5,73409427.2415,0.000639303423443415,0.0639303423443415,0.0005839230955852927,0.1,0.00639303423443415,1
GPK,30294,14.65,443807.10000000003,4784684.9,72935811.325,0.0063314514190892695,0.6331451419089269,0.006084899748662664,0.1,0.06331451419089269,1
GPN,-1010,71.74,-72457.4,3331374.0,250928328.46949998,0.000303178208150751,0.0303178208150751,0.0002887573533125699,0.1,0.0030317820815075097,1
GPOR,-1121,204.17,-228874.56999999998,303761.55,56741010.6845,0.003690394653306187,0.3690394653306187,0.004033671012182409,0.1,0.036903946533061865,1
GPRE,1683,11.46,19287.18,1189789.75,13311026.574,0.0014145356353927239,0.14145356353927238,0.0014489626245411478,0.1,0.014145356353927238,1
GPRO,-26,1.16,-30.159999999999997,2321900.0,3161048.5385,1.1197726000258408e-05,0.0011197726000258409,9.541137895437603e-06,0.1,0.00011197726000258408,1
GRBK,709,69.39,49197.51,219019.85,15294816.201500002,0.003237149509507928,0.3237149509507928,0.00321661335133763,0.1,0.03237149509507928,1
GRC,-45,54.49,-2452.05,97469.15,5098251.171,0.0004616845432631761,0.04616845432631761,0.00048095904218054463,0.1,0.004616845432631761,1
GRMN,2656,201.64,535555.84,907496.3,188113373.9875,0.002926733695773746,0.2926733695773746,0.002846984393760261,0.1,0.029267336957737457,1
GRND,-4040,11.32,-45732.8,1302999.3,16131455.263500001,0.003100538887472925,0.3100538887472925,0.002835007707176784,0.1,0.03100538887472925,1
GRPN,-2554,14.15,-36139.1,982096.3,15789544.261999998,0.002600559639619862,0.2600559639619862,0.002288799435901034,0.1,0.026005596396198618,1
GS,155,935.41,144988.55,2490273.3,2346809413.6815004,6.224216434396981e-05,0.0062242164343969805,6.178113533836253e-05,0.1,0.0006224216434396981,1
GSAT,1832,61.62,112887.84,706779.7,44349846.60949999,0.0025920382263384194,0.25920382263384195,0.0025453941474471477,0.1,0.02592038226338419,1
GSBC,1707,61.38,104775.66,59136.75,3688541.7605,0.02886529949650598,2.886529949650598,0.02840571336944743,0.1,0.28865299496505975,1
GSHD,-446,61.84,-27580.640000000003,235278.8,16331454.529499998,0.001895623405083671,0.1895623405083671,0.0016888048734532654,0.1,0.01895623405083671,1
GSIT,8209,7.215,59227.935,1783491.05,13747150.579,0.004602770504511362,0.4602770504511362,0.004308379009863758,0.1,0.04602770504511362,1
GSM,-25252,4.75,-119947.0,1124397.45,5604562.4205,0.02245825086138358,2.245825086138358,0.021401670817558522,0.1,0.2245825086138358,1
GT,-10632,9.41,-100047.12,5435037.3,50242791.126,0.0019561963263803176,0.19561963263803175,0.0019912731310865986,0.1,0.019561963263803175,1
GTES,8992,23.02,206995.84,2171104.3,49636130.827,0.004141671130217006,0.4141671130217006,0.004170265420595652,0.1,0.041416711302170055,1
GTLB,-303,34.98,-10598.939999999999,5276463.3,190018544.08625,5.742482848312429e-05,0.005742482848312429,5.577845073472991e-05,0.1,0.0005742482848312429,1
GTM,379,8.05,3050.9500000000003,5084360.95,47165828.17300001,7.454230801611361e-05,0.007454230801611361,6.468560222899915e-05,0.1,0.000745423080161136,1
GTN,-26742,4.51,-120606.42,1272532.8,5643117.6104999995,0.021014782487335494,2.1014782487335495,0.021372303099901874,0.1,0.21014782487335493,1
GTX,-15799,18.04,-285013.95999999996,2425035.85,44399870.063499995,0.00651495523251749,0.651495523251749,0.006419252119260203,0.1,0.0651495523251749,1
GTY,923,29.86,27560.78,469720.6,13624662.76,0.001964997915782276,0.1964997915782276,0.002022859610214675,0.1,0.01964997915782276,1
GVA,9,120.74,1086.6599999999999,636296.0,76738139.16649999,1.4144360486314546e-05,0.0014144360486314546,1.4160624844476043e-05,0.1,0.00014144360486314546,1
GWRE,-2436,140.76,-342891.36,1509518.8,251243369.29250002,0.0016137592986586189,0.16137592986586188,0.0013647777490231093,0.1,0.016137592986586187,1
GWW,-648,1079.94,-699801.12,239016.3,250600457.70499998,0.002711112171010931,0.2711112171010931,0.002792497373742975,0.1,0.02711112171010931,1
GXO,2131,56.59,120593.29000000001,1058808.65,60054896.38199999,0.002012639394285266,0.2012639394285266,0.002008050921159277,0.1,0.02012639394285266,1
H,-1030,156.37,-161061.1,716312.3,117538857.806,0.001437920303755778,0.1437920303755778,0.0013702796080070326,0.1,0.01437920303755778,1
HAE,43,66.66,2866.3799999999997,825019.25,60765506.377,5.21199959879724e-05,0.00521199959879724,4.717116948250985e-05,0.1,0.000521199959879724,1
HAFC,75,26.57,1992.75,305658.35,8427015.355500001,0.00024537199785315864,0.024537199785315864,0.00023647162321822587,0.1,0.002453719978531586,1
HAIN,-29,1.21,-35.089999999999996,1836242.8,2160789.1639999994,1.579311842638675e-05,0.0015793118426386749,1.623943723183166e-05,0.1,0.00015793118426386747,1
HAL,-15870,33.52,-531962.4,17070805.3,555584759.8395001,0.0009296573724029293,0.09296573724029293,0.0009574819873635047,0.1,0.009296573724029292,1
HALO,-1417,71.71,-101613.06999999999,1878422.2,135251031.27949998,0.0007543565019621255,0.07543565019621255,0.0007512923860078655,0.1,0.007543565019621255,1
HAS,441,89.31,39385.71,1735922.75,151883918.42975003,0.00025404356271037983,0.025404356271037983,0.00025931455026436415,0.1,0.0025404356271037983,1
HASI,-1111,34.41,-38229.509999999995,909101.55,30564408.216499995,0.0012220856954869342,0.12220856954869343,0.0012507852181925135,0.1,0.012220856954869342,1
HAYW,4448,16.14,71790.72,1512820.1,24726099.1815,0.002940204192157415,0.2940204192157415,0.002903438972440652,0.1,0.02940204192157415,1
HBAN,20873,17.48,364860.04000000004,42253718.7,748283502.325,0.0004939920234760308,0.049399202347603074,0.00048759599652583457,0.1,0.004939920234760307,1
HBNC,6398,17.62,112732.76000000001,361555.35,6300293.683,0.017695769126359215,1.7695769126359215,0.017893254770676062,0.1,0.17695769126359215,1
HCA,390,488.27,190425.3,1149145.9,552107655.57,0.0003393824926843493,0.03393824926843493,0.00034490610314650227,0.1,0.003393824926843493,1
HCC,9,89.3,803.6999999999999,923494.45,88172369.32,9.74559186576595e-06,0.000974559186576595,9.115100412955535e-06,0.1,9.74559186576595e-05,1
HCI,4,158.67,634.68,184970.35,31024025.547,2.1625087480236695e-05,0.0021625087480236695,2.045769331379928e-05,0.1,0.00021625087480236694,1
HCKT,-11,18.25,-200.75,197062.75,3881872.6269999994,5.5819783292377685e-05,0.005581978329237769,5.171473133963806e-05,0.1,0.0005581978329237768,1
HCSG,2271,18.82,42740.22,658275.3,12265132.952000001,0.00344992437054831,0.344992437054831,0.003484692760140901,0.1,0.034499243705483094,1
HD,-1562,374.59,-585109.58,4500956.35,1669875795.024,0.00034703735796060323,0.03470373579606032,0.00035039107803319625,0.1,0.003470373579606032,1
HE,-2358,15.32,-36124.56,3574710.55,51390078.86799999,0.0006596338268562751,0.06596338268562751,0.000702948133097619,0.1,0.006596338268562751,1
HEI,539,330.91,178360.49000000002,448087.05,154451681.5515,0.0012028912685604282,0.12028912685604282,0.0011547979808852254,0.1,0.012028912685604281,1
HELE,-5476,16.56,-90682.56,967755.3,18508403.0995,0.005658455190067158,0.5658455190067158,0.0048995345256150034,0.1,0.056584551900671576,1
HFWA,-11998,25.81,-309668.38,268833.5,6856034.320000002,0.04462985453821789,4.462985453821789,0.0451672739001108,0.1,0.4462985453821789,1
HGV,254,45.11,11457.94,716338.25,33073339.929999996,0.00035458109349877656,0.035458109349877656,0.00034644036629656475,0.1,0.0035458109349877655,1
HHH,259,81.66,21149.94,330049.2,26937488.9305,0.0007847314885174695,0.07847314885174696,0.0007851489073301467,0.1,0.007847314885174695,1
HIFS,273,298.45,81476.84999999999,73828.8,21433836.38075,0.0036977439698329105,0.36977439698329106,0.0038013190243989816,0.1,0.036977439698329104,1
HIG,-3443,135.06,-465011.58,1481853.05,196874801.0095,0.002323442260350984,0.2323442260350984,0.002361965968298611,0.1,0.02323442260350984,1
HII,404,420.51,169886.04,629004.6,253809643.828,0.0006422846510184504,0.06422846510184504,0.0006693443063776064,0.1,0.006422846510184504,1
HIMS,-336,27.09,-9102.24,16998472.25,529746563.327,1.9766482249603342e-05,0.0019766482249603343,1.7182253987330546e-05,0.1,0.00019766482249603342,1
HIW,460,25.85,11891.0,1221334.9,32511513.560000002,0.00037663707145353827,0.037663707145353824,0.00036574735218202495,0.1,0.0037663707145353825,1
HL,6654,22.52,149848.08,30740676.6,796856460.872,0.00021645587332323063,0.021645587332323062,0.00018804902433246413,0.1,0.002164558733232306,1
HLF,1366,17.24,23549.839999999997,1610452.8,25416362.6655,0.0008482086528707951,0.08482086528707951,0.0009265621643008105,0.1,0.00848208652870795,1
HLI,-2738,168.32,-460860.16,531832.9,96456377.2785,0.005148233589911418,0.5148233589911417,0.004777912803726302,0.1,0.051482335899114176,1
HLIO,484,64.78,31353.52,343464.4,21546873.078,0.0014091707903351846,0.14091707903351847,0.0014551308622137325,0.1,0.014091707903351845,1
HLIT,20379,9.72,198083.88,997489.7,10031906.5315,0.020430286147315607,2.043028614731561,0.01974538731775663,0.1,0.20430286147315604,1
HLMN,1184,9.37,11094.08,1167408.3,11185351.742999999,0.0010142124225089029,0.10142124225089029,0.000991840065015647,0.1,0.010142124225089028,1
HLNE,-1709,141.24,-241379.16,467463.25,68952261.968,0.003655902362378219,0.3655902362378219,0.0035006706540246855,0.1,0.03655902362378219,1
HLT,-2516,298.51,-751051.16,1890633.3,560755238.3045,0.0013307710173093852,0.1330771017309385,0.0013393564762245985,0.1,0.01330771017309385,1
HLX,3197,7.94,25384.18,1662005.55,12182915.803,0.001923579617408618,0.1923579617408618,0.002083588232116751,0.1,0.01923579617408618,1
HMN,301,44.81,13487.810000000001,235469.15,10311040.2975,0.0012782990892862187,0.12782990892862187,0.0013080940051480778,0.1,0.012782990892862186,1
HNI,-33,47.79,-1577.07,494323.8,22578714.628,6.675786195202416e-05,0.006675786195202416,6.984764305600754e-05,0.1,0.0006675786195202416,1
HNRG,6823,18.49,126157.26999999999,571026.6,10966296.264000002,0.011948655281557813,1.1948655281557812,0.011504090985955508,0.1,0.11948655281557811,1
HOG,9589,19.8,189862.2,2873642.0,59040680.80349998,0.003336880516083771,0.3336880516083771,0.003215786088780074,0.1,0.03336880516083771,1
HOMB,4861,28.9,140482.9,1430596.6,40970075.949499995,0.003397883092969744,0.3397883092969744,0.003428914805360874,0.1,0.03397883092969744,1
HON,-2035,238.4937,-485334.67949999997,2580167.4,580176082.1858449,0.0007887085155792605,0.07887085155792606,0.0008365299680598262,0.1,0.007887085155792605,1
HOOD,-5469,99.48,-544056.12,21479892.05,2386162709.4875,0.0002546102181179258,0.025461021811792578,0.00022800461923103824,0.1,0.002546102181179258,1
HOPE,4659,11.98,55814.82,1051948.6,12242340.470000003,0.004428923618511399,0.4428923618511399,0.004559162534057509,0.1,0.04428923618511398,1
HOV,421,112.65,47425.65,95907.5,11047838.088499999,0.0043896462737533564,0.43896462737533565,0.004292753896290956,0.1,0.04389646273753356,1
HP,-6480,33.88,-219542.40000000002,1680616.75,53962652.738,0.00385572736913398,0.385572736913398,0.004068413779914128,0.1,0.0385572736913398,1
HPE,3523,21.52,75814.95999999999,16773165.8,368982590.57650006,0.0002100378689394461,0.02100378689394461,0.00020547029029620707,0.1,0.0021003786893944608,1
HPP,20375,8.62,175632.49999999997,1226465.5,11939364.016,0.01661277875325478,1.661277875325478,0.014710373162643672,0.1,0.16612778753254778,1
HPQ,27351,19.44,531703.4400000001,17803206.0,364860927.3635,0.001536296327751305,0.1536296327751305,0.001457277006453146,0.1,0.01536296327751305,1
HQY,-3373,85.67,-288964.91000000003,1123604.2,98337165.10249999,0.0030019467709358864,0.30019467709358866,0.002938511697981151,0.1,0.030019467709358864,1
HR,16027,16.79,269093.32999999996,3212406.75,54691318.2585,0.004989094235964981,0.49890942359649815,0.00492022022084242,0.1,0.04989094235964981,1
HRB,8246,39.45,325304.7,1796039.65,74318724.51750001,0.004591212671724703,0.45912126717247026,0.004377156660208824,0.1,0.04591212671724702,1
HRI,-2747,143.34,-393754.98,487642.55,77652667.8105,0.005633224582227289,0.5633224582227289,0.005070720570230782,0.1,0.056332245822272885,1
HRL,12269,24.61,301940.08999999997,4970694.5,119193146.75000003,0.0024682667582970547,0.24682667582970547,0.002533200089375104,0.1,0.024682667582970545,1
HRMY,658,36.52,24030.160000000003,647465.6,23859855.117,0.001016270208023407,0.10162702080234069,0.001007137716560511,0.1,0.010162702080234069,1
HRTG,2010,26.07,52400.7,309335.3,8126560.126000002,0.006497803516119887,0.6497803516119888,0.006448078791954044,0.1,0.06497803516119886,1
HSIC,6684,75.48,504508.32,1226504.1,94916307.8455,0.005449635268239217,0.5449635268239217,0.005315296511756581,0.1,0.05449635268239217,1
HST,564,18.53,10450.92,8268065.7,152481071.7295,6.821426201293974e-05,0.006821426201293974,6.853913001437867e-05,0.1,0.0006821426201293973,1
HSTM,-962,22.29,-21442.98,283451.55,6287323.872,0.003393878071931517,0.3393878071931517,0.0034105098507004345,0.1,0.03393878071931517,1
HSY,-841,194.75,-163784.75,1837650.7,351720728.05149996,0.00045764954134101766,0.04576495413410177,0.0004656670390379101,0.1,0.004576495413410177,1
HTB,-7550,43.12,-325556.0,66713.35,2885073.95,0.1131707521807854,11.31707521807854,0.11284147499928034,0.1,1.1317075218078538,2
HTH,-3892,37.45,-145755.40000000002,321491.9,11559798.595999997,0.0121060592817424,1.21060592817424,0.012608818292944596,0.1,0.121060592817424,1
HTLD,-73,10.09,-736.5699999999999,520479.7,5341121.738,0.00014025522993500034,0.014025522993500034,0.00013790548804749973,0.1,0.0014025522993500034,1
HTO,-2130,52.04,-110845.2,331256.95,17221374.068500005,0.006430053769437893,0.6430053769437893,0.006436489885133463,0.1,0.06430053769437893,1
HTZ,-131,4.9,-641.9000000000001,5337073.0,29066604.630000003,2.454528915006409e-05,0.0024545289150064093,2.2083762729461945e-05,0.1,0.0002454528915006409,1
HUBB,-4,487.94,-1951.76,500563.3,239634045.195,7.990997342394058e-06,0.0007990997342394059,8.144752547209114e-06,0.1,7.990997342394058e-05,1
HUBG,658,47.58,31307.64,560510.5,26050222.007,0.001173929837175218,0.1173929837175218,0.001201818548478676,0.1,0.01173929837175218,1
HUBS,1074,280.0,300720.0,1227955.45,402219874.2,0.0008746245639448891,0.08746245639448891,0.0007476507733441085,0.1,0.008746245639448891,1
HUM,990,195.2,193248.0,2091797.0,478206891.99399996,0.0004732772826426274,0.047327728264262736,0.00040410960869720103,0.1,0.0047327728264262734,1
HUN,49,10.82,530.1800000000001,4907066.95,56004015.64299999,9.985598423514477e-06,0.0009985598423514477,9.46682115403394e-06,0.1,9.985598423514477e-05,1
HURN,2,169.0,338.0,162095.05,28766627.134000003,1.2338439699423272e-05,0.0012338439699423273,1.1749726459954328e-05,0.1,0.00012338439699423272,1
HWC,-934,68.8,-64259.2,878434.3,59584161.79200001,0.001063255385177924,0.1063255385177924,0.0010784610887759048,0.1,0.010632553851779239,1
HWKN,-52,130.25,-6773.0,160059.3,23481295.249,0.0003248795915013998,0.03248795915013998,0.0002884423507382303,0.1,0.003248795915013998,1
HWM,80,208.08,16646.4,2703390.9,582398213.0985,2.959246478191519e-05,0.002959246478191519,2.8582505278368057e-05,0.1,0.0002959246478191519,1
HXL,-1021,82.81,-84549.01000000001,1366884.95,111510723.721,0.0007469538676243381,0.07469538676243381,0.0007582141625368853,0.1,0.007469538676243381,1
HY,6811,33.45,227827.95,88725.1,2919442.5625000005,0.07676519947568387,7.676519947568387,0.07803816828816271,0.1,0.7676519947568387,1
HZO,2645,27.03,71494.35,307080.25,8333477.978999999,0.008613383635059564,0.8613383635059565,0.008579173087174725,0.1,0.08613383635059564,1
IAC,38,,,,,,,,0.1,,
IART,674,11.14,7508.360000000001,699722.0,8557729.3955,0.0009632396866183999,0.09632396866184,0.000877377590830133,0.1,0.009632396866184,1
IBCP,-1003,35.15,-35255.45,124460.8,4219271.42075,0.008058762276957886,0.8058762276957886,0.008355814661890877,0.1,0.08058762276957886,1
IBKR,-5061,74.88,-378967.68,5330745.45,391711356.81799996,0.0009493981746961862,0.09493981746961862,0.000967466664940427,0.1,0.00949398174696186,1
IBM,-43,306.7,-13188.1,4658821.55,1399107669.7805,9.22980190129841e-06,0.000922980190129841,9.42607941107851e-06,0.1,9.229801901298409e-05,1
IBOC,531,69.64,36978.840000000004,250491.35,17332274.735999994,0.0021198336788875146,0.21198336788875147,0.002133524915987693,0.1,0.021198336788875144,1
IBP,-228,288.14,-65695.92,289526.2,85196251.826,0.0007874934979977633,0.07874934979977632,0.0007711127965367963,0.1,0.007874934979977632,1
IBRX,25282,6.25,158012.5,52172098.2,292087325.987,0.0004845885228361392,0.04845885228361392,0.0005409769132092801,0.1,0.004845885228361392,1
ICE,-1177,173.78,-204539.06,3276482.35,557435276.9935,0.00035922671764125326,0.03592267176412533,0.00036692880490659193,0.1,0.0035922671764125323,1
ICFI,-599,93.25,-55856.75,132032.5,12322264.789,0.0045367617821369735,0.4536761782136973,0.0045329938088867336,0.1,0.045367617821369735,1
ICHR,1237,30.34,37530.58,1013839.7,28275427.098500002,0.0012201139884342664,0.12201139884342664,0.0013273214183205382,0.1,0.012201139884342663,1
ICLR,-883,180.25,-159160.75,953690.75,178306500.67249998,0.0009258766534120206,0.09258766534120207,0.0008926244943381764,0.1,0.009258766534120206,1
ICUI,-819,149.9,-122768.1,240920.0,36422920.8785,0.0033994687033040015,0.33994687033040016,0.0033706275345003565,0.1,0.03399468703304001,1
IDA,-476,132.79,-63208.03999999999,483822.75,63420246.0285,0.000983831372129566,0.0983831372129566,0.000996653970273079,0.1,0.00983831372129566,1
IDCC,-128,326.44,-41784.32,273630.0,87651443.7135,0.00046778496509885614,0.046778496509885616,0.00047671000305000587,0.1,0.004677849650988561,1
IDT,19,48.63,923.97,138434.75,6946848.178499999,0.0001372487760479215,0.01372487760479215,0.00013300564173255165,0.1,0.001372487760479215,1
IDXX,192,670.46,128728.32,475282.4,331508054.476,0.0004039703553087596,0.04039703553087596,0.0003883112891584946,0.1,0.004039703553087596,1
IDYA,-1369,32.19,-44068.10999999999,934644.1,33273565.900500007,0.0014647286598182133,0.14647286598182133,0.0013244180119371509,0.1,0.014647286598182133,1
IESC,124,380.29,47155.96,187954.4,79842965.92975,0.0006597344887908982,0.06597344887908982,0.0005906088213392558,0.1,0.006597344887908981,1
IEX,-2693,198.55,-534695.15,679035.85,130746170.60449998,0.003965917263425782,0.3965917263425782,0.004089566428812846,0.1,0.03965917263425782,1
IFF,-628,69.81,-43840.68,1647508.95,115807107.66149998,0.00038118154077402736,0.03811815407740274,0.0003785664013658362,0.1,0.0038118154077402735,1
IIIN,30,33.14,994.2,172424.8,5721027.156,0.00017398889254909968,0.01739888925490997,0.0001737799826657561,0.1,0.0017398889254909968,1
IIIV,-52,22.21,-1154.92,311645.95,7694525.120999999,0.00016685601080328495,0.016685601080328495,0.0001500963323711787,0.1,0.0016685601080328493,1
IIPR,-639,48.32,-30876.48,311120.2,15431779.717000002,0.0020538685691253735,0.20538685691253736,0.0020008372699868025,0.1,0.020538685691253732,1
ILMN,-406,144.81,-58792.86,2036200.15,299742687.9825,0.00019939100780441452,0.019939100780441452,0.0001961444344004566,0.1,0.001993910078044145,1
IMAX,2033,34.91,70972.03,1188068.65,41908978.810499996,0.0017111805786643728,0.17111805786643727,0.0016934802997924268,0.1,0.017111805786643727,1
IMKTA,1351,74.86,101135.86,119023.1,8461860.75875,0.011350737797956867,1.1350737797956867,0.011951964571789996,0.1,0.11350737797956867,1
IMVT,-10,26.0,-260.0,1523335.25,39848640.91,6.56454316277392e-06,0.000656454316277392,6.524689275782882e-06,0.1,6.564543162773919e-05,1
INCY,-601,100.07,-60142.06999999999,2058566.35,214969601.14749998,0.0002919507549513767,0.02919507549513767,0.00027977011483932516,0.1,0.002919507549513767,1
INDB,-1063,80.78,-85869.14,358671.25,27737838.816000003,0.0029637167740653872,0.29637167740653875,0.0030957401032436654,0.1,0.02963716774065387,1
INGR,-1106,118.1,-130618.59999999999,523425.5,60036700.6245,0.002113003665278058,0.2113003665278058,0.0021756458739622454,0.1,0.021130036652780577,1
INN,-26990,4.42,-119295.8,775406.9,3636396.468,0.03480753137481753,3.4807531374817526,0.03280604880402716,0.1,0.34807531374817524,1
INSM,1,156.87,156.87,2689904.45,444096213.11450005,3.7176041699176336e-07,3.7176041699176336e-05,3.532342662862443e-07,0.1,3.7176041699176335e-06,1
INSP,-266,75.78,-20157.48,1270026.75,111143883.15050001,0.0002094444073717345,0.02094444073717345,0.0001813638270376494,0.1,0.0020944440737173447,1
INSW,435,59.65,25947.75,599681.0,33054936.200999998,0.0007253856633776958,0.07253856633776957,0.000784988657736844,0.1,0.0072538566337769575,1
INTA,-8046,33.95,-273161.7,557927.5,21904449.6395,0.014421228564643255,1.4421228564643256,0.012470603210564634,0.1,0.14421228564643254,1
INTC,1108,46.47,51488.76,147290273.8,6864841272.195499,7.5225605290442465e-06,0.0007522560529044246,7.5003569577848335e-06,0.1,7.522560529044245e-05,1
INTU,412,498.92,205555.04,2923269.7,1650354188.6579998,0.00014093807355510166,0.014093807355510166,0.0001245520757984375,0.1,0.0014093807355510166,1
INVA,-2461,20.0,-49220.0,630083.15,12380204.2625,0.003905833698298391,0.3905833698298391,0.0039757017700498545,0.1,0.03905833698298391,1
INVH,6787,26.73,181416.51,7707214.7,206652825.664,0.0008806034688510754,0.08806034688510754,0.0008778806165223596,0.1,0.008806034688510753,1
INVX,-35,24.85,-869.75,382077.85,9325041.313,9.16043680626867e-05,0.00916043680626867,9.3270364259672e-05,0.1,0.000916043680626867,1
IONQ,-3923,39.98,-156841.53999999998,20478220.75,972806282.067,0.0001915693774323631,0.01915693774323631,0.00016122587085554802,0.1,0.001915693774323631,1
IONS,6221,82.67,514290.07,2402607.4,193126926.63675,0.0025892703069173933,0.25892703069173933,0.002662964087692037,0.1,0.02589270306917393,1
IOSP,-7,81.72,-572.04,141021.85,11259925.673999999,4.963769798793591e-05,0.004963769798793591,5.080317726438307e-05,0.1,0.0004963769798793591,1
IP,784,40.32,31610.88,7473583.45,310801294.153,0.00010490282275499312,0.010490282275499311,0.00010170768460326528,0.1,0.0010490282275499312,1
IPAR,3376,97.57,329396.31999999995,229829.35,20949725.126500003,0.014689159587319896,1.4689159587319895,0.015723180996935163,0.1,0.14689159587319894,1
IPGP,-3,92.41,-277.23,378615.95,31559866.442999996,7.92359645704308e-06,0.000792359645704308,8.784257705928596e-06,0.1,7.92359645704308e-05,1
IPI,478,32.84,15697.520000000002,208485.3,6770858.6280000005,0.0022927275927847194,0.22927275927847193,0.0023183942927245535,0.1,0.022927275927847192,1
IQV,-2889,230.15,-664903.35,1250585.25,298592346.187,0.0023101184025639196,0.23101184025639196,0.0022267930122481763,0.1,0.023101184025639196,1
IR,3726,86.09,320771.34,3145121.1,271153868.39500004,0.0011846920616188673,0.11846920616188673,0.0011829864050942483,0.1,0.011846920616188673,1
IRDM,-6887,19.92,-137189.04,2255338.85,45068499.2095,0.0030536431365956384,0.30536431365956385,0.0030440117245147114,0.1,0.030536431365956383,1
IRM,7864,92.13,724510.32,1968393.3,178196578.97800002,0.003995136541056099,0.3995136541056099,0.004065792531794044,0.1,0.03995136541056099,1
IRON,-996,77.32,-77010.71999999999,526677.3,40246903.078499995,0.0018911010594153193,0.18911010594153194,0.0019134570391613392,0.1,0.01891101059415319,1
IRT,6349,16.7,106028.29999999999,2477231.65,42304621.2645,0.0025629415803725907,0.2562941580372591,0.0025063053829765362,0.1,0.025629415803725904,1
IRTC,265,154.51,40945.149999999994,727010.7,119424373.72400002,0.00036450632707331544,0.036450632707331544,0.00034285421579541,0.1,0.0036450632707331542,1
IRWD,13314,4.89,65105.46,7676625.2,34135477.9925,0.0017343558729427091,0.17343558729427092,0.0019072666864165342,0.1,0.01734355872942709,1
ISRG,411,504.22,207234.42,2085896.7,1135419996.697,0.00019703756183132176,0.019703756183132175,0.00018251785295560804,0.1,0.0019703756183132174,1
IT,1600,209.61,335376.0,991866.9,229201502.0755,0.0016131196635355005,0.16131196635355005,0.0014632364838932234,0.1,0.016131196635355005,1
ITGR,-1925,86.86,-167205.5,547069.25,46032758.19650001,0.00351875013995029,0.35187501399502896,0.0036323154759975488,0.1,0.0351875013995029,1
ITIC,-358,259.42,-92872.36,18265.4,4644931.945499999,0.019599899263087583,1.9599899263087583,0.01999434245532371,0.1,0.19599899263087583,1
ITRI,-90,99.08,-8917.2,522851.4,51487614.584,0.00017213303818255053,0.017213303818255053,0.00017319116591528905,0.1,0.0017213303818255053,1
ITRN,563,44.63,25126.690000000002,116844.95,5179166.657500001,0.0048183511568108,0.48183511568108,0.004851492848490172,0.1,0.048183511568107996,1
ITT,3933,182.3,716985.9,769422.65,139525374.019,0.005111624930719157,0.5111624930719156,0.005138749170472489,0.1,0.051116249307191566,1
ITW,802,261.26,209530.52,1371493.35,351531143.934,0.0005847640457024454,0.05847640457024454,0.0005960510857022084,0.1,0.005847640457024453,1
IVR,-325,8.59,-2791.75,2829789.3,25091376.780500002,0.00011484954021135072,0.011484954021135071,0.00011126332462432411,0.1,0.0011484954021135072,1
IVT,2829,29.39,83144.31,506029.9,14512887.712000001,0.0055905787385290865,0.5590578738529086,0.005728998366827576,0.1,0.05590578738529086,1
IVZ,7807,27.29,213053.03,6411554.95,180521438.54900002,0.0012176453389048782,0.12176453389048782,0.001180209019562902,0.1,0.012176453389048781,1
J,1145,135.26,154872.69999999998,696313.4,96107672.11649999,0.0016443745014816603,0.16443745014816602,0.0016114499143446747,0.1,0.016443745014816602,1
JACK,-11,20.97,-230.67,514388.75,11038924.394499999,2.1384604542770425e-05,0.0021384604542770426,2.089605760094963e-05,0.1,0.00021384604542770423,1
JANX,-18,13.71,-246.78000000000003,1709278.2,24123884.759,1.0530760879065795e-05,0.0010530760879065796,1.0229695692271652e-05,0.1,0.00010530760879065794,1
JAZZ,637,164.49,104780.13,1211333.05,202563230.98150003,0.0005258669364300759,0.05258669364300759,0.0005172712218910524,0.1,0.0052586693643007585,1
JBGS,-1386,16.84,-23340.24,462664.0,7864175.01,0.0029956944996801134,0.2995694499680113,0.002967919708083913,0.1,0.029956944996801134,1
JBHT,1732,202.72,351111.04,1071453.75,219613620.34499997,0.0016164953456927096,0.16164953456927095,0.0015987671413477242,0.1,0.016164953456927096,1
JBL,-1965,237.19,-466078.35,1145668.55,273126691.17349994,0.0017151557490165893,0.17151557490165892,0.001706454788426116,0.1,0.017151557490165892,1
JBLU,21962,4.87,106954.94,20993978.55,105988715.5735,0.0010461094807587101,0.10461094807587101,0.0010091162952704145,0.1,0.0104610948075871,1
JBSS,-356,80.9,-28800.4,52094.05,3856679.1894999994,0.006833793878571545,0.6833793878571545,0.007467668059715862,0.1,0.06833793878571544,1
JBTM,-2306,157.31,-362756.86,487000.4,76137246.41350001,0.0047351090471383596,0.47351090471383595,0.004764512470412628,0.1,0.04735109047138359,1
JCI,1568,119.26,186999.68000000002,6128369.95,701220731.2685001,0.0002558592272974643,0.02558592272974643,0.00026667734090194366,0.1,0.002558592272974643,1
JJSF,-3033,95.0,-288135.0,214796.9,20249236.006000005,0.014120315516657829,1.4120315516657829,0.014229425738068506,0.1,0.14120315516657828,1
JKHY,-3,179.21,-537.63,695057.3,128207445.026,4.316190909727874e-06,0.0004316190909727874,4.193438219527506e-06,0.1,4.316190909727874e-05,1
JLL,-410,357.91,-146743.1,379518.1,133236689.5415,0.0010803173814371437,0.10803173814371438,0.0011013715554250023,0.1,0.010803173814371436,1
JNJ,1574,227.25,357691.5,9568746.0,2071590653.9720001,0.00016449386366823823,0.016449386366823825,0.0001726651446868492,0.1,0.0016449386366823822,1
JOBY,-18310,10.57,-193536.7,32097402.3,439972730.6085,0.0005704511483161364,0.05704511483161364,0.00043988339852865644,0.1,0.005704511483161364,1
JOE,-2431,66.19,-160907.88999999998,192281.15,12314145.5545,0.01264294497926604,1.264294497926604,0.013066914735403534,0.1,0.12642944979266038,1
JPM,131,305.89,40071.59,12173704.6,3798763309.1784997,1.076089853535628e-05,0.001076089853535628,1.0548588247964748e-05,0.1,0.0001076089853535628,1
JXN,-1421,118.92,-168985.32,510725.95,58502464.627,0.0027823140766589202,0.27823140766589205,0.0028885162544418697,0.1,0.0278231407665892,1
KAI,-4,321.04,-1284.16,120118.45,37662919.321,3.330046300131246e-05,0.0033300463001312455,3.409613548687346e-05,0.1,0.00033300463001312454,1
KALU,8,122.62,980.96,173044.4,21656333.062,4.6230909523798516e-05,0.004623090952379852,4.5296680522579973e-05,0.1,0.00046230909523798514,1
KBH,71,57.54,4085.34,1241072.8,73501110.48200001,5.72085698759976e-05,0.00572085698759976,5.5582017376465024e-05,0.1,0.0005720856987599759,1
KBR,465,42.81,19906.65,1344824.7,58441649.43849999,0.0003457699728447879,0.03457699728447879,0.00034062436962783543,0.1,0.003457699728447879,1
KD,-2627,23.0,-60421.0,2022006.15,51482132.468,0.001299204752666059,0.1299204752666059,0.001173630483110935,0.1,0.01299204752666059,1
KDP,1144,27.44,31391.36,10770519.85,296613637.3555,0.0001062158573525121,0.01062158573525121,0.00010583249064295905,0.1,0.001062158573525121,1
KE,2826,30.21,85373.46,147391.2,4388648.5665,0.01917346490156807,1.9173464901568071,0.019453245960882753,0.1,0.1917346490156807,1
KELYA,-1380,10.79,-14890.199999999999,423860.15,4204968.316000001,0.0032557908546014527,0.32557908546014525,0.0035410968361741153,0.1,0.03255790854601452,1
KEX,-968,117.66,-113894.87999999999,963225.65,119472103.59650001,0.0010049566267260428,0.10049566267260428,0.0009533177752077063,0.1,0.010049566267260427,1
KEY,10771,21.52,231791.91999999998,16283355.6,346703064.2085,0.0006614729951607763,0.06614729951607763,0.0006685603443660513,0.1,0.006614729951607763,1
KEYS,-1929,216.33,-417300.57,1028712.3,219515534.2915,0.0018751598478991647,0.18751598478991646,0.001901007012314019,0.1,0.018751598478991646,1
KFRC,-755,35.33,-26674.149999999998,179357.35,6036868.388499999,0.004209473433901649,0.42094734339016493,0.004418540919463015,0.1,0.04209473433901649,1
KFY,1190,69.47,82669.3,418240.5,28317062.5695,0.0028452529107056827,0.2845252910705683,0.00291941651070271,0.1,0.028452529107056826,1
KHC,-25717,23.74,-610521.58,16969603.65,397147856.47299993,0.0015154744053200088,0.1515474405320009,0.0015372652024914209,0.1,0.015154744053200088,1
KIDS,7443,17.46,129954.78000000001,165151.3,3054321.6574999997,0.04506776513415275,4.506776513415275,0.04254783699054461,0.1,0.45067765134152743,1
KIM,-4370,21.08,-92119.59999999999,5418792.2,112056160.00549999,0.0008064527737380296,0.08064527737380296,0.0008220842120190317,0.1,0.008064527737380296,1
KKR,-4463,114.26,-509942.38,4426116.1,555295889.971,0.0010083332427723711,0.10083332427723711,0.0009183255075535161,0.1,0.010083332427723711,1
KLAC,57,142.794,8139.258000000001,12639580.5,1871952155.3215,4.5096433382421196e-06,0.00045096433382421197,4.348005357328226e-06,0.1,4.5096433382421194e-05,1
KLIC,-3374,57.33,-193431.41999999998,743977.8,41645979.82750001,0.004535081557541098,0.4535081557541098,0.004644660080065442,0.1,0.04535081557541098,1
KMB,4354,99.99,435356.45999999996,7009723.55,698503372.3239999,0.0006211371916371794,0.06211371916371795,0.0006232703767077311,0.1,0.006211371916371794,1
KMI,6521,30.49,198825.28999999998,15834801.95,451402992.8299999,0.00041181443383950884,0.04118144338395088,0.0004404607261318676,0.1,0.004118144338395088,1
KMPR,-2498,39.41,-98446.18,742200.75,28996584.129499994,0.0033656662297902556,0.33656662297902556,0.003395095765774862,0.1,0.033656662297902554,1
KMT,32,34.39,1100.48,1070977.2,35156817.366,2.987925419887557e-05,0.0029879254198875572,3.13020370570935e-05,0.1,0.0002987925419887557,1
KMX,2596,44.54,115625.84,3705229.4,168128325.54150003,0.0007006313833092224,0.07006313833092224,0.0006877237349958586,0.1,0.007006313833092224,1
KN,58,24.24,1405.9199999999998,664596.2,15748299.35,8.727103766166584e-05,0.008727103766166585,8.927440155625438e-05,0.1,0.0008727103766166584,1
KNF,1561,67.17,104852.37000000001,535781.75,40058091.6645,0.002913499759930233,0.29134997599302326,0.0026175078652815992,0.1,0.029134997599302326,1
KNSA,-1538,43.92,-67548.96,736242.3,30654871.02125,0.0020889861938114666,0.20889861938114665,0.00220353104578959,0.1,0.020889861938114665,1
KNSL,-392,395.88,-155184.96,220024.9,87506175.13399999,0.001781616535219423,0.1781616535219423,0.001773417244695727,0.1,0.01781616535219423,1
KNX,-3,55.1,-165.3,3478586.4,196507670.53350002,8.624192861790065e-07,8.624192861790065e-05,8.411885375834232e-07,0.1,8.624192861790065e-06,1
KO,-1946,74.81,-145580.26,18492511.35,1314935820.2565,0.00010523178616299726,0.010523178616299726,0.0001107128254910587,0.1,0.0010523178616299725,1
KODK,103,7.32,753.96,845443.2,6430420.274499999,0.0001218295918637704,0.012182959186377039,0.00011724894607430998,0.1,0.001218295918637704,1
KOP,-718,29.46,-21152.28,128645.35,3676641.8349999995,0.005581235544075243,0.5581235544075243,0.005753152183234079,0.1,0.05581235544075242,1
KR,3408,62.85,214192.80000000002,6862895.3,425409317.629,0.0004965834172058548,0.04965834172058548,0.0005034981396124422,0.1,0.004965834172058548,1
KRC,-8171,34.48,-281736.07999999996,1890336.0,70172588.32800001,0.004322511976706787,0.4322511976706787,0.004014902210577042,0.1,0.04322511976706787,1
KREF,-2137,8.28,-17694.359999999997,847302.25,6854093.7295,0.002522122418534826,0.2522122418534826,0.002581575434815477,0.1,0.025221224185348258,1
KRG,899,23.49,21117.51,1971725.1,46423316.002,0.00045594591254125634,0.045594591254125634,0.00045489016767113794,0.1,0.004559459125412563,1
KRNT,-3069,12.95,-39743.549999999996,350412.55,4910343.3455,0.00875824795658717,0.8758247956587171,0.008093843383970754,0.1,0.0875824795658717,1
KRNY,99,7.79,771.21,446998.8,3467207.9929999993,0.00022147710463652252,0.022147710463652253,0.00022242969027442484,0.1,0.002214771046365225,1
KRO,26002,5.25,136510.5,332381.0,1738805.914,0.07822950168631781,7.822950168631781,0.07850818708453046,0.1,0.7822950168631781,1
KRYS,-933,279.24,-260530.92,314786.2,85606311.41975,0.0029639164613950676,0.29639164613950675,0.003043361122318998,0.1,0.029639164613950674,1
KSS,12,17.47,209.64,3528019.9,67688015.869,3.4013413586470983e-06,0.0003401341358647098,3.0971509108159818e-06,0.1,3.401341358647098e-05,1
KTB,892,59.73,53279.159999999996,758861.65,45349794.754999995,0.0011754448258124522,0.11754448258124521,0.001174848977549689,0.1,0.01175444825812452,1
KTOS,-3761,103.01,-387420.61000000004,4421549.75,494348931.7445,0.0008506067357943898,0.08506067357943897,0.0007836986895730465,0.1,0.008506067357943898,1
KURA,-8328,8.12,-67623.36,1412262.55,12731762.810500002,0.005896920512407555,0.5896920512407555,0.005311390182687852,0.1,0.058969205124075545,1
KWR,828,153.74,127296.72,109980.7,16706987.8055,0.0075285936532500704,0.7528593653250071,0.007619369899707083,0.1,0.0752859365325007,1
KYMR,-3622,72.69,-263283.18,740695.65,53678776.95499999,0.004889997666382946,0.48899976663829464,0.004904790960880417,0.1,0.04889997666382946,1
L,7116,105.57,751236.12,702558.7,72840947.755,0.01012869102610216,1.0128691026102161,0.010313376516280065,0.1,0.1012869102610216,1
LAB,-22,1.4,-30.799999999999997,1516040.75,2242865.5015,1.4511483283018612e-05,0.0014511483283018612,1.373243289862961e-05,0.1,0.00014511483283018612,1
LAD,1407,323.44,455080.08,234100.4,77202444.165,0.006010241759518566,0.6010241759518565,0.005894633064043743,0.1,0.060102417595185656,1
LADR,-39962,10.97,-438383.14,657722.1,7231091.0245,0.060758183433398394,6.075818343339839,0.0606247575247903,0.1,0.6075818343339839,1
LAMR,2883,128.31,369917.73,426697.95,54984331.6515,0.006756535858679424,0.6756535858679423,0.0067276934881122345,0.1,0.06756535858679423,1
LAND,-25,11.15,-278.75,793974.85,7873497.325999999,3.1487143452969574e-05,0.003148714345296957,3.540358095753801e-05,0.1,0.00031487143452969574,1
LASR,-2370,45.61,-108095.7,864247.5,37425282.525,0.002742270009459096,0.2742270009459096,0.002888306853202573,0.1,0.027422700094590958,1
LAUR,9,34.3,308.7,926300.1,32204473.9075,9.716073656906656e-06,0.0009716073656906656,9.585624683286871e-06,0.1,9.716073656906655e-05,1
LAZ,-13,53.72,-698.36,1084046.75,56711382.663,1.1992102739111574e-05,0.0011992102739111572,1.2314282727859295e-05,0.1,0.00011992102739111574,1
LBRT,3250,24.65,80112.5,4022558.15,85110756.447,0.0008079435719282269,0.08079435719282269,0.0009412735045997094,0.1,0.008079435719282269,1
LBTYK,-9259,11.08,-102589.72,768854.9,8215052.524499999,0.012042584367999735,1.2042584367999736,0.012488017537811667,0.1,0.12042584367999734,1
LC,35,,,,,,,,0.1,,
LCID,-7760,11.07,-85903.2,8302740.4,91102194.206,0.0009346311731003898,0.09346311731003898,0.000942932283340574,0.1,0.009346311731003898,1
LCII,-2,146.69,-293.38,404860.65,57520341.78050001,4.939971320996496e-06,0.0004939971320996495,5.100456480588209e-06,0.1,4.9399713209964956e-05,1
LDOS,315,188.28,59308.2,937018.4,180647561.3715,0.0003361726941541383,0.03361726941541383,0.00032830888803438233,0.1,0.003361726941541383,1
LE,-14,17.76,-248.64000000000001,307882.85,5335443.823999999,4.547184099406642e-05,0.004547184099406642,4.660155897088873e-05,0.1,0.00045471840994066416,1
LEA,443,117.09,51870.87,497458.45,60516155.615499996,0.0008905266359431627,0.08905266359431627,0.0008571408654834367,0.1,0.008905266359431627,1
LECO,500,265.35,132675.0,296999.45,76284188.96000001,0.001683504801103167,0.1683504801103167,0.0017392201688028537,0.1,0.01683504801103167,1
LEN,-825,109.35,-90213.75,3385655.7,386522753.01650006,0.00024367510258057248,0.024367510258057248,0.00023339829103449677,0.1,0.0024367510258057248,1
LEVI,-12117,19.88,-240885.96,2237971.55,47246106.807,0.005414277942898783,0.5414277942898783,0.005098535652556885,0.1,0.054142779428987826,1
LFST,4415,7.07,31214.050000000003,1621495.9,11734170.693500001,0.002722794427047272,0.2722794427047272,0.0026600985118863697,0.1,0.027227944270472718,1
LFUS,-362,323.76,-117201.12,242076.0,71575494.375,0.0014953981394272872,0.14953981394272872,0.001637447579278421,0.1,0.014953981394272871,1
LGIH,579,50.11,29013.69,407211.45,20385950.31,0.0014218657162022334,0.14218657162022333,0.0014232198920728165,0.1,0.014218657162022334,1
LGND,237,192.1,45527.7,240634.45,47168503.482,0.0009848963853679304,0.09848963853679303,0.0009652140016986939,0.1,0.009848963853679303,1
LH,123,271.52,33396.96,801784.95,211001445.50000003,0.00015340771861582086,0.015340771861582086,0.000158278346960424,0.1,0.0015340771861582086,1
LHX,-1977,342.85,-677814.4500000001,1913411.5,649504929.569,0.0010332330499738295,0.10332330499738294,0.0010435863057264027,0.1,0.010332330499738295,1
LII,-373,495.08,-184664.84,505334.6,257114701.476,0.0007381247988956229,0.07381247988956229,0.0007182196853774122,0.1,0.007381247988956228,1
LILAK,-11288,5.2832,-59636.7616,1027434.75,5163444.206665,0.01098658576615206,1.098658576615206,0.011549802653628089,0.1,0.1098658576615206,1
LIN,-58,456.97,-26504.260000000002,2373936.15,1051172885.2594999,2.443199662299258e-05,0.002443199662299258,2.5213987510205777e-05,0.1,0.00024431996622992577,1
LIND,5395,16.67,89934.65000000001,779621.35,12538193.022999998,0.00692002598440897,0.692002598440897,0.007172855756409583,0.1,0.0692002598440897,1
LITE,924,391.84,362060.16,4538025.7,1642769379.6360002,0.0002036127737222819,0.02036127737222819,0.00022039621902389254,0.1,0.002036127737222819,1
LIVN,-321,65.71,-21092.909999999996,589128.7,37332837.5985,0.0005448724531668548,0.05448724531668548,0.0005649961630788947,0.1,0.005448724531668548,1
LKFN,-2157,59.6,-128557.2,181098.2,10611518.077750001,0.011910665042501802,1.1910665042501802,0.01211487357963946,0.1,0.11910665042501802,1
LKQ,2670,32.85,87709.5,3036158.5,99836861.83899997,0.000879400729573242,0.0879400729573242,0.0008785282147734478,0.1,0.008794007295732419,1
LLY,271,1037.15,281067.65,2954287.8,3131147336.9919996,9.173107643744121e-05,0.00917310764374412,8.976506684288239e-05,0.1,0.000917310764374412,1
LMAT,1442,84.97,122526.74,144606.8,12240857.795999998,0.009971868542834777,0.9971868542834778,0.010009653084936468,0.1,0.09971868542834776,1
LMB,-5,85.98,-429.90000000000003,164275.35,13635166.274500001,3.043670276763982e-05,0.003043670276763982,3.152876843196137e-05,0.1,0.00030436702767639817,1
LMND,665,86.73,57675.450000000004,2321954.95,199986126.1145,0.0002863965986936999,0.028639659869369987,0.00028839725595253805,0.1,0.0028639659869369987,1
LMT,-316,634.22,-200413.52000000002,2258044.3,1266793022.4524999,0.00013994411004248234,0.013994411004248234,0.00015820541828688104,0.1,0.0013994411004248234,1
LNC,31,41.61,1289.91,1684382.6,71424530.9955,1.840436964855847e-05,0.001840436964855847,1.8059761569610713e-05,0.1,0.00018404369648558467,1
LNG,-2091,211.52,-442288.32,1942523.45,392270797.76350003,0.0010764348816484043,0.10764348816484043,0.0011275076363615921,0.1,0.010764348816484042,1
LNN,375,125.27,46976.25,116420.95,14423607.525,0.0032210697473264048,0.3221069747326405,0.0032569001838532764,0.1,0.03221069747326404,1
LNT,2377,65.91,156668.06999999998,2321317.55,153750497.354,0.00102398743334362,0.102398743334362,0.001018976020866342,0.1,0.010239874333436198,1
LNTH,-91,66.92,-6089.72,847901.6,56968750.36925,0.00010732377436249679,0.010732377436249678,0.00010689579744208407,0.1,0.001073237743624968,1
LOB,-13,39.96,-519.48,390438.35,14858585.010499999,3.32959095847014e-05,0.00332959095847014,3.4961606346290925e-05,0.1,0.000332959095847014,1
LOPE,-1319,173.84,-229294.96,295149.8,51646443.143,0.004468917139703297,0.4468917139703297,0.004439704770474168,0.1,0.04468917139703297,1
LOVE,14003,13.32,186519.96,299573.2,4448558.536500001,0.046743166611699576,4.674316661169957,0.04192817931238207,0.1,0.4674316661169957,1
LOW,-1548,267.06,-413408.88,2982116.8,796383108.7875,0.0005190943560627807,0.05190943560627807,0.0005191080466654027,0.1,0.005190943560627807,1
LPLA,-666,364.5,-242757.0,625141.2,229285584.90399998,0.0010653593140237758,0.10653593140237758,0.0010587538684633856,0.1,0.010653593140237758,1
LPX,-162,83.74,-13565.88,1045768.95,92974507.66749999,0.0001549099349335243,0.01549099349335243,0.00014590967288060258,0.1,0.0015490993493352428,1
LQDA,974,42.39,41287.86,2392085.95,90137569.22475001,0.0004071760046916374,0.04071760046916374,0.0004580538431988597,0.1,0.004071760046916374,1
LQDT,1736,32.0,55552.0,128330.4,4022811.4175000004,0.013527581929145395,1.3527581929145394,0.013809247870367016,0.1,0.13527581929145394,1
LRCX,2367,233.46,552599.8200000001,14186276.65,3096448208.4164996,0.00016685139155241273,0.016685139155241273,0.00017846247791194139,0.1,0.0016685139155241272,1
LRN,2863,84.6,242209.8,1659018.9,124242785.37,0.0017257187365376007,0.17257187365376006,0.0019494878457424266,0.1,0.017257187365376004,1
LSCC,3706,80.52,298407.12,1931559.15,161509092.73299998,0.0019186572671098373,0.19186572671098373,0.0018476180811275687,0.1,0.019186572671098374,1
LSTR,-448,149.36,-66913.28,508354.5,77527761.88100001,0.0008812747797058942,0.08812747797058942,0.0008630879877934237,0.1,0.00881274779705894,1
LTC,-2318,36.47,-84537.45999999999,445627.5,16104560.429499999,0.005201653847664248,0.5201653847664248,0.0052492870184240505,0.1,0.052016538476642483,1
LTH,619,29.17,18056.23,2362310.2,66747029.1875,0.00026203163327153224,0.026203163327153223,0.00027051735814755134,0.1,0.0026203163327153224,1
LULU,680,174.5,118660.0,2956579.3,587245608.1240001,0.0002299955221901202,0.02299955221901202,0.00020206196241989485,0.1,0.002299955221901202,1
LUMN,-24309,8.82,-214405.38,11978924.3,101321923.82550001,0.002029314101267006,0.2029314101267006,0.002116080823428265,0.1,0.02029314101267006,1
LUV,2588,47.52,122981.76000000001,10248084.85,450418133.2665,0.00025253498950098956,0.025253498950098957,0.00027303909615742554,0.1,0.0025253498950098953,1
LVS,2202,52.73,116111.45999999999,7301173.45,431957880.6835,0.0003015953551959514,0.030159535519595142,0.0002688027356192074,0.1,0.003015953551959514,1
LW,7107,45.93,326424.51,2982264.8,128806340.16199999,0.0023830881818408616,0.23830881818408617,0.0025342270387424663,0.1,0.023830881818408613,1
LXP,630,49.55,31216.5,481002.35,23990397.827,0.0013097649107119747,0.13097649107119747,0.0013012081010539717,0.1,0.013097649107119747,1
LXRX,-29,1.16,-33.64,3361164.8,4700187.0655000005,8.62796135434954e-06,0.0008627961354349539,7.15716194508982e-06,0.1,8.627961354349539e-05,1
LXU,310,9.29,2879.8999999999996,558443.15,5328050.719500001,0.0005551146969928809,0.055511469699288093,0.0005405166263639205,0.1,0.005551146969928809,1
LYB,2547,49.0,124803.0,6505071.9,319618024.921,0.0003915406376984088,0.03915406376984088,0.00039047547468841145,0.1,0.003915406376984088,1
LYFT,-1335,16.87,-22521.45,12081733.2,223736016.988,0.00011049739121867052,0.011049739121867052,0.00010066081582746657,0.1,0.001104973912186705,1
LYTS,4932,22.11,109046.52,154759.85,3218765.3055,0.03186873081099523,3.186873081099523,0.033878369390172365,0.1,0.31868730810995227,1
LYV,-608,145.45,-88433.59999999999,2650950.95,385037456.0715,0.00022935165963745952,0.02293516596374595,0.00022967531757112536,0.1,0.002293516596374595,1
LZ,-10518,8.89,-93505.02,3527521.6,32406307.815000005,0.0029816968378024956,0.29816968378024955,0.002885395662282732,0.1,0.029816968378024954,1
LZB,-14,36.41,-509.73999999999995,413125.55,15798491.670500005,3.388800329585038e-05,0.003388800329585038,3.2265105469012616e-05,0.1,0.00033888003295850377,1
M,371,20.02,7427.42,6586297.8,142405066.0415,5.632906547286702e-05,0.005632906547286702,5.2156992770436165e-05,0.1,0.0005632906547286702,1
MA,-2,538.79,-1077.58,4343356.65,2367196390.0134997,4.604733530229436e-07,4.604733530229436e-05,4.5521360396880913e-07,0.1,4.604733530229436e-06,1
MAA,1967,134.3,264168.10000000003,935100.6,126894792.88450003,0.00210351699057834,0.210351699057834,0.0020817883381585764,0.1,0.0210351699057834,1
MAC,18142,18.93,343428.06,1702839.75,31380977.171000004,0.010653967879244068,1.0653967879244068,0.010943829382004427,0.1,0.10653967879244068,1
MAGN,3528,13.07,46110.96,485489.3,6902920.733000001,0.007266895480497717,0.7266895480497717,0.006679920251664288,0.1,0.07266895480497716,1
MAN,-7674,36.33,-278796.42,1135715.7,35710008.7265,0.006756972717732087,0.6756972717732087,0.007807234720531118,0.1,0.06756972717732086,1
MANH,-2558,151.01,-386283.57999999996,760453.4,127634550.058,0.0033637827117348677,0.3363782711734868,0.0030264813079566937,0.1,0.033637827117348675,1
MANU,21702,17.7,384125.39999999997,337304.4,5705499.292000001,0.06433951054299913,6.433951054299913,0.06732546624597843,0.1,0.6433951054299913,1
MAR,161,315.3,50763.3,1509256.75,482512235.37250006,0.00010667502398117484,0.010667502398117484,0.00010520624406718033,0.1,0.0010667502398117484,1
MARA,-301,9.5,-2859.5,41119034.35,429682139.36450005,7.320210816186153e-06,0.0007320210816186153,6.654919388153301e-06,0.1,7.320210816186153e-05,1
MAS,376,66.09,24849.84,2258363.5,153198338.58500004,0.00016649224095235333,0.016649224095235334,0.00016220698102553115,0.1,0.0016649224095235332,1
MASI,-168,137.33,-23071.440000000002,785577.1,108864209.42349999,0.00021385552099214707,0.021385552099214708,0.000211928604655073,0.1,0.0021385552099214707,1
MAT,9406,20.89,196491.34,2882893.15,60825195.52725001,0.003262694630218952,0.3262694630218952,0.003230426771287087,0.1,0.03262694630218952,1
MATV,3561,12.05,42910.05,265344.1,3327657.4094999996,0.013420309703513288,1.3420309703513287,0.012894972264121231,0.1,0.13420309703513286,1
MATW,-1287,26.29,-33835.229999999996,243766.2,6605750.695,0.0052796491063978514,0.5279649106397851,0.00512208703631677,0.1,0.05279649106397851,1
MATX,-1965,160.3,-314989.5,321127.95,46774849.536,0.006119056282706006,0.6119056282706006,0.006734163832158778,0.1,0.061190562827060056,1
MBIN,-9,41.46,-373.14,158556.55,5800651.354,5.676208267649618e-05,0.005676208267649618,6.432725865220135e-05,0.1,0.0005676208267649617,1
MBUU,-274,32.5,-8905.0,174012.05,5593486.1745,0.0015746035978542866,0.15746035978542866,0.001592030394317729,0.1,0.015746035978542867,1
MBWM,-2144,51.98,-111445.12,106494.9,5355622.033000001,0.020132419486754767,2.0132419486754767,0.020808996473855527,0.1,0.20132419486754766,1
MC,-1158,71.67,-82993.86,762745.95,56736792.23599999,0.0015181988183614742,0.15181988183614742,0.0014627873154122323,0.1,0.015181988183614742,1
MCB,839,92.6,77691.4,188304.2,16304829.6675,0.004455556487853165,0.4455556487853165,0.004764931715592238,0.1,0.04455556487853165,1
MCD,-1,315.0,-315.0,3139590.9,965772237.6485001,3.1851283554172614e-07,3.185128355417261e-05,3.261638590553962e-07,0.1,3.1851283554172614e-06,1
MCHB,-5154,14.99,-77258.46,406738.05,6015020.037500001,0.01267154621998114,1.267154621998114,0.012844256464374247,0.1,0.1267154621998114,1
MCHP,5905,75.92,448307.60000000003,9341665.9,696750858.6585,0.0006321142356418462,0.06321142356418462,0.0006434259741899078,0.1,0.006321142356418462,1
MCK,9,831.21,7480.89,586138.7,484174960.57400006,1.535472747320728e-05,0.001535472747320728,1.5450799006894616e-05,0.1,0.00015354727473207278,1
MCO,-683,515.56,-352127.48,724595.2,381042866.2425,0.0009425952587044464,0.09425952587044464,0.0009241151355813655,0.1,0.009425952587044463,1
MCRI,21,91.53,1922.13,81665.15,7502132.582,0.0002571476327417509,0.02571476327417509,0.00025621114782905873,0.1,0.002571476327417509,1
MCS,17,15.09,256.53,159154.9,2452069.2700000005,0.00010681417914245808,0.010681417914245808,0.000104617762286952,0.1,0.0010681417914245807,1
MCW,6961,5.55,38633.549999999996,1079798.85,6269472.62,0.006446571044227357,0.6446571044227357,0.0061621690278631435,0.1,0.06446571044227356,1
MCY,238,87.59,20846.420000000002,211220.2,18690133.104500003,0.0011267861691258696,0.11267861691258696,0.001115370333825008,0.1,0.011267861691258695,1
MD,-4846,21.38,-103607.48,559762.25,12179010.229,0.00865724689365887,0.865724689365887,0.008507052547939854,0.1,0.0865724689365887,1
MDB,-651,371.33,-241735.83,1512128.8,607122356.3285,0.0004305188817248901,0.04305188817248901,0.00039816657627610445,0.1,0.004305188817248901,1
MDGL,1,489.31,489.31,359572.3,186396264.389,2.78108185752907e-06,0.000278108185752907,2.6251062573809618e-06,0.1,2.7810818575290697e-05,1
MDLZ,-5896,58.47,-344739.12,11586776.6,650567761.0635,0.0005088559315107534,0.05088559315107534,0.0005299050162529511,0.1,0.005088559315107534,1
MDT,-926,102.96,-95340.95999999999,7923833.1,787623140.7355,0.00011686263306075945,0.011686263306075945,0.00012104895738711853,0.1,0.0011686263306075943,1
MDU,-6660,20.51,-136596.6,2124794.0,43018402.386,0.00313442150156674,0.313442150156674,0.0031753062044083324,0.1,0.0313442150156674,1
MEDP,-11,582.48,-6407.280000000001,211748.75,127427142.61100002,5.194835860896463e-05,0.005194835860896463,5.0281909087137446e-05,0.1,0.0005194835860896463,1
MELI,204,2147.79,438149.16,563114.7,1204175221.634,0.0003622707771613847,0.03622707771613847,0.0003638583090967903,0.1,0.003622707771613847,1
MET,71,78.88,5600.48,3520013.7,274793021.39,2.0170376041434155e-05,0.0020170376041434156,2.0380721357736078e-05,0.1,0.00020170376041434154,1
META,-302,716.5,-216383.0,18232503.15,12113732310.919498,1.6563825466828454e-05,0.0016563825466828453,1.786262024338685e-05,0.1,0.00016563825466828452,1
MFA,3213,9.64,30973.320000000003,1571172.9,15362847.326999998,0.002044969080105697,0.2044969080105697,0.0020161184538731182,0.1,0.02044969080105697,1
MGEE,3074,79.88,245551.12,113095.75,8931185.353999998,0.027180508551382345,2.7180508551382343,0.02749367640097463,0.1,0.27180508551382343,1
MGM,6368,33.54,213582.72,4618773.4,159621405.27599996,0.0013787210258030843,0.13787210258030844,0.0013380581359417054,0.1,0.013787210258030843,1
MGNI,-1940,14.47,-28071.800000000003,2194221.95,34049511.76150001,0.0008841402757820373,0.08841402757820374,0.000824440602750168,0.1,0.008841402757820372,1
MGPI,3289,24.91,81928.99,247455.65,6090956.922,0.013291270577172111,1.3291270577172112,0.01345092258066704,0.1,0.1329127057717211,1
MGRC,-596,111.69,-66567.24,119609.75,13315210.063,0.004982871379632514,0.49828713796325136,0.0049993383269991,0.1,0.049828713796325134,1
MGY,-62,25.51,-1581.6200000000001,2772024.5,64894014.95599999,2.2366324684359753e-05,0.0022366324684359755,2.4372355464096095e-05,0.1,0.0002236632468435975,1
MHK,-33,118.38,-3906.54,754598.4,89015039.28,4.373187115159534e-05,0.0043731871151595336,4.388629192997195e-05,0.1,0.0004373187115159534,1
MHO,1502,133.7,200817.4,245710.5,32862462.748000003,0.006112884878749585,0.6112884878749585,0.006110844507909611,0.1,0.061128848787495846,1
MIDD,285,118.385,33739.725,733810.2,89006185.1287,0.0003883838082381521,0.03883838082381521,0.0003790716898068766,0.1,0.0038838380823815206,1
MIR,-1428,24.84,-35471.52,2319733.15,59491908.165,0.0006155880472717304,0.06155880472717304,0.0005962410871344086,0.1,0.0061558804727173035,1
MIRM,4625,103.22,477392.5,866144.1,77835285.9825,0.0053397581303157296,0.5339758130315729,0.006133368612628133,0.1,0.05339758130315729,1
MITK,124,10.02,1242.48,438613.1,4523896.7385,0.00028270929436444105,0.028270929436444103,0.00027464817873185414,0.1,0.0028270929436444102,1
MKC,6156,61.83,380625.48,4707731.2,303186537.7535,0.0013076362558677947,0.13076362558677945,0.0012554168229905386,0.1,0.013076362558677945,1
MKL,-311,2040.64,-634639.04,46658.9,96874209.0675,0.006665395026457975,0.6665395026457975,0.006551166157731376,0.1,0.06665395026457975,1
MKSI,474,235.41,111584.34,1417831.85,302401829.1035,0.0003343132685303973,0.033431326853039726,0.000368993601430265,0.1,0.003343132685303973,1
MKTX,-1125,169.23,-190383.75,541529.9,93636545.76099999,0.002077447616465868,0.2077447616465868,0.0020332205599076637,0.1,0.02077447616465868,1
MLAB,-3,78.76,-236.28000000000003,95742.95,8057450.350999999,3.133389978061048e-05,0.003133389978061048,2.9324412774156983e-05,0.1,0.00031333899780610475,1
MLI,-2508,68.07,-170719.55999999997,1394593.4,89899682.08699998,0.0017983736334905931,0.1798373633490593,0.0018990007087543084,0.1,0.01798373633490593,1
MLKN,2798,20.08,56183.84,516248.55,9969949.4175,0.0054198699444289,0.54198699444289,0.005635318460230292,0.1,0.05419869944428899,1
MLM,-917,651.95,-597838.15,413452.7,267150705.00950003,0.002217907876765589,0.22179078767655888,0.002237831077326712,0.1,0.022179078767655888,1
MLR,-257,40.97,-10529.289999999999,50663.95,2023550.459,0.005072640408021877,0.5072640408021878,0.005203374076079809,0.1,0.05072640408021877,1
MMI,5022,27.2,136598.4,272989.7,7310359.314,0.01839629846840375,1.8396298468403751,0.01868559316070849,0.1,0.18396298468403752,1
MMM,2861,153.16,438190.76,4267928.8,687998473.161,0.000670348577511415,0.0670348577511415,0.0006369065878689211,0.1,0.006703485775114149,1
MMS,4,94.44,377.76,540415.6,51206224.253000006,7.40171083144158e-06,0.000740171083144158,7.3772281692467935e-06,0.1,7.401710831441579e-05,1
MMSI,947,81.09,76792.23000000001,802029.2,67873708.4085,0.0011807550149046944,0.11807550149046944,0.0011313987669249426,0.1,0.011807550149046943,1
MMYT,-59,62.38,-3680.42,1568240.95,108382733.3395,3.762176979245441e-05,0.0037621769792454407,3.395762301428021e-05,0.1,0.00037621769792454404,1
MNKD,-7231,5.78,-41795.18,4196652.85,23798308.23,0.0017230398268467692,0.17230398268467692,0.001756224837331641,0.1,0.01723039826846769,1
MNRO,-5320,18.72,-99590.4,827538.9,16727267.384500002,0.00642870081394361,0.6428700813943611,0.005953775814708594,0.1,0.0642870081394361,1
MNST,844,80.76,68161.44,5515649.05,435875219.946,0.00015301916281276092,0.015301916281276091,0.00015637833233200188,0.1,0.0015301916281276091,1
MO,5968,61.99,369956.32,11455666.2,683855834.0350001,0.0005209649003215545,0.05209649003215545,0.0005409858358846223,0.1,0.005209649003215544,1
MOD,-1227,184.66,-226577.82,1699636.3,240720018.90750003,0.0007219191541155011,0.07219191541155011,0.0009412504245733947,0.1,0.00721919154115501,1
MOG/A,216,305.35,65955.6,208376.75,58726306.7585,0.0010365839758994225,0.10365839758994225,0.0011231014453408248,0.1,0.010365839758994223,1
MOH,597,179.59,107215.23,1408337.8,262644554.78599995,0.0004239039809909242,0.04239039809909242,0.0004082141740473464,0.1,0.004239039809909241,1
MORN,1586,202.09,320514.74,389057.4,82742203.9755,0.0040765193002369315,0.40765193002369315,0.0038736548532705816,0.1,0.04076519300236931,1
MOS,2177,27.5,59867.5,7533867.55,202540479.049,0.0002889618095290247,0.028896180952902473,0.00029558288931229613,0.1,0.002889618095290247,1
MOV,3745,22.8,85386.0,142371.25,3179242.4395,0.02630446807202999,2.630446807202999,0.0268573415286406,0.1,0.2630446807202999,1
MP,-383,58.77,-22508.91,10799466.0,693594500.9665,3.5464716496167496e-05,0.0035464716496167495,3.245254967943749e-05,0.1,0.00035464716496167494,1
MPC,262,176.19,46161.78,2276744.3,398348147.12700003,0.00011507660302476656,0.011507660302476656,0.00011588300418348087,0.1,0.0011507660302476656,1
MPW,-31082,,,,,,,,0.1,,
MPWR,-533,1124.15,-599171.9500000001,576746.45,599068369.5285,0.000924149598146638,0.0924149598146638,0.0010001729025880329,0.1,0.00924149598146638,1
MQ,-8385,16.52,-138520.19999999998,837713.65,15129288.904,0.010009386859101556,1.0009386859101557,0.009155764086399126,0.1,0.10009386859101556,1
MRCY,-177,93.88,-16616.76,723378.7,68713876.0465,0.0002446851144497343,0.02446851144497343,0.00024182539184305538,0.1,0.0024468511444973432,1
MRK,53,110.27,5844.3099999999995,12622637.25,1377898647.1215,4.198805602212802e-06,0.0004198805602212802,4.241465808975906e-06,0.1,4.1988056022128016e-05,1
MRNA,8028,44.07,353793.96,14749107.2,626654635.656,0.0005443041325240352,0.05443041325240352,0.0005645756687487652,0.1,0.005443041325240351,1
MRSH,933,188.19,175581.27,2776912.45,508896475.98050004,0.00033598466527095584,0.03359846652709558,0.0003450235525048673,0.1,0.0033598466527095584,1
MRTN,-27,12.3,-332.1,1058340.95,13249421.2265,2.5511627420256205e-05,0.0025511627420256207,2.506524581887177e-05,0.1,0.000255116274202562,1
MRVL,5593,78.92,441399.56,14579323.95,1215813109.2704997,0.00038362546982159625,0.03836254698215962,0.00036304885729094026,0.1,0.0038362546982159624,1
MS,1696,182.8,310028.80000000005,7075734.35,1303061567.1994998,0.00023969243559857501,0.023969243559857502,0.00023792337047151538,0.1,0.00239692435598575,1
MSA,-1420,177.15,-251553.0,237484.2,41889436.1865,0.005979345152224863,0.5979345152224863,0.0060051655715783955,0.1,0.05979345152224863,1
MSBI,44,22.85,1005.4000000000001,196956.05,4431449.152000001,0.00022340009357417557,0.02234000935741756,0.0002268783789488464,0.1,0.0022340009357417557,1
MSCI,-221,609.22,-134637.62,464546.15,275231150.6345,0.0004757331429826724,0.04757331429826724,0.0004891801661607531,0.1,0.004757331429826724,1
MSEX,-1219,52.38,-63851.22,106166.6,5559386.5465,0.011481953834821874,1.1481953834821874,0.01148529958583264,0.1,0.11481953834821874,1
MSFT,-51,430.29,-21944.79,34203128.4,15672243726.582,1.491091674526474e-06,0.0001491091674526474,1.4002328181496445e-06,0.1,1.491091674526474e-05,1
MSGE,-641,61.87,-39658.67,327522.3,19235689.806,0.0019571186450510394,0.19571186450510394,0.0020617233070388593,0.1,0.019571186450510394,1
MSGS,-1215,283.55,-344513.25,200939.3,55885898.547500014,0.006046602133081981,0.6046602133081981,0.006164582818815774,0.1,0.06046602133081981,1
MSI,-669,402.54,-269299.26,1151844.85,452708068.18999994,0.0005808073891201579,0.05808073891201579,0.0005948629567763216,0.1,0.005808073891201578,1
MSM,1909,84.34,161005.06,861401.2,72637671.79249999,0.0022161566526724135,0.22161566526724136,0.002216550393574483,0.1,0.022161566526724134,1
MSTR,-1127,149.71,-168723.17,22114797.0,3596259439.276,5.096135406533462e-05,0.005096135406533462,4.691629534769255e-05,0.1,0.0005096135406533462,1
MTB,-751,221.57,-166399.07,1249093.0,267162257.75649995,0.0006012362570280995,0.060123625702809956,0.000622838987053558,0.1,0.006012362570280995,1
MTCH,-2004,31.15,-62424.6,3652284.15,115762182.801,0.0005486977238613814,0.054869772386138146,0.0005392486431195797,0.1,0.005486977238613814,1
MTD,-105,1373.24,-144190.2,133886.55,193055365.3145,0.0007842460650453687,0.07842460650453686,0.000746885225205239,0.1,0.007842460650453686,1
MTDR,-824,45.24,-37277.76,1814395.45,77825329.922,0.0004541457596798978,0.04541457596798978,0.0004789926369391742,0.1,0.004541457596798978,1
MTG,5419,26.92,145879.48,2359180.0,63796320.282000005,0.002296984545477666,0.22969845454776658,0.0022866441098039255,0.1,0.022969845454776656,1
MTH,-4906,69.51,-341016.06,1091632.95,79160247.3245,0.004494184606648233,0.4494184606648233,0.004307920598101213,0.1,0.044941846066482334,1
MTN,-184,133.07,-24484.879999999997,869473.45,119443032.82699999,0.00021162233303386092,0.021162233303386093,0.00020499211565955158,0.1,0.002116223330338609,1
MTRN,7,138.28,967.96,173064.2,24155462.461499996,4.044741777906696e-05,0.004044741777906696,4.007209555779675e-05,0.1,0.00040447417779066955,1
MTSI,-1818,219.06,-398251.08,1530929.4,313720578.57875,0.0011875139376120154,0.11875139376120154,0.00126944519165494,0.1,0.011875139376120154,1
MTUS,1848,19.95,36867.6,378814.05,7449764.3825,0.0048783829427657185,0.4878382942765718,0.004948827655087251,0.1,0.04878382942765718,1
MTW,-16739,12.92,-216267.88,222573.65,2972478.2615,0.07520656645564289,7.520656645564289,0.0727567574845324,0.1,0.7520656645564289,1
MTX,-648,65.76,-42612.48,193064.45,12726002.005,0.0033563921270850223,0.3356392127085022,0.00334845774684443,0.1,0.03356392127085022,1
MTZ,1040,240.48,250099.19999999998,904148.8,211676135.29099998,0.001150253144172729,0.1150253144172729,0.0011815181699919937,0.1,0.01150253144172729,1
MU,417,414.88,173004.96,37494733.25,13908673577.0295,1.1121561986309103e-05,0.0011121561986309103,1.2438638310249926e-05,0.1,0.00011121561986309103,1
MUR,-11145,30.09,-335353.05,3050895.5,96523221.94100001,0.003653025808324146,0.3653025808324146,0.003474325071794486,0.1,0.03653025808324146,1
MUSA,788,422.51,332937.88,273298.45,117172657.60049999,0.0028832948009767344,0.28832948009767345,0.002841429791028136,0.1,0.028832948009767344,1
MUX,-9123,24.15,-220320.44999999998,1601630.35,38433540.3195,0.005696070881773687,0.5696070881773687,0.0057325046864916615,0.1,0.05696070881773687,1
MWA,1370,27.07,37085.9,1070799.6,27781262.767,0.00127941773605444,0.127941773605444,0.0013349249208373826,0.1,0.012794177360544398,1
MXL,7545,17.35,130905.75000000001,1262968.65,23594902.45,0.005974020020211903,0.5974020020211903,0.005548052181076088,0.1,0.05974020020211903,1
MYE,10547,20.67,218006.49000000002,294246.05,5852070.5655000005,0.035844151518771454,3.5844151518771454,0.03725288127679533,0.1,0.3584415151877145,1
MYGN,-6172,5.62,-34686.64,918218.65,5582781.9735,0.00672171056425395,0.672171056425395,0.006213146091795877,0.1,0.06721710564253949,1
MYRG,9,250.04,2250.36,204252.4,49406245.543,4.406312973556247e-05,0.004406312973556247,4.554808760041142e-05,0.1,0.0004406312973556247,1
MZTI,-824,171.57,-141373.68,134759.35,22599450.491000004,0.006114603550699821,0.6114603550699821,0.006255624669117534,0.1,0.06114603550699821,1
NABL,-8152,6.07,-49482.64,1034251.8,6998107.599499999,0.00788202640788249,0.788202640788249,0.00707086012846322,0.1,0.07882026407882489,1
NAGE,-53,5.99,-317.47,811872.55,5133649.9569999995,6.528118237277513e-05,0.006528118237277513,6.184099084650545e-05,0.1,0.0006528118237277513,1
NAT,17680,4.16,73548.8,3261837.65,12828478.9135,0.005420257504232315,0.5420257504232315,0.005733244018712243,0.1,0.05420257504232315,1
NAVI,-11669,9.81,-114472.89,1073125.0,12290817.729,0.010873849737914968,1.087384973791497,0.009313691938486968,0.1,0.10873849737914967,1
NBHC,-847,40.18,-34032.46,470201.45,18861280.3675,0.0018013555679166876,0.18013555679166876,0.0018043557667824907,0.1,0.018013555679166876,1
NBIS,-329,85.19,-28027.51,12937295.85,1269686145.615,2.5430352974420077e-05,0.0025430352974420076,2.2074360736152056e-05,0.1,0.00025430352974420076,1
NBIX,804,136.06,109392.24,1120115.15,151865779.08,0.0007177833457569073,0.07177833457569073,0.0007203218569890867,0.1,0.007177833457569073,1
NBN,400,115.23,46092.0,121172.1,13509548.877499998,0.003301089937370071,0.3301089937370071,0.0034118089669719254,0.1,0.033010899373700706,1
NBR,174,66.84,11630.16,369626.6,23240394.5635,0.0004707453413796518,0.04707453413796518,0.0005004286811148055,0.1,0.004707453413796518,1
NBTB,-1934,44.43,-85927.62,212273.6,9200529.595500002,0.009110883312856616,0.9110883312856616,0.00933942107441591,0.1,0.09110883312856616,1
NCLH,-8700,21.96,-191052.0,18895651.95,423045355.85749996,0.00046042338327469037,0.04604233832746904,0.0004516111508014157,0.1,0.004604233832746904,1
NCNO,10219,21.35,218175.65000000002,1808087.1,43076474.38599999,0.005651829494276022,0.5651829494276022,0.00506484463062065,0.1,0.056518294942760214,1
NDAQ,715,96.89,69276.35,3467639.85,342689016.79850006,0.00020619211651982833,0.020619211651982834,0.0002021551511840085,0.1,0.002061921165198283,1
NDSN,-366,274.53,-100477.98,420219.65,111406698.49149999,0.0008709730732487164,0.08709730732487164,0.0009019025010212126,0.1,0.008709730732487164,1
NE,3641,35.62,129692.41999999998,1964228.2,64304758.331499994,0.0018536542749971719,0.18536542749971718,0.002016840174274779,0.1,0.018536542749971716,1
NEE,-3739,87.9,-328658.10000000003,9827112.65,821240225.5374999,0.00038047798302179834,0.03804779830217984,0.0004001972745366851,0.1,0.0038047798302179832,1
NEM,2415,112.35,271325.25,10318325.95,1204199474.1145,0.0002340495940623004,0.02340495940623004,0.0002253158682032453,0.1,0.0023404959406230037,1
NEO,-2666,12.06,-32151.960000000003,2025490.7,25641468.645500004,0.0013162242611136157,0.13162242611136157,0.0012539047760683774,0.1,0.013162242611136157,1
NEOG,-154,10.22,-1573.88,4659216.45,43688596.195250005,3.3052767917661346e-05,0.0033052767917661346,3.60249615933212e-05,0.1,0.00033052767917661344,1
NET,-1096,177.35,-194375.6,4157923.35,778286610.166,0.00026359312275441537,0.026359312275441537,0.00024974809724471786,0.1,0.0026359312275441534,1
NEU,-40,670.79,-26831.6,150482.05,101759806.6,0.0002658124341075896,0.02658124341075896,0.0002636758155945631,0.1,0.002658124341075896,1
NEXA,11,12.61,138.70999999999998,952634.85,11357143.6695,1.1546921677282749e-05,0.001154692167728275,1.2213458245888924e-05,0.1,0.00011546921677282749,1
NEXT,-31,5.29,-163.99,2909658.2,14885931.546999997,1.0654172369799312e-05,0.0010654172369799313,1.1016441898998882e-05,0.1,0.00010654172369799312,1
NFE,-164,1.33,-218.12,13226040.2,19035741.521,1.239978085050732e-05,0.001239978085050732,1.145844514432877e-05,0.1,0.0001239978085050732,1
NFG,-1644,83.75,-137685.0,893470.15,72613733.42300001,0.0018400167034119718,0.1840016703411972,0.0018961289209292883,0.1,0.018400167034119716,1
NFLX,-1780,83.49,-148612.19999999998,52400056.4,4574654259.704499,3.396942908633969e-05,0.003396942908633969,3.248599600390339e-05,0.1,0.0003396942908633969,1
NGVC,-38,27.32,-1038.16,221990.3,5712067.771,0.00017117865059869733,0.017117865059869734,0.00018174854389345796,0.1,0.0017117865059869733,1
NGVT,613,65.79,40329.270000000004,286111.9,18713408.287499998,0.0021425183643182964,0.21425183643182963,0.002155100203042049,0.1,0.021425183643182962,1
NHC,1289,143.11,184468.79,70037.9,9594262.694000002,0.01840432108901038,1.840432108901038,0.019226989700351013,0.1,0.18404321089010378,1
NHI,-1603,82.12,-131638.36000000002,199715.2,15792644.026500002,0.00802642963580138,0.802642963580138,0.00833542247764917,0.1,0.0802642963580138,1
NI,-8745,44.29,-387316.05,3835384.6,165971344.153,0.0022800842450063545,0.22800842450063546,0.002333632061465709,0.1,0.022800842450063544,1
NIC,-9,145.98,-1313.82,177377.75,24001584.495000005,5.0739171062886976e-05,0.005073917106288697,5.473888610452756e-05,0.1,0.0005073917106288697,1
NINE,-12930,,,,,,,,0.1,,
NJR,235,49.48,11627.8,511120.6,24381680.0405,0.0004597740728900381,0.04597740728900381,0.00047690725088202516,0.1,0.0045977407289003805,1
NKE,1651,61.81,102048.31,16158842.15,1041439760.9349998,0.00010217316220271388,0.010217316220271389,9.79877222167718e-05,0.1,0.0010217316220271387,1
NKTR,-2502,37.33,-93399.65999999999,717652.45,27454563.963999998,0.0034863672520033897,0.34863672520033895,0.0034019720773009175,0.1,0.034863672520033896,1
NLY,-23547,23.01,-541816.4700000001,9214822.1,216051239.66950002,0.002555339619633026,0.25553396196330264,0.002507814677799733,0.1,0.02555339619633026,1
NMIH,11421,38.72,442221.12,467800.7,18025140.709,0.024414243074027037,2.4414243074027038,0.024533573808896696,0.1,0.24414243074027037,1
NMRK,10029,17.83,178817.06999999998,927932.6,16134933.349500004,0.010807897039073743,1.0807897039073744,0.011082603573664048,0.1,0.10807897039073742,1
NN,-397,14.36,-5700.92,1489521.15,22686796.295999996,0.0002665286088754094,0.026652860887540937,0.000251288014650405,0.1,0.0026652860887540937,1
NNI,-3013,131.9,-397414.7,109107.25,14592200.054,0.02761503016527316,2.761503016527316,0.02723473489462345,0.1,0.2761503016527316,1
NNN,1975,41.67,82298.25,1459073.1,60634580.822000004,0.0013535990760161366,0.13535990760161365,0.0013572824102074073,0.1,0.013535990760161366,1
NOC,-975,692.26,-674953.5,1191135.3,760141200.3399999,0.0008185468099215933,0.08185468099215933,0.0008879317417581146,0.1,0.008185468099215932,1
NOG,-5162,25.0,-129050.0,2141857.9,48622639.344,0.002410057175128191,0.24100571751281913,0.002654113428252732,0.1,0.02410057175128191,1
NOMD,417,12.7,5295.9,2194937.4,26342433.577999998,0.00018998263914041466,0.018998263914041465,0.00020104065117290053,0.1,0.0018998263914041466,1
NOV,-15197,18.35,-278864.95,4695753.8,83973810.6795,0.0032363281056174624,0.32363281056174625,0.0033208562019929576,0.1,0.03236328105617462,1
NOVT,-2,134.54,-269.08,496317.2,64872399.858500004,4.029681018509937e-06,0.0004029681018509937,4.147834835568263e-06,0.1,4.029681018509936e-05,1
NOW,2568,117.01,300481.68,16191773.1,2105793684.657,0.00015859906040802907,0.015859906040802906,0.0001426928393742161,0.1,0.0015859906040802906,1
NPK,899,127.4,114532.6,78768.15,9362439.7975,0.01141324253521252,1.141324253521252,0.012233200156927365,0.1,0.1141324253521252,1
NPKI,21018,13.81,290258.58,648041.3,8707863.739500001,0.03243311807441902,3.2433118074419025,0.03333292627023427,0.1,0.3243311807441902,1
NPO,-82,238.78,-19579.96,168706.0,39478746.5125,0.00048605265965644373,0.04860526596564437,0.0004959620486886653,0.1,0.004860526596564437,1
NRG,2332,152.63,355933.16,2000318.25,304665297.8135,0.0011658144897693154,0.11658144897693154,0.0011682760148741438,0.1,0.011658144897693153,1
NRIM,-3485,23.56,-82106.59999999999,227745.7,5923999.162,0.015302154991290723,1.5302154991290724,0.013859995208419308,0.1,0.15302154991290723,1
NSA,-4077,31.81,-129689.37,1674256.4,53058920.07,0.002435110894603718,0.24351108946037178,0.0024442519717495638,0.1,0.024351108946037175,1
NSIT,-135,84.02,-11342.699999999999,400700.85,33737970.7455,0.0003369096921057193,0.03369096921057193,0.00033619982913503767,0.1,0.0033690969210571926,1
NSP,-35,42.73,-1495.55,1089816.3,47683812.746,3.2115504236814954e-05,0.0032115504236814954,3.1363892983273566e-05,0.1,0.0003211550423681495,1
NSSC,3422,36.89,126237.58,347805.25,13653713.168000001,0.009838839407973284,0.9838839407973284,0.009245659290387108,0.1,0.09838839407973284,1
NTAP,-4364,96.35,-420471.39999999997,2601421.65,263905935.49299997,0.0016775442766073698,0.16775442766073698,0.0015932623842450594,0.1,0.016775442766073696,1
NTB,-2204,51.8,-114167.2,160900.1,8124233.8835,0.013697940523343366,1.3697940523343366,0.014052672736548007,0.1,0.13697940523343366,1
NTCT,-4632,27.81,-128815.92,436217.25,11981191.289500002,0.010618562195786618,1.0618562195786618,0.010751511839468823,0.1,0.10618562195786617,1
NTGR,93,20.91,1944.63,435712.4,9726069.985499999,0.00021344354670649722,0.021344354670649723,0.00019993995549066887,0.1,0.0021344354670649723,1
NTLA,13301,13.15,174908.15,6904005.55,88036914.00600001,0.0019265627618158564,0.19265627618158565,0.0019867592131645982,0.1,0.019265627618158563,1
NTNX,-2855,39.33,-112287.15,4200410.45,194105361.23499998,0.0006796954807118909,0.06796954807118909,0.0005784855672484795,0.1,0.006796954807118908,1
NTRA,2,231.14,462.28,1123675.0,268323908.54400006,1.779874073909271e-06,0.0001779874073909271,1.7228431208700688e-06,0.1,1.779874073909271e-05,1
NTRS,4330,149.43,647031.9,1051582.05,154789125.661,0.004117605468826707,0.4117605468826707,0.004180086276971738,0.1,0.04117605468826707,1
NU,10382,17.75,184280.5,49106882.0,866494903.4884999,0.00021141639577116706,0.021141639577116705,0.00021267349554866225,0.1,0.0021141639577116705,1
NUE,2870,177.72,510056.4,1894542.15,328215368.3955,0.0015148778822366134,0.15148778822366135,0.00155402960712486,0.1,0.015148778822366133,1
NUS,7139,10.61,75744.79,478845.6,5102119.988,0.014908772263961494,1.4908772263961494,0.014845748468900962,0.1,0.14908772263961492,1
NUVL,-171,102.89,-17594.19,588558.3,61060473.38149999,0.00029054046132728057,0.029054046132728058,0.00028814368814459045,0.1,0.0029054046132728057,1
NVAX,-18,8.845,-159.21,6450439.55,56253245.91975,2.7905075089030175e-06,0.00027905075089030174,2.8302366805130945e-06,0.1,2.7905075089030173e-05,1
NVCR,-178,12.4,-2207.2000000000003,1197374.6,16302290.469,0.00014865857351575688,0.014865857351575688,0.00013539201771659956,0.1,0.0014865857351575688,1
NVDA,-303,191.13,-57912.39,164611426.6,30711116193.549,1.8406984633957362e-06,0.00018406984633957362,1.8857142682480795e-06,0.1,1.8406984633957362e-05,1
NVR,24,7635.73,183257.52,33364.15,251308796.48549995,0.0007193349748157827,0.07193349748157828,0.0007292125168828844,0.1,0.007193349748157827,1
NVRI,66,,,,,,,,0.1,,
NVST,-15146,23.47,-355476.62,2493135.1,59471024.100999996,0.006075081931981945,0.6075081931981945,0.005977307863343532,0.1,0.060750819319819446,1
NVT,2457,112.26,275822.82,1863362.5,203954092.71600002,0.001318584011430948,0.1318584011430948,0.0013523769801671744,0.1,0.01318584011430948,1
NWBI,-31723,12.88,-408592.24000000005,1018653.45,12726321.675500002,0.03114209253402126,3.114209253402126,0.032106075142403386,0.1,0.3114209253402126,1
NWL,-108,4.25,-459.0,5670336.05,23558786.539499998,1.9046490198759914e-05,0.0019046490198759915,1.9483176658119234e-05,0.1,0.00019046490198759914,1
NWN,6,46.56,279.36,313039.6,14585490.863499999,1.9166904123312197e-05,0.0019166904123312197,1.9153280655030596e-05,0.1,0.00019166904123312195,1
NWPX,880,67.45,59356.0,78232.7,5231614.083749999,0.011248493277107911,1.1248493277107912,0.011345638086029057,0.1,0.11248493277107911,1
NWSA,27194,27.03,735053.8200000001,3034181.9,80461947.915,0.008962547696959105,0.8962547696959104,0.009135421637772315,0.1,0.08962547696959104,1
NX,4840,18.72,90604.79999999999,597827.25,10597001.173,0.008095984249630641,0.8095984249630641,0.008550041518429865,0.1,0.0809598424963064,1
NXPI,-1827,226.14,-413157.77999999997,2736493.0,642380235.6374999,0.0006676428552895988,0.06676428552895988,0.0006431670171016097,0.1,0.0066764285528959876,1
NXRT,387,30.22,11695.14,184002.2,5601177.146500001,0.0021032357221815825,0.21032357221815826,0.002087978954086093,0.1,0.021032357221815824,1
NXST,-1019,212.38,-216415.22,316983.75,67133009.96,0.003214675831174311,0.3214675831174311,0.003223678189447295,0.1,0.03214675831174311,1
NYT,3721,73.31,272786.51,1420089.0,101483997.5705,0.0026202583077539507,0.26202583077539504,0.002687975607292152,0.1,0.026202583077539504,1
O,1397,61.16,85440.51999999999,6551486.25,391287236.8809999,0.00021323405814978243,0.021323405814978245,0.0002183575438878538,0.1,0.002132340581497824,1
OBK,-1427,42.83,-61118.409999999996,249616.95,10168706.048999999,0.005716759218474547,0.5716759218474546,0.00601044122088773,0.1,0.057167592184745465,1
OC,-167,119.84,-20013.28,1292840.55,156052135.054,0.00012917292855642561,0.01291729285564256,0.00012824739625045593,0.1,0.001291729285564256,1
OCFC,57,18.75,1068.75,851303.05,15469279.464000002,6.695617970592259e-05,0.0066956179705922585,6.908854432988863e-05,0.1,0.0006695617970592259,1
OCUL,-10973,9.14,-100293.22,5226880.15,57155918.958000004,0.002099340272801166,0.20993402728011662,0.0017547302506622047,0.1,0.02099340272801166,1
ODC,1312,60.55,79441.59999999999,72783.75,3981208.7285,0.01802600168306799,1.8026001683067991,0.019954140919893743,0.1,0.1802600168306799,1
ODFL,-28,173.2,-4849.599999999999,1908011.45,328333004.104,1.467496434573283e-05,0.0014674964345732832,1.4770370140626744e-05,0.1,0.0001467496434573283,1
OEC,8369,6.18,51720.42,616245.75,3748433.408500001,0.013580621042822608,1.3580621042822607,0.01379787616947337,0.1,0.13580621042822608,1
OFG,-2301,40.3,-92730.29999999999,322789.1,12838087.7455,0.0071284934962178095,0.7128493496217809,0.007223061708119557,0.1,0.0712849349621781,1
OFIX,5487,13.23,72593.01000000001,215114.1,3099532.836,0.025507393518137585,2.5507393518137587,0.02342062944352689,0.1,0.25507393518137583,1
OGE,5791,43.68,252950.88,1562266.35,67401860.771,0.003706794299192324,0.3706794299192324,0.003752876806463976,0.1,0.03706794299192324,1
OGN,-13869,8.54,-118441.26,6753127.65,58865978.036,0.002053715066381131,0.2053715066381131,0.002012049471556664,0.1,0.02053715066381131,1
OGS,8,79.56,636.48,454213.5,35414706.202999994,1.761286267361054e-05,0.0017612862673610538,1.7972194837693827e-05,0.1,0.00017612862673610537,1
OHI,4986,43.88,218785.68000000002,1925251.8,84960637.39899999,0.00258979111199896,0.25897911119989603,0.0025751416973547234,0.1,0.0258979111199896,1
OI,8263,15.28,126258.64,1882413.2,29042714.1945,0.004389578228626956,0.4389578228626956,0.004347342991238415,0.1,0.04389578228626956,1
OII,7245,30.1,218074.5,1084084.0,30442075.948000006,0.006683061460182053,0.6683061460182053,0.007163588329932116,0.1,0.06683061460182052,1
OIS,78,8.47,660.6600000000001,867461.95,7040047.620999999,8.991748859993226e-05,0.008991748859993225,9.384311521264355e-05,0.1,0.0008991748859993225,1
OKE,-516,79.19,-40862.04,4643367.9,351439384.2555,0.00011112623662665195,0.011112623662665196,0.00011627052012557841,0.1,0.0011112623662665195,1
OKTA,-5023,84.48,-424343.04000000004,2581950.1,233222312.62749997,0.0019454287671942226,0.19454287671942225,0.0018194787420608247,0.1,0.019454287671942225,1
OLED,-151,114.82,-17337.82,615636.3,73709020.5405,0.0002452746857194743,0.024527468571947427,0.00023521978548709106,0.1,0.0024527468571947427,1
OLLI,-2013,110.31,-222054.03,1151596.4,131098965.88499999,0.001748008243165748,0.17480082431657482,0.0016937893331270498,0.1,0.017480082431657478,1
OLN,9642,20.81,200650.02,3446621.0,78467625.8395,0.002797522559051314,0.2797522559051314,0.002557105785389958,0.1,0.02797522559051314,1
OMC,1654,77.04,127424.16,3756711.95,295209344.416,0.0004402786324887113,0.04402786324887113,0.00043163999517724534,0.1,0.0044027863248871126,1
OMCL,1226,48.5,59461.0,433447.4,21412418.1485,0.0028284862246261023,0.2828486224626102,0.0027769399788302477,0.1,0.028284862246261023,1
OMER,-1831,11.69,-21404.39,2631975.45,34436814.2685,0.0006956751819246642,0.06956751819246643,0.000621555461928399,0.1,0.006956751819246642,1
OMF,4219,65.54,276513.26,1312381.55,87399659.9335,0.003214766315481957,0.32147663154819567,0.0031637795869044723,0.1,0.03214766315481957,1
ON,-1872,59.89,-112114.08,9208776.5,563154084.13,0.00020328433424353387,0.020328433424353386,0.00019908242372636205,0.1,0.0020328433424353387,1
ONB,-2459,24.43,-60073.37,2943392.8,69135903.60975,0.0008354304597062275,0.08354304597062275,0.0008689171163379148,0.1,0.008354304597062275,1
ONTO,4,202.05,808.2,892027.6,180045607.62350002,4.484166184992482e-06,0.0004484166184992482,4.488862631350922e-06,0.1,4.484166184992482e-05,1
OPCH,-7098,34.0,-241332.0,1939537.1,66320633.187500015,0.0036596361059553846,0.36596361059553845,0.0036388675499781837,0.1,0.03659636105955384,1
OPLN,14,30.04,420.56,779245.65,23687484.3695,1.7966093233885873e-05,0.0017966093233885874,1.7754523588900514e-05,0.1,0.00017966093233885873,1
OPY,684,84.03,57476.520000000004,38242.6,2969761.6435,0.017885813203077198,1.7885813203077199,0.019353916879423796,0.1,0.17885813203077197,1
ORA,-398,124.94,-49726.12,586561.65,70311349.9025,0.0006785305517331383,0.06785305517331383,0.0007072274969681947,0.1,0.006785305517331383,1
ORC,-136,7.8,-1060.8,7385251.55,58378079.09449999,1.84150802554586e-05,0.0018415080255458599,1.817120426800651e-05,0.1,0.00018415080255458597,1
ORCL,-1058,164.58,-174125.64,23500593.65,4315163552.63,4.502013931039568e-05,0.0045020139310395675,4.035203715369587e-05,0.1,0.00045020139310395673,1
ORI,3720,39.17,145712.4,2110950.0,86272642.9225,0.0017622397498756484,0.17622397498756484,0.0016889757293154402,0.1,0.017622397498756482,1
ORLY,2092,98.41,205873.72,6039245.85,576605118.414,0.0003464008672539801,0.034640086725398006,0.00035704455861625486,0.1,0.0034640086725398005,1
ORN,589,12.22,7197.58,280808.75,3193359.4925000006,0.0020975129870418924,0.20975129870418924,0.002253920993519335,0.1,0.020975129870418923,1
ORRF,-2259,36.02,-81369.18000000001,314557.2,11392894.375500001,0.00718152374194582,0.718152374194582,0.007142099041572915,0.1,0.0718152374194582,1
OSBC,593,19.84,11765.12,381316.55,7710918.993500002,0.0015551383751898522,0.15551383751898523,0.0015257740367805096,0.1,0.015551383751898521,1
OSCR,58,14.35,832.3,8455627.85,137598947.43600002,6.859336885314791e-06,0.0006859336885314791,6.048738129970937e-06,0.1,6.859336885314791e-05,1
OSG,-9987,5.67,-56626.29,774467.3,4930510.942500001,0.012895315270250918,1.2895315270250918,0.011484872594418745,0.1,0.12895315270250918,1
OSIS,295,250.14,73791.3,274893.45,75398751.66749999,0.001073143066886461,0.1073143066886461,0.0009786806594015154,0.1,0.010731430668864608,1
OSK,73,143.82,10498.859999999999,861171.2,127236593.09300001,8.476827836323371e-05,0.008476827836323371,8.25144696567453e-05,0.1,0.0008476827836323371,1
OSPN,-1544,11.78,-18188.32,440608.45,5415624.486,0.003504245095617208,0.35042450956172083,0.0033584898744399394,0.1,0.03504245095617208,1
OSW,-15004,19.65,-294828.6,638035.5,13010542.280000001,0.023515932890881462,2.351593289088146,0.022660746466595393,0.1,0.2351593289088146,1
OTIS,762,85.42,65090.04,3426170.6,305166200.72599995,0.00022240573776448843,0.022240573776448842,0.00021329373910068924,0.1,0.0022240573776448843,1
OTTR,-292,89.16,-26034.719999999998,188199.05,16129819.443499997,0.001551548745862426,0.1551548745862426,0.0016140738643228571,0.1,0.01551548745862426,1
OUT,19,24.32,462.08,1083775.9,26526236.978499997,1.75312995980073e-05,0.00175312995980073,1.7419734294559924e-05,0.1,0.000175312995980073,1
OVV,-12168,43.47,-528942.96,4168487.2,168340152.001,0.0029190445876863913,0.29190445876863913,0.003142108128765726,0.1,0.02919044587686391,1
OWL,-6718,13.64,-91633.52,12124504.45,183172131.61549997,0.0005540845011607877,0.05540845011607877,0.0005002590688432323,0.1,0.005540845011607877,1
OXM,-1005,36.85,-37034.25,396763.45,15090560.903,0.002532995415782376,0.2532995415782376,0.002454133430695581,0.1,0.02532995415782376,1
OXY,2617,45.39,118785.63,12038488.0,520846388.11800003,0.00021738610363693513,0.02173861036369351,0.00022806269316604842,0.1,0.002173861036369351,1
OZK,-1737,47.56,-82611.72,1684870.45,79893777.844,0.0010309397971814392,0.10309397971814392,0.0010340194471878277,0.1,0.01030939797181439,1
PAG,2950,156.79,462530.5,247311.65,39992027.328999996,0.01192826945273302,1.192826945273302,0.011565567711657333,0.1,0.11928269452733019,1
PAGS,27003,11.25,303783.75,4093272.8,43692596.12899999,0.006596921661317076,0.6596921661317077,0.0069527511961773834,0.1,0.06596921661317076,1
PAHC,-3092,40.15,-124143.79999999999,190951.05,7607803.589999999,0.01619263156709534,1.619263156709534,0.01631795544290596,0.1,0.16192631567095336,1
PANW,-2523,176.97,-446495.31,6488677.15,1196572392.6725001,0.0003888311810982921,0.03888311810982921,0.00037314525450714205,0.1,0.0038883118109829208,1
PAR,3891,26.21,101983.11,1048269.3,33526506.686500005,0.0037118324461090295,0.37118324461090296,0.0030418650816688027,0.1,0.03711832446109029,1
PARR,8,37.74,301.92,1213017.55,44702124.871,6.5951230466533645e-06,0.0006595123046653365,6.754041354214623e-06,0.1,6.595123046653364e-05,1
PATH,12532,12.59,157777.88,26528219.45,405081747.9575,0.0004724026059728634,0.04724026059728634,0.0003894963937416247,0.1,0.004724026059728634,1
PATK,-13,126.17,-1640.21,336580.4,41550432.898,3.8623758246172385e-05,0.0038623758246172386,3.947516031966421e-05,0.1,0.0003862375824617238,1
PAX,2455,14.61,35867.549999999996,858924.5,13891648.088,0.0028582256065579686,0.28582256065579686,0.0025819506636497224,0.1,0.028582256065579684,1
PAY,-398,26.73,-10638.54,607606.5,17757415.871,0.000655029200642192,0.0655029200642192,0.0005991040631860191,0.1,0.0065502920064219195,1
PAYC,4010,134.75,540347.5,991802.35,146789734.3665,0.00404314428172105,0.40431442817210506,0.0036810986976165334,0.1,0.0404314428172105,1
PAYO,-207,6.39,-1322.73,4599592.45,26918166.405500002,4.5003987255436076e-05,0.004500398725543608,4.913893391080812e-05,0.1,0.00045003987255436075,1
PAYX,-1684,103.13,-173670.91999999998,3239310.75,349376403.11499995,0.0005198636777900978,0.05198636777900978,0.0004970882934610637,0.1,0.0051986367779009775,1
PB,742,69.01,51205.420000000006,1162434.3,81784951.4675,0.0006383156450218304,0.06383156450218304,0.0006260983112565421,0.1,0.006383156450218304,1
PBF,-3538,33.46,-118381.48,3873351.25,121249180.04150002,0.0009134209039265417,0.09134209039265416,0.000976348705694187,0.1,0.009134209039265416,1
PBH,-3504,64.47,-225902.88,355097.55,22961612.2685,0.009867710999414105,0.9867710999414105,0.009838284757987398,0.1,0.09867710999414105,1
PBI,-5790,10.43,-60389.7,1765965.95,18230043.619,0.0032786589118550106,0.3278658911855011,0.0033126470381595633,0.1,0.032786589118550105,1
PCAR,1715,122.91,210790.65,3321602.15,397363134.5995,0.0005163171031786573,0.05163171031786573,0.0005304735936625189,0.1,0.005163171031786573,1
PCG,15711,15.42,242263.62,22501597.6,348284306.49100006,0.0006982170901500789,0.0698217090150079,0.0006955915482980864,0.1,0.006982170901500789,1
PCOR,1983,56.49,112019.67,1774289.8,116816647.215,0.0011176302766323742,0.11176302766323742,0.000958935842370384,0.1,0.011176302766323741,1
PCRX,5705,20.54,117180.7,1065934.85,23254701.560000002,0.005352109465226697,0.5352109465226698,0.005039011130616289,0.1,0.05352109465226697,1
PCT,-2018,9.56,-19292.08,4590671.4,49219904.87550001,0.0004395871157321345,0.04395871157321345,0.0003919568729114497,0.1,0.004395871157321345,1
PCTY,884,134.98,119322.31999999999,583824.2,84170069.7335,0.001514154432104733,0.15141544321047332,0.0014176336122543245,0.1,0.01514154432104733,1
PCVX,-829,53.57,-44409.53,1303675.5,65063955.277499996,0.0006358944384549683,0.06358944384549683,0.0006825519569259482,0.1,0.006358944384549683,1
PD,320,10.6,3392.0,2165463.25,25082504.102999996,0.00014777438499591255,0.014777438499591254,0.00013523370657375072,0.1,0.0014777438499591253,1
PDFS,-5874,31.85,-187086.9,301474.4,10023219.669499999,0.01948424144803008,1.9484241448030082,0.018665349674944588,0.1,0.1948424144803008,1
PDM,-42840,8.42,-360712.8,715070.5,6004552.912,0.059910176688871934,5.991017668887193,0.06007321532284634,0.1,0.5991017668887193,1
PEB,-3523,11.42,-40232.659999999996,2282660.8,27311220.655500002,0.0015433742937189794,0.15433742937189793,0.0014731183387036873,0.1,0.015433742937189793,1
PEBO,-855,32.52,-27804.600000000002,334869.8,10607804.936,0.0025532311363998784,0.25532311363998783,0.002621145483703114,0.1,0.02553231136399878,1
PECO,12233,36.23,443201.58999999997,870782.4,30768395.982,0.014048285771508472,1.4048285771508473,0.01440444247595097,0.1,0.1404828577150847,1
PEG,5669,82.36,466898.84,3344598.85,266204282.014,0.001694971580822017,0.1694971580822017,0.0017539118321749808,0.1,0.01694971580822017,1
PEGA,97,43.69,4237.929999999999,1615327.2,83646546.47049999,6.004975338742516e-05,0.006004975338742516,5.066473367785255e-05,0.1,0.0006004975338742515,1
PENG,-10,19.21,-192.10000000000002,1470950.95,29050838.553000003,6.79832322077089e-06,0.0006798323220770891,6.61254578416162e-06,0.1,6.79832322077089e-05,1
PENN,1682,12.84,21596.88,4183707.8,58888070.912,0.00040203572534391625,0.04020357253439162,0.0003667445658437941,0.1,0.0040203572534391625,1
PEP,-3868,153.63,-594240.84,8430824.25,1218723559.1219997,0.00045879262635560217,0.04587926263556022,0.00048759280605694256,0.1,0.004587926263556022,1
PFBC,-2925,85.77,-250877.25,106819.65,9725450.1585,0.027382602358273972,2.738260235827397,0.02579595246609067,0.1,0.2738260235827397,1
PFE,14266,26.44,377193.04000000004,49523268.55,1272443179.2195,0.0002880666082368265,0.028806660823682648,0.0002964321284910854,0.1,0.0028806660823682646,1
PFG,-3654,94.72,-346106.88,1559890.7,142603547.016,0.002342471815493227,0.23424718154932267,0.0024270566002202393,0.1,0.023424718154932266,1
PFGC,-2225,95.45,-212376.25,2329120.05,215975773.81100002,0.0009552964004581903,0.09552964004581903,0.0009833336686449381,0.1,0.009552964004581901,1
PFS,1909,22.14,42265.26,992605.5,20640962.393499997,0.0019232212596041428,0.1923221259604143,0.0020476399885942173,0.1,0.019232212596041427,1
PFSI,-4722,99.92,-471822.24,716269.9,93363076.43249999,0.006592486994078628,0.6592486994078628,0.005053627815500702,0.1,0.06592486994078628,1
PG,2695,151.77,409020.15,12098765.25,1760795407.184,0.00022275000335261484,0.022275000335261485,0.00023229283103034476,0.1,0.0022275000335261483,1
PGC,728,31.72,23092.16,103590.95,3039225.7334999996,0.007027640928092657,0.7027640928092658,0.007598040430319357,0.1,0.07027640928092657,1
PGEN,-11902,4.49,-53439.98,3787593.7,17065464.57925,0.003142364504408168,0.3142364504408168,0.0031314693925753416,0.1,0.031423645044081676,1
PGNY,265,23.87,6325.55,1491521.8,38159523.6545,0.00017767088620494853,0.017767088620494854,0.00016576595812023596,0.1,0.0017767088620494853,1
PGR,506,208.0,105248.0,3969948.3,827664272.6065,0.00012745757923346255,0.012745757923346255,0.00012716267148822372,0.1,0.0012745757923346254,1
PH,-360,935.84,-336902.4,674184.2,626588270.895,0.0005339786960299575,0.053397869602995744,0.0005376774760222988,0.1,0.005339786960299574,1
PHM,-627,125.09,-78431.43000000001,1946121.15,247158961.74949998,0.00032217932578349504,0.032217932578349505,0.0003173319285889041,0.1,0.00322179325783495,1
PHR,7969,13.43,107023.67,1107327.05,17596429.079000004,0.007196609167996031,0.7196609167996031,0.006082124362818851,0.1,0.0719660916799603,1
PI,457,138.1,63111.7,688974.45,120286378.32750002,0.0006633047132589606,0.06633047132589606,0.0005246786949405669,0.1,0.0066330471325896055,1
PII,394,63.84,25152.960000000003,1066762.05,72661948.29349999,0.0003693419727482806,0.03693419727482806,0.0003461641284156163,0.1,0.003693419727482806,1
PINS,5057,22.13,111911.40999999999,14881609.95,373316784.9185,0.0003398153840203291,0.033981538402032906,0.00029977599326114343,0.1,0.0033981538402032907,1
PIPR,-101,86.5875,-8745.337500000001,482227.2,43714293.742500015,0.0002094448425970165,0.02094448425970165,0.00020005670345527255,0.1,0.002094448425970165,1
PJT,-2320,173.03,-401429.6,241391.2,43602683.636,0.009610955163237102,0.9610955163237102,0.009206534243423603,0.1,0.09610955163237102,1
PK,-28847,10.93,-315297.70999999996,4204849.65,46852626.589499995,0.006860411762879559,0.6860411762879559,0.006729563163288275,0.1,0.06860411762879559,1
PKE,2995,24.49,73347.54999999999,331480.15,8018040.871500002,0.009035231823082015,0.9035231823082015,0.009147814431915991,0.1,0.09035231823082014,1
PKG,-126,222.55,-28041.300000000003,1091111.2,238927099.058,0.00011547860566365738,0.011547860566365737,0.00011736341382185754,0.1,0.0011547860566365738,1
PLAB,9,34.57,311.13,1277102.6,44059013.41149999,7.047202002407637e-06,0.0007047202002407637,7.061665160182432e-06,0.1,7.047202002407636e-05,1
PLAY,-10,18.77,-187.7,1041500.75,19489680.2795,9.601529331591936e-06,0.0009601529331591935,9.630737770358917e-06,0.1,9.601529331591934e-05,1
PLD,480,130.56,62668.8,3834113.85,496042195.7965,0.00012519190060044773,0.012519190060044774,0.00012633763927960215,0.1,0.0012519190060044773,1
PLMR,-594,123.59,-73412.46,191640.5,24566295.836249996,0.0030995535912294115,0.30995535912294114,0.0029883406309742745,0.1,0.030995535912294113,1
PLNT,63,91.04,5735.52,1969501.55,195927678.093,3.1987788991585204e-05,0.0031987788991585204,2.927365881035731e-05,0.1,0.00031987788991585204,1
PLOW,2216,37.68,83498.88,184184.65,6723634.857000001,0.012031404354271651,1.203140435427165,0.012418711273868333,0.1,0.1203140435427165,1
PLPC,-1,250.94,-250.94,110968.0,26696135.534499995,9.01160694975128e-06,0.0009011606949751279,9.399862376174439e-06,0.1,9.011606949751278e-05,1
PLSE,-11,13.83,-152.13,165658.8,2378129.407,6.640154341332908e-05,0.006640154341332908,6.397044649976022e-05,0.1,0.0006640154341332907,1
PLTR,-3744,146.59,-548832.96,39528683.9,6682741589.486001,9.471602974365661e-05,0.009471602974365662,8.212691642356519e-05,0.1,0.0009471602974365661,1
PLUS,650,85.81,55776.5,135347.55,11735875.226499999,0.004802451171077718,0.4802451171077718,0.0047526493698616355,0.1,0.04802451171077718,1
PLXS,1592,199.33,317333.36000000004,331045.7,59149561.499999985,0.0048090037115721485,0.48090037115721485,0.005364931741717141,0.1,0.04809003711572148,1
PM,3435,179.44,616376.4,5418472.2,914187331.8285,0.0006339425345764438,0.06339425345764438,0.000674234239023158,0.1,0.006339425345764438,1
PMT,-7716,11.83,-91280.28,1433859.15,18456073.5905,0.005381281697020241,0.538128169702024,0.004945812528997783,0.1,0.053812816970202404,1
PNC,109,223.3,24339.7,3071998.25,674009333.8175001,3.5481791045942164e-05,0.0035481791045942164,3.6111814449427795e-05,0.1,0.0003548179104594216,1
PNFP,5285,95.09,502550.65,1995943.55,192872590.4585,0.002647870477098413,0.2647870477098413,0.0026056094793217017,0.1,0.02647870477098413,1
PNR,-2192,105.37,-230971.04,1758005.9,184138117.08249995,0.0012468672602293316,0.12468672602293315,0.001254335841267006,0.1,0.012468672602293316,1
PNW,-1044,93.56,-97676.64,1310401.5,119927823.32100001,0.0007967023847271237,0.07967023847271237,0.000814461876278349,0.1,0.007967023847271236,1
PODD,913,255.81,233554.53,916297.25,252844748.717,0.0009964015498245794,0.09964015498245794,0.0009237072598308504,0.1,0.009964015498245793,1
POOL,-2158,254.09,-548326.22,786666.95,200776643.07750002,0.0027432193509591323,0.27432193509591324,0.002731025938053688,0.1,0.02743219350959132,1
POR,86,50.25,4321.5,837420.15,41364199.706999995,0.0001026963585722173,0.01026963585722173,0.00010447440130864371,0.1,0.001026963585722173,1
POST,-377,102.31,-38570.87,763841.1,75264926.23300001,0.0004935581497251195,0.04935581497251195,0.0005124680502654708,0.1,0.004935581497251195,1
POWI,-20,45.94,-918.8,913478.25,39135526.0345,2.1894336290984488e-05,0.002189433629098449,2.3477389806643455e-05,0.1,0.00021894336290984487,1
POWL,-25,147.8633,-3696.5825000000004,827449.95,111400798.01675999,3.021330776562377e-05,0.003021330776562377,3.31827290810238e-05,0.1,0.00030213307765623767,1
PPC,-2102,43.37,-91163.73999999999,894373.95,36450109.10724999,0.0023502473434070838,0.23502473434070836,0.0025010553392792825,0.1,0.023502473434070838,1
PPG,-1235,115.63,-142803.05,2355761.7,260151658.396,0.0005242465738363943,0.05242465738363943,0.0005489223127789051,0.1,0.005242465738363943,1
PPL,13137,36.25,476216.25,6467991.1,232730602.72699994,0.002031078861564915,0.20310788615649147,0.002046212420798893,0.1,0.020310788615649146,1
PR,9412,16.13,151815.56,11331663.9,166414543.63850003,0.0008305929370178372,0.08305929370178372,0.0009122733907787939,0.1,0.008305929370178372,1
PRAA,-12012,12.79,-153633.47999999998,341975.7,5234541.623749999,0.03512530276274016,3.512530276274016,0.029349939506248063,0.1,0.35125302762740157,1
PRCT,14833,28.96,429563.68,1128544.7,35273871.4485,0.013143475841054414,1.3143475841054413,0.012177956724346652,0.1,0.13143475841054414,1
PRDO,5800,32.03,185774.0,444302.3,14055539.826999998,0.013054175051535858,1.305417505153586,0.013217137319986624,0.1,0.13054175051535857,1
PRG,543,32.44,17614.92,405360.7,12942252.776999999,0.0013395477163918455,0.13395477163918457,0.0013610397125996421,0.1,0.013395477163918455,1
PRGO,-374,14.21,-5314.54,2570602.9,37521502.462,0.00014549116084790849,0.014549116084790849,0.00014163985051990693,0.1,0.0014549116084790847,1
PRGS,-7748,40.92,-317048.16000000003,939473.25,39173680.944000006,0.008247174680066728,0.8247174680066728,0.008093397208529632,0.1,0.08247174680066728,1
PRI,-1198,263.04,-315121.92000000004,209837.55,54970996.7895,0.005709178362023385,0.5709178362023385,0.005732512386608049,0.1,0.057091783620233844,1
PRIM,514,148.25,76200.5,726433.15,102902982.0475,0.0007075668284135986,0.07075668284135986,0.0007405081804609498,0.1,0.007075668284135986,1
PRK,-208,162.94,-33891.52,60536.15,9662578.443,0.0034359634697614565,0.34359634697614566,0.003507502702299148,0.1,0.03435963469761456,1
PRKS,2878,37.65,108356.7,1082065.8,40361820.66250001,0.002659727347449665,0.2659727347449665,0.0026846336022862747,0.1,0.02659727347449665,1
PRLB,-737,52.65,-38803.049999999996,153057.6,8218345.768499998,0.004815180690145409,0.4815180690145409,0.004721515873514078,0.1,0.04815180690145409,1
PRM,-9115,26.15,-238357.25,836965.3,23359798.396500003,0.010890535127322482,1.0890535127322483,0.010203737461865812,0.1,0.10890535127322482,1
PRMB,-6313,18.94,-119568.22,6798634.4,123194490.148,0.0009285688314112022,0.09285688314112021,0.0009705646726274562,0.1,0.009285688314112021,1
PRSU,-68,34.73,-2361.64,272392.6,9336697.165,0.0002496396744992338,0.024963967449923383,0.00025294169429131315,0.1,0.002496396744992338,1
PRTA,-1655,8.81,-14580.550000000001,509965.5,4758647.5185,0.003245317575404611,0.3245317575404611,0.0030640113484589455,0.1,0.032453175754046104,1
PRU,1145,111.11,127220.95,1841159.7,207486529.3675,0.0006218906485950133,0.062189064859501327,0.0006131528171386313,0.1,0.006218906485950132,1
PRVA,1260,23.22,29257.199999999997,726119.9,17023009.3845,0.0017352506108151008,0.17352506108151008,0.0017186855355105204,0.1,0.017352506108151006,1
PSA,513,276.19,141685.47,1216268.15,340091038.47049993,0.00042178198944040426,0.04217819894404043,0.00041661041889608637,0.1,0.004217819894404042,1
PSKY,-14959,11.21,-167690.39,6875466.4,82425797.143,0.002175706945495363,0.2175706945495363,0.0020344406218974747,0.1,0.021757069454953627,1
PSMT,-2338,142.21,-332486.98000000004,229636.05,31718607.464999996,0.010181328236572612,1.018132823657261,0.010482395242820288,0.1,0.10181328236572612,1
PSN,-475,70.06,-33278.5,1138020.85,78878202.67899999,0.00041739129823500156,0.04173912982350016,0.00042189729062956763,0.1,0.004173912982350016,1
PSTG,-1289,,,,,,,,0.1,,
PSX,-1355,143.56,-194523.80000000002,2472620.55,346236981.4065,0.0005480015928849253,0.05480015928849253,0.0005618227123220529,0.1,0.005480015928849252,1
PTC,886,156.13,138331.18,883767.55,146295783.989,0.0010025260601614079,0.10025260601614079,0.0009455582124663356,0.1,0.010025260601614077,1
PTCT,227,75.53,17145.31,1381863.3,105232810.516,0.00016427095212674076,0.016427095212674075,0.0001629274169902852,0.1,0.0016427095212674075,1
PTEN,-2445,7.53,-18410.850000000002,11502473.8,81354072.799,0.00021256297058464067,0.021256297058464067,0.00022630520349592513,0.1,0.0021256297058464065,1
PTGX,990,81.8,80982.0,870278.3,71862573.813,0.0011375671437516021,0.11375671437516022,0.0011269009124378216,0.1,0.01137567143751602,1
PTN,-2,14.71,-29.42,41099.5,705338.80625,4.86623924865266e-05,0.00486623924865266,4.171045140194993e-05,0.1,0.00048662392486526596,1
PTON,-24916,5.59,-139280.44,10299511.15,64595289.3505,0.002419143941603481,0.24191439416034807,0.0021562011936234462,0.1,0.024191439416034806,1
PUMP,17407,11.49,200006.43,2991429.1,31609408.362,0.005818957902094354,0.5818957902094354,0.00632743351945943,0.1,0.05818957902094354,1
PVH,-1767,62.36,-110190.12,1089455.5,70358201.72999999,0.0016219111289997618,0.16219111289997618,0.0015661304196326,0.1,0.016219111289997618,1
PVLA,-379,76.69,-29065.51,228582.3,20733404.517499994,0.0016580461391805053,0.16580461391805051,0.0014018686596051944,0.1,0.01658046139180505,1
PWP,-25,22.31,-557.75,1071186.3,22360416.759499997,2.3338610659975764e-05,0.0023338610659975763,2.494363168624912e-05,0.1,0.00023338610659975764,1
PWR,-1243,474.63,-589965.09,1031193.55,469097466.05600005,0.001205399316161355,0.12053993161613549,0.0012576599378381016,0.1,0.012053993161613548,1
PYPL,-5528,52.69,-291270.32,15607962.2,882221056.1845001,0.0003541782027124592,0.03541782027124592,0.00033015571092772267,0.1,0.003541782027124592,1
PZZA,-12,35.17,-422.04,975853.25,36515129.7185,1.2296930916610669e-05,0.001229693091661067,1.1557948807893128e-05,0.1,0.00012296930916610668,1
QBTS,-3146,21.22,-66758.12,39093121.7,1074706166.1445,8.047451477890035e-05,0.008047451477890035,6.211755557288205e-05,0.1,0.0008047451477890034,1
QCOM,2086,151.59,316216.74,9328929.65,1531994508.3735,0.0002236055022668115,0.02236055022668115,0.0002064085336283114,0.1,0.0022360550226681146,1
QCRH,-242,90.26,-21842.920000000002,83880.5,7257941.676250001,0.002885056717592289,0.2885056717592289,0.0030095199127152116,0.1,0.028850567175922888,1
QDEL,-6916,27.17,-187907.72,1056546.3,32713417.2865,0.0065458560595025505,0.6545856059502551,0.005744056585538827,0.1,0.0654585605950255,1
QGEN,-3532,53.67,-189562.44,3191714.65,169287423.96754998,0.0011066152169962938,0.11066152169962938,0.0011197668176245418,0.1,0.011066152169962937,1
QLYS,-250,131.9,-32975.0,395529.55,52353793.543,0.0006320640265689378,0.06320640265689378,0.0006298492958856264,0.1,0.006320640265689377,1
QNST,3144,13.29,41783.759999999995,588348.35,8562977.802499998,0.005343772953557192,0.5343772953557192,0.004879582893208136,0.1,0.053437729535571916,1
QS,-12383,8.85,-109589.54999999999,14541114.7,153011114.70049998,0.0008515853327255579,0.08515853327255579,0.0007162195387864977,0.1,0.008515853327255579,1
QTWO,406,61.25,24867.5,692249.1,46027187.426,0.0005864940813935331,0.05864940813935331,0.0005402785047420204,0.1,0.0058649408139353305,1
QURE,21,22.72,477.12,1878165.0,44011840.66475,1.1181126258875019e-05,0.0011181126258875019,1.0840719060907974e-05,0.1,0.00011181126258875019,1
R,966,191.28,184776.48,308571.45,58951688.494,0.0031305553381558793,0.3130555338155879,0.0031343712914822827,0.1,0.03130555338155879,1
RAMP,1147,24.35,27929.45,552488.7,14458457.383499999,0.0020760605601526333,0.20760605601526333,0.001931703311023561,0.1,0.02076060560152633,1
RARE,-1790,24.07,-43085.3,2871240.1,67822980.69700001,0.0006234240041437147,0.06234240041437147,0.0006352610804954754,0.1,0.0062342400414371465,1
RBC,475,499.67,237343.25,197021.8,96866134.58399999,0.002410900722661147,0.24109007226611473,0.002450219067987911,0.1,0.02410900722661147,1
RBCAA,72,72.61,5227.92,36031.95,2555111.0485,0.00199822657391565,0.199822657391565,0.0020460637133830626,0.1,0.0199822657391565,1
RBLX,-3086,65.76,-202935.36000000002,13456917.95,1035875214.909,0.00022932442714343815,0.022932442714343814,0.00019590714892992934,0.1,0.0022932442714343813,1
RCL,-817,324.65,-265239.05,2640669.25,790175237.458,0.00030939126511205444,0.030939126511205443,0.00033567117447678583,0.1,0.003093912651120544,1
RCUS,13,21.04,273.52,1360967.75,30249401.069500007,9.552026489973771e-06,0.0009552026489973772,9.042162500063047e-06,0.1,9.55202648997377e-05,1
RDN,350,32.9,11515.0,1222995.35,40959505.509500004,0.00028618260895268326,0.028618260895268324,0.00028113132365158194,0.1,0.0028618260895268326,1
RDNT,-294,70.1,-20609.399999999998,660747.05,48615192.22125,0.0004449509082182054,0.044495090821820536,0.00042392920933451546,0.1,0.004449509082182054,1
RDWR,2071,24.15,50014.649999999994,216817.65,5275014.1565,0.009551805399606535,0.9551805399606536,0.009481424791698567,0.1,0.09551805399606535,1
REG,2442,72.87,177948.54,1326730.6,93540625.097,0.0018406148166025566,0.18406148166025565,0.0019023663762720259,0.1,0.018406148166025565,1
REGN,269,741.45,199450.05000000002,923163.65,703428143.8355,0.0002913892894288028,0.02913892894288028,0.0002835400484724455,0.1,0.0029138928942880277,1
RELY,17652,13.22,233359.44,2932346.95,39989145.4285,0.006019751516784192,0.6019751516784192,0.005835569565177212,0.1,0.06019751516784192,1
REPL,-2410,7.03,-16942.3,1408283.45,10778233.51625,0.0017113032181128025,0.17113032181128024,0.0015718995115903392,0.1,0.017113032181128023,1
RES,-92,6.65,-611.8000000000001,2226985.95,13768096.094999999,4.131144159216631e-05,0.004131144159216631,4.443606405552184e-05,0.1,0.00041311441592166307,1
REX,69,33.81,2332.8900000000003,161894.05,5395563.7135,0.000426204669041265,0.0426204669041265,0.0004323718750949007,0.1,0.00426204669041265,1
REXR,-244,40.53,-9889.32,2240672.8,89202770.249,0.00010889586377805809,0.010889586377805809,0.00011086337310371662,0.1,0.0010889586377805808,1
REYN,-6571,23.17,-152250.07,862796.65,20179451.2725,0.007615931285778636,0.7615931285778637,0.007544807237027411,0.1,0.07615931285778636,1
REZI,196,23.8297,4670.6212,1376324.45,34209812.48269,0.00014240828171002847,0.014240828171002848,0.00013652869925444085,0.1,0.0014240828171002847,1
RF,8243,28.5,234925.5,16013107.35,451206073.4585,0.0005147657990315041,0.05147657990315041,0.0005206612096315397,0.1,0.005147657990315041,1
RGA,725,202.75,146993.75,364061.5,72648968.4995,0.001991421779012612,0.1991421779012612,0.0020233425613057623,0.1,0.01991421779012612,1
RGEN,-1728,149.37,-258111.36000000002,653921.25,107322527.793,0.0026425200282144067,0.2642520028214407,0.002405006342171108,0.1,0.026425200282144064,1
RGLD,-786,263.31,-206961.66,1033808.55,273983498.2915,0.0007602955111949886,0.07602955111949886,0.0007553800184703341,0.1,0.007602955111949886,1
RGNX,4725,11.16,52731.0,1071247.0,14141954.9025,0.004410747474672041,0.4410747474672041,0.0037286924165398287,0.1,0.04410747474672041,1
RGP,-2397,4.53,-10858.41,496296.55,2277688.3075,0.004829773650451529,0.48297736504515293,0.004767294086835891,0.1,0.04829773650451529,1
RGR,4179,36.69,153327.50999999998,210029.6,7725320.3265,0.019897195442928044,1.9897195442928044,0.019847398362763537,0.1,0.19897195442928042,1
RGTI,-7,18.17,-127.19000000000001,33301390.25,793848437.5715001,2.1020143445813048e-07,2.1020143445813047e-05,1.60219500323126e-07,0.1,2.1020143445813046e-06,1
RH,-446,198.83,-88678.18000000001,1100069.05,234964283.91550002,0.00040542909556450115,0.04054290955645012,0.00037741131767878076,0.1,0.004054290955645011,1
RHI,-656,34.61,-22704.16,2773890.95,81331184.262,0.0002364909118002638,0.02364909118002638,0.000279156884361365,0.1,0.0023649091180026377,1
RHP,-3150,94.7,-298305.0,478714.65,45249033.521000005,0.006580120328467073,0.6580120328467073,0.0065925164978729795,0.1,0.06580120328467072,1
RIG,16482,4.97,81915.54,34694263.0,157490925.236,0.00047506413380217933,0.04750641338021793,0.0005201286352038992,0.1,0.004750641338021793,1
RIGL,4,34.86,139.44,434305.95,17356807.0415,9.210097167676381e-06,0.0009210097167676381,8.033735678837703e-06,0.1,9.21009716767638e-05,1
RILY,18066,8.36,151031.75999999998,2451825.25,21164174.141,0.007368388101884504,0.7368388101884504,0.007136199078395212,0.1,0.07368388101884504,1
RIOT,-9474,15.47,-146562.78,20489124.95,344046241.6280001,0.0004623916357150236,0.04623916357150236,0.0004259973290406438,0.1,0.004623916357150235,1
RITM,18301,10.94,200212.94,9716496.8,111190973.87149999,0.0018834977643382746,0.18834977643382744,0.0018006222360403101,0.1,0.018834977643382746,1
RIVN,-360,14.75,-5310.0,29208846.95,518563456.31000006,1.232503291267374e-05,0.0012325032912673742,1.0239826843536103e-05,0.1,0.0001232503291267374,1
RJF,-1390,165.86,-230545.40000000002,1250012.55,210682271.04549998,0.0011119888356320902,0.11119888356320902,0.001094280021075956,0.1,0.011119888356320901,1
RKLB,-385,80.07,-30826.949999999997,26626868.2,2291943205.8585005,1.4459079344524642e-05,0.0014459079344524642,1.345013694981724e-05,0.1,0.0001445907934452464,1
RKT,-4465,17.93,-80057.45,34721232.0,744247737.0530001,0.00012859566734267955,0.012859566734267955,0.00010756828138571669,0.1,0.0012859566734267954,1
RL,734,353.41,259402.94000000003,484352.55,175399900.05650002,0.001515425076217726,0.1515425076217726,0.0014789229635617856,0.1,0.01515425076217726,1
RLI,-710,58.43,-41485.3,941394.45,55425730.89300001,0.0007542003248478893,0.07542003248478893,0.0007484844914375209,0.1,0.007542003248478892,1
RLJ,-4424,7.43,-32870.32,1553972.45,11803519.84,0.002846897317902901,0.2846897317902901,0.002784789659827437,0.1,0.028468973179029012,1
RMBS,-70,113.83,-7968.099999999999,2374542.65,262750727.09,2.9479361004528598e-05,0.00294793610045286,3.0325701048472022e-05,0.1,0.00029479361004528594,1
RMD,-2743,258.31,-708544.33,1022279.45,260692224.62449998,0.0026832193486820066,0.26832193486820066,0.002717934265283839,0.1,0.026832193486820064,1
RNG,-1808,25.88,-46791.04,1357055.6,37122421.9625,0.0013322961859484606,0.13322961859484606,0.0012604522422396622,0.1,0.013322961859484604,1
RNR,321,281.7,90425.7,357499.5,98143473.193,0.0008979033537109842,0.08979033537109843,0.0009213623388096023,0.1,0.008979033537109842,1
RNST,-3496,37.71,-131834.16,676543.9,24932463.2755,0.005167439984308483,0.5167439984308483,0.005287650824679945,0.1,0.05167439984308483,1
ROAD,1819,109.88,199871.72,443173.1,50025597.690500006,0.004104490999115244,0.41044909991152445,0.003995388945406966,0.1,0.04104490999115244,1
ROCK,-4426,51.26,-226876.75999999998,418452.4,21620738.550499998,0.010577069219820462,1.0577069219820463,0.010493478725071271,0.1,0.10577069219820462,1
ROG,400,97.24,38896.0,150669.35,14611614.334500004,0.002654819974998233,0.26548199749982326,0.002661991968140116,0.1,0.026548199749982328,1
ROIV,16568,21.62,358200.16000000003,5728587.8,128840574.27650003,0.002892161310681142,0.2892161310681142,0.0027801813365972727,0.1,0.02892161310681142,1
ROK,-520,421.65,-219258.0,680440.05,282085143.365,0.0007642113364726253,0.07642113364726252,0.0007772759578348097,0.1,0.0076421133647262525,1
ROKU,39,95.2,3712.8,2912322.35,310716938.879,1.3391374756300586e-05,0.0013391374756300586,1.1949139346554408e-05,0.1,0.00013391374756300585,1
ROL,6593,63.34,417600.62,2158040.2,133386755.01500002,0.00305508674027481,0.305508674027481,0.0031307502754155665,0.1,0.030550867402748098,1
ROOT,1408,62.13,87479.04000000001,287123.65,20113863.1035,0.004903810605639765,0.49038106056397646,0.004349191378595882,0.1,0.04903810605639764,1
ROP,45,371.23,16705.350000000002,1580445.0,626598694.8125,2.8472993365792545e-05,0.0028472993365792542,2.6660365140081916e-05,0.1,0.00028472993365792545,1
ROST,-590,188.65,-111303.5,2401213.7,453383666.5870001,0.00024570907620592036,0.024570907620592036,0.0002454951693294886,0.1,0.0024570907620592034,1
RPD,294,11.92,3504.48,1061855.3,13954297.116999999,0.00027687388291041163,0.027687388291041164,0.00025113984392167077,0.1,0.0027687388291041163,1
RPM,-19,106.96,-2032.2399999999998,1291312.05,140277656.5985,1.4713716951684916e-05,0.0014713716951684917,1.448726796040397e-05,0.1,0.00014713716951684916,1
RPRX,712,41.68,29676.16,3852368.0,154972281.1985,0.0001848213877801913,0.01848213877801913,0.00019149334171566186,0.1,0.001848213877801913,1
RRC,8924,37.85,337773.4,3298414.1,115859376.37649998,0.002705542642447472,0.2705542642447472,0.002915373883097401,0.1,0.02705542642447472,1
RRR,5830,63.13,368047.9,564680.0,35173558.1145,0.01032443153644542,1.032443153644542,0.010463766526033527,0.1,0.10324431536445419,1
RRX,-1190,161.5,-192185.0,685758.65,106626252.33799998,0.0017353043960874573,0.17353043960874573,0.0018024172826667769,0.1,0.017353043960874573,1
RS,-2048,329.5,-674816.0,320009.4,102110522.055,0.006399812005522337,0.6399812005522337,0.0066086823024616645,0.1,0.06399812005522337,1
RSG,-186,215.09,-40006.74,1448746.1,308518531.9535,0.0001283868857351885,0.012838688573518851,0.00012967370143596375,0.1,0.001283868857351885,1
RSI,-12998,17.67,-229674.66000000003,2010340.9,36502506.177499995,0.006465570093112069,0.6465570093112069,0.006292024412876358,0.1,0.06465570093112068,1
RTX,2508,200.93,503932.44,6187065.95,1205710589.865,0.0004053617692567185,0.04053617692567185,0.00041795472664499353,0.1,0.004053617692567185,1
RUM,-41744,5.69,-237523.36000000002,1897799.55,11843908.136999998,0.021996000578670176,2.1996000578670176,0.020054475030753107,0.1,0.21996000578670175,1
RUN,3388,19.0,64372.0,8122307.25,153115206.16899997,0.00041712285631647337,0.04171228563164734,0.00042041546108065715,0.1,0.0041712285631647335,1
RUSHA,-862,64.19,-55331.78,426694.3,26009713.182000004,0.0020201816616720685,0.20201816616720686,0.0021273506406173023,0.1,0.020201816616720682,1
RUSHB,3094,59.01,182576.94,27386.15,1600614.6020000004,0.1129768149228716,11.29768149228716,0.11406677145882989,0.1,1.129768149228716,2
RVLV,4754,27.65,131448.1,863936.4,25855159.7285,0.005502719876139031,0.5502719876139031,0.0050840180985269835,0.1,0.055027198761390304,1
RVMD,-3692,96.95,-357939.4,5700558.25,621454346.1090001,0.0006476558677389184,0.06476558677389184,0.000575970547540783,0.1,0.006476558677389183,1
RVTY,-4199,108.8,-456851.2,1475928.2,162904965.3565,0.0028449893429775244,0.28449893429775247,0.0028044031622991373,0.1,0.028449893429775244,1
RWT,24032,5.48,131695.36000000002,1403683.25,7968574.032,0.017120671633005523,1.7120671633005524,0.016526841499011128,0.1,0.17120671633005521,1
RXO,-127,14.58,-1851.66,1863249.35,27260608.026500005,6.816049607101701e-05,0.006816049607101702,6.792438371880786e-05,0.1,0.0006816049607101701,1
RXRX,-70,4.19,-293.3,20636547.2,95378542.50249998,3.392040311859922e-06,0.00033920403118599217,3.0751151391552484e-06,0.1,3.392040311859922e-05,1
RYAM,16886,7.76,131035.36,972909.15,7598972.453500001,0.01735619404956773,1.735619404956773,0.01724382616226574,0.1,0.1735619404956773,1
RYAN,-1635,48.28,-78937.8,1458508.7,72972463.9955,0.0011210080543228847,0.11210080543228847,0.0010817477672792832,0.1,0.011210080543228846,1
RYI,4834,,,,,,,,0.1,,
RYN,-1862,22.74,-42341.88,3003332.0,69072832.7895,0.0006199780776817215,0.06199780776817215,0.0006130033804902314,0.1,0.006199780776817215,1
RYTM,24,102.52,2460.48,589640.9,61020403.683000006,4.070273958268499e-05,0.0040702739582684985,4.032225045219552e-05,0.1,0.0004070273958268499,1
S,7602,13.98,106275.96,7745247.0,112552134.92300001,0.0009815051734308796,0.09815051734308797,0.0009442376199501351,0.1,0.009815051734308796,1
SABR,-25,1.3,-32.5,5195260.3,6775192.314,4.812078424636394e-06,0.0004812078424636394,4.796911806155411e-06,0.1,4.812078424636394e-05,1
SAFE,8270,14.11,116689.7,437348.75,6307689.0545,0.01890939439063219,1.890939439063219,0.018499596126532555,0.1,0.1890939439063219,1
SAFT,928,78.7,73033.6,79686.2,6101983.227499999,0.011645680180508043,1.1645680180508042,0.011968830014290631,0.1,0.11645680180508042,1
SAH,740,59.96,44370.4,165154.85,10350886.432,0.0044806434688415145,0.4480643468841515,0.004286628038235247,0.1,0.044806434688415143,1
SAIA,-715,334.87,-239432.05000000002,471535.45,166899582.48824996,0.0015163228978860444,0.15163228978860444,0.0014345874712829584,0.1,0.015163228978860443,1
SAIC,12,101.76,1221.1200000000001,515787.75,55615617.489999995,2.3265383871563448e-05,0.0023265383871563447,2.1956422586147937e-05,0.1,0.00023265383871563447,1
SAM,543,213.62,115995.66,153996.65,32679689.028000005,0.003526050729025599,0.35260507290255994,0.00354947257608892,0.1,0.03526050729025599,1
SANM,171,141.68,24227.280000000002,952753.1,150288707.83525,0.00017947986734443582,0.01794798673444358,0.000161204925832209,0.1,0.0017947986734443582,1
SB,41,5.71,234.10999999999999,611023.55,3216222.0915,6.710052337589933e-05,0.006710052337589934,7.279037123049373e-05,0.1,0.0006710052337589933,1
SBAC,-488,184.11,-89845.68000000001,785355.75,146483966.851,0.0006213744535517821,0.06213744535517821,0.0006133482177704054,0.1,0.006213744535517821,1
SBCF,-1285,33.44,-42970.399999999994,663089.35,22118457.6015,0.001937898716062926,0.1937898716062926,0.0019427394429657647,0.1,0.019378987160629257,1
SBGI,7916,14.51,114861.16,332036.4,4970001.8975,0.023840759627558904,2.3840759627558903,0.023110888560782486,0.1,0.23840759627558902,1
SBH,-6892,15.22,-104896.24,1673310.4,25853635.416500006,0.004118781548241139,0.41187815482411394,0.00405731102454761,0.1,0.04118781548241139,1
SBLK,14432,22.95,331214.39999999997,1407652.85,29495115.8795,0.0102525278160734,1.02525278160734,0.011229465968303043,0.1,0.102525278160734,1
SBRA,7442,18.73,139388.66,2617534.65,50044982.056,0.002843133327767027,0.2843133327767027,0.002785267458863808,0.1,0.02843133327767027,1
SBSI,-3275,32.19,-105422.24999999999,115776.1,3711661.5805,0.028287358098951335,2.8287358098951336,0.0284029800976086,0.1,0.2828735809895133,1
SBUX,-4212,91.95,-387293.4,11922582.4,1105175488.0885,0.00035327916878142104,0.0353279168781421,0.00035043611098347705,0.1,0.00353279168781421,1
SCCO,-227,186.8474,-42414.3598,2630983.4,468706029.5614551,8.627952574691274e-05,0.008627952574691273,9.049245609168929e-05,0.1,0.0008627952574691274,1
SCHL,260,34.97,9092.199999999999,432859.9,14563075.511500001,0.0006006562400444115,0.060065624004441154,0.0006243324078639966,0.1,0.0060065624004441145,1
SCHW,5126,103.92,532693.92,9275427.75,951473841.0545002,0.000552642976492378,0.05526429764923779,0.0005598618658917891,0.1,0.005526429764923779,1
SCI,4029,80.43,324052.47000000003,960932.25,77238009.793,0.004192803394828303,0.4192803394828303,0.004195505177677022,0.1,0.041928033948283025,1
SCL,1135,57.61,65387.35,213267.2,11250503.716500001,0.0053219623083155775,0.5321962308315578,0.005811948660050024,0.1,0.053219623083155775,1
SCSC,-374,42.99,-16078.26,176008.15,7193236.619500001,0.0021249016025678357,0.21249016025678358,0.0022351913124077924,0.1,0.021249016025678354,1
SCVL,-23,,,,,,,,0.1,,
SD,8662,15.85,137292.69999999998,311583.95,4595314.187,0.027799891489917884,2.7799891489917883,0.029876673152925373,0.1,0.27799891489917883,1
SDGR,-46,13.97,-642.62,1213303.0,20017586.152499996,3.791303573798136e-05,0.0037913035737981364,3.21027717879832e-05,0.1,0.0003791303573798136,1
SDRL,-8767,38.48,-337354.16,828998.35,30165842.866000004,0.010575413087372249,1.057541308737225,0.011183316226188816,0.1,0.10575413087372248,1
SEB,6,5082.28,30493.68,18910.8,89444234.08850001,0.00031727901516593693,0.031727901516593694,0.00034092393222159216,0.1,0.003172790151659369,1
SEDG,4990,30.95,154440.5,2622010.2,86638130.16075,0.0019031199802350119,0.19031199802350118,0.0017825927188577157,0.1,0.01903119980235012,1
SEI,-124,55.19,-6843.5599999999995,2542129.3,137230458.1485,4.877800668911688e-05,0.004877800668911688,4.9869104077423085e-05,0.1,0.00048778006689116876,1
SEIC,5828,87.85,511989.8,649525.6,56141066.7095,0.008972702538591244,0.8972702538591244,0.009119702029341079,0.1,0.08972702538591243,1
SENEA,346,119.33,41288.18,43555.85,4969536.136750001,0.00794382384915,0.7943823849149999,0.00830825631685653,0.1,0.07943823849149999,1
SF,2499,82.2,205417.80000000002,1324668.45,113404521.61505,0.0018865097904309566,0.18865097904309566,0.001811372219330793,0.1,0.018865097904309566,1
SFBS,1324,81.85,108369.4,310291.75,24802247.760999996,0.004266951989538878,0.42669519895388774,0.004369337853740989,0.1,0.04266951989538877,1
SFIX,6393,4.8,30686.399999999998,2281311.9,11851500.955000002,0.0028023349196574132,0.2802334919657413,0.002589241659475527,0.1,0.02802334919657413,1
SFL,19882,8.86,176154.52,1380895.05,11606070.163999999,0.01439790808142878,1.4397908081428779,0.01517779209593274,0.1,0.14397908081428779,1
SFM,-772,70.91,-54742.52,2924010.0,219534379.67150003,0.0002640209848803527,0.026402098488035267,0.0002493573903181538,0.1,0.0026402098488035267,1
SFNC,7932,20.33,161257.56,1179693.7,23372353.490000002,0.0067237792318463685,0.6723779231846368,0.006899500303595656,0.1,0.06723779231846368,1
SG,-45,6.14,-276.3,4503293.1,32200422.077499997,9.99268735139625e-06,0.000999268735139625,8.58063286670594e-06,0.1,9.992687351396249e-05,1
SGHC,1577,9.47,14934.19,2175973.1,22287693.0615,0.0007247332239539175,0.07247332239539174,0.0006700644144188023,0.1,0.0072473322395391745,1
SGI,-7726,87.85,-678729.1,1314170.25,120529244.924,0.005878994749728964,0.5878994749728964,0.005631239956974544,0.1,0.058789947497289635,1
SGRY,6164,14.86,91597.04,1370068.95,21428669.163999997,0.0044990436430224915,0.44990436430224917,0.004274509037354607,0.1,0.04499043643022491,1
SHAK,-28,88.57,-2479.96,1654656.25,152867567.22649997,1.6921943757200325e-05,0.0016921943757200325,1.62229310310506e-05,0.1,0.00016921943757200323,1
SHBI,153,18.97,2902.41,180945.3,3310002.1780000003,0.0008455594038640407,0.08455594038640407,0.0008768604502108577,0.1,0.008455594038640407,1
SHC,-8931,18.12,-161829.72,1784199.4,33461709.663999997,0.005005606436141611,0.5005606436141611,0.0048362657385108325,0.1,0.0500560643614161,1
SHEN,11966,11.87,142036.41999999998,274275.95,3142359.191,0.04362759476359484,4.362759476359484,0.045200567906687784,0.1,0.43627594763594835,1
SHO,-7108,8.77,-62337.159999999996,1976914.0,17934588.839500003,0.0035955028898576264,0.35955028898576263,0.0034758064741749546,0.1,0.03595502889857626,1
SHOO,818,43.88,35893.840000000004,1122814.4,50139321.76450001,0.0007285264599385259,0.07285264599385259,0.0007158820410174318,0.1,0.007285264599385259,1
SHW,-1119,354.64,-396842.16,1886220.65,657657553.7870001,0.0005932497876110094,0.05932497876110094,0.000603417626262874,0.1,0.0059324978761100934,1
SIBN,3897,16.58,64612.259999999995,610515.0,11131932.736,0.006383135549495099,0.6383135549495098,0.005804226591402932,0.1,0.06383135549495098,1
SIG,-98,92.27,-9042.46,830443.4,75211469.43450001,0.00011800924662656117,0.011800924662656118,0.00012022714179085247,0.1,0.0011800924662656116,1
SIGA,-45,6.7,-301.5,342966.35,2277226.9155,0.00013120820745242208,0.013120820745242208,0.00013239787302171468,0.1,0.0013120820745242208,1
SIGI,-1490,84.08,-125279.2,553593.8,45849120.684,0.002691504131729799,0.2691504131729799,0.0027324231769556874,0.1,0.026915041317297987,1
SIRI,-13834,20.35,-281521.9,4532164.5,93832473.5015,0.0030524046512433517,0.30524046512433517,0.0030002608851135066,0.1,0.030524046512433515,1
SITC,52,6.12,318.24,1100901.35,6892170.050500001,4.7234023284647616e-05,0.004723402328464761,4.617413639945127e-05,0.1,0.0004723402328464761,1
SITE,450,143.54,64593.0,699377.55,99431274.3665,0.0006434292893731004,0.06434292893731004,0.000649624581516602,0.1,0.006434292893731004,1
SITM,-383,363.11,-139071.13,260394.95,92045572.806,0.0014708426565108116,0.14708426565108115,0.001510894285954562,0.1,0.014708426565108115,1
SJM,3870,104.86,405808.2,1574378.15,159162190.657,0.0024581133827346374,0.24581133827346374,0.002549652014243324,0.1,0.024581133827346374,1
SKT,-2899,32.72,-94855.28,1071690.2,35854435.906,0.0027050727906254997,0.27050727906254995,0.0026455660953273175,0.1,0.027050727906254995,1
SKWD,4492,44.62,200433.03999999998,509706.05,23445662.137000002,0.00881292266395504,0.881292266395504,0.008548832565649454,0.1,0.08812922663955039,1
SKY,-2005,78.38,-157151.9,747624.85,67550197.083,0.0026818263197110155,0.26818263197110154,0.0023264462101702673,0.1,0.026818263197110153,1
SKYW,1483,96.52,143139.16,283737.15,28293873.375249993,0.005226668414763452,0.5226668414763452,0.005059016066892089,0.1,0.052266684147634516,1
SLAB,-1265,142.45,-180199.25,326476.75,47701945.7555,0.0038747016441446442,0.3874701644144644,0.003777607960136996,0.1,0.03874701644144644,1
SLB,-2559,48.38,-123804.42000000001,24079346.95,1121852721.226,0.00010627364626265331,0.010627364626265332,0.00011035710629172624,0.1,0.001062736462626533,1
SLDB,13579,6.46,87720.34,1044905.0,6142609.387999999,0.012995439776821816,1.2995439776821816,0.014280631317916386,0.1,0.12995439776821816,1
SLG,10714,44.78,479772.92,1235373.85,57813051.4735,0.00867267831515132,0.867267831515132,0.008298695671165453,0.1,0.08672678315151319,1
SLGN,-41,43.15,-1769.1499999999999,847800.45,35987146.187,4.8360436704179625e-05,0.004836043670417962,4.916060836852598e-05,0.1,0.0004836043670417962,1
SLM,3295,27.15,89459.25,2841453.95,77142124.63000001,0.0011596175964773245,0.11596175964773245,0.0011596679561144722,0.1,0.011596175964773244,1
SLNO,-204,38.56,-7866.240000000001,1749480.6,75032555.36550002,0.00011660603724328237,0.011660603724328237,0.00010483769294117497,0.1,0.0011660603724328235,1
SLP,5564,16.89,93975.96,353850.7,6851755.3795,0.015724145804996287,1.5724145804996286,0.013715603490628092,0.1,0.15724145804996287,1
SLVM,2488,48.94,121762.72,265860.8,13249221.541,0.009358280724348984,0.9358280724348984,0.0091901791832224,0.1,0.09358280724348983,1
SM,-1479,19.47,-28796.129999999997,5567873.1,104203674.26299998,0.0002656310539836118,0.02656310539836118,0.0002763446702207578,0.1,0.002656310539836118,1
SMBC,-69,62.57,-4317.33,47842.95,2924019.2159999995,0.0014422187595037514,0.14422187595037514,0.001476505344553112,0.1,0.014422187595037514,1
SMBK,-1401,39.92,-55927.920000000006,74863.0,2901915.5405,0.018714184577160946,1.8714184577160946,0.01927275939614825,0.1,0.18714184577160944,1
SMCI,-4113,29.11,-119729.43,32165598.55,987486099.0489998,0.0001278695309713116,0.01278695309713116,0.00012124669918422713,0.1,0.0012786953097131159,1
SMG,-4002,64.22,-257008.44,927702.05,58002849.056499995,0.004313885045311692,0.43138850453116917,0.0044309623437574705,0.1,0.04313885045311692,1
SMMT,-956,14.48,-13842.880000000001,3203293.3,54453014.922000006,0.00029844285566981956,0.029844285566981956,0.0002542169615370044,0.1,0.0029844285566981953,1
SMP,-2096,39.93,-83693.28,125244.55,4877074.193499999,0.01673525913902042,1.673525913902042,0.01716055091217263,0.1,0.16735259139020417,1
SMPL,6597,18.77,123825.69,2401155.15,48721706.46350001,0.0027474276287394427,0.2747427628739443,0.0025414891839382584,0.1,0.027474276287394427,1
SMR,-23279,17.48,-406916.92,32631520.55,631295503.1295002,0.0007133899863578377,0.07133899863578377,0.0006445743997585985,0.1,0.007133899863578376,1
SMTC,-600,79.75,-47850.0,1380339.35,107337079.9775,0.0004346757194163884,0.04346757194163884,0.0004457918923267739,0.1,0.004346757194163884,1
SNA,-333,366.11,-121914.63,281867.25,102514364.195,0.0011814072049874543,0.11814072049874542,0.0011892443654832347,0.1,0.011814072049874542,1
SNAP,26926,6.93,186597.18,44702312.85,350895834.8805,0.0006023401986011558,0.06023401986011558,0.0005317737101768305,0.1,0.006023401986011558,1
SNDR,-3509,26.84,-94181.56,932724.95,26811064.333500005,0.0037620951385507594,0.37620951385507595,0.0035127870653878374,0.1,0.03762095138550759,1
SNDX,4641,20.31,94258.70999999999,1328889.9,27716955.715500005,0.003492388647095595,0.3492388647095595,0.003400759844173226,0.1,0.03492388647095595,1
SNEX,-3306,49.8933,-164947.24980000002,618724.8,29184404.616584998,0.005343247918945547,0.5343247918945547,0.005651897030863645,0.1,0.05343247918945547,1
SNOW,-44,192.7,-8478.8,4494999.6,955482785.8165,9.788654931137258e-06,0.0009788654931137258,8.873838572355347e-06,0.1,9.788654931137258e-05,1
SNPS,140,465.115,65116.1,1828153.95,924226248.7114998,7.65799838684264e-05,0.00765799838684264,7.04547183016939e-05,0.1,0.0007657998386842639,1
SNX,2151,158.67,341299.17,971727.9,148012031.89600003,0.0022135826294583084,0.22135826294583083,0.00230588801213007,0.1,0.02213582629458308,1
SO,14,89.31,1250.3400000000001,5321698.9,468613748.2995,2.6307388416883187e-06,0.00026307388416883185,2.6681675570493165e-06,0.1,2.6307388416883185e-05,1
SOC,1540,9.68,14907.199999999999,8066735.1,85241998.2375,0.00019090747135107984,0.019090747135107985,0.000174880930858352,0.1,0.0019090747135107984,1
SOFI,-24,22.81,-547.4399999999999,54578520.6,1424060102.9444997,4.3973342875841893e-07,4.3973342875841896e-05,3.8442197690116414e-07,0.1,4.397334287584189e-06,1
SON,-7250,48.0,-348000.0,974624.1,46481944.615499996,0.00743876536605241,0.743876536605241,0.007486777992587577,0.1,0.07438765366052409,1
SONO,-2340,14.35,-33579.0,1363511.0,21722954.094,0.0017161577721045156,0.17161577721045157,0.0015457842360986577,0.1,0.017161577721045155,1
SOUN,-16308,8.46,-137965.68000000002,26734355.25,285043001.3740001,0.0006100016195453227,0.06100016195453227,0.000484017075791935,0.1,0.006100016195453226,1
SPB,5,63.71,318.55,329555.8,20886231.6055,1.5171937498900035e-05,0.0015171937498900034,1.52516742137493e-05,0.1,0.00015171937498900033,1
SPG,-3027,191.31,-579095.37,1589855.3,294833271.92099994,0.0019039468560440689,0.1903946856044069,0.0019641452480138252,0.1,0.019039468560440687,1
SPGI,-193,499.214,-96348.302,1478586.4,746520383.01645,0.00013053007927030846,0.013053007927030846,0.00012906318995696718,0.1,0.0013053007927030845,1
SPNT,995,20.41,20307.95,598143.4,12105590.704,0.001663480697103738,0.1663480697103738,0.0016775678689755907,0.1,0.016634806971037377,1
SPOT,484,500.35,242169.40000000002,2576092.3,1354678664.764,0.00018788146682477178,0.018788146682477178,0.00017876519819715964,0.1,0.0018788146682477177,1
SPSC,-3405,89.26,-303930.3,485746.1,44250816.526,0.007009834973456298,0.7009834973456298,0.006868354617172381,0.1,0.07009834973456297,1
SPXC,2311,208.41,481635.51,449855.2,95388334.287,0.005137208595121274,0.5137208595121274,0.005049207679325623,0.1,0.05137208595121274,1
SR,380,84.49,32106.199999999997,381662.55,31767250.474,0.0009956439268144072,0.09956439268144071,0.001010669778496487,0.1,0.00995643926814407,1
SRCE,-188,67.33,-12658.039999999999,115515.95,7538066.529499998,0.001627480880345961,0.1627480880345961,0.0016792157445762964,0.1,0.01627480880345961,1
SRE,1963,87.01,170800.63,4278051.45,374534621.0615,0.00045885376156474226,0.04588537615647423,0.00045603429001014537,0.1,0.004588537615647422,1
SRI,-296,6.58,-1947.68,143988.55,892940.515,0.0020557190137688035,0.20557190137688036,0.0021811979267174365,0.1,0.020557190137688034,1
SRPT,3536,20.34,71922.24,3175667.35,69367911.61824998,0.0011134667489653789,0.11134667489653789,0.0010368229102211866,0.1,0.011134667489653789,1
SRRK,-497,44.34,-22036.980000000003,1060635.0,46981818.285000004,0.0004685872142631537,0.04685872142631537,0.0004690533658429266,0.1,0.004685872142631537,1
SSB,-1689,102.33,-172835.37,807786.4,80143462.279,0.002090899277333711,0.2090899277333711,0.0021565747858298865,0.1,0.020908992773337107,1
SSD,-10,176.78,-1767.8,252251.85,45195421.793500006,3.9642920359156926e-05,0.003964292035915693,3.9114581297131394e-05,0.1,0.00039642920359156923,1
SSNC,-3026,81.89,-247799.14,1307551.95,111915591.21400002,0.0023142483937253887,0.23142483937253888,0.0022141610236072425,0.1,0.023142483937253887,1
SSTI,-41,6.98,-286.18,184774.0,1484057.525,0.00022189269053005293,0.022189269053005292,0.00019283619076693138,0.1,0.0022189269053005294,1
ST,2973,34.59,102836.07,1332443.8,46646830.45899999,0.0022312385708125175,0.22312385708125174,0.0022045671482521685,0.1,0.022312385708125174,1
STAG,-1578,37.51,-59190.78,1635314.35,61007212.70799999,0.0009649520900981514,0.09649520900981515,0.0009702259351415706,0.1,0.009649520900981513,1
STBA,-970,42.64,-41360.8,179730.4,7405650.417500001,0.005396972354148213,0.5396972354148213,0.005585032734229788,0.1,0.05396972354148213,1
STC,3077,67.43,207482.11000000002,279806.55,18885666.071000002,0.010996883382465492,1.0996883382465492,0.01098622146658626,0.1,0.10996883382465492,1
STE,-1091,262.6,-286496.60000000003,500881.85,130576521.93400002,0.002178158382061558,0.2178158382061558,0.002194089685929986,0.1,0.02178158382061558,1
STEP,-877,70.69,-61995.13,674881.0,48865913.8745,0.0012994883542431924,0.12994883542431923,0.0012686784116883426,0.1,0.012994883542431923,1
STGW,-2867,6.01,-17230.67,2236301.1,13392734.508000001,0.0012820277197914001,0.12820277197914,0.0012865684741011963,0.1,0.012820277197914001,1
STLD,-2779,179.57,-499025.02999999997,1376161.45,239974906.919,0.002019385152810377,0.2019385152810377,0.002079488378209637,0.1,0.020193851528103768,1
STNE,8729,16.14,140886.06,5505637.8,84451127.7825,0.0015854657202477068,0.15854657202477068,0.00166825551889426,0.1,0.015854657202477068,1
STRA,-589,85.02,-50076.78,194824.35,16335687.410999998,0.0030232360585316976,0.30232360585316975,0.003065483486558373,0.1,0.030232360585316975,1
STRL,410,357.91,146743.1,446559.1,150585085.2605,0.0009181315530240007,0.09181315530240007,0.00097448628292866,0.1,0.009181315530240007,1
STRT,-541,79.12,-42803.920000000006,44223.4,3503086.9122499996,0.012233342529068322,1.223334252906832,0.012218914652193843,0.1,0.12233342529068321,1
STT,5327,130.86,697091.2200000001,2397120.2,312433651.56700003,0.002222249847963402,0.2222249847963402,0.0022311656138951854,0.1,0.02222249847963402,1
STWD,-1555,17.93,-27881.149999999998,3858967.85,70333449.18900001,0.0004029574903040459,0.040295749030404594,0.0003964138019888344,0.1,0.0040295749030404586,1
STX,407,407.69,165929.83,4968719.45,1800980251.5444999,8.191245331832932e-05,0.008191245331832932,9.213306467836085e-05,0.1,0.0008191245331832932,1
STZ,-1833,156.7,-287231.1,3041876.25,464761763.3575001,0.0006025886161542568,0.06025886161542568,0.0006180179236884824,0.1,0.006025886161542568,1
SUI,-634,127.43,-80790.62000000001,681852.5,85429661.0445,0.0009298198657334248,0.09298198657334247,0.0009456975365724145,0.1,0.009298198657334247,1
SUPN,-2633,48.16,-126805.27999999998,680375.65,33948562.400000006,0.003869920976742774,0.3869920976742774,0.0037352179602161877,0.1,0.03869920976742774,1
SVRA,19656,5.4,106142.40000000001,1445810.9,8421133.2135,0.013595138894028259,1.3595138894028258,0.012604289388255027,0.1,0.13595138894028258,1
SWBI,929,10.92,10144.68,549750.85,5898345.139,0.0016898564140464722,0.16898564140464722,0.0017199196996667983,0.1,0.01689856414046472,1
SWK,1601,78.66,125934.65999999999,1690342.0,137051141.627,0.000947145607220314,0.0947145607220314,0.0009188880771438244,0.1,0.009471456072203139,1
SWKS,-27,55.76,-1505.52,4525065.85,267383308.12099996,5.966763997478623e-06,0.0005966763997478623,5.630568379828338e-06,0.1,5.966763997478622e-05,1
SWX,-2953,82.82,-244567.46,516880.8,42987028.6405,0.00571311606080164,0.571311606080164,0.00568933158989226,0.1,0.057131160608016394,1
SXC,-13145,7.86,-103319.7,1008637.2,7970491.5785,0.013032436241693248,1.3032436241693248,0.012962776383667439,0.1,0.1303243624169325,1
SXI,-325,240.0,-78000.0,134508.15,32528366.4065,0.00241621046754416,0.24162104675441598,0.0023979070767111625,0.1,0.0241621046754416,1
SXT,303,94.52,28639.559999999998,210067.15,20141594.124999996,0.0014423959195904738,0.14423959195904737,0.001421911285783096,0.1,0.014423959195904737,1
SYBT,4828,67.69,326807.32,129922.95,8777594.868499998,0.037160486272825546,3.7160486272825546,0.03723198950236445,0.1,0.37160486272825544,1
SYF,557,72.63,40454.909999999996,5218050.6,406867899.587,0.00010674484452105544,0.010674484452105544,9.943008539396846e-05,0.1,0.0010674484452105543,1
SYK,-981,369.56,-362538.36,1993024.5,718182532.3314999,0.0004922167288962078,0.04922167288962078,0.0005047997461356508,0.1,0.004922167288962077,1
SYNA,-680,82.51,-56106.8,805115.05,69489031.54450001,0.0008445997873223212,0.08445997873223211,0.0008074195128776522,0.1,0.008445997873223211,1
SYRE,3726,31.98,119157.48,616557.1,19815143.49475,0.0060432358981836395,0.604323589818364,0.00601345531671626,0.1,0.060432358981836395,1
SYY,700,83.85,58694.99999999999,4408350.5,344026897.403,0.00015878955178359798,0.0158789551783598,0.00017061165985298961,0.1,0.0015878955178359798,1
T,10921,26.21,286239.41000000003,49284771.05,1186479380.4125,0.0002215897480566667,0.02215897480566667,0.00024125106152328074,0.1,0.002215897480566667,1
TALO,3774,11.92,44986.08,1912668.15,21838706.2605,0.0019731598500241664,0.19731598500241665,0.0020599242218558985,0.1,0.019731598500241664,1
TAP,12,48.04,576.48,2907687.3,140529944.24899998,4.126991234580142e-06,0.0004126991234580142,4.10218621433846e-06,0.1,4.126991234580142e-05,1
TARS,-4463,64.54,-288042.02,541035.8,39645458.154,0.008248992026035984,0.8248992026035984,0.007265448134843619,0.1,0.08248992026035984,1
TBBK,1697,59.44,100869.68,694881.1,46984521.84499999,0.002442144418663855,0.24421444186638552,0.0021468704168739854,0.1,0.02442144418663855,1
TBPH,1037,18.94,19640.780000000002,381994.5,7423595.988000001,0.002714698771840956,0.2714698771840956,0.0026457231821005183,0.1,0.02714698771840956,1
TCBI,-2885,101.17,-291875.45,430224.3,42202311.69325,0.006705804390872389,0.670580439087239,0.006916100997535727,0.1,0.06705804390872389,1
TCBK,-155,49.82,-7722.1,120721.7,5920048.472000001,0.0012839448085969632,0.12839448085969632,0.0013043981035836354,0.1,0.012839448085969632,1
TCMD,-3562,28.86,-102799.31999999999,319318.25,9508843.118999999,0.011155015411740481,1.115501541174048,0.010810917659856284,0.1,0.1115501541174048,1
TDAY,-2111,5.92,-12497.119999999999,1351813.5,7884770.613500001,0.0015616059463823967,0.15616059463823967,0.0015849693811767853,0.1,0.015616059463823967,1
TDC,-3072,28.52,-87613.44,1150202.5,34696341.22749999,0.0026708340487870616,0.2670834048787062,0.002525149249182459,0.1,0.026708340487870616,1
TDG,-383,1427.54,-546747.82,338334.35,476998229.3125,0.0011320163028081542,0.11320163028081542,0.0011462260998076038,0.1,0.011320163028081542,1
TDOC,-4553,5.45,-24813.850000000002,6503958.85,42536374.35599999,0.0007000351793431165,0.07000351793431166,0.0005833560188352036,0.1,0.007000351793431165,1
TDS,602,45.13,27168.260000000002,1030126.0,44108977.363,0.0005843945303778373,0.05843945303778372,0.0006159349326196258,0.1,0.005843945303778372,1
TDW,-1861,62.49,-116293.89,707308.45,41219401.209,0.0026311010422680517,0.2631101042268052,0.002821338655802888,0.1,0.026311010422680515,1
TDY,-376,620.3,-233232.8,450591.7,263260239.41949993,0.0008344583355618845,0.08344583355618845,0.0008859400892223158,0.1,0.008344583355618844,1
TEAM,1423,118.18,168170.14,4772451.55,634070658.4024999,0.00029816960635252547,0.029816960635252545,0.00026522302801976964,0.1,0.0029816960635252543,1
TECH,-1351,64.09,-86585.59000000001,2349255.9,157000920.05925003,0.0005750757080146101,0.057507570801461017,0.0005514973413361131,0.1,0.005750757080146101,1
TECX,4206,19.99,84077.93999999999,228847.85,4586268.1235,0.018379023442868264,1.8379023442868263,0.01833253916603465,0.1,0.18379023442868264,1
TEL,1213,222.78,270232.14,2105524.35,485509585.2505,0.000576103524996042,0.057610352499604195,0.0005565948607596964,0.1,0.00576103524996042,1
TEN,20,27.17,543.4000000000001,365237.9,9207259.862,5.4758829792855555e-05,0.005475882979285556,5.90186448676993e-05,0.1,0.0005475882979285555,1
TENB,-3433,22.06,-75731.98,1735362.8,39333142.30850001,0.001978260684163565,0.19782606841635653,0.0019253986728549296,0.1,0.01978260684163565,1
TER,1198,241.05,288777.9,2875867.85,659026875.62275,0.0004165699060198472,0.04165699060198472,0.00043818835116112405,0.1,0.004165699060198471,1
TEX,213,57.0,12141.0,1415861.9,83578362.59699999,0.00015043840080731038,0.015043840080731037,0.00014526487026961444,0.1,0.0015043840080731037,1
TFC,-9003,51.42,-462934.26,10429424.35,524306912.7345001,0.0008632307688199493,0.08632307688199493,0.0008829451772542657,0.1,0.008632307688199493,1
TFIN,-2080,63.09,-131227.2,247838.05,16640887.898500001,0.008392577330236418,0.8392577330236418,0.007885829217792444,0.1,0.08392577330236417,1
TFSL,-192,14.075,-2702.3999999999996,645863.75,9083417.43325,0.0002972763218248431,0.02972763218248431,0.0002975091720554226,0.1,0.002972763218248431,1
TFX,283,104.37,29536.710000000003,1083947.95,117163746.21699998,0.0002610826470034839,0.026108264700348386,0.00025209769193701616,0.1,0.0026108264700348384,1
TGLS,10589,48.91,517907.99,331455.35,16965732.123000003,0.031946987731530055,3.1946987731530054,0.030526710326746555,0.1,0.3194698773153005,1
TGT,-1167,105.47,-123083.49,6313256.1,668660329.2765,0.00018484914622741188,0.01848491462274119,0.00018407476054872,0.1,0.0018484914622741188,1
TGTX,-1594,29.43,-46911.42,2495870.55,74408804.4105,0.0006386549174194952,0.06386549174194953,0.0006304552313621131,0.1,0.006386549174194952,1
THC,4,189.28,757.12,837789.8,164308238.70000002,4.774467294779669e-06,0.00047744672947796693,4.6079247516150265e-06,0.1,4.774467294779669e-05,1
THFF,-2098,65.16,-136705.68,59520.3,3736265.3074999996,0.03524847825027763,3.5248478250277633,0.03658885778951071,0.1,0.3524847825027763,1
THG,183,174.14,31867.62,418303.3,72199882.8845,0.0004374816072452692,0.04374816072452692,0.0004413804943559181,0.1,0.0043748160724526915,1
THO,1781,111.87,199240.47,513206.0,57674345.61,0.003470341344411406,0.3470341344411406,0.0034545770375495033,0.1,0.03470341344411406,1
THR,-13,45.25,-588.25,243561.9,10154155.815500002,5.337452204141945e-05,0.005337452204141945,5.79319453717713e-05,0.1,0.0005337452204141945,1
THRM,7709,31.96,246379.64,196328.95,7122765.419499999,0.03926573233341287,3.926573233341287,0.03459044703697336,0.1,0.39265732333412867,1
TILE,-4152,31.47,-130663.44,339044.4,10350872.266999999,0.012246183685676565,1.2246183685676564,0.012623423092232813,0.1,0.12246183685676565,1
TJX,-778,149.81,-116552.18000000001,5620945.85,863083448.115,0.00013841086905329287,0.013841086905329286,0.0001350416118563662,0.1,0.0013841086905329286,1
TK,2749,10.23,28122.27,562378.2,5401905.832,0.004888169562760435,0.4888169562760435,0.005205990417938852,0.1,0.048881695627604346,1
TKO,-2998,202.58,-607334.8400000001,976048.6,198531513.98,0.0030715683624770325,0.30715683624770324,0.003059135689970021,0.1,0.030715683624770323,1
TKR,-2563,93.19,-238845.97,720074.15,66232614.951,0.0035593556580249407,0.3559355658024941,0.0036061685043947346,0.1,0.0355935565802494,1
TLN,-1124,348.36,-391556.64,957305.2,358291376.08,0.001174129211875168,0.11741292118751678,0.0010928441657847006,0.1,0.011741292118751679,1
TLRY,5623,7.46,41947.58,5644593.5,51111811.34725,0.000996174480943579,0.09961744809435791,0.0008207022778944603,0.1,0.00996174480943579,1
TMDX,-1,133.975,-133.975,792450.1,109198965.39449999,1.2619091094820986e-06,0.00012619091094820986,1.2268889134250708e-06,0.1,1.2619091094820986e-05,1
TMHC,21,60.95,1279.95,897800.7,55738507.531500004,2.339049189870313e-05,0.002339049189870313,2.2963478153351173e-05,0.1,0.0002339049189870313,1
TMO,-810,578.61,-468674.10000000003,2702856.7,1659477082.475,0.0002996829243666525,0.02996829243666525,0.0002824227613321443,0.1,0.002996829243666525,1
TMP,-5871,80.12,-470384.52,48932.65,3707029.7269999995,0.11998123952003417,11.998123952003418,0.1268898699608405,0.1,1.1998123952003417,2
TMUS,1,197.21,197.21,5996748.65,1143241321.464,1.66757030912076e-07,1.6675703091207598e-05,1.725007627851125e-07,0.1,1.66757030912076e-06,1
TNC,837,76.09,63687.33,111425.15,8595645.691,0.007511769111372074,0.7511769111372074,0.007409254905269455,0.1,0.07511769111372073,1
TNDM,893,19.89,17761.77,1358579.95,28530395.267999995,0.0006573039739030449,0.06573039739030449,0.000622556043586322,0.1,0.006573039739030449,1
TNET,-138,61.24,-8451.12,354231.3,21607818.292499997,0.0003895759635018137,0.03895759635018137,0.0003911139887238573,0.1,0.0038957596350181365,1
TNK,-4320,64.52,-278726.39999999997,448988.15,26731208.936999995,0.009621634780338856,0.9621634780338857,0.010427003157878164,0.1,0.09621634780338856,1
TNL,997,69.54,69331.38,571824.7,41282597.428,0.0017435413335590436,0.17435413335590436,0.0016794335705479582,0.1,0.017435413335590434,1
TOL,3326,144.49,480573.74000000005,1245798.3,179339645.04950002,0.0026697740717738978,0.26697740717738977,0.0026796849066326386,0.1,0.026697740717738977,1
TOST,297,31.11,9239.67,9306401.8,315598659.60449994,3.191351570485598e-05,0.003191351570485598,2.9276645254383893e-05,0.1,0.00031913515704855977,1
TOWN,-9739,35.0,-340865.0,479102.15,16909675.576500002,0.02032760654486731,2.0327606544867307,0.020157985790910892,0.1,0.20327606544867308,1
TPB,-2344,121.15,-283975.60000000003,316384.6,35925230.1675,0.007408704469180865,0.7408704469180865,0.007904628548682215,0.1,0.07408704469180864,1
TPC,1893,78.89,149338.77,563623.0,42509710.0985,0.0033586280190836784,0.33586280190836787,0.0035130507748456644,0.1,0.03358628019083678,1
TPG,-11243,58.91,-662325.13,1884462.25,120621923.91275,0.005966158250185165,0.5966158250185165,0.005490918305026229,0.1,0.05966158250185165,1
TPH,2629,33.35,87677.15000000001,799656.75,27108795.7555,0.003287660611881285,0.3287660611881285,0.0032342694522758918,0.1,0.03287660611881285,1
TPL,-274,348.36,-95450.64,365400.6,119034398.89150003,0.0007498619323558856,0.07498619323558857,0.0008018744236025702,0.1,0.007498619323558856,1
TPR,1748,126.91,221838.68,2153102.95,280922937.16650003,0.0008118515652026764,0.08118515652026764,0.0007896780598891381,0.1,0.008118515652026764,1
TR,14670,36.7767,539514.189,109137.45,3926425.4697399996,0.13441765406833311,13.441765406833312,0.13740594165301337,0.1,1.344176540683331,2
TREE,-2212,56.66,-125331.92,305687.35,18969791.866499998,0.007236151577747657,0.7236151577747657,0.006606921197766638,0.1,0.07236151577747656,1
TREX,-108,41.42,-4473.360000000001,2193612.05,90055803.726,4.923386521331336e-05,0.004923386521331337,4.967320055918281e-05,0.1,0.0004923386521331336,1
TRGP,278,200.98,55872.439999999995,1285489.9,240723978.42499995,0.0002162599643917856,0.02162599643917856,0.00023210168079457706,0.1,0.002162599643917856,1
TRIP,-47,13.29,-624.63,2360775.15,32806051.386,1.990871515230919e-05,0.001990871515230919,1.904008478955688e-05,0.1,0.0001990871515230919,1
TRMB,5882,67.6,397623.19999999995,2022332.85,148939203.20799997,0.002908522204937728,0.2908522204937728,0.0026697014045704414,0.1,0.029085222049377277,1
TRMK,-585,42.52,-24874.2,308330.95,12633277.457999999,0.0018973119630059843,0.18973119630059843,0.001968942745276956,0.1,0.01897311963005984,1
TRN,1484,28.74,42650.159999999996,1018059.35,28364693.372499995,0.0014576753310109082,0.1457675331010908,0.0015036355034724253,0.1,0.014576753310109082,1
TRNO,-2130,61.54,-131080.2,809729.2,49279193.6105,0.002630509064017946,0.26305090640179457,0.0026599501817349248,0.1,0.026305090640179458,1
TROW,-1004,105.68,-106102.72,1741413.35,184580099.592,0.000576543185453356,0.0576543185453356,0.0005748329328813444,0.1,0.00576543185453356,1
TROX,8956,6.06,54273.35999999999,3646369.8,20910530.2185,0.002456141447858635,0.2456141447858635,0.002595503769291473,0.1,0.024561414478586348,1
TRS,6250,34.77,217312.50000000003,432293.15,15098667.596499998,0.014457781715949003,1.4457781715949003,0.014392826294843059,0.1,0.14457781715949003,1
TRST,691,43.4,29989.399999999998,88240.8,3775132.0707499995,0.007830844688624763,0.7830844688624763,0.007943933997001077,0.1,0.07830844688624762,1
TRTX,-12274,9.03,-110834.21999999999,794662.45,7185760.383000001,0.01544555175596884,1.544555175596884,0.015424146380139597,0.1,0.1544555175596884,1
TRU,2369,79.02,187198.38,2131387.75,177835631.7095,0.0011114824132774526,0.11114824132774526,0.0010526483258754035,0.1,0.011114824132774526,1
TRUP,-2013,31.99,-64395.869999999995,367681.55,12466521.435,0.005474846371812782,0.5474846371812783,0.0051655042937003535,0.1,0.05474846371812782,1
TRV,1700,284.51,483667.0,1786364.8,498017022.6585,0.0009516533241138652,0.09516533241138651,0.0009711856783892704,0.1,0.009516533241138651,1
TSCO,-5218,50.88,-265491.84,9185920.55,476562872.2665,0.0005680432322049639,0.05680432322049639,0.0005570971962992821,0.1,0.005680432322049639,1
TSLA,-651,430.41,-280196.91000000003,63750777.6,27839849073.496998,1.0211640147899937e-05,0.0010211640147899936,1.0064598743343839e-05,0.1,0.00010211640147899936,1
TSN,9954,65.33,650294.82,3085079.4,187678894.69699997,0.0032264971851291738,0.32264971851291735,0.0034649331298006354,0.1,0.032264971851291735,1
TT,-411,420.58,-172858.38,2167997.2,853615965.713,0.00018957589059616866,0.018957589059616867,0.00020250134362894272,0.1,0.0018957589059616865,1
TTC,3176,91.5,290604.0,997418.95,87933047.518,0.003184218627488479,0.31842186274884793,0.0033048325766318176,0.1,0.03184218627488479,1
TTD,1291,30.33,39156.03,12157150.45,431511192.8659999,0.00010619264812997359,0.010619264812997358,9.074163230838693e-05,0.1,0.0010619264812997359,1
TTEK,-7653,37.66,-288211.98,2277091.3,83132632.271,0.003360866558139325,0.3360866558139325,0.003466893470430142,0.1,0.03360866558139325,1
TTI,16,11.4,182.4,2169345.25,23761648.089,7.375497284261231e-06,0.0007375497284261231,7.676235222271412e-06,0.1,7.375497284261231e-05,1
TTMI,22,98.2,2160.4,3623911.9,332179541.219,6.070787758388939e-06,0.0006070787758388939,6.5037117941459475e-06,0.1,6.070787758388939e-05,1
TTWO,1092,220.3,240567.6,1703720.45,407626258.43700004,0.000640950221616463,0.0640950221616463,0.0005901670832552131,0.1,0.00640950221616463,1
TVTX,316,31.09,9824.44,3135497.0,98114996.0635,0.00010078147100762655,0.010078147100762654,0.00010013189006950197,0.1,0.0010078147100762655,1
TW,5419,103.07,558536.33,1440933.0,151517591.438,0.0037607577867950835,0.37607577867950837,0.0036862804160172342,0.1,0.03760757786795083,1
TWI,-7154,9.54,-68249.15999999999,550312.4,4844201.8575,0.012999888790439756,1.2999888790439758,0.01408883486024302,0.1,0.12999888790439756,1
TWLO,2389,120.46,287778.94,2356548.1,304564578.674,0.00101377094742942,0.101377094742942,0.0009448864383800618,0.1,0.0101377094742942,1
TWST,-1451,41.07,-59592.57,1315304.45,52117913.25599999,0.0011031666470831146,0.11031666470831146,0.0011434181891988836,0.1,0.011031666470831146,1
TXN,629,215.55,135580.95,8665585.45,1707101078.5379999,7.258597859651826e-05,0.007258597859651826,7.942174702163191e-05,0.1,0.0007258597859651825,1
TXRH,-2552,179.86,-459002.72000000003,923950.2,171580346.0935,0.0027620536258339467,0.2762053625833947,0.0026751474189816225,0.1,0.027620536258339465,1
TXT,2671,88.06,235208.26,1994725.65,181326706.73350003,0.0013390312597624642,0.13390312597624643,0.0012971517777890871,0.1,0.013390312597624642,1
TYL,267,369.4,98629.79999999999,395771.1,169067206.64949995,0.000674632382202743,0.0674632382202743,0.0005833762913258122,0.1,0.006746323822027429,1
U,918,29.1,26713.800000000003,11946679.6,453856758.031,7.684143466942898e-05,0.0076841434669428985,5.885953999207688e-05,0.1,0.0007684143466942897,1
UAA,-10149,6.17,-62619.33,13210791.8,77588670.84,0.0007682355572358652,0.07682355572358653,0.0008070679562114277,0.1,0.007682355572358652,1
UAL,611,102.32,62517.52,5143826.25,568867928.1094999,0.00011878317235151556,0.011878317235151557,0.00010989812733469158,0.1,0.0011878317235151556,1
UBER,-799,80.05,-63959.95,19289294.45,1608619213.9345,4.1421940137369825e-05,0.004142194013736982,3.976077709749669e-05,0.1,0.00041421940137369823,1
UBSI,-8921,42.33,-377625.93,1010737.55,41464306.191999994,0.008826227936223403,0.8826227936223403,0.009107253073315816,0.1,0.08826227936223403,1
UCB,9796,34.43,337276.27999999997,1030081.9,34708303.6425,0.009509923434243433,0.9509923434243432,0.009717452154216153,0.1,0.09509923434243432,1
UCTT,-364,43.68,-15899.52,1173336.35,47292813.74499999,0.00031022647512795454,0.031022647512795452,0.000336193149465144,0.1,0.003102264751279545,1
UDR,-5536,37.15,-205662.4,4981015.05,184611175.37999997,0.0011114200508187584,0.11114200508187584,0.0011140300665800356,0.1,0.011114200508187583,1
UE,102,19.43,1981.86,914150.4,17385249.7325,0.00011157901369402672,0.011157901369402671,0.0001139966368326081,0.1,0.001115790136940267,1
UEC,-11313,17.24,-195036.12,12488852.45,216303710.00149998,0.0009058478387259672,0.09058478387259672,0.0009016771834317937,0.1,0.009058478387259672,1
UFCS,13,35.94,467.21999999999997,107197.35,3798187.0185000002,0.00012127165456981912,0.012127165456981913,0.00012301132032843315,0.1,0.0012127165456981912,1
UFPI,-10,103.28,-1032.8,380179.05,38935766.292500004,2.630339572893351e-05,0.002630339572893351,2.6525739656469605e-05,0.1,0.00026303395728933507,1
UFPT,518,251.14,130090.51999999999,157930.3,39949266.6715,0.0032799279175687,0.32799279175687,0.0032563931916379132,0.1,0.032799279175687,1
UGI,15,40.11,601.65,2563362.25,99517963.115,5.851689514425829e-06,0.0005851689514425829,6.045642225461861e-06,0.1,5.8516895144258285e-05,1
UHAL,-15,56.55,-848.25,168794.1,9410324.603999998,8.886566532834974e-05,0.008886566532834974,9.014035495007672e-05,0.1,0.0008886566532834974,1
UHS,2877,201.26,579025.02,729884.8,151170386.61900002,0.003941717925897347,0.39417179258973467,0.0038302807378493837,0.1,0.039417179258973464,1
UHT,52,39.73,2065.96,59086.6,2336472.5009999997,0.0008800641769876758,0.08800641769876758,0.000884221834032191,0.1,0.008800641769876758,1
UI,-475,551.42,-261924.49999999997,103362.05,57838875.945999995,0.004595497090082869,0.45954970900828684,0.004528519887636476,0.1,0.04595497090082869,1
ULTA,-627,647.36,-405894.72000000003,571424.9,375030251.28300005,0.0010972570498765453,0.10972570498765453,0.0010822986108758182,0.1,0.010972570498765452,1
UMBF,-91,127.14,-11569.74,529432.45,65159597.817499995,0.00017188217307042666,0.017188217307042668,0.0001775600278013487,0.1,0.0017188217307042666,1
UMH,17836,15.63,278776.68,544189.3,8695616.403500002,0.03277535960372613,3.277535960372613,0.032059450079673694,0.1,0.3277535960372613,1
UNFI,1157,37.23,43075.10999999999,842221.7,29248143.005999994,0.0013737475536429423,0.13737475536429422,0.0014727468335737938,0.1,0.013737475536429422,1
UNH,305,286.93,87513.65000000001,11630153.65,3669615639.0884995,2.6224932978422e-05,0.0026224932978421997,2.3848178830450383e-05,0.1,0.00026224932978422,1
UNIT,29053,8.32,241720.96000000002,2406377.0,18270147.157,0.01207333680466527,1.2073336804665271,0.01323037838298896,0.1,0.1207333680466527,1
UNM,3048,75.97,231556.56,1256890.8,97421271.3475,0.0024250316733959703,0.24250316733959704,0.0023768583266999435,0.1,0.024250316733959703,1
UNP,-898,235.1,-211119.8,3449477.15,791766844.151,0.000260329308167761,0.0260329308167761,0.0002666439009913084,0.1,0.00260329308167761,1
UPBD,6996,18.9,132224.4,701959.15,13365746.8395,0.009966391918959957,0.9966391918959957,0.009892780522315084,0.1,0.09966391918959956,1
UPS,147,106.22,15614.34,6209416.4,659736885.6010001,2.3673722380737742e-05,0.002367372238073774,2.3667526162002926e-05,0.1,0.0002367372238073774,1
UPST,-7,39.25,-274.75,3891613.15,181207028.842,1.798739938989054e-06,0.0001798739938989054,1.5162215381808561e-06,0.1,1.798739938989054e-05,1
UPWK,-115,20.03,-2303.4500000000003,2209542.35,45433538.2655,5.204697705839401e-05,0.005204697705839401,5.069933110952812e-05,0.1,0.00052046977058394,1
URBN,935,70.85,66244.75,1813912.2,133143178.30450001,0.0005154604506215902,0.05154604506215902,0.0004975452054216212,0.1,0.005154604506215902,1
URGN,-2276,19.61,-44632.36,728235.45,14871028.763,0.003125362820499881,0.3125362820499881,0.003001296057677459,0.1,0.03125362820499881,1
URI,-236,782.06,-184566.15999999997,735194.5,646981599.214,0.00032100348955276464,0.03210034895527646,0.0002852726572505683,0.1,0.003210034895527646,1
USB,10466,56.11,587247.26,12085440.15,666048631.1620001,0.0008660007306395042,0.08660007306395043,0.0008816882619749225,0.1,0.008660007306395042,1
USFD,1292,83.62,108037.04000000001,2672733.0,215508257.0255,0.00048340032468637906,0.048340032468637904,0.0005013127640265614,0.1,0.004834003246863791,1
USLM,-335,120.53,-40377.55,88390.8,11238410.096,0.003789987193237305,0.37899871932373047,0.0035928169247330874,0.1,0.03789987193237305,1
USNA,2703,21.7,58655.1,123283.25,2592505.027500001,0.021925119592483163,2.1925119592483164,0.02262487415754876,0.1,0.2192511959248316,1
USPH,-128,83.87,-10735.36,221859.9,18728657.097000003,0.0005769406729201627,0.05769406729201627,0.0005732050058046934,0.1,0.0057694067292016265,1
UTHR,474,469.49,222538.26,353460.35,169499484.21700007,0.0013410273599287728,0.13410273599287728,0.0013129140836505293,0.1,0.013410273599287727,1
UTI,-1304,27.83,-36290.32,573687.95,15754564.25,0.0022730127066465317,0.22730127066465317,0.0023034797677758687,0.1,0.022730127066465315,1
UTL,-562,50.91,-28611.42,84229.55,4185957.791,0.006672242698672852,0.6672242698672852,0.0068350951988851525,0.1,0.06672242698672852,1
UTZ,-18228,10.54,-192123.12,1480030.95,15146900.344499996,0.012315958662891476,1.2315958662891475,0.012683989174706757,0.1,0.12315958662891476,1
UVE,39,30.45,1187.55,208641.75,6286161.393999999,0.0001869232787780969,0.01869232787780969,0.00018891497140583916,0.1,0.001869232787780969,1
UVSP,27,33.14,894.78,154932.8,5134132.411750001,0.0001742691024753958,0.01742691024753958,0.0001742806628734783,0.1,0.001742691024753958,1
UVV,4,56.59,226.36,170743.6,9337106.739499997,2.3426939574894754e-05,0.0023426939574894756,2.424305583253101e-05,0.1,0.00023426939574894753,1
UWMC,45985,4.91,225786.35,19095561.75,102684058.26900001,0.002408151202988307,0.2408151202988307,0.0021988452132317426,0.1,0.024081512029883068,1
V,-220,321.83,-70802.59999999999,8531750.45,2849799761.2105,2.5786033158060783e-05,0.0025786033158060784,2.4844763117646346e-05,0.1,0.0002578603315806078,1
VAC,457,54.31,24819.670000000002,546534.05,32497784.077499997,0.0008361784595122664,0.08361784595122664,0.0007637342269494622,0.1,0.008361784595122664,1
VAL,5885,57.73,339741.05,1075272.35,59055747.10700001,0.005473032018353303,0.5473032018353303,0.005752887172597123,0.1,0.05473032018353303,1
VC,-2775,90.86,-252136.5,497093.3,47542412.994,0.005582453032458897,0.5582453032458897,0.005303401407745551,0.1,0.055824530324588964,1
VCEL,1922,35.98,69153.56,541892.8,20540796.969499998,0.003546826973895944,0.3546826973895944,0.003366644444355429,0.1,0.03546826973895944,1
VCTR,-1475,70.53,-104031.75,384326.55,26188746.8445,0.00383788213434643,0.38378821343464303,0.00397238365843565,0.1,0.0383788213434643,1
VCYT,472,38.08,17973.76,786009.55,32976085.19650001,0.00060050160968146,0.060050160968146,0.0005450543899585656,0.1,0.006005016096814599,1
VEEV,-794,203.92,-161912.47999999998,1846070.25,412234794.0215,0.00043010280892615005,0.04301028089261501,0.0003927676225979981,0.1,0.0043010280892615,1
VERX,16862,18.55,312790.10000000003,1456634.85,28156848.434999995,0.011575996551229019,1.157599655122902,0.01110884624470935,0.1,0.11575996551229019,1
VFC,16775,19.59,328622.25,7779387.45,151809688.8345,0.00215633944289534,0.215633944289534,0.0021646987917764435,0.1,0.021563394428953397,1
VHC,2488,20.32,50556.16,25873.55,504403.7455,0.09615997804707897,9.615997804707897,0.10022954914794542,0.1,0.9615997804707896,1
VIAV,-6177,24.46,-151089.42,4970791.05,100751647.92124999,0.001242659354993407,0.1242659354993407,0.0014996223200050812,0.1,0.012426593549934068,1
VICI,331,28.08,9294.48,11102440.85,312523430.9205,2.9813263990503493e-05,0.0029813263990503495,2.9740106118201225e-05,0.1,0.00029813263990503494,1
VICR,-948,157.67,-149471.15999999997,651426.7,95062715.453,0.0014552673385969596,0.14552673385969597,0.0015723426296811401,0.1,0.014552673385969595,1
VIRT,6122,41.51,254124.22,1268549.7,45913304.997,0.004825983562173401,0.48259835621734015,0.005534870992550081,0.1,0.04825983562173401,1
VISN,-12771,18.0,-229878.0,3895527.05,71827283.22999999,0.003278375386971065,0.3278375386971065,0.003200427325977258,0.1,0.03278375386971065,1
VITL,-7,28.45,-199.15,1572650.9,45380329.014,4.4510831997107565e-06,0.00044510831997107567,4.388465318057996e-06,0.1,4.451083199710756e-05,1
VKTX,-95,29.04,-2758.7999999999997,3463447.7,111688312.299,2.7429315592090504e-05,0.0027429315592090503,2.470088358587097e-05,0.1,0.00027429315592090504,1
VLO,110,181.43,19957.3,4013181.2,735874753.39,2.7409676891738652e-05,0.002740967689173865,2.7120511891543315e-05,0.1,0.0002740967689173865,1
VLY,-8579,12.46,-106894.34000000001,7748595.35,94178349.1435,0.0011071684108526845,0.11071684108526846,0.001135020320191901,0.1,0.011071684108526844,1
VMC,568,300.54,170706.72,906918.1,272609415.6535,0.0006262969059719946,0.06262969059719946,0.0006261952456439605,0.1,0.006262969059719946,1
VMI,-817,445.56,-364022.52,134491.2,58162668.62399999,0.006074746897938303,0.6074746897938303,0.006258697006378269,0.1,0.06074746897938303,1
VNO,-9408,31.88,-299927.04,1334814.15,44018442.7975,0.007048172211839379,0.7048172211839379,0.006813667656981136,0.1,0.07048172211839378,1
VNT,-165,37.5,-6187.5,1002315.95,37870977.706,0.00016461875120315106,0.016461875120315106,0.0001633836878475862,0.1,0.0016461875120315106,1
VOYA,5196,76.66,398325.36,820732.1,62808573.47249999,0.006330933077919093,0.6330933077919093,0.0063418947124217395,0.1,0.06330933077919092,1
VPG,-1017,50.08,-50931.36,340165.3,15444212.996000001,0.002989722937642376,0.29897229376423756,0.0032977633766894466,0.1,0.029897229376423758,1
VRDN,-2802,33.0,-92466.0,1541036.2,49538305.023,0.0018182570922084763,0.18182570922084762,0.0018665555867740976,0.1,0.01818257092208476,1
VRE,6383,15.19,96957.77,622777.55,9272095.578,0.010249245497047862,1.024924549704786,0.010456942466172668,0.1,0.10249245497047861,1
VREX,2162,13.94,30138.28,315740.8,4279915.9945,0.0068473887441851036,0.6847388744185103,0.007041792418059106,0.1,0.06847388744185103,1
VRNS,-5034,29.84,-150214.56,2294701.95,76989762.70425001,0.002193748952886888,0.2193748952886888,0.001951097843709912,0.1,0.02193748952886888,1
VRRM,-9404,19.3,-181497.2,1189179.95,25877052.2555,0.007907970530448314,0.7907970530448314,0.007013828244730771,0.1,0.07907970530448313,1
VRSK,-1268,217.46,-275739.28,1218108.25,268086409.10549992,0.0010409583877294978,0.10409583877294978,0.0010285462844611733,0.1,0.010409583877294978,1
VRSN,2941,244.23,718280.4299999999,620975.65,153737683.2605,0.004736095529671735,0.47360955296717355,0.004672116912175094,0.1,0.04736095529671735,1
VRT,937,186.18,174450.66,5079382.55,898623448.2154999,0.00018447124050540356,0.018447124050540355,0.00019413099040140427,0.1,0.0018447124050540355,1
VRTS,81,163.25,13223.25,87025.9,14604122.1255,0.00093075739521223,0.093075739521223,0.0009054464134417992,0.1,0.009307573952122299,1
VRTX,-790,469.9,-371221.0,1533676.95,709694496.3124999,0.00051510195807533,0.051510195807533,0.000523071549700366,0.1,0.0051510195807533,1
VSAT,-1862,45.17,-84106.54000000001,1847687.0,78835180.068,0.0010077464419027682,0.10077464419027682,0.0010668655786344769,0.1,0.010077464419027682,1
VSCO,7,,,,,,,,0.1,,
VSEC,-33,218.57,-7212.8099999999995,309284.7,63703377.697500005,0.00010669780949397108,0.010669780949397108,0.00011322492245623989,0.1,0.0010669780949397107,1
VSH,4164,20.15,83904.59999999999,2374268.85,43333557.793,0.0017538030707853493,0.17538030707853494,0.0019362499705379314,0.1,0.01753803070785349,1
VST,-589,158.35,-93268.15,6286155.3,1031236853.3185002,9.369797147709666e-05,0.009369797147709667,9.044299541842875e-05,0.1,0.0009369797147709666,1
VSTM,-4025,6.1,-24552.5,2057926.8,14348868.419999998,0.0019558518796684117,0.19558518796684116,0.001711110540659624,0.1,0.019558518796684115,1
VTOL,204,43.96,8967.84,195104.35,8160724.893999999,0.001045594319142551,0.10455943191425511,0.0010989023789532981,0.1,0.01045594319142551,1
VTR,3133,77.67,243340.11000000002,2761751.65,211674329.5735,0.001134424958160159,0.1134424958160159,0.0011495966964454453,0.1,0.01134424958160159,1
VTRS,36,13.09,471.24,8504872.7,109512910.8585,4.23286758895286e-06,0.000423286758895286,4.3030542819639066e-06,0.1,4.2328675889528595e-05,1
VVV,-16,32.72,-523.52,1946090.1,62069981.182,8.221613171969787e-06,0.0008221613171969787,8.434350873491458e-06,0.1,8.221613171969787e-05,1
VVX,-1391,68.83,-95742.53,409890.65,26711653.7495,0.003393588021585757,0.3393588021585757,0.0035842981081540917,0.1,0.03393588021585757,1
VYX,-179,9.92,-1775.68,1690487.25,17719069.185999997,0.00010588663120647612,0.010588663120647612,0.00010021293902971955,0.1,0.001058866312064761,1
VZ,9,44.52,400.68,34276004.45,1391529717.954,2.625743619892662e-07,2.6257436198926618e-05,2.8794210776118355e-07,0.1,2.625743619892662e-06,1
W,-1937,103.49,-200460.12999999998,2655511.05,294210177.33549994,0.0007294264507014573,0.07294264507014574,0.0006813500872589022,0.1,0.007294264507014573,1
WAB,-830,230.14,-191016.19999999998,658456.45,149449301.40100002,0.0012605237597718118,0.1260523759771812,0.0012781337765338113,0.1,0.012605237597718118,1
WABC,2798,50.58,141522.84,150561.75,7475519.533500001,0.01858373723737935,1.8583737237379347,0.018931505611856747,0.1,0.18583737237379347,1
WAFD,-3914,32.62,-127674.68,583700.45,18995054.116000004,0.006705494230816509,0.6705494230816509,0.006721469663645572,0.1,0.06705494230816508,1
WAL,-1055,89.15,-94053.25,928618.45,82361983.5515,0.0011360963159842453,0.11360963159842453,0.0011419497921779603,0.1,0.011360963159842453,1
WASH,808,34.37,27770.96,124344.75,3875926.3075,0.006498062845435774,0.6498062845435774,0.007164986585596996,0.1,0.06498062845435773,1
WAT,-609,370.72,-225768.48,500015.4,195034349.6175,0.0012179624867554078,0.12179624867554079,0.0011575831664667048,0.1,0.012179624867554077,1
WBS,1191,65.77,78332.06999999999,1610250.35,104109809.89400001,0.0007396365416098186,0.07396365416098186,0.0007523985499517695,0.1,0.007396365416098186,1
WCC,852,289.43,246594.36000000002,424619.85,117717449.20150001,0.00200650063815905,0.200650063815905,0.0020947987037834813,0.1,0.0200650063815905,1
WD,-93,62.89,-5848.77,230765.2,14598883.698999997,0.00040300703918961784,0.04030070391896178,0.00040063131679038123,0.1,0.004030070391896178,1
WDAY,2246,175.63,394464.98,3512804.25,672158401.8572501,0.0006393752228009859,0.06393752228009858,0.0005868631246891333,0.1,0.006393752228009858,1
WDC,1316,250.23,329302.68,10288144.9,2361323848.1505,0.00012791421707134004,0.012791421707134003,0.0001394568052399612,0.1,0.0012791421707134003,1
WDFC,-156,231.23,-36071.88,212572.35,43224994.559750006,0.0007338677866618118,0.07338677866618118,0.0008345143907453304,0.1,0.007338677866618118,1
WEC,-500,110.67,-55335.0,2221117.3,240051453.52449998,0.00022511192902779158,0.022511192902779156,0.00023051308037321438,0.1,0.0022511192902779156,1
WELL,2392,188.36,450557.12000000005,3088035.2,574475442.8455,0.0007746025692971375,0.07746025692971376,0.0007842930896546144,0.1,0.007746025692971375,1
WEN,49994,7.79,389453.26,6459572.45,53102471.775,0.007739521522047484,0.7739521522047484,0.0073339949531944365,0.1,0.07739521522047484,1
WERN,7075,34.25,242318.75,1127919.45,37641686.5705,0.006272611045052908,0.6272611045052907,0.00643751043264641,0.1,0.06272611045052907,1
WEX,-335,153.9,-51556.5,342404.25,53827669.166499995,0.000978375706493129,0.09783757064931291,0.0009578066596293664,0.1,0.00978375706493129,1
WFC,-2550,90.49,-230749.5,17495129.55,1584823251.7574997,0.00014575485095507623,0.014575485095507624,0.00014559951700866887,0.1,0.0014575485095507622,1
WFRD,928,94.08,87306.24,1269501.85,112448439.303,0.0007309953900421649,0.0730995390042165,0.0007764113094068596,0.1,0.007309953900421649,1
WGO,1049,45.91,48159.59,669028.2,30316083.355999995,0.0015679458653611313,0.15679458653611314,0.0015885821870346756,0.1,0.01567945865361131,1
WGS,-2201,96.26,-211868.26,722901.85,79342618.9825,0.0030446733536509834,0.30446733536509835,0.002670295771894424,0.1,0.030446733536509833,1
WH,720,72.79,52408.8,1355572.85,104525402.39449999,0.0005311407645852452,0.05311407645852452,0.0005013977348989158,0.1,0.005311407645852452,1
WHD,-8,56.23,-449.84,901725.2,47770913.324,8.871882475947218e-06,0.0008871882475947218,9.416608741579186e-06,0.1,8.871882475947217e-05,1
WHR,945,79.99,75590.54999999999,1696868.65,138850692.03249997,0.0005569081613948139,0.05569081613948139,0.0005444016799160565,0.1,0.005569081613948139,1
WINA,-111,450.69,-50026.59,123055.4,54293084.214999996,0.0009020327429759279,0.0902032742975928,0.000921417354038965,0.1,0.009020327429759278,1
WING,-291,265.43,-77240.13,559611.4,150820334.4565,0.0005200037025693186,0.05200037025693186,0.0005121333955288225,0.1,0.005200037025693186,1
WIX,-2,86.84,-173.68,1816624.65,161563320.28000003,1.1009428942847385e-06,0.00011009428942847384,1.0749964762979676e-06,0.1,1.1009428942847385e-05,1
WK,1091,77.02,84028.81999999999,758551.55,63689785.254499994,0.0014382674453700607,0.14382674453700608,0.001319345318314807,0.1,0.014382674453700606,1
WKC,-1709,26.91,-45989.19,1012351.65,26962164.916,0.0016881485795968228,0.1688148579596823,0.0017056935206530431,0.1,0.016881485795968227,1
WLDN,-1869,126.2,-235867.80000000002,324814.85,40402843.7865,0.005754047267235473,0.5754047267235474,0.005837900946933139,0.1,0.05754047267235473,1
WLFC,-908,60.76,-55170.08,185187.75,10316177.97888,0.004903132091620531,0.49031320916205307,0.005347918590872322,0.1,0.0490313209162053,1
WLK,1919,79.32,152215.08,1434156.95,118668345.295,0.0013380683334554143,0.13380683334554144,0.001282693203664427,0.1,0.013380683334554142,1
WLY,7368,31.23,230102.64,583824.55,18090906.419,0.01262022982760831,1.262022982760831,0.01271924328558432,0.1,0.1262022982760831,1
WM,795,222.24,176680.80000000002,2262266.45,504980902.6825,0.00035141749107405097,0.0351417491074051,0.00034987620138000685,0.1,0.0035141749107405096,1
WMB,7435,67.26,500078.10000000003,7303825.05,456478531.6425001,0.0010179597606873128,0.10179597606873128,0.0010955128562138948,0.1,0.010179597606873127,1
WMG,982,29.98,29440.36,1748052.9,53108898.0115,0.0005617678961546301,0.05617678961546301,0.0005543395005790762,0.1,0.005617678961546301,1
WMK,270,71.15,19210.5,108838.5,7344156.990499998,0.0024807398117394123,0.24807398117394122,0.0026157529073588238,0.1,0.02480739811739412,1
WMS,-2165,152.04,-329166.6,656304.15,101558507.09549999,0.0032987754229498625,0.3298775422949862,0.003241152409718567,0.1,0.03298775422949862,1
WMT,1697,119.14,202180.58,45454181.35,5380952219.2404995,3.733429905893575e-05,0.003733429905893575,3.757338325307356e-05,0.1,0.0003733429905893575,1
WNC,68,10.13,688.84,609521.4,6149098.1695,0.00011156294102225122,0.011156294102225123,0.00011202293100746049,0.1,0.0011156294102225121,1
WOR,-905,55.57,-50290.85,164634.95,8813676.897499999,0.005497010203483525,0.5497010203483526,0.005706001091810502,0.1,0.05497010203483525,1
WPC,-2881,69.75,-200949.75,1280515.85,86912250.225,0.0022498745329860618,0.22498745329860617,0.0023120992665565288,0.1,0.022498745329860615,1
WRB,-3675,68.58,-252031.5,2623336.85,179126492.88399997,0.0014008875756843808,0.14008875756843808,0.001407002928166591,0.1,0.014008875756843807,1
WRBY,-3007,25.51,-76708.57,3566082.35,95025082.33200002,0.0008432222548085576,0.08432222548085576,0.0008072454989514714,0.1,0.008432222548085577,1
WRLD,1055,121.25,127918.75,98757.55,13475674.745749999,0.01068272754842541,1.068272754842541,0.009492567341783269,0.1,0.1068272754842541,1
WSBC,124,35.29,4375.96,498678.75,17289713.3115,0.00024865707632418666,0.024865707632418667,0.0002530961573023535,0.1,0.0024865707632418664,1
WSC,19709,20.03,394771.27,1833087.15,38539924.005,0.010751807408611206,1.0751807408611207,0.010243177177743892,0.1,0.10751807408611205,1
WSFS,-161,64.73,-10421.53,420067.35,24827169.089500003,0.00038327187295084943,0.03832718729508494,0.00041976312170071426,0.1,0.003832718729508494,1
WSM,-2548,204.65,-521448.2,1059573.6,215053927.4615,0.002404740925972485,0.2404740925972485,0.0024247322806664495,0.1,0.02404740925972485,1
WSO,856,386.45,330801.2,417983.1,157067325.99000004,0.0020479296890233123,0.20479296890233123,0.0021061108535142506,0.1,0.02047929689023312,1
WST,1014,231.12,234355.68,1025117.7,262156665.63850003,0.0009891547087714904,0.09891547087714904,0.0008939527798357181,0.1,0.009891547087714904,1
WT,-263,16.2,-4260.599999999999,5155448.0,77666217.652,5.101399529197075e-05,0.005101399529197075,5.485782787943304e-05,0.1,0.0005101399529197075,1
WTFC,2,147.49,294.98,484888.45,71340366.72749999,4.124660012008948e-06,0.0004124660012008948,4.1348259552230805e-06,0.1,4.124660012008948e-05,1
WTM,-194,2044.93,-396716.42,17281.5,35549811.3455,0.011225877383328994,1.1225877383328995,0.01115945218792891,0.1,0.11225877383328993,1
WTS,299,299.31,89493.69,165331.6,48277389.223000005,0.0018084867018767132,0.1808486701876713,0.0018537392232752302,0.1,0.01808486701876713,1
WTTR,-1778,12.09,-21496.02,747214.75,8730654.8795,0.002379503348936835,0.2379503348936835,0.002462131454820611,0.1,0.023795033489368348,1
WTW,-155,317.47,-49207.850000000006,494397.25,160508306.409,0.0003135130707138844,0.03135130707138844,0.0003065750994506838,0.1,0.003135130707138844,1
WU,27241,9.37,255248.16999999998,7468881.25,70449893.6935,0.0036472664497109258,0.3647266449710926,0.0036231164678613313,0.1,0.03647266449710926,1
WULF,-5042,13.37,-67411.54,24779076.2,341593889.1575,0.00020347812643636812,0.020347812643636814,0.00019734410403611844,0.1,0.002034781264363681,1
WVE,5334,12.94,69021.95999999999,4704260.75,66460629.843499996,0.0011338657194969474,0.11338657194969474,0.0010385390593277758,0.1,0.011338657194969473,1
WWD,1047,317.84,332778.48,531104.65,172947249.24449998,0.001971362894299645,0.1971362894299645,0.0019241617398004548,0.1,0.01971362894299645,1
WWW,-18509,17.72,-327979.48,1858082.25,34093144.05100001,0.009961345898439103,0.9961345898439102,0.009620100730791352,0.1,0.09961345898439102,1
WY,7634,25.78,196804.52000000002,8285823.75,213895852.069,0.0009213326556698723,0.09213326556698723,0.0009200950747586889,0.1,0.009213326556698723,1
WYNN,4352,107.45,467622.4,1176992.65,135444224.594,0.0036975591988616073,0.36975591988616074,0.0034525089674492847,0.1,0.03697559198861607,1
XEL,-1978,76.06,-150446.68,5274221.0,397186429.8360001,0.00037503168714394033,0.03750316871439403,0.00037878101742327915,0.1,0.0037503168714394033,1
XENE,-3487,41.01,-143001.87,1056946.5,44044499.755499996,0.003299126303933075,0.32991263039330754,0.0032467588641903653,0.1,0.03299126303933075,1
XERS,68,7.36,500.48,2152627.25,16148560.007000003,3.158930557996049e-05,0.003158930557996049,3.099223706528968e-05,0.1,0.0003158930557996049,1
XHR,105,14.75,1548.75,901040.15,13356436.030499998,0.00011653198805846775,0.011653198805846775,0.00011595533392765573,0.1,0.0011653198805846774,1
XMTR,1480,57.13,84552.40000000001,681362.2,43084113.863,0.0021721193221461363,0.21721193221461363,0.0019624959740117197,0.1,0.021721193221461363,1
XNCR,3886,12.09,46981.74,752957.0,10268313.2235,0.005160985288668543,0.5160985288668543,0.004575409707261157,0.1,0.051609852886685424,1
XOM,-620,141.4,-87668.0,20210219.65,2634262636.258,3.06775488211975e-05,0.00306775488211975,3.327990109768759e-05,0.1,0.00030677548821197493,1
XP,-1922,19.51,-37498.22,7321772.65,137444360.8535,0.00026250473647252624,0.026250473647252623,0.0002728247253444528,0.1,0.0026250473647252623,1
XPO,890,148.11,131817.90000000002,1220375.7,180686744.2635,0.0007292836132348424,0.07292836132348424,0.0007295382986577404,0.1,0.0072928361323484235,1
XPRO,-26,16.01,-416.26000000000005,1163819.45,18025856.3435,2.234023499091719e-05,0.002234023499091719,2.3092384187900208e-05,0.1,0.00022340234990917188,1
XRAY,-209,12.47,-2606.23,4160895.4,51524590.891499996,5.02295731827337e-05,0.00502295731827337,5.058225509229515e-05,0.1,0.0005022957318273369,1
XYL,1875,137.87,258506.25,1409116.65,197495049.91249996,0.0013306208538519505,0.13306208538519507,0.0013089252116168532,0.1,0.013306208538519505,1
XYZ,3509,60.43,212048.87,6257751.6,413299640.615,0.0005607445332281966,0.056074453322819656,0.0005130632818467156,0.1,0.005607445332281966,1
YELP,-636,27.38,-17413.68,988313.2,28609975.045999996,0.0006435206976897607,0.06435206976897608,0.0006086576437764014,0.1,0.006435206976897607,1
YETI,-7614,45.71,-348035.94,1559158.75,74735604.29800001,0.00488340266826582,0.48834026682658194,0.00465689604398253,0.1,0.048834026682658196,1
YORW,-16,33.58,-537.28,66651.8,2188754.94,0.00024005353193762207,0.024005353193762208,0.0002454728897150998,0.1,0.0024005353193762204,1
YOU,274,32.62,8937.88,1268079.8,44087062.839999996,0.00021607472968183862,0.021607472968183862,0.00020273248940255327,0.1,0.002160747296818386,1
YUM,-614,155.5,-95477.0,2028303.05,313306920.393,0.0003027161054656009,0.03027161054656009,0.0003047395182980234,0.1,0.003027161054656009,1
YUMC,-9,49.42,-444.78000000000003,1111494.05,53881709.0115,8.09720933728795e-06,0.0008097209337287949,8.25474930472362e-06,0.1,8.097209337287949e-05,1
Z,15,63.03,945.45,2816218.5,189467811.9045,5.32629126610737e-06,0.000532629126610737,4.9900296546230654e-06,0.1,5.32629126610737e-05,1
ZBH,3692,87.07,321462.44,2257161.45,200846415.831,0.001635682728853977,0.16356827288539771,0.0016005385939796457,0.1,0.01635682728853977,1
ZBRA,-1956,234.98,-459620.88,633963.4,158216299.0815,0.0030853516149354993,0.3085351614935499,0.0029050159981509945,0.1,0.03085351614935499,1
ZD,-4657,38.22,-177990.54,576883.55,21428894.824,0.008072686419988921,0.8072686419988921,0.00830609984611309,0.1,0.08072686419988921,1
ZETA,6413,18.58,119153.54,9933258.35,215051072.5355,0.0006456089003262459,0.0645608900326246,0.0005540708939283736,0.1,0.006456089003262459,1
ZION,5109,59.91,306080.19,1834902.7,109703843.544,0.0027843438237896757,0.27843438237896756,0.0027900589451748553,0.1,0.027843438237896756,1
ZM,-7017,92.1,-646265.7,3448199.2,304720861.905,0.0020349752415695704,0.20349752415695704,0.002120844946288844,0.1,0.020349752415695702,1
ZS,582,200.01,116405.81999999999,1791963.75,384124097.78375006,0.0003247833556900914,0.03247833556900914,0.00030304222169766826,0.1,0.0032478335569009137,1
ZTS,1601,124.82,199836.81999999998,4649921.8,581696066.1360002,0.0003443068655477174,0.03443068655477174,0.00034354163906839667,0.1,0.0034430686554771735,1
ZUMZ,-1256,24.61,-30910.16,249076.55,6301216.4765,0.005042626453594287,0.5042626453594287,0.004905427406799551,0.1,0.050426264535942865,1
ZWS,-636,46.11,-29325.96,1025510.45,47709192.767000005,0.0006201789557580813,0.06201789557580813,0.0006146815382775557,0.1,0.006201789557580812,1
ZYME,6,22.53,135.18,970910.05,23197789.966499995,6.179769176351609e-06,0.0006179769176351609,5.8272792449286714e-06,0.1,6.179769176351609e-05,1
