ticker,shares,price,position_market_value,average_daily_volume,average_daily_dollar_volume,position_shares_pct_adv,position_pct_of_daily_market_volume,position_value_pct_dollar_adv,liquidation_participation_rate,estimated_days_to_liquidate,estimated_full_trading_days
A,-64,135.39,-8664.96,1977318.9,278604028.64699996,3.2367060265291554e-05,0.0032367060265291554,3.1101344952117596e-05,0.1,0.0003236706026529155,1
AA,9274,58.21,539839.54,9396869.95,581094862.6505,0.0009869243747488493,0.09869243747488493,0.0009290041518138269,0.1,0.009869243747488493,1
AAL,1717,13.69,23505.73,60312847.15,902917805.1225001,2.8468229923382087e-05,0.0028468229923382087,2.6033078389467517e-05,0.1,0.00028468229923382085,1
AAMI,-3120,55.85,-174252.0,227769.85,12157753.397000002,0.0136980377341426,1.36980377341426,0.014332582205771481,0.1,0.13698037734142599,1
AAOI,1385,44.16,61161.6,5550412.7,214989989.54224998,0.00024953099433488974,0.024953099433488973,0.00028448580387497755,0.1,0.002495309943348897,1
AAON,-1007,90.08,-90710.56,995606.45,87751259.18000002,0.001011443829035057,0.1011443829035057,0.0010337237419457389,0.1,0.01011443829035057,1
AAP,-1334,48.71,-64979.14,1956296.35,87189399.9995,0.0006819007764339998,0.06819007764339999,0.000745264217902321,0.1,0.006819007764339998,1
AAPL,282,270.01,76142.81999999999,53804632.1,13861444668.2585,5.2411844295465404e-06,0.000524118442954654,5.493137390964768e-06,0.1,5.24118442954654e-05,1
AAT,116,18.03,2091.48,497519.45,9065648.992500003,0.00023315671377269773,0.023315671377269774,0.00023070383617656916,0.1,0.002331567137726977,1
ABBV,1849,225.64,417208.36,7406999.85,1636156530.1855,0.0002496287346353868,0.024962873463538683,0.0002549929375966851,0.1,0.002496287346353868,1
ABCB,-4590,79.89,-366695.1,527922.1,42182535.563,0.008694464581043303,0.8694464581043303,0.00869305495996886,0.1,0.08694464581043303,1
ABEO,11262,5.17,58224.54,1273774.25,6592047.670999999,0.00884144109523332,0.884144109523332,0.00883254231551506,0.1,0.0884144109523332,1
ABG,70,235.77,16503.9,164319.75,40059557.0065,0.00042599870070396287,0.042599870070396284,0.0004119840865270204,0.1,0.004259987007039628,1
ABM,4419,46.37,204909.03,710947.0,31979493.18549999,0.006215653206216497,0.6215653206216497,0.00640751336524961,0.1,0.06215653206216497,1
ABNB,-3516,131.31,-461685.96,4027036.0,540015644.0775001,0.0008730987257129064,0.08730987257129064,0.0008549492316814091,0.1,0.008730987257129064,1
ABR,-90,7.47,-672.3,3844686.95,30255164.813000005,2.340892800127719e-05,0.002340892800127719,2.2220999427877084e-05,0.1,0.00023408928001277188,1
ABT,5273,109.41,576918.9299999999,12256501.9,1396420809.1815,0.00043022063252811147,0.043022063252811146,0.0004131411722073635,0.1,0.004302206325281115,1
ACA,49,116.38,5702.62,213602.85,24122789.532,0.00022939768827990825,0.022939768827990824,0.00023639969135556273,0.1,0.002293976882799082,1
ACAD,115,26.13,3004.95,1248220.35,33080010.8755,9.213116898791146e-05,0.009213116898791146,9.083884558893997e-05,0.1,0.0009213116898791146,1
ACGL,3664,96.71,354345.44,2336751.1,217364240.60950002,0.0015679889912109167,0.15679889912109168,0.001630191971809153,0.1,0.015679889912109165,1
ACHC,-1667,13.21,-22021.07,3795982.5,52114659.583000004,0.0004391484944938497,0.04391484944938497,0.0004225503951518347,0.1,0.0043914849449384966,1
ACHR,-2320,7.05,-16356.0,44478230.6,376520288.98700005,5.216034830306401e-05,0.005216034830306401,4.343989016901216e-05,0.1,0.00052160348303064,1
ACI,-3245,16.86,-54710.7,10024205.5,169410018.86350003,0.00032371642819972117,0.03237164281997212,0.0003229484322534811,0.1,0.0032371642819972114,1
ACIW,3630,43.45,157723.5,695402.1,30912221.694,0.005220001492661584,0.5220001492661585,0.005102302304936362,0.1,0.05220001492661584,1
ACLS,-173,88.81,-15364.130000000001,565635.4,52109434.36175001,0.0003058507299932076,0.030585072999320763,0.0002948435381842825,0.1,0.003058507299932076,1
ACLX,3192,69.47,221748.24,935520.95,63314406.89249998,0.0034120026921898436,0.34120026921898433,0.003502334632566345,0.1,0.03412002692189843,1
ACM,1369,96.81,132532.89,1320962.95,129317945.52599998,0.0010363651758741605,0.10363651758741606,0.001024860775980652,0.1,0.010363651758741604,1
ACMR,8,61.12,488.96,1575507.9,82579960.6485,5.0777276331016815e-06,0.0005077727633101682,5.921049079706501e-06,0.1,5.077727633101681e-05,1
ACN,-660,266.79,-176081.40000000002,4484647.95,1240283139.3639998,0.00014716874264344428,0.014716874264344428,0.00014196871215252683,0.1,0.0014716874264344428,1
ACT,-1838,40.45,-74347.1,290537.3,11453779.250000002,0.006326210094194446,0.6326210094194447,0.006491054033540938,0.1,0.06326210094194445,1
ACVA,12047,7.62,91798.14,2334882.9,19653658.529000003,0.005159573527220573,0.5159573527220573,0.004670791438883861,0.1,0.051595735272205734,1
AD,898,48.47,43526.06,376922.3,19944962.3205,0.0023824538903641414,0.23824538903641415,0.0021823084596786966,0.1,0.023824538903641414,1
ADAM,-38361,7.96,-305353.56,676021.5,5463736.7035,0.056745236652976275,5.674523665297627,0.05588731239636684,0.1,0.5674523665297627,1
ADBE,568,293.38,166639.84,4958795.45,1517070958.4825,0.0001145439463529394,0.01145439463529394,0.00010984314152759667,0.1,0.001145439463529394,1
ADC,-922,71.04,-65498.880000000005,1409966.95,101100322.30199999,0.0006539160368262532,0.06539160368262532,0.000647860249192344,0.1,0.006539160368262532,1
ADEA,76,18.79,1428.04,812512.5,15255899.798750002,9.353702250734604e-05,0.009353702250734603,9.360575376334125e-05,0.1,0.0009353702250734603,1
ADI,633,316.86,200572.38,3658384.3,1104296941.4875002,0.00017302720219961582,0.01730272021996158,0.00018162902790423995,0.1,0.001730272021996158,1
ADM,2140,68.08,145691.19999999998,3947868.35,256578694.33650002,0.0005420646815641661,0.05420646815641661,0.0005678226727934302,0.1,0.00542064681564166,1
ADMA,3080,17.5,53900.0,2373295.2,41692807.13549999,0.0012977736608576968,0.12977736608576967,0.001292788941383273,0.1,0.012977736608576967,1
ADNT,4789,20.95,100329.55,1327316.35,28470851.938500006,0.003608032101766847,0.3608032101766847,0.003523939157729535,0.1,0.03608032101766847,1
ADP,167,247.56,41342.52,2353166.2,602408006.61025,7.096821295495405e-05,0.007096821295495405,6.862876911718748e-05,0.1,0.0007096821295495405,1
ADSK,-2939,255.57,-751120.23,2036266.55,544357469.6155,0.0014433277411545163,0.14433277411545165,0.0013798290129655873,0.1,0.014433277411545162,1
ADT,-38587,8.0,-308696.0,6228977.0,50504773.8825,0.006194757180834028,0.6194757180834027,0.0061122142773707925,0.1,0.06194757180834028,1
ADTN,19352,9.37,181328.24,1181660.65,10991256.985999998,0.016376952215511283,1.6376952215511282,0.016497497986896766,0.1,0.1637695221551128,1
ADUS,-2083,105.32,-219381.56,202462.55,21809965.128999997,0.010288322457659455,1.0288322457659453,0.010058776284254372,0.1,0.10288322457659455,1
AEE,4028,102.4,412467.2,1477058.4,150801594.37350002,0.002727041801461608,0.27270418014616077,0.002735164715688721,0.1,0.027270418014616077,1
AEIS,419,261.82,109702.58,897230.3,226072856.935,0.00046699269964467315,0.04669926996446731,0.0004852532121162226,0.1,0.004669926996446731,1
AEO,658,24.65,16219.699999999999,6310781.4,160921555.912,0.00010426601054506498,0.010426601054506497,0.00010079258746957274,0.1,0.0010426601054506497,1
AEP,1302,118.33,154065.66,3251317.0,382751132.03075004,0.00040045310869410764,0.040045310869410766,0.00040252176181055017,0.1,0.004004531086941076,1
AER,2759,145.32,400937.88,1021088.2,147516067.04749995,0.0027020192770810594,0.2702019277081059,0.0027179268538314446,0.1,0.027020192770810594,1
AES,-3346,14.73,-49286.58,9392362.25,135703385.25,0.0003562469068950146,0.03562469068950146,0.0003631934450949889,0.1,0.003562469068950146,1
AFG,3786,130.14,492710.0399999999,541549.8,70689070.97299999,0.006991046806775664,0.6991046806775665,0.006970102071198428,0.1,0.06991046806775664,1
AFL,11,111.95,1231.45,2294899.15,251784063.1835,4.7932389534415924e-06,0.00047932389534415925,4.890897320623984e-06,0.1,4.793238953441592e-05,1
AFRM,2022,61.99,125343.78,5590653.45,403792999.6445001,0.00036167507395758896,0.0361675073957589,0.0003104159312082003,0.1,0.0036167507395758894,1
AGCO,-1875,114.67,-215006.25,770503.9,86407732.3735,0.0024334724327806775,0.24334724327806775,0.0024882755755078617,0.1,0.024334724327806773,1
AGIO,543,28.16,15290.88,951946.4,26675659.080000002,0.0005704102667965339,0.05704102667965339,0.0005732147031172809,0.1,0.005704102667965338,1
AGM,229,170.24,38984.96,114295.95,19701324.0505,0.002003570555212149,0.20035705552121488,0.0019787989832597366,0.1,0.02003570555212149,1
AGNC,-34505,11.17,-385420.85,22901648.3,264774718.0735,0.0015066601123203869,0.15066601123203868,0.001455655784677332,0.1,0.015066601123203868,1
AGO,-1797,85.65,-153913.05000000002,292433.65,25247733.562500004,0.0061449836569765475,0.6144983656976547,0.006096113523179928,0.1,0.06144983656976547,1
AGX,350,355.77,124519.5,365192.55,128474252.68999998,0.0009583985215470579,0.09583985215470579,0.0009692175466508255,0.1,0.009583985215470579,1
AGYS,-73,89.25,-6515.25,355157.1,35652326.159,0.00020554284287150674,0.020554284287150674,0.00018274403669885938,0.1,0.002055428428715067,1
AHH,1597,,,,,,,,0.1,,
AI,-1023,10.92,-11171.16,6974797.75,90188078.52449998,0.00014667091959763277,0.014667091959763278,0.0001238651513898847,0.1,0.0014667091959763277,1
AIG,880,73.92,65049.6,5991421.85,447819713.5079999,0.00014687665499634283,0.014687665499634283,0.00014525845566385043,0.1,0.0014687665499634281,1
AIN,-58,56.73,-3290.3399999999997,304354.8,17178865.26,0.0001905670618633253,0.01905670618633253,0.00019153418751478114,0.1,0.0019056706186332528,1
AIR,1363,108.0,147204.0,669976.1,65737391.1355,0.0020344009286301407,0.20344009286301407,0.002239273531506269,0.1,0.020344009286301406,1
AIT,-731,270.02,-197384.62,365068.3,98979126.1715,0.0020023650368985748,0.2002365036898575,0.0019942045119492563,0.1,0.020023650368985745,1
AIV,80161,5.81,465735.41,1749493.5,10302514.269,0.04581954720037542,4.581954720037542,0.045205995142504764,0.1,0.45819547200375416,1
AIZ,659,240.39,158417.00999999998,322539.9,76391806.1915,0.0020431580712959854,0.20431580712959854,0.002073743479803032,0.1,0.020431580712959852,1
AJG,805,245.27,197442.35,2085740.2,529155505.9824999,0.0003859541087619637,0.03859541087619637,0.00037312727122323425,0.1,0.003859541087619637,1
AKAM,1778,96.63,171808.13999999998,3547281.65,335240554.72650003,0.0005012288776111138,0.05012288776111138,0.000512492112239125,0.1,0.005012288776111138,1
AKBA,40139,1.38,55391.81999999999,3052091.35,4336485.52,0.01315131016638804,1.315131016638804,0.012773435941278088,0.1,0.1315131016638804,1
AKR,-145,19.87,-2881.15,1553024.1,31912016.040000003,9.336622657690887e-05,0.009336622657690887,9.028417372279561e-05,0.1,0.0009336622657690887,1
ALB,3218,164.93,530744.74,3801409.6,654857384.9135001,0.0008465280878966581,0.08465280878966581,0.0008104737798293379,0.1,0.00846528087896658,1
ALDX,15820,5.43,85902.59999999999,837556.3,3955401.3440000005,0.018888282495158833,1.8888282495158832,0.021717796129666275,0.1,0.1888828249515883,1
ALG,736,195.0,143520.0,113301.45,21473033.544999998,0.006495945109263827,0.6495945109263827,0.0066837319328557875,0.1,0.06495945109263826,1
ALGM,-2903,37.43,-108659.29,3011108.05,102229336.456,0.0009640969210653202,0.09640969210653201,0.0010628973420635228,0.1,0.0096409692106532,1
ALGN,-2960,163.63,-484344.8,890514.75,149249574.732,0.003323920238266688,0.33239202382666877,0.0032452005365490237,0.1,0.03323920238266687,1
ALGT,19,91.06,1730.14,545403.65,48682155.3305,3.4836583876913916e-05,0.0034836583876913917,3.5539511105336066e-05,0.1,0.00034836583876913916,1
ALHC,-5100,22.65,-115515.0,3121193.7,68747715.50825,0.0016339902262394032,0.16339902262394032,0.0016802740155945654,0.1,0.01633990226239403,1
ALK,1379,52.64,72590.56,4118106.35,207390830.2375,0.00033486264870260087,0.03348626487026009,0.00035001817542690137,0.1,0.0033486264870260084,1
ALKS,3719,34.96,130016.24,2300425.8,73374889.90050001,0.0016166572292833788,0.1616657229283379,0.0017719446008887846,0.1,0.016166572292833786,1
ALKT,-509,19.98,-10169.82,1645509.05,35206327.742,0.00030932677033894163,0.030932677033894164,0.0002888634132627169,0.1,0.003093267703389416,1
ALL,1278,200.76,256571.28,1874313.9,374663184.77950007,0.0006818495023699073,0.06818495023699073,0.0006848051541306347,0.1,0.006818495023699072,1
ALLE,1113,165.52,184223.76,903821.05,148084943.033,0.0012314384578672956,0.12314384578672956,0.001244041130899761,0.1,0.012314384578672954,1
ALLY,7290,42.16,307346.39999999997,4108921.3,178307406.6745,0.0017741882766165418,0.17741882766165418,0.0017236883522234192,0.1,0.017741882766165416,1
ALNT,2969,63.24,187759.56,144636.55,8786355.5725,0.020527314845383136,2.0527314845383136,0.02136944703076436,0.1,0.20527314845383135,1
ALNY,127,339.11,43066.97,1556008.45,574293090.7490001,8.161909403512559e-05,0.008161909403512559,7.499127308641575e-05,0.1,0.0008161909403512558,1
ALRM,-857,48.5,-41564.5,343430.0,17250690.594499998,0.002495413912587718,0.2495413912587718,0.0024094397712548345,0.1,0.02495413912587718,1
ALSN,-814,110.24,-89735.36,808407.1,86809338.351,0.0010069184201870567,0.10069184201870567,0.0010337063005499373,0.1,0.010069184201870566,1
ALV,-106,120.49,-12771.939999999999,776922.2,97351186.917,0.00013643579756119725,0.013643579756119725,0.0001311944970007314,0.1,0.0013643579756119724,1
ALX,-291,246.26,-71661.66,91687.6,21804504.247500002,0.0031738206693162434,0.31738206693162435,0.003286553052826981,0.1,0.031738206693162435,1
AMAL,7749,40.19,311432.31,236563.55,8486404.794499999,0.03275652567777242,3.275652567777242,0.03669779106010096,0.1,0.3275652567777242,1
AMAT,905,328.4,297202.0,7853631.35,2471663294.1192503,0.00011523331815160894,0.011523331815160893,0.00012024372442117147,0.1,0.0011523331815160892,1
AMBA,-2317,62.88,-145692.96,1084447.7,74587431.9155,0.0021365714547598746,0.21365714547598746,0.001953317821225637,0.1,0.021365714547598745,1
AMBP,-68663,4.45,-305550.35000000003,985488.35,4263938.57,0.06967408594936714,6.967408594936714,0.07165918199426594,0.1,0.6967408594936714,1
AMC,-3332,1.4,-4664.799999999999,43434881.55,66896296.4605,7.671253796708006e-05,0.007671253796708005,6.973181247416897e-05,0.1,0.0007671253796708006,1
AMCR,-8026,43.75,-351137.5,6127233.05,264896691.271,0.0013098897878545683,0.13098897878545684,0.001325563933302482,0.1,0.013098897878545682,1
AMD,-19,246.27,-4679.13,37975758.8,8872390886.050999,5.003191667627719e-07,5.0031916676277185e-05,5.273809574098497e-07,0.1,5.0031916676277185e-06,1
AME,-1632,227.72,-371639.04,1325061.6,288751303.3435,0.0012316408535271114,0.12316408535271114,0.0012870558009495676,0.1,0.012316408535271113,1
AMG,421,316.32,133170.72,375808.6,118133958.778,0.0011202511065473222,0.11202511065473222,0.0011272856795585546,0.1,0.011202511065473222,1
AMGN,584,344.68,201293.12,2766578.65,932364936.9394999,0.00021109105284247026,0.021109105284247025,0.00021589520586300394,0.1,0.0021109105284247026,1
AMH,126,30.8,3880.8,4840211.55,152078373.133,2.6031920030437514e-05,0.0026031920030437513,2.55184213248129e-05,0.1,0.00026031920030437515,1
AMKR,8,48.2,385.6,4380954.9,220856273.6165,1.8260859065223427e-06,0.00018260859065223427,1.7459318392266498e-06,0.1,1.8260859065223425e-05,1
AMN,-138,21.73,-2998.7400000000002,1435453.0,27270491.670999996,9.61368989440964e-05,0.00961368989440964,0.0001099628138787436,0.1,0.0009613689894409639,1
AMP,1301,532.18,692366.1799999999,600058.3,305473928.537,0.00216812266408114,0.21681226640811402,0.0022665311678673693,0.1,0.0216812266408114,1
AMPH,-12,27.92,-335.04,325411.6,8809203.16425,3.6876374413204695e-05,0.0036876374413204694,3.8032951874657415e-05,0.1,0.0003687637441320469,1
AMPL,-17371,9.06,-157381.26,1284651.15,13171491.668499999,0.013521958860193292,1.3521958860193293,0.011948628443988757,0.1,0.13521958860193292,1
AMR,-6,202.46,-1214.76,284724.5,64700568.53499999,2.1073002147690137e-05,0.0021073002147690137,1.877510549761045e-05,0.1,0.00021073002147690135,1
AMRC,-7131,30.57,-217994.67,527735.45,16706011.431000004,0.013512452119712633,1.3512452119712632,0.013048875903166498,0.1,0.1351245211971263,1
AMRX,-4010,14.19,-56901.9,3683095.7,50793216.298999995,0.0010887580249408127,0.10887580249408127,0.0011202657391302128,0.1,0.010887580249408125,1
AMSF,-25,38.53,-963.25,151915.9,5728407.117999999,0.00016456473614677596,0.016456473614677596,0.00016815320213070097,0.1,0.0016456473614677595,1
AMT,844,173.7,146602.8,3290962.7,582740319.5565001,0.00025645991065167647,0.025645991065167646,0.00025157483544569804,0.1,0.0025645991065167645,1
AMZN,-200,242.96,-48592.0,41407513.0,9923238008.6685,4.830041350225501e-06,0.0004830041350225501,4.896788725368895e-06,0.1,4.830041350225501e-05,1
AN,585,205.27,120082.95000000001,340986.85,72287038.50399998,0.001715608681097233,0.17156086810972332,0.00166119614920115,0.1,0.01715608681097233,1
ANAB,91,33.6883,3065.6353,490947.05,15212678.29391,0.00018535603788636678,0.018535603788636678,0.00020151844670423665,0.1,0.0018535603788636676,1
ANDE,390,63.18,24640.2,277255.25,16165438.2805,0.0014066460418693605,0.14066460418693605,0.0015242518991720078,0.1,0.014066460418693605,1
ANET,-1996,138.37,-276186.52,8438194.4,1136451264.3100002,0.00023654349560849178,0.023654349560849178,0.00024302539728149935,0.1,0.0023654349560849174,1
ANF,18,101.45,1826.1000000000001,1902976.8,201195656.784,9.458864658780917e-06,0.0009458864658780917,9.076239662372373e-06,0.1,9.458864658780916e-05,1
ANGI,-2052,12.75,-26163.0,822124.55,10733036.294,0.002495972173559347,0.2495972173559347,0.0024376140435326474,0.1,0.02495972173559347,1
ANGO,-2210,10.42,-23028.2,902692.45,9666433.500500001,0.002448231399298842,0.24482313992988422,0.0023822850484419983,0.1,0.02448231399298842,1
ANIP,946,80.0,75680.0,556064.45,45445789.2165,0.0017012416456401772,0.17012416456401772,0.0016652807950911955,0.1,0.01701241645640177,1
AON,-934,349.61,-326535.74,1228629.3,421535380.373,0.0007601967493368422,0.07601967493368422,0.000774634242352472,0.1,0.007601967493368422,1
AORT,66,41.23,2721.18,310887.15,13335167.090000002,0.00021229568349801525,0.021229568349801525,0.0002040604352112396,0.1,0.0021229568349801524,1
AOS,-5238,74.71,-391330.98,1476929.65,105328778.418,0.003546546716019954,0.35465467160199543,0.003715328193088814,0.1,0.03546546716019954,1
AOSL,-282,22.36,-6305.5199999999995,319821.25,7126158.784,0.0008817425358696459,0.08817425358696458,0.0008848413557886839,0.1,0.008817425358696458,1
APA,-2297,25.89,-59469.33,6450841.85,165268333.255,0.000356077555985968,0.0356077555985968,0.0003598349957837481,0.1,0.00356077555985968,1
APAM,-34,45.43,-1544.62,473444.45,20734416.455000002,7.181412729624352e-05,0.007181412729624352,7.449546522576585e-05,0.1,0.0007181412729624351,1
APD,-437,270.99,-118422.63,1581669.3,415427956.32350004,0.0002762903724564926,0.027629037245649263,0.0002850617735215261,0.1,0.002762903724564926,1
APEI,-2261,42.3,-95640.29999999999,217889.75,8918646.040499998,0.010376807536839158,1.0376807536839159,0.010723634458155735,0.1,0.10376807536839158,1
APG,-10623,42.21,-448396.83,2314060.55,96674790.18450001,0.004590631822490557,0.4590631822490557,0.0046381981191192904,0.1,0.04590631822490557,1
APH,-248,144.93,-35942.64,11556898.15,1718934220.206,2.1459045219672546e-05,0.0021459045219672547,2.0909840282132828e-05,0.1,0.00021459045219672545,1
APLD,-3298,34.8,-114770.4,41154882.1,1462815638.134,8.013630052411206e-05,0.008013630052411206,7.845855418007675e-05,0.1,0.0008013630052411205,1
APLE,-2358,11.77,-27753.66,2612952.9,31445167.4815,0.0009024272882989969,0.09024272882989968,0.0008826049349658637,0.1,0.00902427288298997,1
APLS,5476,22.83,125017.07999999999,3992948.5,90870907.0785,0.001371417637868357,0.1371417637868357,0.001375765732062104,0.1,0.01371417637868357,1
APO,-982,133.19,-130792.58,3119075.35,436093297.08049995,0.00031483689549212076,0.031483689549212074,0.00029991880378720095,0.1,0.0031483689549212076,1
APOG,1804,37.66,67938.64,328325.9,11947244.193500001,0.005494540637823577,0.5494540637823577,0.005686553225133089,0.1,0.054945406378235764,1
APP,-406,483.0,-196098.0,5639605.35,3185681309.52,7.199085304789989e-05,0.007199085304789989,6.15560631925065e-05,0.1,0.0007199085304789988,1
APPF,-708,195.06,-138102.48,391807.3,83395414.77,0.001807010742270499,0.1807010742270499,0.0016559960806104162,0.1,0.018070107422704988,1
APPN,6327,26.82,169690.14,1049183.6,31745805.886,0.006030403067680432,0.6030403067680432,0.005345277439462764,0.1,0.060304030676804316,1
APTV,409,66.0576,27017.558399999998,2559148.85,175460649.80367002,0.0001598187616167774,0.01598187616167774,0.00015398072690504127,0.1,0.001598187616167774,1
AR,2109,33.6,70862.40000000001,6837353.75,228194580.1565,0.00030845266708629784,0.030845266708629783,0.0003105349826950372,0.1,0.003084526670862978,1
ARCB,697,99.75,69525.75,404720.55,35947856.927,0.0017221759557304417,0.17221759557304417,0.0019340721796347212,0.1,0.017221759557304414,1
ARDX,112,7.79,872.48,6354643.75,46108411.76049999,1.7624906195567613e-05,0.0017624906195567614,1.8922360729575885e-05,0.1,0.00017624906195567612,1
ARE,-1594,54.15,-86315.09999999999,2946771.55,163571881.6965,0.0005409309724060558,0.05409309724060558,0.0005276891058828414,0.1,0.005409309724060557,1
ARES,-1696,146.47,-248413.12,2227365.5,356897668.0595001,0.0007614376715451506,0.07614376715451505,0.0006960345842287371,0.1,0.007614376715451505,1
ARI,-40578,10.78,-437430.83999999997,1520072.15,15766989.7995,0.026694785507385292,2.6694785507385292,0.027743459313576246,0.1,0.2669478550738529,1
ARLO,9399,12.81,120401.19,1132116.75,15264366.446499998,0.008302147282954695,0.8302147282954695,0.007887729269471715,0.1,0.08302147282954694,1
ARMK,19135,38.34,733635.9,2634197.65,101998031.80200002,0.007264071471630081,0.7264071471630081,0.007192647613280854,0.1,0.0726407147163008,1
AROC,18361,29.5,541649.5,1413780.0,38494481.315,0.012987169149372604,1.2987169149372604,0.014070835130045966,0.1,0.12987169149372604,1
ARQT,13,25.57,332.41,1488437.2,40388113.44200001,8.733992942396226e-06,0.0008733992942396225,8.230391857182501e-06,0.1,8.733992942396226e-05,1
ARR,26083,17.06,444975.98,4308979.55,78997844.07000002,0.006053173308747776,0.6053173308747776,0.005632761061247527,0.1,0.06053173308747776,1
ARVN,4560,13.83,63064.8,771548.6,9706973.168,0.005910191529088382,0.5910191529088382,0.00649685529243033,0.1,0.059101915290883815,1
ARW,-1945,133.62,-259890.90000000002,571972.65,69293262.25700001,0.0034005122447725426,0.3400512244772543,0.003750594091473097,0.1,0.034005122447725425,1
ARWR,1671,73.0,121983.0,2890943.35,194058120.21475,0.000578012018118584,0.0578012018118584,0.0006285900320224183,0.1,0.00578012018118584,1
ASAN,28379,9.91,281235.89,3897707.05,44696392.604,0.007280947397008711,0.7280947397008711,0.006292138439262578,0.1,0.07280947397008711,1
ASB,785,27.8,21823.0,2489357.2,66705034.98749999,0.00031534245065352614,0.031534245065352615,0.000327156713193981,0.1,0.0031534245065352614,1
ASC,80,12.81,1024.8,659089.15,7834138.815,0.00012137963430288603,0.012137963430288603,0.00013081208084260885,0.1,0.0012137963430288602,1
ASGN,-6967,,,,,,,,0.1,,
ASH,244,61.56,15020.640000000001,613424.65,38263148.72849999,0.00039776686509092844,0.03977668650909284,0.0003925615245776153,0.1,0.003977668650909284,1
ASIX,-20695,16.42,-339811.9,347933.15,5976949.393999999,0.059479816740658366,5.947981674065836,0.0568537355094762,0.1,0.5947981674065836,1
ASMB,-4639,26.37,-122330.43000000001,107442.25,3116131.89925,0.0431766832879989,4.317668328799891,0.03925714121069229,0.1,0.431766832879989,1
ASO,-48,56.14,-2694.7200000000003,1505006.25,84747409.36050001,3.1893555259322016e-05,0.0031893555259322015,3.1797078168338495e-05,0.1,0.00031893555259322016,1
ASTE,252,50.85,12814.2,172682.25,8365675.358,0.0014593277537210687,0.14593277537210686,0.0015317591768303472,0.1,0.014593277537210686,1
ASTH,886,22.32,19775.52,557530.75,14073391.3655,0.001589150015492419,0.1589150015492419,0.0014051708992104347,0.1,0.01589150015492419,1
ASTS,-1498,104.55,-156615.9,17629914.15,1840544567.2919998,8.496921693745175e-05,0.008496921693745175,8.509215304165634e-05,0.1,0.0008496921693745174,1
ASUR,-248,9.87,-2447.7599999999998,73031.0,700419.1259999999,0.003395818214183018,0.33958182141830184,0.003494707538868663,0.1,0.03395818214183018,1
ATEC,8732,14.49,126526.68000000001,4119595.25,71239310.32000001,0.002119625708375113,0.2119625708375113,0.0017760795189012155,0.1,0.021196257083751127,1
ATEN,-465,17.69,-8225.85,595545.4,10462391.459,0.000780796896424689,0.07807968964246889,0.000786230378803493,0.1,0.007807968964246889,1
ATEX,-15,27.45,-411.75,316837.0,8066158.708,4.734295552602758e-05,0.004734295552602758,5.104660283855154e-05,0.1,0.0004734295552602758,1
ATGE,53,,,,,,,,0.1,,
ATI,1425,121.77,173522.25,1550491.3,189585168.258,0.0009190635252193934,0.09190635252193934,0.0009152733391246065,0.1,0.009190635252193933,1
ATKR,1225,70.06,85823.5,392856.95,27413380.844,0.0031181833489263714,0.31181833489263716,0.0031307156343973637,0.1,0.031181833489263712,1
ATO,1726,166.52,287413.52,1600116.2,267718281.99649996,0.0010786716614705858,0.10786716614705857,0.0010735670267141395,0.1,0.010786716614705857,1
ATR,1604,124.83,200227.32,424265.8,52633996.49,0.0037806488291066594,0.3780648829106659,0.0038041443430586056,0.1,0.037806488291066594,1
ATRC,1204,36.82,44331.28,541691.95,21205684.695749998,0.002222665483583428,0.2222665483583428,0.0020905375438730724,0.1,0.02222665483583428,1
ATRO,477,64.283,30662.991,906386.15,52628258.802765,0.0005262657643213105,0.05262657643213105,0.0005826335831271892,0.1,0.005262657643213105,1
AUB,-993,39.57,-39293.01,1246998.3,47856913.123500004,0.0007963122323422574,0.07963122323422574,0.0008210519115305261,0.1,0.007963122323422573,1
AUR,-152,4.07,-618.6400000000001,17621912.5,79305656.1165,8.625624488828894e-06,0.0008625624488828894,7.800704644460894e-06,0.1,8.625624488828894e-05,1
AVA,1008,41.41,41741.28,631884.1,25281543.016,0.0015952292516934672,0.1595229251693467,0.0016510574522125916,0.1,0.015952292516934672,1
AVAV,-461,269.99,-124465.39,1874603.2,619424379.564,0.00024591870962345524,0.024591870962345524,0.00020093718314349946,0.1,0.0024591870962345523,1
AVB,1832,175.32,321186.24,1226866.4,218832308.287,0.0014932351232375424,0.14932351232375424,0.001467727697588247,0.1,0.014932351232375424,1
AVGO,686,331.11,227141.46000000002,25333526.3,8528409208.440001,2.7078741106799648e-05,0.0027078741106799646,2.6633508600315896e-05,0.1,0.00027078741106799646,1
AVNS,-2507,13.47,-33769.29,600248.3,7493567.636500001,0.004176604914999342,0.4176604914999342,0.004506436938730632,0.1,0.04176604914999342,1
AVNT,2593,36.55,94774.15,954937.9,33906785.711500004,0.0027153598155440265,0.2715359815544027,0.0027951381415624982,0.1,0.027153598155440262,1
AVPT,7655,11.7,89563.5,1931184.25,24792134.918500002,0.003963888997127022,0.3963888997127022,0.0036125771457127445,0.1,0.03963888997127022,1
AVT,-3822,63.31,-241970.82,1434216.25,79486234.322,0.002664870098912908,0.2664870098912908,0.0030441852235667923,0.1,0.026648700989129078,1
AVTR,-32904,11.07,-364247.28,12505926.35,147742039.6685,0.002631072587437715,0.2631072587437715,0.002465427449203282,0.1,0.02631072587437715,1
AVXL,-58,4.52,-262.15999999999997,1428929.4,6650863.694999999,4.058982900064902e-05,0.004058982900064902,3.941743689576546e-05,0.1,0.00040589829000649014,1
AVY,1678,187.09,313937.02,585867.9,108892625.0105,0.0028641268791138753,0.2864126879113875,0.0028829961622261245,0.1,0.028641268791138753,1
AWI,-743,186.78,-138777.54,529190.75,100894725.08749999,0.001404030588214174,0.1404030588214174,0.001375468736146974,0.1,0.014040305882141741,1
AWK,-16,126.57,-2025.12,1531307.95,198865677.953,1.0448584166235145e-05,0.0010448584166235146,1.0183356026265214e-05,0.1,0.00010448584166235145,1
AWR,-1654,72.08,-119220.31999999999,244816.9,18018601.100500003,0.006756069536049186,0.6756069536049186,0.006616513642487581,0.1,0.06756069536049185,1
AX,1043,98.42,102652.06,397238.05,37403322.3035,0.0026256296444915083,0.26256296444915084,0.0027444636914083533,0.1,0.026256296444915082,1
AXGN,22,35.02,770.44,1077852.0,35543114.645,2.0410965512890453e-05,0.0020410965512890453,2.167620951891961e-05,0.1,0.00020410965512890453,1
AXL,-1705,,,,,,,,0.1,,
AXON,470,459.99,216195.30000000002,772247.4,448231695.5565001,0.0006086132501061188,0.06086132501061188,0.00048232934471888184,0.1,0.0060861325010611875,1
AXP,1356,352.83,478437.48,3162733.6,1147441277.3259997,0.0004287430341904231,0.04287430341904231,0.00041696031810442796,0.1,0.004287430341904231,1
AXS,367,103.86,38116.62,712567.55,73117299.86350003,0.0005150388899971658,0.05150388899971658,0.0005213078173176321,0.1,0.005150388899971658,1
AXSM,1837,185.88,341461.56,724797.05,129752046.71075001,0.00253450258938002,0.253450258938002,0.002631646811407945,0.1,0.0253450258938002,1
AXTI,433,20.94,9067.02,8101049.15,170849577.26549998,5.3449867045924535e-05,0.005344986704592453,5.3070192769103934e-05,0.1,0.0005344986704592453,1
AYI,409,316.62,129497.58,502438.25,163273849.2145,0.0008140303808477958,0.08140303808477958,0.0007931311757700607,0.1,0.008140303808477958,1
AZO,58,3722.41,215899.78,193677.55,686310768.5715001,0.00029946681997990995,0.029946681997990995,0.00031458020169110535,0.1,0.0029946681997990994,1
AZTA,2874,37.53,107861.22,607437.5,23590654.989499997,0.004731350962033131,0.47313509620331307,0.004572201155415487,0.1,0.047313509620331304,1
AZZ,-40,127.71,-5108.4,160857.5,19406677.578,0.00024866729869605085,0.024866729869605086,0.0002632289828832441,0.1,0.002486672986960508,1
BA,621,233.02,144705.42,8870784.25,2137462501.7445,7.000508438698642e-05,0.0070005084386986416,6.769962976281362e-05,0.1,0.0007000508438698641,1
BAC,11156,54.03,602758.68,40077913.45,2149569786.0875,0.00027835780457777297,0.027835780457777296,0.0002804089841144912,0.1,0.0027835780457777294,1
BAH,-4724,87.5,-413350.0,2763325.45,259235153.24249998,0.0017095344306983457,0.17095344306983457,0.0015944982570065805,0.1,0.017095344306983454,1
BALL,-6218,56.69,-352498.42,2127500.45,118388613.76950002,0.0029226785827471857,0.2922678582747186,0.002977468937057634,0.1,0.029226785827471857,1
BANC,33,20.38,672.54,2286370.15,46520320.6155,1.4433358483096012e-05,0.0014433358483096012,1.4456908101702073e-05,0.1,0.00014433358483096012,1
BAND,-31,14.09,-436.79,216414.05,3029001.7115,0.0001432439344857693,0.01432439344857693,0.0001442026256841222,0.1,0.001432439344857693,1
BANF,-711,112.1,-79703.09999999999,119915.0,13249653.62375,0.005929199849893675,0.5929199849893675,0.006015485556326711,0.1,0.059291998498936745,1
BANR,-1342,63.09,-84666.78,234843.85,14912173.482499998,0.005714435357791997,0.5714435357791997,0.005677695481437342,0.1,0.057144353577919964,1
BAP,796,367.91,292856.36000000004,495323.05,165524362.31399995,0.0016070320167817752,0.16070320167817753,0.00176926439048562,0.1,0.016070320167817752,1
BATRK,-7151,40.1,-286755.10000000003,373398.45,14844591.548999999,0.019151123953514,1.9151123953514,0.01931714315301031,0.1,0.19151123953514,1
BAX,-8840,19.87,-175650.80000000002,8991478.35,180416231.39749998,0.0009831531207546089,0.09831531207546089,0.0009735864597071614,0.1,0.009831531207546087,1
BBBY,-404,6.13,-2476.52,1970423.4,13118596.2935,0.0002050320758472519,0.02050320758472519,0.00018877934381036373,0.1,0.002050320758472519,1
BBIO,1791,78.24,140127.84,2936751.65,225499999.07599998,0.0006098574933975095,0.06098574933975095,0.0006214094925684363,0.1,0.006098574933975094,1
BBSI,1165,38.21,44514.65,148660.85,5642633.029,0.007836629482476388,0.7836629482476388,0.00788898547384163,0.1,0.07836629482476387,1
BBT,-2194,29.0,-63626.0,729596.55,20377923.711000003,0.0030071414126067344,0.3007141412606734,0.003122300431699756,0.1,0.030071414126067342,1
BBW,-13,59.96,-779.48,328903.75,21299219.068499997,3.9525241046962825e-05,0.003952524104696283,3.659664692367968e-05,0.1,0.00039525241046962825,1
BBWI,-38,22.24,-845.1199999999999,4884690.95,108093819.86050001,7.779407211013012e-06,0.0007779407211013011,7.818393328042859e-06,0.1,7.779407211013012e-05,1
BBY,1313,65.9,86526.70000000001,4631317.15,313383750.503,0.00028350466130353435,0.028350466130353434,0.0002761046157023757,0.1,0.0028350466130353433,1
BC,1274,82.15,104659.1,1136458.55,96465050.4535,0.0011210263673936897,0.11210263673936897,0.0010849431945349976,0.1,0.011210263673936896,1
BCC,2378,81.75,194401.5,373493.05,30583827.038999997,0.006366919009604061,0.6366919009604061,0.006356349705748152,0.1,0.0636691900960406,1
BCO,1131,128.67,145525.77,225270.95,28030499.7655,0.005020620723621931,0.5020620723621931,0.005191693734234215,0.1,0.05020620723621931,1
BCPC,-1505,171.35,-257881.75,156163.7,25693216.220000003,0.009637322886176492,0.9637322886176491,0.010036958697263475,0.1,0.09637322886176491,1
BCRX,2575,6.63,17072.25,5000613.25,34897282.98900001,0.0005149368429962065,0.05149368429962065,0.000489214303743399,0.1,0.005149368429962065,1
BCSF,-16075,12.89,-207206.75,374156.05,5087142.3270000005,0.04296335713400866,4.2963357134008655,0.04073146310459027,0.1,0.42963357134008656,1
BDC,-895,122.64,-109762.8,242855.25,28499211.020500004,0.003685322841486853,0.3685322841486853,0.003851432936899397,0.1,0.03685322841486852,1
BE,72,156.13,11241.36,12685391.6,1753151671.961,5.675820051152382e-06,0.0005675820051152382,6.41208640403936e-06,0.1,5.6758200511523815e-05,1
BEAM,-7589,27.92,-211884.88,2154737.9,67384465.33325002,0.003522006087144056,0.3522006087144056,0.003144417321590709,0.1,0.035220060871440556,1
BELFB,-331,215.59,-71360.29000000001,168451.3,33274599.039250005,0.0019649596055358433,0.19649596055358434,0.002144587525031479,0.1,0.01964959605535843,1
BEN,-5461,27.07,-147829.27,5855430.05,151343600.02500004,0.0009326385856150736,0.09326385856150736,0.0009767791302412556,0.1,0.009326385856150737,1
BEPC,-7247,40.99,-297054.53,1017679.8,40329577.775,0.007121100369684059,0.7121100369684059,0.007365674187249783,0.1,0.0712110036968406,1
BF/B,17422,27.12,472484.64,5177063.1,138688899.13449997,0.0033652284439028763,0.3365228443902876,0.0034067949414018075,0.1,0.03365228443902876,1
BFAM,902,92.18,83146.36,587801.4,56839107.071,0.0015345319014211261,0.15345319014211262,0.0014628371958084873,0.1,0.01534531901421126,1
BFH,750,73.05,54787.5,1059250.9,76903554.391,0.0007080475456759112,0.07080475456759112,0.0007124183067201867,0.1,0.007080475456759112,1
BFS,3114,31.95,99492.3,69848.95,2220986.106,0.044581915690930216,4.458191569093022,0.04479645313008545,0.1,0.44581915690930213,1
BFST,-8882,28.83,-256068.06,138917.75,3795646.573499999,0.06393711386773829,6.393711386773829,0.0674636205034963,0.1,0.6393711386773828,1
BG,-4409,113.98,-502537.82,1807964.05,192349396.52400002,0.0024386546845331356,0.24386546845331356,0.0026126300840111907,0.1,0.024386546845331356,1
BGC,8135,9.24,75167.40000000001,1894834.0,16997991.443,0.004293252073796438,0.42932520737964375,0.004422134241687417,0.1,0.04293252073796437,1
BGS,-6282,4.46,-28017.72,1710375.5,7311870.8325000005,0.003672877680953685,0.3672877680953685,0.0038318127660934716,0.1,0.03672877680953685,1
BH,283,388.98,110081.34000000001,73328.25,30693749.2855,0.0038593584328004554,0.38593584328004554,0.0035864416228878044,0.1,0.038593584328004554,1
BH/A,-182,1995.99,-363270.18,13375.95,29224255.7875,0.01360651019179946,1.3606510191799461,0.012430433905365022,0.1,0.1360651019179946,1
BHB,-26,34.6,-899.6,77029.7,2527766.5785,0.00033753214669147096,0.033753214669147096,0.000355887291038491,0.1,0.0033753214669147093,1
BHE,-779,53.88,-41972.520000000004,231188.7,11354932.429500002,0.0033695418504451125,0.33695418504451125,0.0036964130135161183,0.1,0.033695418504451125,1
BHVN,22871,11.75,268734.25,3159236.1,37502490.14599999,0.0072394082860726995,0.7239408286072699,0.007165770831584717,0.1,0.07239408286072699,1
BIIB,-534,179.09,-95634.06,1571671.1,276516296.2995,0.000339765743608825,0.0339765743608825,0.000345853250892732,0.1,0.0033976574360882503,1
BILL,-1693,41.63,-70479.59000000001,2711201.95,131352979.26099999,0.000624446290325219,0.0624446290325219,0.0005365663603256093,0.1,0.00624446290325219,1
BIO,574,297.43,170724.82,235497.05,73302307.64799999,0.002437397835769068,0.24373978357690682,0.0023290510964515065,0.1,0.02437397835769068,1
BJ,3509,92.3,323880.7,1891881.4,176181868.80049998,0.0018547674288673698,0.185476742886737,0.0018383316183729849,0.1,0.018547674288673696,1
BJRI,1665,42.97,71545.05,342552.35,14867063.529,0.004860570946309374,0.48605709463093744,0.0048123188456444515,0.1,0.04860570946309374,1
BK,4962,,,,,,,,0.1,,
BKD,4032,15.65,63100.8,5567882.0,70779179.86,0.0007241532776736288,0.07241532776736288,0.0008915164053159743,0.1,0.007241532776736288,1
BKE,1809,48.15,87103.34999999999,588962.4,30992508.199499995,0.0030715033761068615,0.30715033761068616,0.002810464691638131,0.1,0.030715033761068614,1
BKH,828,72.46,59996.88,1030921.35,74262928.91100001,0.0008031650523097616,0.08031650523097615,0.000807898111208392,0.1,0.008031650523097615,1
BKNG,1,204.89,204.89,5472562.5,1138050762.825,1.8272975411427462e-07,1.827297541142746e-05,1.8003590586012046e-07,0.1,1.8272975411427462e-06,1
BKR,-140,56.45,-7903.0,10342040.65,547329753.5480001,1.3536980247703821e-05,0.0013536980247703821,1.44391930984379e-05,0.1,0.0001353698024770382,1
BKU,4560,47.97,218743.19999999998,1047945.65,49419410.616500005,0.0043513707032421,0.43513707032421,0.004426260800588477,0.1,0.043513707032421,1
BL,1400,47.02,65828.0,1034271.0,53457282.505499996,0.001353610417385772,0.13536104173857721,0.0012314131380177665,0.1,0.01353610417385772,1
BLBD,-24,51.06,-1225.44,442928.3,21740870.839499995,5.4184842106498955e-05,0.005418484210649895,5.6365727437815144e-05,0.1,0.0005418484210649896,1
BLD,-25,464.12,-11603.0,306108.5,144631917.44799998,8.167038811401839e-05,0.00816703881140184,8.022433916892284e-05,0.1,0.0008167038811401838,1
BLDR,-437,113.27,-49498.99,2096088.5,251478494.29249996,0.00020848356355182522,0.02084835635518252,0.00019683190063332683,0.1,0.002084835635518252,1
BLFS,-45,22.33,-1004.8499999999999,314640.5,7655296.1214999985,0.0001430203676894742,0.014302036768947419,0.000131262067992101,0.1,0.0014302036768947418,1
BLK,-41,1119.66,-45906.060000000005,763439.3,853183991.3714999,5.370433510562005e-05,0.005370433510562005,5.380558058315845e-05,0.1,0.0005370433510562005,1
BLKB,4739,52.36,248134.04,347561.55,19777584.334500004,0.013634995010236317,1.3634995010236317,0.012546225858693732,0.1,0.13634995010236317,1
BLMN,6937,5.97,41413.89,2077101.05,14230593.629749998,0.0033397508513126986,0.33397508513126983,0.0029102011537608325,0.1,0.033397508513126985,1
BLX,-7701,49.55,-381584.55,163576.25,7450238.771500001,0.04707896164632702,4.707896164632702,0.05121776116219337,0.1,0.4707896164632702,1
BMI,-6,151.83,-910.98,439568.95,70820525.96700001,1.3649735724054212e-05,0.0013649735724054212,1.2863219914866012e-05,0.1,0.00013649735724054212,1
BMRN,7248,57.95,420021.60000000003,2132935.0,122297033.169,0.0033981344954253177,0.3398134495425318,0.003434438179866391,0.1,0.03398134495425317,1
BMY,-7365,55.89,-411629.85,12833078.0,708627499.845,0.0005739075224197967,0.05739075224197967,0.0005808832568451504,0.1,0.005739075224197966,1
BNL,-24074,18.3,-440554.2,1774230.6,32389925.233000003,0.013568698454417367,1.3568698454417367,0.013601581258086628,0.1,0.13568698454417366,1
BOH,5561,75.44,419521.83999999997,420370.35,30574935.654999994,0.013228811213730941,1.322881121373094,0.013721102956152732,0.1,0.1322881121373094,1
BOKF,2179,130.3,283923.7,330263.8,42424640.525000006,0.006597756096792928,0.6597756096792927,0.006692424413889597,0.1,0.06597756096792927,1
BOOT,-559,183.34,-102487.06,740908.0,139072140.33499998,0.0007544796384976272,0.07544796384976273,0.0007369345129306772,0.1,0.007544796384976272,1
BOX,-2332,25.88,-60352.159999999996,2639832.6,71894531.66999999,0.0008833893482488246,0.08833893482488246,0.0008394541086520998,0.1,0.008833893482488244,1
BPOP,702,136.69,95956.38,588261.55,75605757.47999999,0.0011933467349684846,0.11933467349684845,0.0012691676295338138,0.1,0.011933467349684845,1
BPRN,-232,37.5,-8700.0,17522.35,634557.09,0.013240233187900026,1.3240233187900026,0.013710350316943114,0.1,0.13240233187900025,1
BR,-2237,198.34,-443686.58,866737.8,182315507.319,0.0025809420103749944,0.2580942010374994,0.0024336195342049283,0.1,0.025809420103749942,1
BRBR,-14,24.39,-341.46000000000004,4299404.6,107403180.54150002,3.2562648325770505e-06,0.00032562648325770504,3.179235459121825e-06,0.1,3.25626483257705e-05,1
BRC,29,87.47,2536.63,178296.75,15006122.739499997,0.00016265018851998144,0.016265018851998145,0.00016903966761000385,0.1,0.0016265018851998143,1
BRK/B,705,487.29,343539.45,4828435.05,2356225561.0585,0.00014601004107945908,0.014601004107945908,0.00014580074831446526,0.1,0.0014601004107945908,1
BRKR,4283,43.75,187381.25,2669317.2,132989246.2855,0.0016045301772303418,0.1604530177230342,0.0014089955032734885,0.1,0.016045301772303417,1
BRO,-7158,71.3,-510365.39999999997,3128795.45,241451781.04700002,0.0022877813888408714,0.22877813888408713,0.0021137363236125987,0.1,0.02287781388840871,1
BROS,-84,55.77,-4684.68,4712099.45,275762612.2855,1.7826448887873112e-05,0.0017826448887873112,1.698808972388868e-05,0.1,0.00017826448887873112,1
BRSL,59,14.36,847.24,1698982.2,24771297.821999997,3.472667341659024e-05,0.0034726673416590236,3.4202487333850766e-05,0.1,0.0003472667341659024,1
BRSP,15560,6.0,93360.0,654932.05,3880587.3605000004,0.023758189876339077,2.3758189876339078,0.02405821369988972,0.1,0.23758189876339075,1
BRX,1730,26.51,45862.3,2985232.2,78194938.62049998,0.0005795194089089619,0.0579519408908962,0.000586512385700326,0.1,0.005795194089089619,1
BRZE,5036,20.74,104446.63999999998,2840879.25,71431379.24849999,0.001772690620342276,0.1772690620342276,0.001462195481857412,0.1,0.01772690620342276,1
BSX,-732,91.87,-67248.84,12796491.45,1189488022.977,5.7203179704386864e-05,0.005720317970438686,5.653595387340888e-05,0.1,0.0005720317970438686,1
BSY,-6556,34.24,-224477.44,2232078.45,85233911.605,0.0029371727503574078,0.2937172750357408,0.0026336634770476926,0.1,0.029371727503574075,1
BTU,357,34.2,12209.400000000001,3268831.7,115198043.563,0.00010921333147864419,0.010921333147864419,0.00010598617495897726,0.1,0.0010921333147864418,1
BURL,-1155,298.68,-344975.4,833083.75,251712285.0375,0.0013864152313617928,0.13864152313617928,0.0013705147523832846,0.1,0.013864152313617928,1
BUSE,-1587,25.44,-40373.28,630753.7,15527900.024000004,0.0025160375595101544,0.2516037559510154,0.0026000476521357585,0.1,0.025160375595101543,1
BV,117,13.8,1614.6000000000001,508001.75,6716271.518999999,0.00023031416722481764,0.023031416722481764,0.00024040123979984679,0.1,0.0023031416722481763,1
BW,7734,10.07,77881.38,3482625.75,29905848.392500002,0.0022207381887071843,0.22207381887071842,0.0026042190469851923,0.1,0.02220738188707184,1
BWA,29,48.15,1396.35,1926038.95,92235856.88549998,1.5056808690187704e-05,0.0015056808690187703,1.513890635540368e-05,0.1,0.00015056808690187704,1
BWIN,-24,20.59,-494.15999999999997,1256562.25,31261036.232000005,1.9099730236205967e-05,0.0019099730236205967,1.5807537419190177e-05,0.1,0.00019099730236205967,1
BWXT,-986,206.04,-203155.44,1151819.25,237361004.37899995,0.0008560370908890436,0.08560370908890436,0.0008558922327258815,0.1,0.008560370908890436,1
BX,-1353,141.28,-191151.84,4118081.7,628677403.9875,0.00032855103384665725,0.032855103384665726,0.0003040539373414488,0.1,0.003285510338466572,1
BXC,53,69.87,3703.11,99659.55,7144194.398500001,0.0005318105490141185,0.05318105490141185,0.0005183383588746559,0.1,0.005318105490141185,1
BXMT,1471,19.56,28772.76,1488100.95,28739760.391500004,0.0009885082057101032,0.09885082057101031,0.0010011482214204457,0.1,0.00988508205710103,1
BXP,-9470,63.06,-597178.2000000001,1970964.05,129764757.12350002,0.004804755317581769,0.4804755317581769,0.00460200607035123,0.1,0.04804755317581769,1
BY,-4898,32.76,-160458.47999999998,231029.1,7128726.871000001,0.021200792454283898,2.1200792454283897,0.022508714796291702,0.1,0.21200792454283898,1
BYD,2513,84.57,212524.40999999997,780802.6,67217161.1365,0.0032184831351739864,0.3218483135173986,0.003161758193988883,0.1,0.032184831351739863,1
BZH,-990,22.37,-22146.3,558453.8,12679572.3815,0.0017727518373050733,0.17727518373050732,0.0017466125302705263,0.1,0.01772751837305073,1
C,2723,116.23,316494.29000000004,14989906.1,1749087568.4245,0.00018165557421337015,0.018165557421337016,0.00018094822449917929,0.1,0.0018165557421337014,1
CAAP,1440,29.49,42465.6,222125.8,6230274.329499999,0.006482812892514062,0.6482812892514062,0.006816008052635462,0.1,0.06482812892514062,1
CABO,-332,87.7,-29116.4,167811.6,14776447.8155,0.001978409120704409,0.1978409120704409,0.0019704600431409416,0.1,0.01978409120704409,1
CAC,-3592,49.15,-176546.8,110045.2,5061254.689249999,0.03264113291629258,3.264113291629258,0.03488202251014591,0.1,0.32641132916292576,1
CACC,912,511.43,466424.16000000003,165950.9,77166543.86899999,0.0054956014098145895,0.549560140981459,0.006044383182325935,0.1,0.05495601409814589,1
CACI,21,612.37,12859.77,349211.4,215300564.0385,6.013549385844792e-05,0.006013549385844792,5.9729383698690256e-05,0.1,0.0006013549385844791,1
CAG,-7087,18.38,-130259.06,13353628.5,230674162.08349997,0.0005307171754852998,0.053071717548529976,0.0005646885581959913,0.1,0.005307171754852997,1
CAH,3292,218.93,720717.56,1761047.3,368976682.1105,0.001869342180644438,0.1869342180644438,0.0019532875516078325,0.1,0.01869342180644438,1
CAKE,-83,58.6,-4863.8,1286786.6,74780361.35000001,6.450175965463115e-05,0.006450175965463115,6.50411406443411e-05,0.1,0.0006450175965463115,1
CAL,13524,12.69,171619.56,624370.3,8197481.5035000015,0.021660223107985755,2.1660223107985757,0.020935644676566237,0.1,0.21660223107985754,1
CALM,-3515,83.91,-294943.64999999997,1737173.7,136122416.7065,0.002023401574638161,0.20234015746381612,0.0021667529649869646,0.1,0.02023401574638161,1
CALX,-2264,47.32,-107132.48,1213216.55,62806292.8155,0.0018661136793757058,0.18661136793757058,0.0017057602860705817,0.1,0.01866113679375706,1
CALY,9547,14.33,136808.51,3162697.85,46082317.78700001,0.0030186253802272005,0.30186253802272006,0.002968785351300064,0.1,0.030186253802272002,1
CAMT,-2179,141.94,-309287.26,606265.2,85393990.5375,0.003594136691335739,0.3594136691335739,0.003621885545496077,0.1,0.035941366913357385,1
CAR,-3,115.48,-346.44,492877.55,60843422.28449999,6.086704496887716e-06,0.0006086704496887716,5.693959790428429e-06,0.1,6.086704496887716e-05,1
CARG,470,32.38,15218.6,819022.9,28926294.116999995,0.0005738545283654462,0.057385452836544615,0.0005261164786074696,0.1,0.005738545283654461,1
CARR,-3180,60.36,-191944.8,8177662.15,463185342.9875,0.0003888641939065678,0.038886419390656776,0.0004144017139272475,0.1,0.0038886419390656776,1
CARS,24380,11.4,277932.0,577873.85,6954355.2015,0.042189138684853106,4.218913868485311,0.039965171744470604,0.1,0.42189138684853106,1
CASH,-40,91.08,-3643.2,274291.55,22312591.2295,0.00014583023064326992,0.014583023064326992,0.00016328000466316257,0.1,0.0014583023064326992,1
CASS,-12,46.39,-556.6800000000001,80218.45,3439634.7299999995,0.0001495915216511912,0.014959152165119121,0.00016184276636839289,0.1,0.001495915216511912,1
CASY,-710,625.86,-444360.60000000003,335109.25,205209903.292,0.0021187120319716628,0.21187120319716626,0.002165395494425552,0.1,0.021187120319716625,1
CAT,-515,690.91,-355818.64999999997,2607378.2,1667941796.5574996,0.00019751641706600137,0.019751641706600136,0.00021332797747162496,0.1,0.0019751641706600136,1
CATY,-934,52.57,-49100.38,395091.7,19968919.740499996,0.002364008153043964,0.2364008153043964,0.0024588400693712534,0.1,0.02364008153043964,1
CB,1131,311.25,352023.75,1633589.35,498214162.462,0.0006923404587572758,0.06923404587572758,0.0007065711425392282,0.1,0.006923404587572758,1
CBOE,-2257,263.92,-595667.4400000001,866208.95,229944559.78399998,0.0026056068804184026,0.26056068804184024,0.0025904828562134472,0.1,0.026056068804184023,1
CBRE,1020,169.36,172747.2,1292275.8,217331254.8145,0.0007893051932103038,0.07893051932103037,0.000794856681554827,0.1,0.007893051932103037,1
CBRL,-94,31.35,-2946.9,1738139.75,54548185.001499996,5.4080806793584926e-05,0.005408080679358492,5.4023795657343404e-05,0.1,0.0005408080679358493,1
CBSH,-1707,53.23,-90863.61,1314900.7,70418803.5605,0.0012981968904572034,0.12981968904572033,0.0012903316359519647,0.1,0.012981968904572034,1
CBT,2014,72.86,146740.04,464465.1,33333228.514,0.0043361707908732006,0.43361707908732006,0.0044022150431173804,0.1,0.043361707908732006,1
CBU,-2079,63.76,-132557.04,244440.3,15097225.385999998,0.00850514420085395,0.8505144200853951,0.00878022528052891,0.1,0.08505144200853951,1
CBZ,57,40.59,2313.63,856513.05,37509582.2975,6.6548898466871e-05,0.0066548898466870995,6.168103877163683e-05,0.1,0.00066548898466871,1
CC,-8965,15.58,-139674.7,2987541.8,44686477.314,0.003000794834067259,0.3000794834067259,0.003125659223897713,0.1,0.03000794834067259,1
CCBG,-347,42.53,-14757.91,79656.6,3425897.0545,0.004356198984139418,0.4356198984139418,0.0043077505731280285,0.1,0.04356198984139418,1
CCC,-2731,7.49,-20455.190000000002,8302970.35,65937121.142,0.00032891843338932316,0.03289184333893232,0.00031022267344593923,0.1,0.0032891843338932313,1
CCEP,1127,92.2,103909.40000000001,1548877.3,137957109.87250003,0.0007276238085482949,0.07276238085482949,0.0007532007599755684,0.1,0.007276238085482949,1
CCI,-1301,84.96,-110532.95999999999,3043677.6,264473843.28049994,0.00042744343224788327,0.042744343224788324,0.00041793531877845917,0.1,0.004274434322478832,1
CCK,-2554,107.78,-275270.12,1173137.35,122255446.222,0.0021770681838746333,0.21770681838746334,0.002251598014702308,0.1,0.021770681838746333,1
CCL,370,32.45,12006.500000000002,20138579.5,611807006.0015,1.837269604839805e-05,0.001837269604839805,1.9624652680048852e-05,0.1,0.00018372696048398049,1
CCNE,-5069,28.29,-143402.01,149965.1,4038394.6885000006,0.033801197745342085,3.3801197745342084,0.03550965694570693,0.1,0.3380119774534208,1
CCOI,3818,24.71,94342.78,797697.25,18361407.882250004,0.004786276999199884,0.47862769991998844,0.005138101642587075,0.1,0.04786276999199884,1
CCRN,15764,9.23,145501.72,618636.75,5440155.0785,0.0254818356652753,2.54818356652753,0.02674587725909439,0.1,0.254818356652753,1
CCS,34,62.97,2140.98,293979.25,19200802.531,0.00011565442118788996,0.011565442118788996,0.00011150471427136204,0.1,0.0011565442118788994,1
CDE,10794,20.32,219334.08000000002,29188004.35,659481885.0680001,0.0003698094556437189,0.03698094556437189,0.00033258545073968813,0.1,0.0036980945564371887,1
CDNA,695,20.42,14191.900000000001,777262.35,15399895.270999998,0.0008941639846571753,0.08941639846571753,0.0009215582151863845,0.1,0.008941639846571751,1
CDNS,-981,289.19,-283695.39,2016405.3,628276138.038,0.00048650933420974445,0.04865093342097444,0.00045154570231798505,0.1,0.004865093342097444,1
CDP,-10464,30.74,-321663.36,1308317.5,38965803.4895,0.007998058575231165,0.7998058575231165,0.008255016737603722,0.1,0.07998058575231165,1
CDRE,-300,40.72,-12216.0,230698.95,9753024.422,0.0013003960356126457,0.13003960356126457,0.001252534544304456,0.1,0.013003960356126457,1
CDW,-472,126.83,-59863.76,1569709.15,202875351.7265,0.0003006926474245245,0.03006926474245245,0.00029507655558228403,0.1,0.0030069264742452447,1
CDZI,6629,5.37,35597.73,976811.45,6058185.049999999,0.006786365987008035,0.6786365987008035,0.005875972705719844,0.1,0.06786365987008035,1
CE,-45,45.87,-2064.15,2083632.1,95605702.45250002,2.159690283135876e-05,0.002159690283135876,2.1590239358635917e-05,0.1,0.0002159690283135876,1
CECO,-1840,68.12,-125340.8,249655.35,16482858.74925,0.0073701605032698075,0.7370160503269807,0.0076043119647375024,0.1,0.07370160503269807,1
CEG,-1383,270.88,-374627.04,4060380.6,1252157955.5289998,0.00034060846414249934,0.03406084641424993,0.00029918512943659023,0.1,0.003406084641424993,1
CELC,-149,111.34,-16589.66,775113.85,84921110.6645,0.00019222982533469117,0.019222982533469116,0.00019535378035199274,0.1,0.0019222982533469116,1
CELH,-1922,51.32,-98637.04,4082864.6,217146363.4475,0.00047074791556888756,0.047074791556888755,0.0004542421914601748,0.1,0.0047074791556888755,1
CENTA,53,31.31,1659.4299999999998,257120.35,7626038.919999999,0.00020612915313782048,0.020612915313782048,0.00021760051547179882,0.1,0.0020612915313782047,1
CENX,472,47.32,22335.04,2306867.95,106597478.28200002,0.0002046064231808327,0.02046064231808327,0.00020952690776524196,0.1,0.0020460642318083267,1
CERT,9085,8.3,75405.5,1978042.8,18660322.308500003,0.004592923874043575,0.4592923874043575,0.004040953781685319,0.1,0.045929238740435745,1
CEVA,-23,21.08,-484.84,302073.5,6835749.947,7.614040953608973e-05,0.007614040953608973,7.092711169354305e-05,0.1,0.0007614040953608973,1
CF,-1818,89.84,-163329.12,2505553.7,217100549.921,0.000725588120502067,0.0725588120502067,0.0007523201579149997,0.1,0.007255881205020669,1
CFFN,407,7.54,3068.78,1022443.3,7048608.688000001,0.0003980660834688828,0.03980660834688828,0.0004353738639548094,0.1,0.003980660834688828,1
CFG,4104,64.86,266185.44,5649970.05,350179920.7725,0.0007263755318490582,0.07263755318490582,0.0007601390719741799,0.1,0.007263755318490581,1
CFR,927,139.06,128908.62,585952.85,80455288.403,0.0015820385548086335,0.15820385548086335,0.0016022392382001986,0.1,0.015820385548086333,1
CG,8099,60.36,488855.64,2483165.8,155597533.35550004,0.0032615623169423486,0.32615623169423485,0.003141795563578065,0.1,0.032615623169423485,1
CGNX,1200,39.76,47712.0,1622775.7,64104203.18425001,0.0007394737301033039,0.07394737301033039,0.0007442881687939384,0.1,0.007394737301033039,1
CHCO,-75,125.24,-9393.0,82883.3,10161575.864249999,0.0009048867504068974,0.09048867504068973,0.0009243645006918693,0.1,0.009048867504068973,1
CHCT,541,17.39,9407.99,167288.8,2834422.1955000004,0.003233928392097977,0.3233928392097977,0.003319191479285041,0.1,0.03233928392097977,1
CHD,-413,97.34,-40201.42,2955444.2,267952790.0395,0.00013974210712555492,0.013974210712555491,0.0001500317275818391,0.1,0.001397421071255549,1
CHDN,1250,95.52,119400.0,776721.45,81495081.43749999,0.0016093285437140947,0.16093285437140947,0.0014651190954581715,0.1,0.016093285437140947,1
CHE,-5,435.27,-2176.35,161530.75,71489218.38100001,3.0953858630632245e-05,0.0030953858630632246,3.0443052103342308e-05,0.1,0.00030953858630632244,1
CHEF,818,63.37,51836.659999999996,457832.65,28602629.217,0.0017866790409115645,0.17866790409115646,0.0018123040230578113,0.1,0.017866790409115645,1
CHH,-185,101.78,-18829.3,828453.45,86770926.33649999,0.00022330765838442704,0.022330765838442703,0.00021700010354827221,0.1,0.0022330765838442703,1
CHKP,284,180.21,51179.64,1300831.95,239817502.54849997,0.00021832182089315995,0.021832182089315994,0.00021341077884692584,0.1,0.0021832182089315992,1
CHRD,-395,96.61,-38160.95,807523.35,75905503.03199999,0.0004891499422276768,0.048914994222767676,0.0005027428641624604,0.1,0.004891499422276767,1
CHRW,-797,198.5,-158204.5,2205194.8,396754492.21675,0.00036141931769474516,0.036141931769474514,0.00039874658788632356,0.1,0.0036141931769474514,1
CHTR,-1897,213.61,-405218.17000000004,2342619.7,465416860.912,0.0008097771908944503,0.08097771908944504,0.0008706564029630586,0.1,0.008097771908944503,1
CHWY,-20,28.39,-567.8,7573543.6,242029922.69600004,2.6407717518124544e-06,0.0002640771751812454,2.3459909158140794e-06,0.1,2.6407717518124542e-05,1
CI,-1211,271.54,-328834.94,1579142.3,435916691.53900003,0.0007668719912068722,0.07668719912068722,0.0007543527155132581,0.1,0.007668719912068722,1
CIEN,455,268.49,122162.95,2492145.45,603948137.503,0.0001825736134301471,0.01825736134301471,0.0002022739079966004,0.1,0.0018257361343014709,1
CIM,68,12.33,838.44,816023.65,10467172.3575,8.333091816640363e-05,0.008333091816640362,8.010186240978788e-05,0.1,0.0008333091816640362,1
CINF,-1438,162.48,-233646.24,676186.55,108813224.22900002,0.0021266320662544974,0.21266320662544974,0.002147222836704902,0.1,0.021266320662544972,1
CL,-5690,91.89,-522854.1,7997446.95,673270772.735,0.0007114770545617686,0.07114770545617685,0.0007765881442855917,0.1,0.007114770545617686,1
CLB,-232,19.59,-4544.88,350303.7,6666603.063000001,0.0006622824708959682,0.06622824708959682,0.0006817385041602858,0.1,0.006622824708959682,1
CLBK,19014,8.05,153062.7,343291.65,2558484.297935,0.0553873069735311,5.53873069735311,0.059825538160832074,0.1,0.5538730697353109,1
CLF,4097,13.85,56743.45,16368017.4,223363787.11900002,0.000250305208008882,0.025030520800888204,0.0002540405082305001,0.1,0.00250305208008882,1
CLFD,2264,30.27,68531.28,136973.35,4235334.978000001,0.016528762711870593,1.6528762711870593,0.01618084056065895,0.1,0.16528762711870593,1
CLH,-2763,261.38,-722192.94,436454.25,112265918.08150001,0.006330560419562875,0.6330560419562875,0.006432877870162878,0.1,0.06330560419562874,1
CLSK,-1136,11.04,-12541.439999999999,32045475.0,405347403.38900006,3.5449622762652135e-05,0.0035449622762652134,3.093997863349909e-05,0.1,0.00035449622762652135,1
CLX,-6,113.29,-679.74,2311088.5,251487405.6095,2.596179246272914e-06,0.0002596179246272914,2.7028788911023014e-06,0.1,2.596179246272914e-05,1
CMC,591,80.38,47504.579999999994,1433458.1,107675962.8085,0.00041228969301579165,0.04122896930157917,0.00044118091690051694,0.1,0.004122896930157916,1
CMCO,-2326,21.1,-49078.600000000006,416864.7,8548273.1915,0.005579748057343306,0.5579748057343306,0.005741346690791475,0.1,0.05579748057343306,1
CMCSA,-4233,29.59,-125254.47,39180756.05,1123717073.06,0.00010803773144648137,0.010803773144648136,0.00011146441840464245,0.1,0.0010803773144648136,1
CME,-1780,290.77,-517570.6,2060298.45,569278889.3405001,0.0008639525016387796,0.08639525016387796,0.000909168791766715,0.1,0.008639525016387796,1
CMG,-70,38.51,-2695.7,16460128.7,651023277.2985,4.252700648689339e-06,0.0004252700648689339,4.140712158843435e-06,0.1,4.252700648689339e-05,1
CMI,718,595.13,427303.34,854310.1,485188812.699,0.000840444236817521,0.08404442368175209,0.0008806949558935713,0.1,0.008404442368175209,1
CMP,-4847,25.14,-121853.58,466807.0,11100957.513500001,0.010383306162932433,1.0383306162932433,0.010976853109455871,0.1,0.10383306162932433,1
CMPR,-1494,80.54,-120326.76000000001,140322.65,10701970.022499999,0.010646891289467523,1.0646891289467524,0.011243421514639177,0.1,0.10646891289467522,1
CMRE,253,17.33,4384.49,504952.45,8182537.798,0.000501037275886076,0.0501037275886076,0.0005358349827692418,0.1,0.00501037275886076,1
CMS,1740,70.55,122757.0,3041983.3,215509746.7245,0.0005719952505985158,0.05719952505985158,0.000569612288380294,0.1,0.005719952505985158,1
CNA,-427,48.35,-20645.45,344756.2,16127928.337000001,0.0012385564059471592,0.12385564059471592,0.001280105514397413,0.1,0.01238556405947159,1
CNC,-1996,42.8,-85428.79999999999,6650863.7,298231553.7875,0.00030011139756179337,0.030011139756179337,0.0002864512453999783,0.1,0.0030011139756179334,1
CNH,6407,10.96,70220.72,12608845.65,133519923.271,0.0005081353343396665,0.05081353343396665,0.0005259194154678762,0.1,0.005081353343396665,1
CNK,-11817,24.67,-291525.39,2801716.15,66186060.4635,0.004217772025192488,0.4217772025192488,0.004404634268280239,0.1,0.04217772025192487,1
CNM,942,54.6,51433.200000000004,2062584.2,115553962.26950002,0.00045670862794352834,0.04567086279435283,0.000445101137077803,0.1,0.004567086279435283,1
CNMD,-4125,39.21,-161741.25,697132.55,28529067.795999996,0.005917095680010924,0.5917095680010924,0.0056693492811103145,0.1,0.05917095680010924,1
CNNE,-646,14.47,-9347.62,450798.8,6970680.137999999,0.0014330118003863365,0.14330118003863365,0.001340991096269407,0.1,0.014330118003863364,1
CNO,455,42.8,19474.0,540778.1,22740689.8305,0.0008413802260113715,0.08413802260113715,0.0008563504513342121,0.1,0.008413802260113715,1
CNOB,-6105,27.31,-166727.55,278471.65,7554243.5430000005,0.021923237069195373,2.192323706919537,0.02207071416892496,0.1,0.21923237069195373,1
CNP,-14073,39.38,-554194.74,5066136.75,197476427.994,0.002777856322176854,0.27778563221768543,0.0028063842638314197,0.1,0.02777856322176854,1
CNR,-972,90.01,-87489.72,730884.05,69827941.885,0.0013298963084500202,0.132989630845002,0.0012529328179840568,0.1,0.0132989630845002,1
CNS,-13,63.68,-827.84,388722.2,25992523.2395,3.344290601360046e-05,0.0033442906013600457,3.184915878970758e-05,0.1,0.00033442906013600454,1
CNX,9913,37.36,370349.68,2319131.3,85297893.1345,0.004274445349428901,0.4274445349428901,0.004341838542436478,0.1,0.04274445349428901,1
CNXC,16,39.67,634.72,1266750.5,51749342.119500004,1.263074299161516e-05,0.001263074299161516,1.2265276697321087e-05,0.1,0.0001263074299161516,1
CNXN,-391,60.06,-23483.46,68816.0,3997533.159999999,0.005681818181818182,0.5681818181818182,0.005874487855405308,0.1,0.056818181818181816,1
COCO,-1606,55.73,-89502.37999999999,659553.95,35502604.52525,0.002434978973289448,0.2434978973289448,0.0025210088441918257,0.1,0.02434978973289448,1
COF,-1022,223.68,-228600.96000000002,6538978.25,1512080329.891,0.00015629353102680836,0.015629353102680835,0.00015118307902099287,0.1,0.0015629353102680835,1
COHR,156,222.44,34700.64,4687030.55,925196666.6125,3.3283333303641475e-05,0.0033283333303641477,3.7506231109816204e-05,0.1,0.00033283333303641473,1
COHU,-1607,29.35,-47165.450000000004,801982.1,22568935.7495,0.0020037853712695083,0.20037853712695083,0.002089839349249994,0.1,0.02003785371269508,1
COIN,-836,187.86,-157050.96000000002,9439237.6,2149657868.0285006,8.856647490259172e-05,0.008856647490259172,7.305858403599591e-05,0.1,0.0008856647490259171,1
COKE,126,153.89,19390.14,389822.0,58636251.541999996,0.00032322444602921334,0.03232244460292134,0.00033068519030605536,0.1,0.0032322444602921334,1
COLB,-4759,29.69,-141294.71,2788798.95,80992817.179,0.0017064693745671411,0.1706469374567141,0.001744533835484799,0.1,0.01706469374567141,1
COLD,-3304,12.56,-41498.240000000005,4780445.15,62047196.4655,0.0006911490240610751,0.06911490240610751,0.0006688173255833437,0.1,0.006911490240610751,1
COLL,-4920,47.11,-231781.2,520329.8,24281883.461,0.00945554146620086,0.9455541466200861,0.009545437460494861,0.1,0.0945554146620086,1
COLM,-967,55.33,-53504.11,553963.65,30211922.2495,0.0017456019000524673,0.17456019000524672,0.0017709601381251231,0.1,0.01745601900052467,1
COO,3012,80.65,242917.80000000002,2191906.15,180284541.089,0.0013741464250191552,0.1374146425019155,0.0013474133640780672,0.1,0.013741464250191552,1
COP,5736,101.79,583867.4400000001,9399770.25,928006531.3460001,0.0006102276808308161,0.06102276808308161,0.0006291630718947059,0.1,0.00610227680830816,1
COR,-240,363.56,-87254.4,1155663.2,404149105.5365001,0.0002076729621571406,0.020767296215714062,0.0002158965560103652,0.1,0.002076729621571406,1
CORT,-6,40.71,-244.26,2463071.15,96586862.19125001,2.435983223627137e-06,0.0002435983223627137,2.528915366526194e-06,0.1,2.435983223627137e-05,1
COST,-184,968.36,-178178.24,2773269.35,2618302094.0665,6.634768454784242e-05,0.0066347684547842425,6.805106271112907e-05,0.1,0.0006634768454784242,1
COUR,14599,6.26,91389.73999999999,3902904.05,25553332.173,0.003740548015778149,0.3740548015778149,0.003576431417291387,0.1,0.03740548015778149,1
CPAY,177,304.87,53961.99,544787.2,174526930.01700002,0.00032489750126287847,0.032489750126287846,0.0003091900487491745,0.1,0.0032489750126287846,1
CPB,-459,27.53,-12636.27,7691094.05,205841261.1275,5.9679415830313504e-05,0.005967941583031351,6.138842101328255e-05,0.1,0.000596794158303135,1
CPF,301,32.98,9926.98,156974.65,5018362.914,0.0019175070624460702,0.19175070624460702,0.0019781311495639673,0.1,0.0191750706244607,1
CPK,511,127.47,65137.17,119560.85,14967758.8965,0.004273974298443011,0.42739742984430107,0.004351831857421982,0.1,0.042739742984430104,1
CPNG,12977,20.04,260059.08,24566125.0,512307182.16699994,0.0005282477395193584,0.05282477395193584,0.0005076233343049775,0.1,0.005282477395193584,1
CPRI,4424,23.14,102371.36,2736606.0,67137721.646,0.001616601001386389,0.16166010013863888,0.0015247964555571002,0.1,0.016166010013863887,1
CPRT,6723,39.68,266768.64,8201392.35,329894024.5425,0.0008197388581220603,0.08197388581220602,0.0008086495060647344,0.1,0.008197388581220603,1
CPRX,-4123,25.0,-103075.0,1244893.95,29096792.227999996,0.003311928698826113,0.33119286988261126,0.0035424867178592417,0.1,0.033119286988261123,1
CPS,13,31.71,412.23,203442.7,6644682.126,6.390005637951128e-05,0.006390005637951128,6.203908511845643e-05,0.1,0.0006390005637951128,1
CPT,2724,107.3,292285.2,1385571.35,150236389.199,0.001965975985285781,0.19659759852857808,0.0019455020288915831,0.1,0.019659759852857808,1
CR,-1759,185.27,-325889.93,518119.35,100192156.42899999,0.0033949706761579163,0.3394970676157916,0.0032526491255923623,0.1,0.033949706761579164,1
CRAI,12,189.855,2278.2599999999998,128311.6,26474975.56175,9.352233157407435e-05,0.009352233157407436,8.605333722353044e-05,0.1,0.0009352233157407434,1
CRBG,6008,31.15,187149.19999999998,3912005.15,119264018.91849999,0.0015357852992601505,0.15357852992601506,0.0015692008511627455,0.1,0.015357852992601504,1
CRC,-1005,52.86,-53124.3,965292.95,46949061.0705,0.001041134714596227,0.1041134714596227,0.0011315306161336666,0.1,0.01041134714596227,1
CRDO,-1586,119.96,-190256.56,6161815.75,861553513.0550001,0.00025739166251441387,0.025739166251441386,0.00022082964913620445,0.1,0.0025739166251441386,1
CRGY,4185,9.43,39464.549999999996,6306621.3,54516752.142500006,0.000663588283000281,0.0663588283000281,0.0007238976727161694,0.1,0.00663588283000281,1
CRH,4013,124.6,500019.8,4768974.65,593748051.5635,0.0008414806734189706,0.08414806734189706,0.0008421413740783012,0.1,0.008414806734189706,1
CRI,780,36.39,28384.2,1356105.15,48265305.664500006,0.0005751766372983689,0.05751766372983689,0.0005880870246073482,0.1,0.005751766372983688,1
CRK,3058,22.03,67367.74,2794603.55,63457145.675,0.0010942518125692641,0.10942518125692641,0.0010616257520473483,0.1,0.01094251812569264,1
CRL,-2037,213.22,-434329.14,686853.6,149747758.897,0.0029656974936143597,0.296569749361436,0.00290040494227858,0.1,0.029656974936143596,1
CRM,1708,210.81,360063.48,9537405.9,2210653939.917,0.00017908433571019557,0.017908433571019556,0.00016287645637268707,0.1,0.0017908433571019557,1
CRNX,-1557,49.35,-76837.95,1597822.6,82898263.84825,0.0009744511061490806,0.09744511061490806,0.0009268945624802981,0.1,0.009744511061490806,1
CROX,-2909,86.88,-252733.91999999998,1032391.7,87945316.45199999,0.0028177289685688096,0.28177289685688095,0.0028737621307888587,0.1,0.028177289685688094,1
CRS,714,311.33,222289.62,928776.7,305706190.25450003,0.0007687531351723186,0.07687531351723186,0.0007271348343157335,0.1,0.007687531351723185,1
CRSP,-1029,51.31,-52797.990000000005,1857355.5,102672797.8615,0.0005540134885324861,0.05540134885324861,0.0005142354265169789,0.1,0.005540134885324861,1
CRUS,-717,130.53,-93590.01,563176.4,71403482.879,0.001273135735091172,0.1273135735091172,0.0013107205170733364,0.1,0.01273135735091172,1
CRVL,-42,69.75,-2929.5,174820.1,12158744.519,0.00024024697388915804,0.024024697388915803,0.00024093770499266463,0.1,0.0024024697388915803,1
CRWD,-540,109.7125,-59244.75,10942654.2,1253202591.0475802,4.934817368166491e-05,0.004934817368166491,4.7274678829442875e-05,0.1,0.0004934817368166491,1
CSCO,5241,80.64,422634.24,19629611.1,1490861130.0729997,0.00026699459165546073,0.02669945916554607,0.00028348330469874536,0.1,0.0026699459165546073,1
CSGP,3551,61.18,217250.18,7304957.15,462674391.26199996,0.00048610825869115467,0.048610825869115463,0.0004695530682115862,0.1,0.004861082586911546,1
CSIQ,2440,19.13,46677.2,4233325.45,89795390.72199999,0.0005763790260916509,0.05763790260916509,0.0005198173272001146,0.1,0.005763790260916508,1
CSL,906,343.48,311192.88,404747.45,140628482.98450002,0.0022384328795647754,0.22384328795647754,0.0022128723384884945,0.1,0.022384328795647754,1
CSR,-1329,63.83,-84830.06999999999,140137.85,9124821.791,0.009483519263353904,0.9483519263353903,0.00929662758824174,0.1,0.09483519263353904,1
CSTM,-7354,23.7,-174289.8,1494237.6,32771518.578499995,0.004921573382974702,0.49215733829747016,0.00531833151346072,0.1,0.04921573382974701,1
CSV,-2123,43.49,-92329.27,78015.45,3358756.9984999998,0.027212558538084443,2.721255853808444,0.027489118754716012,0.1,0.2721255853808444,1
CSW,-114,260.27,-29670.78,185311.65,56251579.7165,0.0006151798875030254,0.06151798875030254,0.0005274657200657569,0.1,0.006151798875030253,1
CSX,-4951,38.39,-190068.89,15670969.1,569258536.102,0.00031593451358410247,0.03159345135841025,0.00033388851979541224,0.1,0.0031593451358410247,1
CTAS,2821,190.91,538557.11,1732589.2,332818421.06100005,0.0016281989983546014,0.16281989983546014,0.0016181709782863596,0.1,0.016281989983546012,1
CTBI,-67,62.83,-4209.61,81174.5,4897735.263499999,0.0008253823552963061,0.0825382355296306,0.0008595013355196633,0.1,0.008253823552963061,1
CTMX,-20021,6.09,-121927.89,3414698.8,17874481.71,0.005863181841982666,0.5863181841982666,0.00682133848567965,0.1,0.05863181841982666,1
CTO,858,17.77,15246.66,248811.5,4496510.0725,0.0034483936634761656,0.3448393663476166,0.00339077634747142,0.1,0.03448393663476165,1
CTRE,-1664,36.41,-60586.23999999999,1790310.25,66267702.95499998,0.0009294478429087919,0.0929447842908792,0.0009142649782374671,0.1,0.009294478429087918,1
CTS,-233,53.12,-12376.96,163053.95,7999238.492000001,0.001428974888372836,0.1428974888372836,0.0015472672820516773,0.1,0.01428974888372836,1
CTSH,-968,82.91,-80256.87999999999,4606703.1,387723965.30399996,0.00021012858414947558,0.021012858414947558,0.00020699489116457774,0.1,0.002101285841494756,1
CTVA,309,73.2,22618.8,3827866.5,271140775.28900003,8.072381834632948e-05,0.008072381834632948,8.342087233427494e-05,0.1,0.0008072381834632947,1
CUBE,-7112,37.05,-263499.6,2319020.9,87427224.1065,0.003066811515152796,0.3066811515152796,0.0030139307600458225,0.1,0.030668115151527956,1
CUBI,-645,79.58,-51329.1,355243.25,27611823.820500005,0.0018156572996109004,0.18156572996109005,0.0018589536255801922,0.1,0.018156572996109004,1
CUZ,170,24.84,4222.8,1617444.9,42102758.9685,0.00010510404403884176,0.010510404403884177,0.00010029746514140249,0.1,0.0010510404403884176,1
CVBF,-1499,20.115,-30152.385,1470238.55,28932039.013749998,0.0010195624376738046,0.10195624376738047,0.0010421797435593817,0.1,0.010195624376738046,1
CVCO,-396,465.8,-184456.80000000002,235901.0,144451171.7545,0.0016786702896554064,0.16786702896554065,0.001276949143157461,0.1,0.016786702896554064,1
CVI,392,22.49,8816.08,1467980.4,34419372.9215,0.0002670335380499631,0.026703353804996312,0.00025613714753336056,0.1,0.0026703353804996307,1
CVLG,3000,27.09,81270.0,177782.55,4537138.737,0.01687454702387833,1.687454702387833,0.01791216991829007,0.1,0.16874547023878328,1
CVLT,2221,87.35,194004.34999999998,1139375.25,117822459.64049998,0.0019493138893441823,0.19493138893441822,0.0016465820743510726,0.1,0.01949313889344182,1
CVNA,-741,81.578,-60449.298,19374761.0,1696438254.551,3.824563306871243e-05,0.0038245633068712433,3.563306700838295e-05,0.1,0.0003824563306871243,1
CVS,-4990,75.42,-376345.8,10584441.45,822419204.948,0.00047144670066647686,0.04714467006664769,0.0004576082340195298,0.1,0.0047144670066647685,1
CVX,-599,174.03,-104243.97,13602691.75,2255714278.1654997,4.4035402037247516e-05,0.0044035402037247515,4.6213286411778307e-05,0.1,0.00044035402037247514,1
CW,682,663.99,452841.18,224908.6,143423839.7225,0.003032342916189065,0.3032342916189065,0.0031573633844705897,0.1,0.03032342916189065,1
CWEN,13607,35.63,484817.41000000003,1244592.85,43329295.872499995,0.010932892632317467,1.0932892632317468,0.011189136593094312,0.1,0.10932892632317466,1
CWH,5805,13.16,76393.8,2668309.35,34353011.55150001,0.0021755348569310376,0.21755348569310376,0.0022237875676627337,0.1,0.021755348569310374,1
CWK,54,16.2,874.8,1483890.55,24676497.7045,3.6390824107613594e-05,0.0036390824107613595,3.545073577602836e-05,0.1,0.0003639082410761359,1
CWST,3383,102.39,346385.37,608646.05,62607295.549,0.005558238651183228,0.5558238651183228,0.0055326678298841265,0.1,0.055582386511832275,1
CWT,2070,44.51,92135.7,350409.0,15576552.682500001,0.005907382515860038,0.5907382515860038,0.005915025094320962,0.1,0.05907382515860038,1
CXM,4544,6.29,28581.76,1702166.8,11712093.2155,0.002669538613959572,0.26695386139595717,0.0024403630908755376,0.1,0.02669538613959572,1
CXT,-11,50.58,-556.38,510501.95,25775491.2915,2.154742014207781e-05,0.002154742014207781,2.1585621538995758e-05,0.1,0.0002154742014207781,1
CXW,6903,18.51,127774.53000000001,923613.1,17891754.3995,0.007473908717838671,0.7473908717838671,0.00714153163222332,0.1,0.0747390871783867,1
CYD,1349,46.05,62121.45,179507.15,7744753.3875,0.007515020989414628,0.7515020989414628,0.008021101110884145,0.1,0.07515020989414628,1
CYRX,-3214,9.62,-30918.679999999997,357461.65,3736221.5379999997,0.00899117429799812,0.899117429799812,0.008275387228925074,0.1,0.0899117429799812,1
CYTK,1462,65.16,95263.92,1769775.65,112993505.89324999,0.0008260934090713702,0.08260934090713702,0.0008430919922955579,0.1,0.008260934090713701,1
CZR,-2954,20.59,-60822.86,5066071.0,117948296.90700002,0.0005830948677979444,0.058309486779794445,0.0005156739147150015,0.1,0.005830948677979444,1
D,7116,60.03,427173.48,6041609.3,359944015.273,0.0011778318733718846,0.11778318733718847,0.0011867775594935498,0.1,0.011778318733718846,1
DAKT,-3685,23.56,-86818.59999999999,374517.05,8156336.318000001,0.009839338422643241,0.9839338422643241,0.01064431340434091,0.1,0.0983933842264324,1
DAL,-2049,69.08,-141544.91999999998,8459127.1,585809410.6085001,0.00024222357410849166,0.024222357410849167,0.00024162281697211465,0.1,0.0024222357410849165,1
DAN,603,29.48,17776.44,1870913.4,52952332.166999996,0.00032230246466779275,0.03223024646677927,0.00033570646036773267,0.1,0.0032230246466779275,1
DAR,-591,47.35,-27983.850000000002,2506206.2,104335110.07500002,0.0002358145949842435,0.02358145949842435,0.0002682112472003351,0.1,0.002358145949842435,1
DASH,-891,207.67,-185033.97,3914033.85,833587085.5929999,0.00022764238485060623,0.022764238485060623,0.0002219731725670509,0.1,0.0022764238485060624,1
DAVE,1,174.73,174.73,548525.15,106251610.50849998,1.823070464499212e-06,0.0001823070464499212,1.6444927202870194e-06,0.1,1.823070464499212e-05,1
DBI,-11403,6.69,-76286.07,853461.15,6218806.842499999,0.01336088936209926,1.336088936209926,0.012266994607173315,0.1,0.1336088936209926,1
DBX,7733,25.66,198428.78,3427443.35,90558617.878,0.002256200675060027,0.2256200675060027,0.002191163962631607,0.1,0.02256200675060027,1
DCI,-982,101.17,-99348.94,687316.1,68069199.159,0.0014287458128799835,0.14287458128799835,0.001459528556637415,0.1,0.014287458128799835,1
DCO,528,115.02,60730.56,155883.6,17185123.074999996,0.003387142714179041,0.3387142714179041,0.0035339031169551293,0.1,0.03387142714179041,1
DCOM,-148,35.36,-5233.28,350956.9,11240198.588999998,0.0004217042035645972,0.04217042035645972,0.00046558608004679275,0.1,0.004217042035645972,1
DD,2798,133.2901,372945.6998,1616730.7,210877572.40207,0.0017306531013482952,0.1730653101348295,0.0017685413178454208,0.1,0.01730653101348295,1
DDOG,-1715,129.05,-221320.75000000003,6031622.75,778356240.634,0.00028433475883417943,0.028433475883417943,0.0002843437727430901,0.1,0.002843347588341794,1
DDS,-202,632.81,-127827.62,141300.9,91938563.712,0.001429573343128034,0.14295733431280339,0.0013903591141626208,0.1,0.01429573343128034,1
DE,78,532.25,41515.5,1389212.5,706267642.9335,5.614691776816002e-05,0.005614691776816002,5.8781540419385984e-05,0.1,0.0005614691776816002,1
DEA,-6376,23.04,-146903.04,452772.25,10289398.9565,0.014082135113183283,1.4082135113183283,0.014277125478471092,0.1,0.14082135113183283,1
DECK,2359,116.25,274233.75,3342712.7,353176134.4005,0.0007057142541744613,0.07057142541744613,0.000776478712145992,0.1,0.0070571425417446125,1
DEI,-2292,10.34,-23699.28,2788108.9,30399376.953500003,0.0008220625815584177,0.08220625815584176,0.0007795975567608271,0.1,0.008220625815584175,1
DELL,4312,119.16,513817.92,7629810.0,899746423.1835,0.0005651516879188342,0.05651516879188342,0.0005710697000405954,0.1,0.005651516879188342,1
DFH,-894,17.95,-16047.3,439716.75,8215474.1265,0.00203312700732915,0.203312700732915,0.0019533017514153568,0.1,0.020331270073291496,1
DFIN,-27,51.54,-1391.58,196028.9,10300408.167,0.00013773479318610675,0.013773479318610676,0.00013509950066428275,0.1,0.0013773479318610674,1
DG,1602,143.51,229903.02,3337363.55,487521969.6665,0.0004800196250720123,0.048001962507201235,0.0004715746864849397,0.1,0.004800196250720123,1
DGICA,50,18.94,947.0000000000001,118050.35,2258051.2945,0.000423548087743916,0.0423548087743916,0.0004193881699262701,0.1,0.00423548087743916,1
DGII,1826,45.0,82170.0,271942.25,11784478.5385,0.006714660925251593,0.6714660925251593,0.006972731099772455,0.1,0.06714660925251592,1
DGX,-2431,185.0,-449735.0,1017685.2,186313981.71899998,0.002388754400673214,0.23887544006732142,0.0024138553416688468,0.1,0.02388754400673214,1
DHC,-14428,5.84,-84259.52,1832427.85,10315244.808499997,0.0078737070057083,0.78737070057083,0.008168445981094723,0.1,0.078737070057083,1
DHI,-1866,149.77,-279470.82,3742593.95,570384524.0475,0.0004985846781481597,0.049858467814815975,0.0004899691492624131,0.1,0.004985846781481597,1
DHR,-276,223.42,-61663.92,4056439.6,942072955.3299999,6.803996292709498e-05,0.006803996292709499,6.545556758754386e-05,0.1,0.0006803996292709498,1
DHT,2081,14.35,29862.35,2581914.9,34699532.5945,0.0008059909333185226,0.08059909333185226,0.0008605980475003081,0.1,0.008059909333185226,1
DIN,-106,35.3,-3741.7999999999997,431829.55,15628466.216,0.00024546722196292495,0.024546722196292496,0.0002394220871251746,0.1,0.0024546722196292494,1
DINO,2422,51.86,125604.92,2602042.6,130011090.276,0.0009308072050780413,0.09308072050780414,0.0009661092737039112,0.1,0.009308072050780413,1
DIOD,1106,60.66,67089.95999999999,313202.9,17849017.434,0.003531257213774202,0.35312572137742015,0.0037587480794434407,0.1,0.03531257213774201,1
DIS,1268,104.45,132442.6,11593452.8,1289656143.9310002,0.00010937207593582474,0.010937207593582474,0.00010269605632731046,0.1,0.0010937207593582474,1
DK,886,28.92,25623.120000000003,1533127.25,44345228.535,0.0005779037584779737,0.05779037584779737,0.0005778100789305134,0.1,0.005779037584779737,1
DKNG,2773,27.42,76035.66,14270049.8,455051732.35,0.00019432307797552324,0.019432307797552326,0.000167092342682299,0.1,0.0019432307797552324,1
DKS,1900,203.0,385700.0,1157369.15,243228945.13099995,0.0016416542638967007,0.16416542638967008,0.0015857487676570197,0.1,0.016416542638967007,1
DLB,6766,64.5,436407.0,849342.45,53672977.691,0.00796616252961335,0.796616252961335,0.008130851291918869,0.1,0.07966162529613349,1
DLR,-1646,165.11,-271771.06,2003139.0,320722811.16650003,0.0008217103256439019,0.08217103256439019,0.0008473705347354067,0.1,0.00821710325643902,1
DLTR,1275,117.22,149455.5,3252575.3,420554305.2325001,0.0003919970738263923,0.03919970738263923,0.0003553774105757275,0.1,0.003919970738263923,1
DLX,59,27.84,1642.56,551876.25,13703242.356,0.0001069080251233859,0.010690802512338591,0.000119866521902446,0.1,0.001069080251233859,1
DNLI,3104,22.74,70584.95999999999,1786032.5,34426028.9945,0.0017379303008203937,0.17379303008203936,0.002050336970647322,0.1,0.017379303008203936,1
DNOW,-4034,15.56,-62769.04,2560036.1,36582092.934499994,0.0015757590293355628,0.15757590293355628,0.001715840592072946,0.1,0.015757590293355626,1
DOC,-20555,16.92,-347790.60000000003,9947262.3,171320793.69199997,0.002066397706231191,0.20663977062311908,0.0020300548024850796,0.1,0.02066397706231191,1
DOCN,-628,59.81,-37560.68,2989823.05,167094009.163,0.00021004587545741212,0.02100458754574121,0.00022478771194818603,0.1,0.002100458754574121,1
DOCS,-921,37.29,-34344.09,2823566.4,116610870.11650002,0.0003261832269997263,0.032618322699972634,0.00029451876969692925,0.1,0.003261832269997263,1
DOCU,6833,52.0,355316.0,3910593.85,232265383.17949995,0.0017473049521621888,0.1747304952162189,0.001529784572871127,0.1,0.017473049521621885,1
DOMO,-66,5.81,-383.46,1265786.25,8363011.453999999,5.2141504934186166e-05,0.005214150493418617,4.585190419852796e-05,0.1,0.0005214150493418617,1
DORM,-43,126.59,-5443.37,185560.85,23326454.87775,0.0002317299150117064,0.02317299150117064,0.00023335607697473875,0.1,0.002317299150117064,1
DOV,-2665,207.32,-552507.7999999999,1332543.7,272463048.7375001,0.0019999344111566474,0.19999344111566475,0.0020278265348645653,0.1,0.019999344111566474,1
DOW,17909,28.88,517211.92,12924852.95,352723695.42649996,0.0013856250488327607,0.13856250488327607,0.001466337324955181,0.1,0.013856250488327606,1
DOX,1956,81.01,158455.56,941588.05,77794215.211,0.002077341572038855,0.2077341572038855,0.0020368553056319618,0.1,0.020773415720388547,1
DPZ,-648,409.22,-265174.56,730012.8,296510637.178,0.0008876556685033468,0.08876556685033468,0.0008943171905189073,0.1,0.008876556685033466,1
DRH,300,9.23,2769.0,2722627.8,25301883.779,0.00011018766501980183,0.011018766501980184,0.00010943849178131979,0.1,0.0011018766501980184,1
DRI,-932,200.9,-187238.80000000002,1716444.75,349661401.8360001,0.0005429828137491755,0.054298281374917545,0.0005354860416873226,0.1,0.005429828137491754,1
DRS,-2652,40.45,-107273.40000000001,1357285.55,55039894.41849999,0.001953899826016714,0.1953899826016714,0.0019490117329139228,0.1,0.01953899826016714,1
DRVN,-17612,15.73,-277036.76,891653.3,13902814.186,0.019752071797412736,1.9752071797412736,0.019926667816575823,0.1,0.19752071797412735,1
DSGR,7802,29.41,229456.82,68457.4,1997998.8985000004,0.1139686870959166,11.39686870959166,0.11484331656652311,0.1,1.1396868709591659,2
DT,1446,38.05,55020.299999999996,4616534.15,185860619.8615,0.0003132219871047634,0.03132219871047634,0.00029602989617165886,0.1,0.003132219871047634,1
DTE,1710,132.93,227310.30000000002,1678844.15,224543183.3645,0.001018557916766723,0.1018557916766723,0.0010123233161391863,0.1,0.010185579167667231,1
DTM,1152,124.31,143205.12,737700.5,89096338.708,0.0015616093523048988,0.15616093523048988,0.0016073064513832994,0.1,0.015616093523048987,1
DUK,-4061,119.49,-485248.88999999996,4052843.3,481245747.87000006,0.0010020125870644938,0.10020125870644939,0.0010083182909100348,0.1,0.010020125870644938,1
DUOL,-404,131.93,-53299.72,2129638.9,331619928.17800003,0.00018970352203840756,0.018970352203840756,0.0001607253227899829,0.1,0.0018970352203840756,1
DV,-11606,10.6,-123023.59999999999,2023678.6,21982201.2875,0.0057351004255319984,0.5735100425531998,0.005596509575679136,0.1,0.057351004255319984,1
DVA,1000,111.19,111190.0,1007020.2,109025218.87349999,0.0009930287396419655,0.09930287396419654,0.0010198557833579016,0.1,0.009930287396419653,1
DVN,4310,40.14,173003.4,10857921.6,408713309.898,0.00039694521279284243,0.039694521279284245,0.0004232879033060493,0.1,0.003969452127928424,1
DX,-31275,13.82,-432220.5,7603761.3,108457060.26900001,0.004113095975277393,0.4113095975277393,0.003985176243279945,0.1,0.04113095975277393,1
DXC,-4256,15.28,-65031.68,1906159.45,28138463.028500002,0.002232761797550567,0.2232761797550567,0.002311131206211681,0.1,0.02232761797550567,1
DXCM,-1353,72.53,-98133.09,6085081.1,432887171.7005,0.00022234707767493847,0.022234707767493846,0.00022669438231330856,0.1,0.0022234707767493844,1
DXPE,287,134.44,38584.28,129730.1,15663034.720500002,0.0022122853524355565,0.22122853524355565,0.0024633974634238887,0.1,0.022122853524355564,1
DY,380,383.58,145760.4,338443.55,123523093.129,0.0011227869463016802,0.11227869463016803,0.0011800255021769631,0.1,0.011227869463016802,1
EAF,-24,15.13,-363.12,213363.35,3640675.4625,0.00011248417312532822,0.011248417312532821,9.973973339294865e-05,0.1,0.001124841731253282,1
EAT,1305,162.12,211566.6,1260033.55,201091000.2705,0.001035686708500738,0.10356867085007379,0.0010520938267521104,0.1,0.010356867085007378,1
EBAY,-3721,93.78,-348955.38,4081536.7,379072989.95949996,0.0009116664319103145,0.09116664319103145,0.0009205493117230069,0.1,0.009116664319103145,1
EBC,-865,21.2,-18338.0,2107248.3,41966149.27875,0.0004104879334817829,0.041048793348178285,0.0004369712331287359,0.1,0.0041048793348178285,1
EBF,1274,19.81,25237.94,200077.4,3783866.5475000003,0.006367535763659464,0.6367535763659464,0.00666988110790395,0.1,0.06367535763659464,1
EBS,-6940,11.71,-81267.40000000001,956517.4,11552922.392500002,0.007255487458984018,0.7255487458984018,0.007034358687699459,0.1,0.07255487458984018,1
ECL,-88,283.65,-24961.199999999997,1142638.8,315879836.737,7.701471366104494e-05,0.007701471366104494,7.902118811332226e-05,0.1,0.0007701471366104493,1
ECPG,129,55.86,7205.94,164165.5,9146551.6685,0.0007857923863418319,0.07857923863418319,0.0007878313337272981,0.1,0.007857923863418319,1
ECVT,-255,10.79,-2751.45,1130516.45,12035207.296500001,0.00022556062762288864,0.022556062762288866,0.00022861675185272115,0.1,0.0022556062762288864,1
ED,-1879,105.42,-198084.18,1945678.45,199798538.046,0.0009657299745494946,0.09657299745494946,0.000991419566615621,0.1,0.009657299745494946,1
EE,-7733,36.04,-278697.32,424924.35,14285134.9505,0.018198533456602335,1.8198533456602335,0.01950960358202603,0.1,0.18198533456602334,1
EEFT,2759,72.28,199420.52,543091.45,40097985.526,0.00508017572362813,0.508017572362813,0.004973330140754662,0.1,0.050801757236281296,1
EEX,31586,5.36,169300.96000000002,43741.05,211252.09699999998,0.7221134380633295,72.21134380633295,0.8014167073569927,0.1,7.221134380633295,8
EFSC,-1765,58.71,-103623.15000000001,170693.05,9587627.50375,0.010340198385347266,1.0340198385347266,0.010808007503365143,0.1,0.10340198385347266,1
EFX,1722,199.17,342970.74,1712995.4,363659809.98499995,0.0010052566399185894,0.10052566399185894,0.000943108725746039,0.1,0.010052566399185893,1
EG,352,331.76,116779.51999999999,322724.2,105743204.64500001,0.0010907146101841758,0.10907146101841758,0.0011043690267573314,0.1,0.010907146101841757,1
EGBN,1614,27.27,44013.78,464254.35,11627065.864,0.003476542546128001,0.3476542546128001,0.003785458903804486,0.1,0.03476542546128001,1
EGP,-254,180.44,-45831.76,368110.75,67097591.11799999,0.0006900097321254541,0.06900097321254542,0.000683061183514007,0.1,0.006900097321254541,1
EGY,-319,4.97,-1585.4299999999998,1373464.65,6106017.335,0.00023225934500753262,0.023225934500753262,0.0002596504256403327,0.1,0.002322593450075326,1
EHC,1714,93.83,160824.62,1180106.05,117743389.71400002,0.0014524118404443396,0.14524118404443395,0.0013658908613948075,0.1,0.014524118404443394,1
EIG,-1095,44.52,-48749.4,276590.95,12241197.723000001,0.003958914780111207,0.39589147801112073,0.003982404426684873,0.1,0.03958914780111207,1
EIX,3167,60.75,192395.25,3159279.2,192449505.6615,0.001002443848584196,0.10024438485841959,0.000999718078457445,0.1,0.010024438485841959,1
EL,1412,118.76,167689.12,3478429.2,398529189.7145,0.0004059303550004697,0.04059303550004697,0.00042076998204354824,0.1,0.0040593035500046965,1
ELAN,-1240,24.75,-30690.0,4729902.25,114149095.21949999,0.00026216186603010664,0.026216186603010665,0.0002688588984519367,0.1,0.002621618660301066,1
ELF,-1068,86.15,-92008.20000000001,1816386.55,157092855.32100004,0.0005879805705454051,0.058798057054540505,0.0005856930909556167,0.1,0.00587980570545405,1
ELS,-3007,63.2,-190042.4,1836441.0,113978540.9205,0.001637406265706331,0.1637406265706331,0.0016673524548147579,0.1,0.01637406265706331,1
ELV,-438,341.83,-149721.53999999998,1817953.5,647094204.666,0.0002409302548167486,0.02409302548167486,0.00023137518296471112,0.1,0.002409302548167486,1
EME,-164,731.67,-119993.87999999999,343996.55,234710725.59400004,0.0004767489673951672,0.04767489673951672,0.0005112415706454082,0.1,0.004767489673951672,1
EMN,1132,71.48,80915.36,1808260.1,124028362.32549998,0.0006260161356211974,0.06260161356211974,0.000652394004749057,0.1,0.006260161356211973,1
EMR,-808,148.63,-120093.04,3190739.6,468822291.3884999,0.0002532328241389551,0.02532328241389551,0.000256158980078194,0.1,0.0025323282413895506,1
ENOV,370,22.17,8202.900000000001,1134837.5,27828584.756499995,0.0003260378688578761,0.03260378688578761,0.000294765259238849,0.1,0.003260378688578761,1
ENPH,364,36.47,13275.08,6519535.35,241609820.37999994,5.583219975945065e-05,0.005583219975945065,5.494428984352198e-05,0.1,0.0005583219975945064,1
ENR,-901,22.51,-20281.510000000002,1278554.7,26807745.221000005,0.0007047019576088532,0.07047019576088531,0.0007565541164615501,0.1,0.007047019576088532,1
ENS,1033,186.26,192406.58,425612.4,72876428.45650001,0.0024270909400196045,0.24270909400196045,0.0026401757615611967,0.1,0.024270909400196043,1
ENSG,798,172.56,137702.88,329185.95,57978585.684499994,0.002424161784547609,0.2424161784547609,0.0023750644893156393,0.1,0.02424161784547609,1
ENTA,426,13.19,5618.94,238411.85,3133102.2875,0.0017868239351357745,0.17868239351357745,0.0017934109659993025,0.1,0.017868239351357743,1
ENTG,-1415,119.48,-169064.2,3284175.05,367223645.56675,0.00043085401309531297,0.0430854013095313,0.0004603848418831443,0.1,0.004308540130953129,1
ENVA,213,172.37,36714.81,356789.15,57700045.376,0.0005969912481923848,0.059699124819238475,0.0006363046989088037,0.1,0.005969912481923847,1
ENVX,-104,6.85,-712.4,6517515.9,50200319.4765,1.5956999813379817e-05,0.0015956999813379817,1.419114474626983e-05,0.1,0.00015956999813379816,1
EOG,742,108.41,80440.22,4924083.4,531846573.98200005,0.0001506879432626994,0.015068794326269942,0.00015124703990802136,0.1,0.001506879432626994,1
EOLS,-59,4.91,-289.69,1566677.25,8263644.0315,3.765932006735912e-05,0.003765932006735912,3.505596307098142e-05,0.1,0.0003765932006735912,1
EPAC,2906,41.38,120250.28000000001,378240.1,15283974.085000003,0.007682950591436498,0.7682950591436498,0.007867736449384329,0.1,0.07682950591436498,1
EPAM,-376,210.42,-79117.92,683224.05,146730592.7785,0.0005503319152772798,0.05503319152772798,0.000539205345673441,0.1,0.0055033191527727975,1
EPC,-11019,19.56,-215531.63999999998,588980.45,10955564.9935,0.018708600599561497,1.8708600599561496,0.01967325647996029,0.1,0.18708600599561495,1
EPR,-5408,53.63,-290031.04000000004,837701.85,44837996.261,0.006455757498923991,0.6455757498923991,0.006468421075548117,0.1,0.0645575749892399,1
EPRT,7633,30.12,229905.96000000002,1857588.3,55982892.38199999,0.004109091341714415,0.4109091341714415,0.004106718145808433,0.1,0.041090913417144145,1
EQBK,2461,47.13,115986.93000000001,89748.3,4186190.2915000007,0.02742113221086082,2.742113221086082,0.027707037168260076,0.1,0.27421132210860816,1
EQH,15242,46.75,712563.5,2891417.85,135291429.96349996,0.005271462234349837,0.5271462234349836,0.0052668783247559825,0.1,0.052714622343498364,1
EQIX,-623,810.38,-504866.74,545262.25,435298264.259,0.0011425694700119072,0.11425694700119071,0.001159817948871046,0.1,0.01142569470011907,1
EQR,5219,61.61,321542.59,2507868.65,154225351.46899998,0.0020810499784348754,0.20810499784348754,0.0020848880351855225,0.1,0.020810499784348752,1
EQT,8270,54.75,452782.5,12774285.85,682876896.782,0.0006473943120663767,0.06473943120663767,0.0006630514257162595,0.1,0.0064739431206637665,1
ERIE,-373,281.93,-105159.89,179751.3,50612653.907,0.002075089303943838,0.2075089303943838,0.0020777391004476813,0.1,0.02075089303943838,1
ERII,-126,14.95,-1883.6999999999998,315308.4,4543229.34775,0.00039960876399106396,0.03996087639910639,0.0004146169730420693,0.1,0.003996087639910639,1
ES,3197,67.91,217108.27,2470379.1,170646875.58050004,0.0012941333579125568,0.1294133357912557,0.0012722663058520665,0.1,0.012941333579125568,1
ESAB,-1559,114.62,-178692.58000000002,373497.75,44130753.304,0.00417405459604509,0.417405459604509,0.004049162242236263,0.1,0.041740545960450896,1
ESE,-247,233.09,-57573.23,177430.55,38714469.525,0.0013920939770518663,0.13920939770518664,0.0014871243415287376,0.1,0.013920939770518663,1
ESI,14193,29.59,419970.87,1958254.9,56122103.469000004,0.007247779642987233,0.7247779642987233,0.007483163389126675,0.1,0.07247779642987233,1
ESNT,7405,63.69,471624.45,732132.95,45362074.7095,0.010114283204983468,1.0114283204983467,0.010396888877334122,0.1,0.10114283204983467,1
ESQ,-9,110.48,-994.32,96127.7,10384457.8835,9.362545863471195e-05,0.009362545863471195,9.575078556386539e-05,0.1,0.0009362545863471195,1
ESRT,-168,6.53,-1097.04,1508012.9,9812794.010499999,0.00011140488254443978,0.011140488254443979,0.00011179690502278276,0.1,0.0011140488254443978,1
ESS,266,248.46,66090.36,594796.6,150331024.58150002,0.00044721170228612605,0.044721170228612606,0.0004396322062194818,0.1,0.00447211702286126,1
ESTC,603,65.48,39484.44,1488650.4,107574344.3905,0.00040506488293020314,0.04050648829302032,0.00036704327805772724,0.1,0.004050648829302031,1
ETD,-1490,23.11,-34433.9,402729.9,9575737.974000001,0.003699750130298247,0.3699750130298247,0.0035959526141478354,0.1,0.03699750130298247,1
ETN,-467,359.44,-167858.48,3088860.4,1040595227.0475,0.00015118844477400145,0.015118844477400145,0.00016131006143115605,0.1,0.0015118844477400143,1
ETR,175,95.49,16710.75,2469502.5,233347286.55299997,7.086447573954673e-05,0.007086447573954673,7.161321756447552e-05,0.1,0.0007086447573954673,1
ETSY,965,53.61,51733.65,3125941.3,186547003.7065,0.00030870701250852023,0.030870701250852024,0.00027732233148806886,0.1,0.003087070125085202,1
EVCM,-222,12.03,-2670.66,135379.4,1640558.1785000002,0.0016398358982238066,0.16398358982238065,0.001627897160246914,0.1,0.016398358982238063,1
EVR,110,354.68,39014.8,371704.4,136289363.12500003,0.0002959340809524988,0.02959340809524988,0.00028626445311228684,0.1,0.002959340809524988,1
EVRG,-9878,75.96,-750332.8799999999,2218726.8,166730687.73000002,0.004452102890720931,0.44521028907209315,0.004500268608110538,0.1,0.04452102890720931,1
EVTC,-1381,30.21,-41720.01,392797.15,11683413.392999997,0.0035158096233641203,0.351580962336412,0.0035708751027329166,0.1,0.0351580962336412,1
EW,4675,82.65,386388.75,3750687.85,314242109.5435,0.0012464380366923897,0.12464380366923897,0.001229589346129669,0.1,0.012464380366923896,1
EWBC,-326,114.63,-37369.38,1237276.4,141783299.542,0.0002634819511630546,0.02634819511630546,0.00026356686662472675,0.1,0.0026348195116305457,1
EWTX,6020,28.89,173917.80000000002,1141404.0,31211100.675499998,0.005274206153123697,0.5274206153123697,0.005572305885915825,0.1,0.052742061531236964,1
EXC,2959,43.91,129929.68999999999,7649357.25,338079488.8035,0.00038682988691631577,0.03868298869163158,0.00038431698551081954,0.1,0.0038682988691631577,1
EXE,-4057,106.94,-433855.58,3611223.85,383129534.33650005,0.0011234418492223903,0.11234418492223903,0.001132399204752896,0.1,0.011234418492223902,1
EXEL,13390,42.81,573225.9,2586341.05,113069554.27350001,0.005177198111594757,0.5177198111594757,0.0050696750657868855,0.1,0.051771981115947566,1
EXLS,1073,39.77,42673.21000000001,1171753.75,48514786.347500004,0.0009157214133088971,0.0915721413308897,0.0008795918360712101,0.1,0.00915721413308897,1
EXP,-417,209.47,-87348.99,518058.6,114673008.623,0.0008049282455691307,0.08049282455691306,0.0007617223185202136,0.1,0.008049282455691305,1
EXPD,585,163.55,95676.75,1440122.9,230862267.30200005,0.000406215330649905,0.0406215330649905,0.00041443216822800006,0.1,0.00406215330649905,1
EXPE,585,276.67,161851.95,1717822.05,482706331.97949994,0.00034054749733827204,0.0340547497338272,0.00033530107081104895,0.1,0.0034054749733827203,1
EXPI,-469,,,,,,,,0.1,,
EXPO,-412,73.66,-30347.92,332682.15,24536928.901,0.0012384193140509642,0.12384193140509642,0.001236826341325999,0.1,0.012384193140509642,1
EXR,478,135.2,64625.59999999999,1425587.55,199860262.93450004,0.00033530034686400005,0.033530034686400007,0.00032335392264133895,0.1,0.0033530034686400003,1
EXTR,-5221,14.79,-77218.59,1794182.05,27377226.0515,0.002909961115707294,0.2909961115707294,0.002820541053163755,0.1,0.02909961115707294,1
EYE,-39,27.07,-1055.73,1188763.4,32221593.764500003,3.280720116383126e-05,0.003280720116383126,3.27646735203752e-05,0.1,0.00032807201163831255,1
EYPT,-8519,13.29,-113217.51,1009019.55,15751353.351000002,0.008442849298608734,0.8442849298608733,0.007187795707269318,0.1,0.08442849298608733,1
EZPW,3524,21.63,76224.12,763279.75,16272860.893000001,0.004616917977975965,0.4616917977975965,0.004684125336116458,0.1,0.04616917977975964,1
F,493,13.81,6808.33,65380479.35,906257178.4664999,7.540476987952827e-06,0.0007540476987952827,7.512580492350464e-06,0.1,7.540476987952826e-05,1
FA,-8031,13.7,-110024.7,593937.95,8528001.532000002,0.013521614505353633,1.3521614505353634,0.012901580702952432,0.1,0.13521614505353632,1
FAF,3533,63.95,225935.35,1107420.9,69016830.744,0.003190295577769934,0.3190295577769934,0.0032736268467332044,0.1,0.03190295577769934,1
FANG,-1169,158.64,-185450.15999999997,2083907.3,317144945.354,0.0005609654517741744,0.05609654517741743,0.0005847489065070827,0.1,0.005609654517741743,1
FAST,-18,44.8,-806.4,9687466.55,416720191.32000005,1.8580709318681465e-06,0.00018580709318681465,1.9351114171973592e-06,0.1,1.8580709318681463e-05,1
FBIN,-4769,54.4,-259433.6,1987116.2,113656673.43500002,0.002399960304284168,0.23999603042841683,0.002282607718132534,0.1,0.02399960304284168,1
FBK,-3597,58.76,-211359.72,302210.4,17717552.986999996,0.011902303825414346,1.1902303825414347,0.011929396805251955,0.1,0.11902303825414345,1
FBNC,-4563,58.68,-267756.84,307295.55,17522836.761500005,0.014848897095971614,1.4848897095971614,0.015280450514057022,0.1,0.14848897095971614,1
FBP,19428,22.49,436935.72,1549088.3,33366203.3675,0.01254157041919431,1.254157041919431,0.013095158450829099,0.1,0.1254157041919431,1
FBRX,-2958,34.49,-102021.42000000001,234036.4,7100393.8335,0.012639059565093293,1.2639059565093294,0.01436841707549489,0.1,0.1263905956509329,1
FCBC,-60,37.84,-2270.4,52811.65,1813335.1837499999,0.001136112959924562,0.1136112959924562,0.001252057545866829,0.1,0.01136112959924562,1
FCF,-4702,18.27,-85905.54,677901.85,11933850.475000001,0.006936107343563084,0.6936107343563084,0.007198476315750888,0.1,0.06936107343563083,1
FCFS,-412,171.69,-70736.28,260057.7,43547714.9735,0.0015842637999182489,0.15842637999182488,0.0016243396477414486,0.1,0.015842637999182486,1
FCN,-1309,176.81,-231444.29,218207.2,38901611.73349999,0.005998885462991138,0.5998885462991138,0.005949478175494013,0.1,0.05998885462991138,1
FCNCA,-154,2097.35,-322991.89999999997,104646.25,220577623.22200003,0.0014716246401567184,0.14716246401567185,0.0014643003913181404,0.1,0.014716246401567183,1
FCPT,3259,24.5,79845.5,954773.95,23180078.356,0.0034133733958703,0.34133733958703,0.003444574206080393,0.1,0.034133733958703,1
FCX,1536,60.76,93327.36,25349930.3,1511408431.698,6.0591882574130786e-05,0.006059188257413079,6.174860351622551e-05,0.1,0.0006059188257413078,1
FDP,4753,,,,,,,,0.1,,
FDS,-936,248.76,-232839.36,611616.7,169149942.39200002,0.0015303702465939862,0.1530370246593986,0.0013765263925446785,0.1,0.015303702465939862,1
FDX,-698,270.003,-188462.09399999998,1978486.15,496144075.98454,0.0003527949892396265,0.03527949892396265,0.0003798535609359418,0.1,0.003527949892396265,1
FE,-13913,46.99,-653771.87,4548406.8,210948501.749,0.0030588732740440016,0.30588732740440017,0.003099201295953737,0.1,0.030588732740440015,1
FELE,-394,102.07,-40215.579999999994,321053.5,32039909.725000005,0.0012272097952521932,0.12272097952521932,0.0012551714516417848,0.1,0.012272097952521932,1
FERG,-1687,254.94,-430083.77999999997,1242359.3,303149511.1065,0.001357900246732165,0.13579002467321652,0.0014187183691314166,0.1,0.01357900246732165,1
FET,-971,45.69,-44364.99,190466.05,8105652.843999999,0.005098021405914597,0.5098021405914598,0.005473339514267508,0.1,0.05098021405914597,1
FFBC,-2888,29.17,-84242.96,1209619.75,32785537.2995,0.002387527154711222,0.2387527154711222,0.002569515918876973,0.1,0.02387527154711222,1
FFIN,-138,32.41,-4472.58,873373.25,27983195.5225,0.0001580080452429703,0.01580080452429703,0.00015983092411314513,0.1,0.0015800804524297028,1
FFIV,631,280.72,177134.32,1171690.4,319380945.87100005,0.0005385381667375614,0.05385381667375615,0.0005546176823946963,0.1,0.005385381667375614,1
FG,6550,29.78,195059.0,944850.35,26967997.9105,0.006932314731110593,0.6932314731110594,0.007232980388360743,0.1,0.06932314731110593,1
FHB,-2911,26.38,-76792.18,1615987.45,43538333.219,0.0018013753757803008,0.18013753757803008,0.0017637831842053182,0.1,0.018013753757803008,1
FHI,-288,53.72,-15471.36,633242.6,33730144.16849999,0.00045480199847578167,0.045480199847578166,0.0004586805180171285,0.1,0.0045480199847578165,1
FHN,21787,24.82,540753.34,6730247.55,164085265.58499998,0.0032371766176713663,0.3237176617671366,0.003295563060291219,0.1,0.03237176617671366,1
FIBK,-28,36.81,-1030.68,1162336.4,42743914.9725,2.408941163676884e-05,0.002408941163676884,2.4112905911007568e-05,0.1,0.0002408941163676884,1
FICO,212,1450.91,307592.92000000004,307050.9,477352275.50299996,0.0006904392724463598,0.06904392724463598,0.0006443730045612131,0.1,0.006904392724463597,1
FIS,7921,56.08,444209.68,3860571.15,234110977.00100002,0.002051768946157099,0.2051768946157099,0.0018974320883642399,0.1,0.02051768946157099,1
FISI,6549,33.95,222338.55000000002,138272.45,4471379.217999999,0.04736301410729324,4.7363014107293235,0.04972482519598275,0.1,0.4736301410729324,1
FISV,-2157,62.94,-135761.58,9355000.2,623824198.455,0.00023057188176222595,0.023057188176222595,0.00021762794764331868,0.1,0.0023057188176222594,1
FITB,10253,51.95,532643.35,15446222.4,775298764.4665,0.0006637868945872487,0.06637868945872487,0.0006870168951791422,0.1,0.006637868945872486,1
FIVE,501,197.8,99097.8,1188458.6,232580389.98149997,0.0004215544403481955,0.04215544403481955,0.00042607977399935777,0.1,0.004215544403481954,1
FIVN,2355,17.98,42342.9,2035705.25,37790264.985,0.0011568472400412585,0.11568472400412586,0.0011204711059000796,0.1,0.011568472400412585,1
FIX,59,1176.26,69399.34,400782.65,436207974.1175,0.00014721196139603349,0.014721196139603349,0.0001590969081672636,0.1,0.0014721196139603349,1
FIZZ,-228,34.53,-7872.84,280788.15,9338018.526499998,0.0008120000790631655,0.08120000790631655,0.0008430953502242445,0.1,0.008120000790631654,1
FLEX,514,64.68,33245.520000000004,3221278.1,205519986.78474998,0.0001595639941798257,0.01595639941798257,0.00016176295318089663,0.1,0.0015956399417982568,1
FLG,15070,13.5,203445.0,5366469.1,69500330.569,0.0028081779134813242,0.28081779134813245,0.0029272522639013864,0.1,0.02808177913481324,1
FLO,-104,11.25,-1170.0,4115555.2,44668834.682000004,2.5269980584879532e-05,0.002526998058487953,2.619275851562498e-05,0.1,0.0002526998058487953,1
FLR,-4169,46.88,-195442.72,2617955.6,117535184.0695,0.001592463982200462,0.1592463982200462,0.0016628443775987308,0.1,0.015924639822004618,1
FLS,7426,79.2,588139.2000000001,1228031.4,93187664.55899999,0.006047076646411484,0.6047076646411484,0.006311341772361201,0.1,0.06047076646411484,1
FLYW,-14823,12.58,-186473.34,1111452.15,15408156.375000004,0.013336606528675122,1.3336606528675121,0.012102248670227423,0.1,0.1333660652867512,1
FMBH,-7885,43.58,-343628.3,112388.7,4647134.08875,0.07015829883253388,7.015829883253389,0.07394413275740665,0.1,0.7015829883253388,1
FMC,-15004,15.65,-234812.6,3823944.4,58987088.65799999,0.003923697216936523,0.3923697216936523,0.003980745707953397,0.1,0.039236972169365225,1
FN,423,499.61,211335.03,713515.55,341832563.22749996,0.0005928392170289771,0.05928392170289771,0.0006182413635629854,0.1,0.00592839217028977,1
FNB,4021,17.84,71734.64,6301739.95,110095165.29,0.0006380777423225786,0.06380777423225786,0.0006515693928161593,0.1,0.006380777423225786,1
FND,-154,65.64,-10108.56,2752271.05,196434316.43150002,5.595379132444096e-05,0.005595379132444097,5.14602549271223e-05,0.1,0.0005595379132444096,1
FNF,-757,55.14,-41740.98,1633369.9,88244706.3125,0.00046345901194824274,0.04634590119482428,0.0004730139828692175,0.1,0.0046345901194824275,1
FOR,-10439,26.92,-281017.88,177161.55,4586559.056999999,0.05892362084210711,5.892362084210711,0.061269870617082965,0.1,0.589236208421071,1
FORM,-2107,71.27,-150165.88999999998,1560639.65,114502585.38250001,0.0013500874465159206,0.13500874465159207,0.0013114628765661966,0.1,0.013500874465159206,1
FOUR,-683,58.5,-39955.5,2032798.25,129542332.61050001,0.00033599005705558827,0.03359900570555883,0.00030843585409362484,0.1,0.0033599005705558824,1
FOXA,9230,72.38,668067.3999999999,3209034.0,234773535.69049996,0.0028762549726802523,0.2876254972680252,0.0028455822247389403,0.1,0.028762549726802523,1
FOXF,6447,18.39,118560.33,555649.2,10405156.3405,0.011602644258283825,1.1602644258283825,0.011394382373528354,0.1,0.11602644258283824,1
FPI,-77,11.27,-867.79,486901.65,5210550.111499999,0.00015814282001303548,0.015814282001303546,0.00016654479496986988,0.1,0.0015814282001303547,1
FR,7361,57.51,423331.11,1004086.0,58470794.04450001,0.00733104534870519,0.733104534870519,0.007240043801659646,0.1,0.0733104534870519,1
FRME,1142,40.89,46696.38,343095.65,13276313.386499997,0.0033285178637502398,0.332851786375024,0.003517270091521277,0.1,0.0332851786375024,1
FRPT,-92,70.01,-6440.92,1151031.05,78046069.7525,7.992833903134064e-05,0.007992833903134064,8.252715377501353e-05,0.1,0.0007992833903134063,1
FRSH,6144,10.66,65495.04,4203270.55,48193637.160749994,0.0014617188988703094,0.14617188988703095,0.0013589976573368209,0.1,0.014617188988703093,1
FRT,1475,100.33,147986.75,810335.95,82261872.8805,0.0018202327071876795,0.18202327071876795,0.001798971319495449,0.1,0.018202327071876793,1
FSK,210,13.54,2843.3999999999996,2305169.0,32791189.4365,9.109961135170567e-05,0.009109961135170567,8.671231659669533e-05,0.1,0.0009109961135170567,1
FSLR,986,230.55,227322.30000000002,2559953.35,615552696.218,0.0003851632686978456,0.03851632686978456,0.0003692978706724616,0.1,0.0038516326869784557,1
FSS,-2400,112.03,-268872.0,384043.95,43494262.966000006,0.006249284749831367,0.6249284749831368,0.006181780806590067,0.1,0.062492847498313665,1
FTAI,495,274.39,135823.05,2090670.9,552994049.014,0.00023676610221149585,0.023676610221149585,0.00024561394510876804,0.1,0.0023676610221149584,1
FTDR,20,58.38,1167.6000000000001,502747.2,29906089.716000002,3.978142493881617e-05,0.003978142493881617,3.904221551824358e-05,0.1,0.0003978142493881617,1
FTI,-7009,56.45,-395658.05000000005,3252762.2,170468702.66899997,0.002154784017103986,0.21547840171039861,0.0023210011210576965,0.1,0.021547840171039858,1
FTK,-147,17.64,-2593.08,373143.95,6596407.704,0.0003939498416093842,0.03939498416093842,0.0003931048710690791,0.1,0.003939498416093842,1
FTNT,1440,81.29,117057.6,6498033.7,512876154.4245001,0.00022160549890653844,0.022160549890653844,0.00022823755596777684,0.1,0.002216054989065384,1
FTV,1364,53.7,73246.8,3467489.2,188193973.74300003,0.0003933682042902974,0.039336820429029744,0.00038920906202887624,0.1,0.003933682042902974,1
FUL,-2199,60.98,-134095.02,547011.4,33855924.52,0.004020025908052373,0.40200259080523726,0.003960754931408973,0.1,0.04020025908052373,1
FULT,9841,21.03,206956.23,1938886.55,39196010.8185,0.005075593515257507,0.5075593515257506,0.005280032984946504,0.1,0.050755935152575066,1
FUN,-7107,18.24,-129631.68,2727903.9,45509039.476500005,0.0026052970561023063,0.26052970561023064,0.002848482004700172,0.1,0.026052970561023063,1
FWONK,6981,85.5,596875.5,1969978.9,176350484.83024997,0.0035436927776231514,0.35436927776231514,0.0033845980098922645,0.1,0.03543692777623151,1
FWRD,-20,28.98,-579.6,527249.8,14548897.6195,3.79326839004965e-05,0.00379326839004965,3.983806987707149e-05,0.1,0.000379326839004965,1
G,1718,44.13,75815.34000000001,1405445.4,64543458.72550001,0.0012223882905732233,0.12223882905732233,0.0011746401803851066,0.1,0.012223882905732232,1
GABC,-9038,43.2,-390441.60000000003,138745.5,5663248.3774999995,0.06514085141500085,6.514085141500085,0.06894304716551346,0.1,0.6514085141500084,1
GAP,14300,28.67,409981.0,8007453.95,218978403.26349998,0.001785836058414048,0.17858360584140479,0.001872243992512192,0.1,0.01785836058414048,1
GATX,395,181.98,71882.09999999999,189365.65,34120445.343,0.002085911568439155,0.2085911568439155,0.002106716347849399,0.1,0.020859115684391548,1
GBCI,-154,50.71,-7809.34,1132598.45,54967785.576,0.00013597051982545093,0.013597051982545093,0.00014207121349654132,0.1,0.0013597051982545093,1
GBTG,7613,6.68,50854.84,1269482.65,9544889.791500002,0.005996931112055766,0.5996931112055767,0.005327965132220561,0.1,0.05996931112055766,1
GBX,31,51.34,1591.5400000000002,593556.6,29636037.1105,5.2227538199389914e-05,0.005222753819938992,5.37028616230245e-05,0.1,0.0005222753819938991,1
GCMG,23876,11.41,272425.16,494795.5,5728430.164,0.04825427878790328,4.825427878790328,0.04755668694576059,0.1,0.4825427878790328,1
GCO,-1819,28.97,-52696.43,270300.55,8819987.2225,0.006729546055307694,0.6729546055307694,0.005974660582905396,0.1,0.06729546055307693,1
GD,1070,346.37,370615.9,1640055.15,586908617.1544999,0.0006524170848766884,0.06524170848766885,0.0006314712191428564,0.1,0.006524170848766884,1
GDDY,-1191,100.16,-119290.56,1577292.35,169065400.58049998,0.0007550914705190828,0.07550914705190828,0.0007055882492243004,0.1,0.007550914705190828,1
GE,1905,308.71,588092.5499999999,6394766.4,1975326994.9369998,0.0002978998576085594,0.02978998576085594,0.00029771908727382944,0.1,0.002978998576085594,1
GEF,27,71.7,1935.9,209071.5,14909057.205499997,0.0001291424225683558,0.01291424225683558,0.00012984724475306465,0.1,0.001291424225683558,1
GEHC,-476,80.11,-38132.36,3471684.3,286383935.278,0.00013710924118301887,0.013710924118301887,0.00013315118378754023,0.1,0.0013710924118301886,1
GEN,12744,23.79,303179.76,4963127.95,125519487.3015,0.002567735534603737,0.25677355346037367,0.002415399923294436,0.1,0.025677355346037368,1
GEO,-7732,15.84,-122474.88,1769835.75,29990079.121999998,0.004368766988688075,0.4368766988688075,0.004083846511433689,0.1,0.04368766988688074,1
GFF,2552,81.14,207069.28,236311.75,19251251.332,0.010799293729575445,1.0799293729575445,0.010756146518943594,0.1,0.10799293729575445,1
GFS,-2754,42.18,-116163.72,4001631.25,170818044.20999998,0.0006882193355522201,0.06882193355522201,0.0006800436132917601,0.1,0.006882193355522201,1
GGG,-1259,88.48,-111396.32,961014.35,83182838.635,0.0013100740899446507,0.13100740899446509,0.0013391743035940215,0.1,0.013100740899446506,1
GH,-2288,114.9,-262891.2,2042643.25,227652846.96199998,0.0011201172794123497,0.11201172794123497,0.0011547898631985131,0.1,0.011201172794123497,1
GHC,192,1187.67,228032.64,15647.35,18036044.2635,0.012270448350679189,1.2270448350679188,0.012643162584241125,0.1,0.12270448350679188,1
GHM,904,73.28,66245.12,105486.95,7561029.3555,0.008569780432555876,0.8569780432555876,0.008761389076186083,0.1,0.08569780432555875,1
GIC,1604,31.4,50365.6,87126.25,2689813.9355,0.018410065852713733,1.8410065852713733,0.0187245665342416,0.1,0.1841006585271373,1
GIII,382,29.98,11452.36,376887.45,11081575.6065,0.001013565190350594,0.10135651903505939,0.0010334595374039152,0.1,0.01013565190350594,1
GILD,-3515,142.89,-502258.35,7869066.2,1024471452.9030001,0.0004466857833779566,0.04466857833779566,0.0004902609521981041,0.1,0.004466857833779566,1
GIS,-2835,45.62,-129332.7,8650697.35,384783161.326,0.0003277192445069183,0.03277192445069183,0.00033611839861782673,0.1,0.003277192445069183,1
GKOS,-2828,117.47,-332205.16,898651.7,105354903.3655,0.003146936683033037,0.3146936683033037,0.003153200747073965,0.1,0.03146936683033037,1
GL,-519,143.44,-74445.36,519329.9,72720386.31099999,0.000999364758316438,0.0999364758316438,0.001023720634288477,0.1,0.00999364758316438,1
GLDD,-4817,15.12,-72833.04,999931.0,14901757.774500001,0.00481733239593532,0.481733239593532,0.004887546898972713,0.1,0.0481733239593532,1
GLNG,2492,41.21,102695.32,1051809.65,41740003.95600001,0.0023692499873907797,0.23692499873907796,0.0024603572177006906,0.1,0.023692499873907796,1
GLOB,-6,65.79,-394.74,1230765.3,83045163.91600001,4.875015569580975e-06,0.0004875015569580975,4.753317127524471e-06,0.1,4.8750155695809746e-05,1
GLPI,5437,44.37,241239.68999999997,2460849.2,110993312.004,0.0022093999095921845,0.22093999095921846,0.0021734614964125597,0.1,0.022093999095921843,1
GLW,-2085,110.36,-230100.6,8169281.8,804711899.0339999,0.00025522439438923505,0.025522439438923506,0.0002859415901221538,0.1,0.00255224394389235,1
GM,3125,84.27,263343.75,9439591.1,781330440.3525,0.00033105247535563276,0.03310524753556328,0.00033704529658564375,0.1,0.0033105247535563276,1
GME,-10464,25.85,-270494.4,10203244.3,236009003.034,0.0010255561557023583,0.10255561557023583,0.0011461189892024244,0.1,0.010255561557023582,1
GMED,4530,89.7,406341.0,1553446.2,143763867.7715,0.0029160971265049284,0.29160971265049285,0.0028264473285168094,0.1,0.029160971265049282,1
GMRE,652,,,,,,,,0.1,,
GNL,-10409,9.33,-97115.97,2032634.4,18715704.449,0.005120940588233674,0.5120940588233673,0.0051890095969745345,0.1,0.05120940588233673,1
GNRC,775,170.96,132494.0,1099965.8,178954437.8275,0.0007045673601851984,0.07045673601851984,0.0007403783980351205,0.1,0.007045673601851984,1
GNTX,10292,23.76,244537.92,2762552.7,65873832.00700001,0.003725539787892553,0.3725539787892553,0.003712216407480507,0.1,0.037255397878925525,1
GNW,241,8.47,2041.2700000000002,4111897.9,35155486.8355,5.861040469900773e-05,0.0058610404699007725,5.806405155336169e-05,0.1,0.0005861040469900772,1
GO,6384,9.29,59307.35999999999,2457237.8,23606260.4635,0.002598039147859438,0.25980391478594383,0.0025123572660608836,0.1,0.02598039147859438,1
GOGO,-23337,4.45,-103849.65000000001,2217372.2,10765005.228499997,0.010524620088589547,1.0524620088589547,0.009646966981963137,0.1,0.10524620088589547,1
GOLF,-1439,98.19,-141295.41,355038.45,32258115.905,0.004053082138005052,0.40530821380050525,0.004380150732178976,0.1,0.04053082138005052,1
GOOD,-654,11.61,-7592.94,451466.55,5135790.244999999,0.0014486123058286378,0.14486123058286376,0.0014784365477916827,0.1,0.014486123058286378,1
GOOG,-751,344.9,-259019.9,20905807.8,6913476764.3015,3.5923031876338206e-05,0.0035923031876338206,3.746593918380949e-05,0.1,0.00035923031876338205,1
GPC,1911,141.26,269947.86,1124467.7,150530496.62999997,0.001699470780708063,0.1699470780708063,0.001793310100235202,0.1,0.01699470780708063,1
GPI,19,351.89,6685.91,197937.5,76193136.9765,9.598989580044206e-05,0.009598989580044206,8.774950429015822e-05,0.1,0.0009598989580044206,1
GPK,18490,14.78,273282.2,5086607.4,77335965.77149999,0.003635035800089466,0.3635035800089466,0.003533701264007626,0.1,0.03635035800089466,1
GPN,-1249,71.99,-89915.51,3338334.7,250912171.36549997,0.0003741386386451903,0.03741386386451903,0.0003583545170832762,0.1,0.0037413863864519032,1
GPOR,-1194,194.51,-232244.94,306553.45,57191312.261000015,0.003894916204661862,0.38949162046618624,0.004060842999022647,0.1,0.03894916204661862,1
GPRE,9155,11.64,106564.20000000001,1189066.25,13376334.577999998,0.0076993186880882376,0.7699318688088238,0.007966621900686135,0.1,0.07699318688088237,1
GPRO,-3701,1.09,-4034.09,2406530.2,3190965.8855,0.0015378988387513275,0.15378988387513276,0.0012642222276117781,0.1,0.015378988387513275,1
GRBK,2129,69.66,148306.13999999998,220905.5,15485404.800500002,0.00963760522033177,0.9637605220331771,0.009577156161601368,0.1,0.0963760522033177,1
GRC,-29,56.38,-1635.02,101980.85,5378960.801,0.0002843671140218972,0.028436711402189722,0.0003039657771248369,0.1,0.002843671140218972,1
GRMN,3202,206.92,662557.84,901036.6,186981772.6075,0.003553684722684961,0.3553684722684961,0.003543435441650232,0.1,0.035536847226849605,1
GRND,-3916,11.0,-43076.0,1327616.9,16250812.4245,0.002949646091428936,0.2949646091428936,0.002650698246633989,0.1,0.029496460914289358,1
GRPN,-1963,14.41,-28286.83,968797.1,15439766.37,0.002026224066938268,0.2026224066938268,0.0018320762971493073,0.1,0.02026224066938268,1
GS,158,946.33,149520.14,2439493.25,2303261500.9585004,6.47675495720269e-05,0.00647675495720269,6.491670178908358e-05,0.1,0.0006476754957202689,1
GSAT,2439,60.78,148242.42,700446.25,43859617.778,0.0034820658972762007,0.3482065897276201,0.00337992959150589,0.1,0.03482065897276201,1
GSBC,406,62.41,25338.46,60542.4,3778299.9669999992,0.006706044028647691,0.6706044028647692,0.006706312421276318,0.1,0.06706044028647691,1
GSHD,-827,60.17,-49760.590000000004,236168.3,16245705.154499998,0.0035017400726515798,0.35017400726515796,0.0030629996991061057,0.1,0.035017400726515796,1
GSIT,13037,7.23,94257.51000000001,1770401.55,13684494.868999999,0.007363866124044005,0.7363866124044005,0.006887905684668354,0.1,0.07363866124044005,1
GSM,-13209,4.88,-64459.92,1114631.55,5570993.739,0.011850552767863067,1.1850552767863067,0.011570632282126856,0.1,0.11850552767863066,1
GT,-8987,9.33,-83848.71,5458276.8,50559458.164000005,0.0016464903355579183,0.16464903355579183,0.0016584178914263571,0.1,0.01646490335557918,1
GTES,11050,23.72,262106.0,2259539.5,51852404.337,0.004890376999384167,0.48903769993841667,0.005054847568813133,0.1,0.04890376999384166,1
GTLB,-1144,35.35,-40440.4,5254611.05,189015942.12025005,0.00021771354513480117,0.021771354513480116,0.00021395232352555864,0.1,0.0021771354513480117,1
GTM,98,7.81,765.38,5243152.35,47881298.276999995,1.8691045664541868e-05,0.0018691045664541868,1.598494668152417e-05,0.1,0.00018691045664541867,1
GTN,-33257,4.54,-150986.78,1278618.45,5651536.101499999,0.026010104890946944,2.6010104890946946,0.026716060428230465,0.1,0.26010104890946945,1
GTX,-8789,18.24,-160311.36,2434612.5,44655935.979499996,0.00361002007506328,0.361002007506328,0.003589922738907397,0.1,0.0361002007506328,1
GTY,614,29.65,18205.1,469577.75,13663564.857500002,0.0013075576941198768,0.1307557694119877,0.0013323828876186088,0.1,0.013075576941198767,1
GVA,1110,123.59,137184.9,631198.95,76255727.59899999,0.001758558058437835,0.1758558058437835,0.0017990110948964183,0.1,0.017585580584378348,1
GWRE,-2213,138.92,-307429.95999999996,1589016.65,260322590.18450004,0.0013926852182448812,0.13926852182448812,0.0011809576717184368,0.1,0.013926852182448811,1
GWW,-674,1096.18,-738825.3200000001,248912.45,262478160.172,0.0027077793818669977,0.27077793818669976,0.002814806837703576,0.1,0.027077793818669975,1
GXO,2755,56.94,156869.69999999998,1104973.1,62790859.06500001,0.0024932733656593087,0.24932733656593087,0.002498288800884396,0.1,0.024932733656593084,1
H,-728,154.9,-112767.2,718615.4,117471763.58600001,0.001013059280388369,0.1013059280388369,0.000959951536927801,0.1,0.01013059280388369,1
HAE,11,65.78,723.58,846823.2,61940735.93800001,1.298972441945379e-05,0.001298972441945379,1.1681811477414028e-05,0.1,0.00012989724419453787,1
HAFC,2744,27.44,75295.36,306780.9,8465344.905000001,0.008944494262843612,0.8944494262843612,0.008894541314616405,0.1,0.08944494262843612,1
HAIN,84416,1.24,104675.84,2156640.9,2567577.1649999996,0.03914235327726558,3.9142353277265585,0.04076833266274979,0.1,0.3914235327726558,1
HAL,-10954,32.83,-359619.82,17433538.7,568756033.4,0.0006283291182873848,0.06283291182873849,0.0006322918771519796,0.1,0.006283291182873848,1
HALO,-913,74.45,-67972.85,1860223.7,134401510.95549998,0.0004908011869755234,0.04908011869755234,0.0005057446863265224,0.1,0.004908011869755233,1
HAS,-3633,93.84,-340920.72000000003,1779234.4,156474229.70275,0.0020418894778563186,0.20418894778563185,0.0021787659261696844,0.1,0.020418894778563186,1
HASI,-6218,34.44,-214147.91999999998,906394.05,30581779.6265,0.006860150946489553,0.6860150946489553,0.007002467567794341,0.1,0.06860150946489553,1
HAYW,16248,16.1,261592.80000000002,1495200.5,24470826.7875,0.010866770041877328,1.0866770041877327,0.010689986172989661,0.1,0.10866770041877327,1
HBAN,19980,17.88,357242.39999999997,43743559.4,775276461.741,0.00045675295458466966,0.045675295458466963,0.000460793558981216,0.1,0.004567529545846697,1
HBNC,11750,17.96,211030.0,371375.7,6496308.538,0.031639119091529146,3.1639119091529144,0.03248460241159808,0.1,0.31639119091529144,1
HCA,713,496.85,354254.05,1170493.15,563417286.6435001,0.0006091449574053467,0.06091449574053467,0.0006287596394324918,0.1,0.006091449574053467,1
HCC,92,89.34,8219.28,941921.15,89814205.381,9.767271920797191e-05,0.009767271920797191,9.151425395496259e-05,0.1,0.000976727192079719,1
HCI,16,157.34,2517.44,183290.5,30579374.418,8.729312212034993e-05,0.008729312212034993,8.232477112148357e-05,0.1,0.0008729312212034993,1
HCKT,25364,18.7,474306.8,188704.7,3710788.7495000004,0.1344110666030046,13.44110666030046,0.1278183243559497,0.1,1.3441106660300457,2
HCSG,3041,19.23,58478.43,568477.3,10763945.894,0.005349378066635202,0.5349378066635202,0.00543280601518044,0.1,0.05349378066635201,1
HD,-1161,378.12,-438997.32,4550658.15,1694746935.485,0.0002551279313301088,0.02551279313301088,0.00025903414297921034,0.1,0.002551279313301088,1
HE,-586,15.19,-8901.34,3555049.45,51395914.18300001,0.00016483596311156796,0.016483596311156794,0.00017319158811546649,0.1,0.0016483596311156795,1
HEI,467,332.26,155165.41999999998,452632.95,156009355.828,0.0010317410608308565,0.10317410608308565,0.0009945904793752852,0.1,0.010317410608308564,1
HELE,-4184,17.84,-74642.56,964239.2,18322950.4715,0.004339172271776547,0.4339172271776547,0.004073719465437676,0.1,0.043391722717765466,1
HFWA,-12584,26.45,-332846.8,274313.7,7024417.260000001,0.045874486035513355,4.587448603551335,0.04738425803594702,0.1,0.4587448603551335,1
HGV,394,46.11,18167.34,715308.0,33048517.9265,0.0005508116783259798,0.055081167832597984,0.0005497172381649373,0.1,0.005508116783259798,1
HHH,-1284,79.64,-102257.76,330444.0,26984792.6835,0.00388568108363293,0.38856810836329303,0.003789458796269577,0.1,0.0388568108363293,1
HIFS,325,303.99,98796.75,72156.45,21072092.437750004,0.0045041018509086855,0.45041018509086855,0.0046885116080360705,0.1,0.04504101850908685,1
HIG,-4411,137.17,-605056.87,1520557.35,202188033.79549998,0.002900909985407653,0.2900909985407653,0.0029925453976765784,0.1,0.02900909985407653,1
HII,314,420.3,131974.2,627833.9,254739089.40300003,0.0005001322802097816,0.050013228020978164,0.0005180759667049582,0.1,0.005001322802097816,1
HIMS,-417,26.44,-11025.480000000001,17013054.95,525489798.35600007,2.4510589146130983e-05,0.0024510589146130982,2.0981339760530695e-05,0.1,0.0002451058914613098,1
HIW,182,25.27,4599.14,1219085.4,32422837.034499995,0.0001492922481066544,0.014929224810665439,0.00014184878377873652,0.1,0.0014929224810665438,1
HL,4618,21.55,99517.90000000001,31333122.85,812005737.6715,0.0001473839687830541,0.014738396878305412,0.00012255812414007887,0.1,0.001473839687830541,1
HLF,1105,17.4,19227.0,1599741.8,25538120.6125,0.0006907364675974585,0.06907364675974585,0.0007528745083375112,0.1,0.006907364675974585,1
HLI,-2836,168.36,-477468.96,530482.85,95987375.8425,0.005346072922055822,0.5346072922055822,0.004974289127181167,0.1,0.053460729220558216,1
HLIO,-2187,67.26,-147097.62000000002,347597.4,21940890.310500003,0.006291761676007933,0.6291761676007933,0.006704268510453524,0.1,0.06291761676007933,1
HLIT,-2424,9.97,-24167.280000000002,1010908.75,10164072.385,0.002397842535243661,0.23978425352436608,0.0023777162425235917,0.1,0.02397842535243661,1
HLMN,9153,9.71,88875.63,1172220.9,11278200.289,0.007808255252913509,0.7808255252913509,0.007880302505948872,0.1,0.07808255252913508,1
HLNE,-410,141.38,-57965.799999999996,475644.35,70192673.614,0.0008619885845380063,0.08619885845380063,0.0008258098319315004,0.1,0.008619885845380062,1
HLT,-2476,302.93,-750054.68,1942183.1,577282616.3335,0.0012748540546975206,0.12748540546975207,0.0012992850620790015,0.1,0.012748540546975206,1
HLX,2384,8.06,19215.04,1700830.75,12601112.578,0.0014016679790155486,0.14016679790155487,0.0015248685289541107,0.1,0.014016679790155485,1
HMN,423,44.88,18984.24,237816.9,10413432.397499997,0.0017786793116889507,0.17786793116889507,0.0018230530794589533,0.1,0.017786793116889507,1
HNI,-194,48.7,-9447.800000000001,494975.35,22780738.702999998,0.0003919387096751384,0.03919387096751384,0.0004147275522174274,0.1,0.003919387096751384,1
HNRG,7021,17.94,125956.74,579822.0,11108324.805,0.012108888589946569,1.210888858994657,0.011338950040721284,0.1,0.12108888589946569,1
HOG,3756,19.56,73467.36,2915383.15,59723498.98349999,0.0012883383784392114,0.12883383784392113,0.0012301248461731465,0.1,0.012883383784392114,1
HOMB,3691,29.21,107814.11,1419419.0,40737317.22349999,0.0026003597246479016,0.26003597246479015,0.002646568732263146,0.1,0.026003597246479014,1
HON,-1944,238.5357,-463713.4008,2614118.9,590895173.6051948,0.0007436540090047166,0.07436540090047167,0.0007847642382501994,0.1,0.007436540090047166,1
HOOD,-4602,89.91,-413765.82,23177309.0,2506148745.622,0.00019855626897842196,0.019855626897842198,0.00016510026418934987,0.1,0.0019855626897842195,1
HOPE,5354,12.21,65372.340000000004,1053852.85,12326813.198000003,0.005080405675232552,0.5080405675232552,0.0053032636213394165,0.1,0.050804056752325515,1
HOV,570,111.66,63646.2,98715.95,11407630.5835,0.005774142881672111,0.5774142881672111,0.005579265521804141,0.1,0.057741428816721105,1
HP,-2822,34.25,-96653.5,1707988.0,55188789.136,0.0016522364325744676,0.16522364325744676,0.0017513248888613921,0.1,0.016522364325744675,1
HPE,4746,22.01,104459.46,17014310.2,373076385.5045,0.0002789416640587639,0.027894166405876393,0.0002799948323149497,0.1,0.002789416640587639,1
HPP,30258,8.67,262336.86,1204833.45,11571689.2675,0.025113844573289364,2.5113844573289366,0.022670575914684618,0.1,0.2511384457328936,1
HPQ,30948,19.81,613079.88,18269289.15,371894292.25100005,0.0016939903761937012,0.1693990376193701,0.001648532641598646,0.1,0.016939903761937013,1
HQY,-1931,87.07,-168132.16999999998,1154244.45,100869431.47,0.0016729558457049545,0.16729558457049545,0.0016668297575366516,0.1,0.016729558457049543,1
HR,8801,16.52,145392.52,3247379.8,55218199.852,0.0027101849928363787,0.27101849928363786,0.002633054326104292,0.1,0.027101849928363786,1
HRB,9651,38.72,373686.72,1847814.05,76063908.13000001,0.0052229281404154275,0.5222928140415427,0.004912799370778267,0.1,0.052229281404154275,1
HRI,-946,149.81,-141720.26,504685.05,80178348.2245,0.001874436344012964,0.1874436344012964,0.0017675627290697257,0.1,0.01874436344012964,1
HRL,4392,24.46,107428.32,5024417.75,120732083.40200002,0.0008741311368864581,0.08741311368864581,0.0008898075554804877,0.1,0.008741311368864581,1
HRMY,560,37.84,21190.4,645019.45,23779301.928999998,0.0008681908739341116,0.08681908739341117,0.0008911279255913435,0.1,0.008681908739341116,1
HRTG,1220,26.56,32403.199999999997,293230.4,7680414.9580000015,0.004160550884219371,0.4160550884219371,0.004218938713232998,0.1,0.04160550884219371,1
HSIC,6256,75.31,471139.36,1223439.7,94615886.3795,0.005113451852183643,0.5113451852183643,0.004979495283807642,0.1,0.051134518521836425,1
HST,-3172,18.67,-59221.240000000005,8296463.0,153177675.351,0.0003823316032386331,0.03823316032386331,0.00038661795763839015,0.1,0.003823316032386331,1
HSTM,-896,21.93,-19649.28,289306.8,6407760.7445,0.0030970582094855706,0.30970582094855703,0.0030664815344214665,0.1,0.030970582094855703,1
HSY,-1218,198.01,-241176.18,1861671.3,357407200.95750004,0.00065425083364609,0.065425083364609,0.000674793846777247,0.1,0.0065425083364609,1
HTB,-8391,44.19,-370798.29,66563.45,2883510.4435,0.12606017266232444,12.606017266232444,0.12859266413820428,0.1,1.2606017266232443,2
HTH,-4570,37.96,-173477.2,336995.55,12186929.373999998,0.01356100993024982,1.356100993024982,0.014234693143467465,0.1,0.1356100993024982,1
HTLD,-49,10.77,-527.73,521385.2,5407795.022000002,9.39804198508128e-05,0.00939804198508128,9.758690887008252e-05,0.1,0.0009398041985081279,1
HTO,-4199,52.51,-220489.49,333869.05,17404935.997500002,0.012576787216425123,1.2576787216425123,0.012668216075696601,0.1,0.12576787216425123,1
HTZ,-124,4.96,-615.04,5283754.05,28726856.751999997,2.346816275447189e-05,0.002346816275447189,2.140993027220704e-05,0.1,0.0002346816275447189,1
HUBB,-109,495.59,-54019.31,507922.25,244137849.4375,0.0002145997738827153,0.02145997738827153,0.00022126560926321708,0.1,0.002145997738827153,1
HUBG,671,49.68,33335.28,562345.55,26306645.615000002,0.0011932165196292563,0.11932165196292563,0.0012671809430918962,0.1,0.011932165196292562,1
HUBS,1403,274.06,384506.18,1264571.2,408498112.8555,0.0011094669877030254,0.11094669877030254,0.0009412679468999486,0.1,0.011094669877030254,1
HUM,263,187.2,49233.6,2160625.9,485515183.6420001,0.00012172398747973909,0.01217239874797391,0.00010140486159605449,0.1,0.001217239874797391,1
HUN,228,11.48,2617.44,5101404.05,58402649.62950001,4.4693578035639035e-05,0.004469357803563903,4.481714471183673e-05,0.1,0.0004469357803563903,1
HURN,-2475,172.37,-426615.75,162146.1,28784948.442499995,0.015264011900378733,1.5264011900378733,0.014820792569845857,0.1,0.15264011900378732,1
HWC,-430,69.74,-29988.199999999997,897280.55,61058822.50700001,0.0004792258118154907,0.04792258118154907,0.0004911362317306732,0.1,0.004792258118154907,1
HWKN,-908,125.0,-113500.0,174006.45,25019965.441,0.005218197371419277,0.5218197371419278,0.0045363771691710065,0.1,0.05218197371419277,1
HWM,-1220,207.21,-252796.2,2737720.05,589135055.22,0.0004456262794291184,0.04456262794291184,0.0004290971955583234,0.1,0.004456262794291184,1
HXL,-319,81.59,-26027.210000000003,1408474.6,115100358.67250001,0.00022648615743585293,0.022648615743585294,0.0002261262284512626,0.1,0.002264861574358529,1
HY,4094,33.91,138827.53999999998,89839.45,2968685.4670000006,0.04557018102849027,4.557018102849026,0.046763977370863706,0.1,0.45570181028490264,1
HZO,2129,30.0,63870.0,392756.75,10972754.595,0.005420657951772948,0.5420657951772948,0.005820780866556872,0.1,0.05420657951772948,1
IAC,55,,,,,,,,0.1,,
IART,61,11.16,680.76,711301.35,8665526.994,8.575830764274524e-05,0.008575830764274523,7.855956140594303e-05,0.1,0.0008575830764274523,1
IBCP,-934,36.34,-33941.560000000005,124025.5,4229711.95125,0.007530709410564763,0.7530709410564763,0.00802455590148859,0.1,0.07530709410564762,1
IBKR,-1595,75.27,-120055.65,5431528.45,401259845.57,0.0002936558308923154,0.02936558308923154,0.0002991967706847363,0.1,0.0029365583089231537,1
IBM,-113,314.73,-35564.490000000005,4654740.8,1403239182.1790001,2.427632490298923e-05,0.002427632490298923,2.534456737786796e-05,0.1,0.00024276324902989228,1
IBOC,-100,71.89,-7189.0,256828.45,17852519.9125,0.00038936496326633595,0.038936496326633596,0.0004026882499073084,0.1,0.0038936496326633595,1
IBP,-516,286.92,-148050.72,293528.35,86492962.67300001,0.001757922190480068,0.1757922190480068,0.0017117082757325424,0.1,0.017579221904800678,1
IBRX,29073,6.13,178217.49,52886252.95,298596773.025,0.0005497269777740984,0.05497269777740984,0.0005968500201610643,0.1,0.0054972697777409835,1
ICE,-3126,173.18,-541360.68,3346415.7,570910629.0064999,0.0009341337957504801,0.09341337957504801,0.0009482406746255141,0.1,0.009341337957504801,1
ICFI,-466,93.77,-43696.82,132657.65,12419911.9305,0.0035128015610106167,0.35128015610106167,0.0035182874278433677,0.1,0.035128015610106166,1
ICHR,1008,31.13,31379.039999999997,1009046.95,28532311.503000002,0.0009989624367825502,0.09989624367825502,0.0010997720951105093,0.1,0.009989624367825502,1
ICLR,-544,178.59,-97152.96,975215.8,181809129.8,0.0005578252526261367,0.055782525262613666,0.0005343678840929142,0.1,0.005578252526261367,1
ICUI,-628,151.45,-95110.59999999999,241154.8,36600206.63250001,0.002604136430209973,0.2604136430209973,0.0025986356021155442,0.1,0.026041364302099728,1
IDA,-640,131.17,-83948.79999999999,476999.45,62621002.72250001,0.0013417206246254581,0.13417206246254582,0.001340585368331012,0.1,0.01341720624625458,1
IDCC,-197,329.38,-64887.86,274363.35,87924341.33250001,0.0007180259316705384,0.07180259316705384,0.0007379965435807605,0.1,0.007180259316705384,1
IDT,43,49.08,2110.44,138124.0,6922795.5855,0.00031131447105499404,0.031131447105499404,0.000304853721872184,0.1,0.00311314471054994,1
IDXX,-98,639.6,-62680.8,503949.15,349170268.04350007,0.0001944640644795214,0.01944640644795214,0.0001795135661212459,0.1,0.0019446406447952138,1
IDYA,-1116,34.06,-38010.96,948927.35,33766292.222500004,0.0011760647429963948,0.11760647429963948,0.0011257072511701945,0.1,0.011760647429963947,1
IESC,-367,401.22,-147247.74000000002,196716.3,83327492.00475,0.001865630860279499,0.1865630860279499,0.0017670967463128053,0.1,0.018656308602794987,1
IEX,-2751,198.22,-545303.22,702094.75,135789448.8425,0.003918274563369118,0.3918274563369118,0.004015799641638493,0.1,0.03918274563369118,1
IFF,979,69.75,68285.25,1661996.6,116956602.323,0.0005890505431840233,0.05890505431840233,0.0005838511776480653,0.1,0.005890505431840233,1
IIIN,-1571,34.43,-54089.53,173857.15,5780763.6415,0.009036154106978056,0.9036154106978056,0.009356813970336414,0.1,0.09036154106978056,1
IIIV,-40,21.99,-879.5999999999999,316947.7,7765813.066500001,0.00012620378693393262,0.012620378693393263,0.00011326566741535406,0.1,0.0012620378693393261,1
IIPR,-2210,48.25,-106632.5,296352.75,14686985.951499999,0.007457329145756197,0.7457329145756197,0.007260339211334883,0.1,0.07457329145756197,1
ILMN,-1003,141.13,-141553.38999999998,2092528.9,308084808.15900004,0.00047932432378831186,0.047932432378831186,0.0004594624150598995,0.1,0.004793243237883119,1
IMAX,3888,35.13,136585.44,1175907.5,41440756.7795,0.003306382517332358,0.3306382517332358,0.003295920504703871,0.1,0.033063825173323576,1
IMKTA,46,77.44,3562.24,116316.35,8316967.922749999,0.0003954732073349963,0.03954732073349963,0.00042830993615545267,0.1,0.003954732073349963,1
IMVT,-16,26.08,-417.28,1495783.3,39144824.714,1.0696736619535731e-05,0.001069673661953573,1.0659902121129216e-05,0.1,0.0001069673661953573,1
INCY,-1324,102.67,-135935.08000000002,2029653.45,212135635.0795,0.0006523281104959075,0.06523281104959075,0.0006407932356534863,0.1,0.006523281104959075,1
INDB,-1150,82.09,-94403.5,357160.45,27787382.819,0.0032198413906130985,0.32198413906130985,0.003397351258840049,0.1,0.032198413906130985,1
INGR,-2221,117.31,-260545.51,552286.8,63620067.8875,0.0040214613132162486,0.40214613132162486,0.0040953353030167335,0.1,0.040214613132162486,1
INN,-22165,4.42,-97969.3,796595.85,3718083.8995000003,0.027824649099038114,2.7824649099038115,0.026349405405610857,0.1,0.2782464909903811,1
INSM,-1228,153.98,-189087.43999999997,2729031.9,448002044.7615,0.0004499764183775206,0.04499764183775206,0.0004220682521676062,0.1,0.004499764183775206,1
INSP,-80,73.45,-5876.0,1275094.7,110646805.694,6.274043802393658e-05,0.006274043802393658,5.310591628149131e-05,0.1,0.0006274043802393657,1
INSW,267,60.38,16121.460000000001,595591.2,33139048.437,0.00044829406478806273,0.044829406478806275,0.0004864792672200047,0.1,0.004482940647880627,1
INTA,-8746,33.64,-294215.44,570998.4,22053339.344499998,0.015317030660681361,1.531703066068136,0.013341083425235371,0.1,0.1531703066068136,1
INTC,-2137,48.81,-104306.97,147591180.6,6924507957.864,1.447918494392747e-05,0.001447918494392747,1.5063448642808047e-05,0.1,0.0001447918494392747,1
INTU,197,487.12,95962.64,2930350.55,1634309849.6720002,6.722745167809361e-05,0.006722745167809361,5.871753145173746e-05,0.1,0.000672274516780936,1
INVA,-2314,20.98,-48547.72,653545.15,12897606.216999998,0.003540688810864865,0.3540688810864865,0.0037640876286027802,0.1,0.03540688810864865,1
INVH,7319,26.25,192123.75,8018432.95,214530442.768,0.0009127718652308491,0.09127718652308492,0.0008955547171818812,0.1,0.00912771865230849,1
INVX,-36,24.43,-879.48,387829.95,9489448.948500002,9.282418750795291e-05,0.009282418750795291,9.267977569329982e-05,0.1,0.000928241875079529,1
IONQ,-2318,38.56,-89382.08,20702020.05,974407374.5715001,0.00011196974954142216,0.011196974954142215,9.17296834286647e-05,0.1,0.0011196974954142216,1
IONS,4182,83.07,347398.74,2422031.55,194978566.93725,0.0017266496796872859,0.1726649679687286,0.0017817278353051155,0.1,0.01726649679687286,1
IOSP,-15,83.5,-1252.5,147165.15,11824027.595999999,0.00010192630524278336,0.010192630524278335,0.00010592837253049998,0.1,0.0010192630524278336,1
IP,2952,40.69,120116.87999999999,7698899.35,320045264.398,0.0003834314316630208,0.03834314316630208,0.00037531216162794317,0.1,0.003834314316630208,1
IPAR,4007,98.14,393246.98,218123.05,20044648.519500006,0.018370364800968996,1.8370364800968997,0.019618552034845516,0.1,0.18370364800968994,1
IPGP,-11,94.55,-1040.05,414760.2,35398771.109,2.652134896260538e-05,0.002652134896260538,2.9380963446371487e-05,0.1,0.00026521348962605377,1
IPI,57,32.75,1866.75,208956.6,6806000.335499999,0.00027278391780876987,0.027278391780876987,0.00027428003349677475,0.1,0.0027278391780876984,1
IQV,-2994,231.23,-692302.62,1252148.9,299180950.5745,0.0023910894303385164,0.23910894303385163,0.0023139929820752657,0.1,0.023910894303385163,1
IR,2585,88.94,229909.9,3233591.3,279778672.448,0.0007994207554925078,0.07994207554925077,0.0008217563475741036,0.1,0.007994207554925078,1
IRDM,-3138,19.77,-62038.26,2315731.35,46401515.056,0.0013550794655001754,0.13550794655001755,0.0013369878100990599,0.1,0.013550794655001754,1
IRM,8300,89.42,742186.0,1964781.15,178460703.7,0.004224389062364529,0.42243890623645286,0.00415882031513025,0.1,0.04224389062364529,1
IRON,-846,80.65,-68229.90000000001,522826.3,39962007.9805,0.0016181282387668717,0.16181282387668716,0.0017073691600605683,0.1,0.016181282387668715,1
IRT,7660,16.42,125777.20000000001,2505805.5,42665279.3405,0.003056901263885006,0.3056901263885006,0.00294799898053418,0.1,0.03056901263885006,1
IRTC,276,155.73,42981.479999999996,744238.35,121937190.28099999,0.00037084893569378684,0.037084893569378684,0.0003524886861912324,0.1,0.0037084893569378683,1
IRWD,6598,4.94,32594.120000000003,3530568.2,16502941.635,0.0018688210016733283,0.18688210016733284,0.0019750490985724197,0.1,0.01868821001673328,1
ISRG,264,496.73,131136.72,2127687.25,1151943748.0485,0.00012407838605039346,0.012407838605039346,0.00011383951709634937,0.1,0.0012407838605039345,1
IT,1585,202.4,320804.0,1070632.35,243567650.754,0.0014804335026865198,0.14804335026865198,0.0013171042993882945,0.1,0.014804335026865198,1
ITGR,-1392,85.55,-119085.59999999999,559445.0,47268095.013500005,0.002488180250069265,0.2488180250069265,0.002519365334397093,0.1,0.024881802500692652,1
ITIC,-239,265.04,-63344.560000000005,18432.1,4700322.8675,0.012966509513294743,1.2966509513294744,0.013476640176782496,0.1,0.1296650951329474,1
ITRI,-308,100.45,-30938.600000000002,528443.9,52162893.569,0.0005828433254693639,0.05828433254693639,0.0005931151031542194,0.1,0.005828433254693639,1
ITRN,122,45.46,5546.12,111294.2,4950237.401500001,0.001096193692034266,0.10961936920342659,0.0011203745497780444,0.1,0.010961936920342658,1
ITT,3499,185.89,650429.11,758803.4,138185043.68449998,0.004611207593429339,0.46112075934293384,0.004706942898140558,0.1,0.04611207593429338,1
ITW,879,264.21,232240.59,1398178.15,359775016.082,0.0006286752514334458,0.06286752514334458,0.0006455161687688387,0.1,0.0062867525143344575,1
IVR,9306,8.89,82730.34000000001,2891566.2,25682706.415500004,0.0032183250724123137,0.32183250724123136,0.0032212469613432434,0.1,0.03218325072412313,1
IVT,1083,29.48,31926.84,499919.65,14374651.222,0.0021663481321448357,0.21663481321448358,0.002221051454183241,0.1,0.021663481321448356,1
IVZ,9360,27.41,256557.6,6555321.55,184539508.1735,0.0014278475782778346,0.14278475782778347,0.001390258392575698,0.1,0.014278475782778344,1
J,-876,136.88,-119906.87999999999,711673.2,98262392.38399999,0.0012309020488617528,0.12309020488617528,0.0012202723452062456,0.1,0.012309020488617527,1
JACK,-20,21.0,-420.0,493746.9,10687969.916499998,4.0506583433739026e-05,0.004050658343373903,3.929651779348738e-05,0.1,0.0004050658343373902,1
JANX,6011,13.99,84093.89,1686972.0,23837918.044000003,0.003563188956307514,0.3563188956307514,0.003527736350329739,0.1,0.03563188956307514,1
JAZZ,1024,167.29,171304.96,1209567.45,202027017.4645,0.000846583627891111,0.0846583627891111,0.0008479309458206576,0.1,0.008465836278911109,1
JBGS,-2858,16.44,-46985.520000000004,461959.6,7844040.518000001,0.006186688186586013,0.6186688186586013,0.005989963959541086,0.1,0.06186688186586013,1
JBHT,1478,211.71,312907.38,1097969.1,225760618.317,0.001346121671365797,0.1346121671365797,0.0013860140104711867,0.1,0.01346121671365797,1
JBL,-1628,243.22,-395962.16,1140853.7,272099788.93350005,0.0014270015515573996,0.14270015515573997,0.001455209361065588,0.1,0.014270015515573995,1
JBLU,13186,5.27,69490.22,22326945.65,113436587.22250001,0.0005905868275359017,0.05905868275359017,0.000612590890659453,0.1,0.005905868275359017,1
JBSS,-563,79.88,-44972.439999999995,52923.2,3960918.719999999,0.010638056655682196,1.0638056655682195,0.011354042629786659,0.1,0.10638056655682196,1
JBTM,-1811,163.35,-295826.85,497938.5,78242440.83450001,0.0036369953317528167,0.3636995331752817,0.003780900069640451,0.1,0.03636995331752817,1
JCI,1438,122.98,176845.24000000002,6239437.05,714986856.9645002,0.00023046951006581596,0.023046951006581596,0.00024734054658123673,0.1,0.0023046951006581596,1
JJSF,-978,95.2,-93105.6,223084.4,21084226.084,0.004383990991750208,0.4383990991750208,0.004415888903347239,0.1,0.04383990991750208,1
JKHY,-870,179.18,-155886.6,698735.3,128905373.48999998,0.0012451066949100754,0.12451066949100754,0.0012093103319086472,0.1,0.012451066949100753,1
JLL,8,353.93,2831.44,383153.75,134777539.1455,2.0879346737438953e-05,0.0020879346737438954,2.100824824337607e-05,0.1,0.00020879346737438952,1
JNJ,1355,230.75,312666.25,9661838.85,2100472865.3495,0.00014024245498567802,0.014024245498567801,0.00014885517216523295,0.1,0.00140242454985678,1
JOBY,-20321,10.56,-214589.76,33076608.15,446159839.3844999,0.0006143616633194598,0.06143616633194598,0.00048097058734833116,0.1,0.006143616633194598,1
JOE,-3659,66.16,-242079.43999999997,187001.4,12043539.829499999,0.01956669843113474,1.956669843113474,0.020100356159992054,0.1,0.19566698431134738,1
JPM,737,308.14,227099.18,12262970.6,3819286881.7384996,6.0099630345684756e-05,0.006009963034568476,5.946114733770059e-05,0.1,0.0006009963034568476,1
JXN,-3378,122.21,-412825.38,525838.5,60561733.9625,0.006424025627640426,0.6424025627640426,0.006816604363666712,0.1,0.06424025627640426,1
KAI,-3,327.58,-982.74,120794.8,38205498.802999996,2.483550616417263e-05,0.002483550616417263,2.5722475318731676e-05,0.1,0.0002483550616417263,1
KALU,130,131.87,17143.100000000002,177873.35,22403710.4445,0.0007308570957931585,0.07308570957931584,0.0007651902144721991,0.1,0.007308570957931584,1
KBH,111,57.56,6389.16,1242159.65,73585758.572,8.936049403955442e-05,0.008936049403955442,8.682603976622087e-05,0.1,0.0008936049403955442,1
KBR,1645,42.52,69945.40000000001,1329049.25,57949628.915999986,0.0012377268938679284,0.12377268938679284,0.0012070034150069935,0.1,0.012377268938679284,1
KD,2726,23.31,63543.06,2021574.0,51218072.8105,0.001348454224282663,0.1348454224282663,0.0012406374647304828,0.1,0.013484542242826629,1
KDP,1324,27.47,36370.28,10736928.55,295571898.28249997,0.0001233127326715795,0.01233127326715795,0.00012305053427385788,0.1,0.001233127326715795,1
KE,-1613,31.17,-50277.21,147435.85,4410553.884,0.010940351346026085,1.0940351346026085,0.011399296170575932,0.1,0.10940351346026085,1
KELYA,-3672,11.19,-41089.68,446740.0,4502898.7525,0.008219546044679232,0.8219546044679232,0.009125161869825985,0.1,0.08219546044679231,1
KEX,-1482,119.42,-176980.44,990770.3,122890756.7555,0.0014958058391536363,0.14958058391536364,0.0014401444394399434,0.1,0.014958058391536362,1
KEY,16332,22.0,359304.0,16249509.3,346781311.2285,0.0010050765040640335,0.10050765040640335,0.001036111198516256,0.1,0.010050765040640335,1
KEYS,-2411,223.26,-538279.86,1048613.9,224486120.12399998,0.0022992256730527795,0.22992256730527796,0.002397831365710579,0.1,0.022992256730527794,1
KFRC,-1070,36.68,-39247.6,184009.6,6261866.510999999,0.005814914004486723,0.5814914004486723,0.006267715852941791,0.1,0.05814914004486722,1
KFY,437,70.08,30624.96,422543.8,28670850.9645,0.00103421231124442,0.103421231124442,0.001068156645853294,0.1,0.0103421231124442,1
KHC,-26609,23.5,-625311.5,16920725.0,395427848.668,0.0015725685512884347,0.15725685512884346,0.0015813542270893765,0.1,0.015725685512884346,1
KIDS,5692,17.29,98414.68,164484.25,3041166.824,0.0346051369660013,3.46051369660013,0.032360829147332563,0.1,0.346051369660013,1
KIM,186,20.83,3874.3799999999997,5681696.1,117686251.62299998,3.2736703393903805e-05,0.0032736703393903806,3.292126265021437e-05,0.1,0.000327367033939038,1
KKR,-3146,114.36,-359776.56,4524387.2,564683631.5439999,0.0006953427858694322,0.06953427858694322,0.0006371294294758858,0.1,0.006953427858694321,1
KLAC,124,141.045,17489.579999999998,13025409.5,1932029466.4365,9.519854251031417e-06,0.0009519854251031416,9.052439573946233e-06,0.1,9.519854251031416e-05,1
KLIC,-5865,57.91,-339642.14999999997,747761.95,42185907.18800001,0.007843405244142204,0.7843405244142204,0.008051080861824227,0.1,0.07843405244142204,1
KMB,-297,99.5,-29551.5,7110098.1,708077582.3289999,4.177157555674232e-05,0.004177157555674232,4.1734833494939324e-05,0.1,0.00041771575556742317,1
KMI,2985,29.61,88385.84999999999,16111230.0,460562485.99549997,0.00018527449487096889,0.01852744948709689,0.00019190848731189016,0.1,0.0018527449487096889,1
KMPR,17,38.98,662.66,744847.25,29081617.002000004,2.2823471523859422e-05,0.002282347152385942,2.2786215771785572e-05,0.1,0.00022823471523859422,1
KMT,1558,35.56,55402.48,1110695.1,36787977.7305,0.0014027251943400127,0.14027251943400126,0.0015059941703201365,0.1,0.014027251943400126,1
KMX,5084,44.78,227661.52000000002,3689796.3,168188823.30350003,0.0013778538397905599,0.137785383979056,0.0013536067113638125,0.1,0.013778538397905597,1
KN,-10828,25.14,-272215.92,660320.25,15756622.253999997,0.01639810379887638,1.639810379887638,0.017276286478905393,0.1,0.1639810379887638,1
KNF,842,69.16,58232.719999999994,551904.5,41114290.1505,0.001525626263239383,0.1525626263239383,0.0014163620431445491,0.1,0.01525626263239383,1
KNSA,-3871,44.67,-172917.57,719924.1,30020458.847500004,0.0053769557096366135,0.5376955709636614,0.005759990907480748,0.1,0.05376955709636613,1
KNSL,-490,393.22,-192677.80000000002,219247.35,87206517.297,0.0022349186888689873,0.22349186888689873,0.0022094426652058074,0.1,0.022349186888689872,1
KNX,3441,59.16,203569.56,3690453.9,209864957.871,0.0009324056317300157,0.09324056317300157,0.0009700026248552193,0.1,0.009324056317300157,1
KO,575,75.33,43314.75,18850020.9,1345639996.1025,3.0503944958490738e-05,0.0030503944958490737,3.218895850707208e-05,0.1,0.00030503944958490734,1
KODK,762,7.37,5615.9400000000005,851934.5,6450260.967499999,0.0008944349594951255,0.08944349594951255,0.0008706531453992681,0.1,0.008944349594951256,1
KOP,-1434,29.69,-42575.46,130286.4,3743925.2275,0.01100652101831043,1.100652101831043,0.011371877752064427,0.1,0.11006521018310429,1
KOS,-184414,1.36,-250803.04,21280641.75,25505400.11218,0.008665810090055202,0.8665810090055203,0.009833330937640538,0.1,0.08665810090055202,1
KR,2306,63.06,145416.36000000002,6901179.9,427849125.43500006,0.0003341457596258286,0.03341457596258286,0.0003398776609678779,0.1,0.0033414575962582857,1
KRC,-10538,34.15,-359872.7,1944743.7,71789422.82100001,0.0054187089023607585,0.5418708902360758,0.005012893067789496,0.1,0.05418708902360758,1
KREF,12665,8.31,105246.15000000001,835425.75,6756690.340000001,0.015159934919410851,1.5159934919410851,0.015576583312829458,0.1,0.1515993491941085,1
KRG,-5049,23.6,-119156.40000000001,1961703.05,46168521.506,0.0025737840393325584,0.25737840393325584,0.002580901361212414,0.1,0.025737840393325582,1
KRNT,-4282,13.33,-57079.06,357972.1,5001483.109999999,0.011961826075272347,1.1961826075272348,0.01141242682313087,0.1,0.11961826075272347,1
KRNY,264,8.07,2130.48,447991.3,3492512.8759999997,0.0005892971582260638,0.05892971582260638,0.0006100134990597527,0.1,0.005892971582260638,1
KRO,5334,5.47,29176.98,333923.85,1763914.973,0.015973701788596414,1.5973701788596413,0.016541035393773485,0.1,0.15973701788596412,1
KRYS,92,282.27,25968.839999999997,316106.8,86326508.62975001,0.00029104087605834485,0.029104087605834484,0.0003008211546163534,0.1,0.0029104087605834484,1
KSS,18,17.97,323.46,3525789.75,66994776.44649999,5.105239187901094e-06,0.0005105239187901093,4.828137612464539e-06,0.1,5.1052391879010936e-05,1
KTB,-181,61.29,-11093.49,764566.35,45693836.6825,0.00023673550372704737,0.023673550372704737,0.0002427786941394796,0.1,0.0023673550372704734,1
KTOS,-4212,96.16,-405025.92,4503215.0,504031934.12399995,0.0009353317574221973,0.09353317574221973,0.000803571941734067,0.1,0.009353317574221972,1
KURA,-9969,8.27,-82443.62999999999,1418123.6,12690507.379000003,0.007029711655598989,0.7029711655598989,0.006496480206648479,0.1,0.07029711655598989,1
KWR,-9,157.21,-1414.89,112449.95,17198011.873,8.003560695224854e-05,0.008003560695224853,8.227055606475683e-05,0.1,0.0008003560695224853,1
KYMR,-3434,75.62,-259679.08000000002,728341.45,52866699.089999996,0.004714821599127717,0.4714821599127717,0.004911959408661465,0.1,0.04714821599127717,1
L,7074,105.78,748287.72,710566.8,73720712.229,0.00995543276156443,0.995543276156443,0.010150305082180705,0.1,0.0995543276156443,1
LAB,-2953,1.41,-4163.73,1503965.1,2233870.999,0.0019634764131162353,0.19634764131162352,0.0018639079883591792,0.1,0.01963476413116235,1
LAD,1202,327.66,393847.32,237326.85,78211921.96550001,0.005064745097320425,0.5064745097320424,0.005035643033727386,0.1,0.05064745097320425,1
LADR,-40772,10.91,-444822.52,680628.95,7475723.765000001,0.05990341727309719,5.990341727309719,0.05950226813925086,0.1,0.5990341727309719,1
LAMR,2277,127.79,290977.83,425939.4,54984910.649000004,0.005345830885802065,0.5345830885802064,0.005291957858356399,0.1,0.053458308858020644,1
LAND,-56,10.78,-603.68,833077.3,8344977.797,6.722065287338881e-05,0.006722065287338881,7.2340516018751e-05,0.1,0.0006722065287338881,1
LASR,-1599,48.08,-76879.92,886011.8,38732247.3325,0.0018047163705946128,0.1804716370594613,0.0019849072877186373,0.1,0.018047163705946126,1
LAUR,20,34.94,698.8,926874.7,32298511.437,2.157788965434055e-05,0.002157788965434055,2.1635672014267508e-05,0.1,0.00021577889654340548,1
LAZ,5350,53.8,287830.0,1092709.2,57319278.67,0.004896087632464337,0.4896087632464337,0.005021521670869275,0.1,0.04896087632464337,1
LBRT,-25,26.09,-652.25,4128072.35,88838458.9875,6.056095407339457e-06,0.0006056095407339457,7.34197787122551e-06,0.1,6.056095407339457e-05,1
LBTYK,823,11.01,9061.23,769635.5,8229537.642999999,0.0010693373681437512,0.10693373681437512,0.00110106185706647,0.1,0.010693373681437511,1
LC,31,,,,,,,,0.1,,
LCID,-4402,10.29,-45296.579999999994,8370968.8,91516824.406,0.0005258650587731255,0.05258650587731255,0.0004949535814207105,0.1,0.005258650587731254,1
LCII,-16,148.16,-2370.56,412578.75,58865726.64649999,3.87804752426052e-05,0.0038780475242605203,4.027063174189064e-05,0.1,0.000387804752426052,1
LDOS,4,188.04,752.16,939193.75,181206139.1015,4.258972123696522e-06,0.0004258972123696522,4.15085274555013e-06,0.1,4.258972123696522e-05,1
LE,-18,18.01,-324.18,309399.55,5395208.209000001,5.817720161519304e-05,0.005817720161519304,6.008665234813739e-05,0.1,0.0005817720161519304,1
LEA,735,118.0,86730.0,514025.55,62457562.769499995,0.001429890012276627,0.1429890012276627,0.0013886228689402686,0.1,0.01429890012276627,1
LECO,635,267.62,169938.7,300848.6,77622420.558,0.0021106962106521355,0.21106962106521354,0.002189299158392267,0.1,0.021106962106521354,1
LEN,-339,108.8,-36883.2,3386945.75,387216091.6415,0.00010009017711606393,0.010009017711606394,9.525223976008706e-05,0.1,0.0010009017711606393,1
LEVI,-8456,19.68,-166414.08,2389752.6,50160064.719,0.003538441594330727,0.3538441594330727,0.0033176607911545304,0.1,0.03538441594330727,1
LFST,5000,7.18,35900.0,1605623.0,11639690.4645,0.0031140560393068607,0.31140560393068606,0.0030842744581131036,0.1,0.031140560393068607,1
LFUS,-168,325.28,-54647.03999999999,250695.8,74820009.857,0.0006701348806003132,0.06701348806003132,0.0007303800160471021,0.1,0.006701348806003132,1
LGIH,836,50.2,41967.200000000004,393976.7,19912746.651499998,0.00212195289721448,0.21219528972144802,0.002107554559623681,0.1,0.0212195289721448,1
LGND,218,197.93,43148.74,237969.5,46721490.690500006,0.0009160837838462492,0.09160837838462492,0.0009235308925785952,0.1,0.009160837838462492,1
LH,-791,270.29,-213799.39,807563.95,212935369.55200002,0.0009794889927912211,0.0979488992791221,0.0010040576652428285,0.1,0.00979488992791221,1
LHX,-1244,340.24,-423258.56,1941019.1,660569291.8050001,0.0006409004424531423,0.06409004424531423,0.0006407481626090271,0.1,0.006409004424531422,1
LII,-28,495.29,-13868.12,520374.6,264512296.35700002,5.380739182888635e-05,0.005380739182888635,5.242901820066179e-05,0.1,0.0005380739182888635,1
LILAK,-13886,5.3307,-74022.1002,1021779.2,5147183.321664999,0.0135900202313768,1.3590020231376798,0.014381088757502327,0.1,0.13590020231376798,1
LIN,-479,460.16,-220416.64,2373401.0,1054345962.2055,0.0002018200885564639,0.020182008855646392,0.00020905532709484512,0.1,0.002018200885564639,1
LIND,11247,17.28,194348.16,814689.1,13184755.579,0.013805266327977139,1.380526632797714,0.014740368817268616,0.1,0.13805266327977136,1
LITE,1159,423.42,490743.78,4687018.3,1711115140.9339998,0.0002472787443565134,0.024727874435651342,0.0002867976375523924,0.1,0.002472787443565134,1
LIVN,-565,66.76,-37719.4,589943.45,37630762.2445,0.0009577189135670547,0.09577189135670547,0.0010023554600070042,0.1,0.009577189135670546,1
LKFN,-19,60.76,-1154.44,177136.35,10423147.066750001,0.00010726200466476813,0.010726200466476812,0.00011075733582256374,0.1,0.0010726200466476812,1
LKQ,4774,32.52,155250.48,3045379.7,100441886.257,0.001567620615583666,0.15676206155836658,0.0015456746760287,0.1,0.015676206155836658,1
LLY,255,1044.13,266253.15,2968686.9,3141709100.0595,8.589656255093793e-05,0.008589656255093793,8.474786860277977e-05,0.1,0.0008589656255093793,1
LMAT,1072,86.39,92610.08,140104.7,11911176.206999999,0.007651420687528683,0.7651420687528683,0.007775057508222791,0.1,0.07651420687528683,1
LMB,-122,85.93,-10483.460000000001,167198.85,13916087.1155,0.0007296700904342344,0.07296700904342344,0.0007533338871041793,0.1,0.007296700904342344,1
LMND,598,80.57,48180.85999999999,2353567.95,203069481.80699998,0.00025408231786976874,0.025408231786976872,0.00023726292878312332,0.1,0.002540823178697687,1
LMT,-202,636.0,-128472.0,2300112.8,1301373619.2540002,8.782177987096982e-05,0.008782177987096981,9.872030452995146e-05,0.1,0.0008782177987096981,1
LNC,-7388,42.4,-313251.2,1686389.45,71312562.651,0.004380957198231998,0.43809571982319984,0.004392651005027477,0.1,0.04380957198231998,1
LNG,-1060,207.76,-220225.59999999998,1909637.4,386399002.6415,0.0005550791998522861,0.05550791998522861,0.000569943500098329,0.1,0.00555079199852286,1
LNN,938,127.27,119379.26,112559.35,13981414.425,0.00833338145609405,0.833338145609405,0.008538425110018866,0.1,0.0833338145609405,1
LNT,8731,65.11,568475.41,2402384.45,158996257.61299998,0.00363430590803233,0.363430590803233,0.0035754011983331105,0.1,0.036343059080323294,1
LNTH,-921,66.5,-61246.5,826371.25,55490428.125250004,0.0011145111836840887,0.11145111836840886,0.0011037308968270653,0.1,0.011145111836840886,1
LOB,-51,41.15,-2098.65,397960.35,15289876.3905,0.00012815347056559782,0.012815347056559782,0.00013725748635246956,0.1,0.001281534705655978,1
LOPE,-777,175.15,-136091.55000000002,286155.95,50251555.123500004,0.002715302617331563,0.2715302617331563,0.00270820573941516,0.1,0.02715302617331563,1
LOVE,14563,13.18,191940.34,283947.5,4215854.3245,0.05128765000572289,5.128765000572289,0.04552821924717811,0.1,0.5128765000572288,1
LOW,-762,269.06,-205023.72,2990532.95,801524347.283,0.00025480408099165064,0.025480408099165065,0.00025579225471439207,0.1,0.0025480408099165064,1
LPLA,-1037,376.33,-390254.20999999996,642279.25,236140904.0105,0.001614562513112482,0.1614562513112482,0.0016526328279942864,0.1,0.01614562513112482,1
LPX,-519,84.76,-43990.44,1045860.8,93108738.56100002,0.0004962419473031211,0.049624194730312106,0.0004724630650127404,0.1,0.004962419473031211,1
LQDA,992,44.21,43856.32,2319911.15,88792619.89924999,0.00042760258296961075,0.042760258296961076,0.000493918526672175,0.1,0.004276025829696107,1
LQDT,4575,32.64,149328.0,122324.05,3869164.6435000002,0.037400658333336737,3.7400658333336736,0.03859437727749928,0.1,0.37400658333336734,1
LRCX,2005,237.5,476187.5,14253375.65,3143736429.3245,0.00014066843176198756,0.014066843176198756,0.00015147182682306455,0.1,0.0014066843176198756,1
LRN,2692,86.56,233019.52000000002,1760529.45,133688084.67300001,0.0015290854691467955,0.15290854691467956,0.001743008889460597,0.1,0.015290854691467955,1
LSCC,-22,82.91,-1824.02,1900535.6,159347425.93249995,1.1575684243957335e-05,0.0011575684243957335,1.1446811828467568e-05,0.1,0.00011575684243957335,1
LSTR,-957,158.7,-151875.9,521085.25,79782179.318,0.001836551696675352,0.1836551696675352,0.0019036318799295399,0.1,0.01836551696675352,1
LTC,-2022,36.14,-73075.08,438646.65,15885897.6385,0.004609632833169933,0.4609632833169933,0.004599996906872931,0.1,0.04609632833169933,1
LTH,844,30.32,25590.08,2456090.8,69838907.792,0.0003436355040294113,0.03436355040294113,0.00036641581045646494,0.1,0.003436355040294113,1
LULU,853,179.08,152755.24000000002,2988953.6,589210708.756,0.00028538415584638047,0.028538415584638047,0.00025925401173123956,0.1,0.0028538415584638045,1
LUMN,-15535,8.93,-138727.55,12401765.05,105622126.02700001,0.0012526442758242706,0.12526442758242706,0.0013134326605444137,0.1,0.012526442758242705,1
LUV,2831,49.64,140530.84,10581310.65,469602712.38850003,0.0002675471965280596,0.02675471965280596,0.0002992547451125868,0.1,0.002675471965280596,1
LVS,1048,55.64,58310.72,7594707.8,446498691.55799997,0.00013799082566415524,0.013799082566415523,0.0001305955002836228,0.1,0.0013799082566415522,1
LW,5461,45.02,245854.22000000003,3045980.85,131977221.77050002,0.0017928543444388364,0.17928543444388365,0.0018628534280523412,0.1,0.01792854344438836,1
LXP,934,49.69,46410.46,483985.6,24141133.245500002,0.0019298094819349997,0.19298094819349998,0.0019224640172453827,0.1,0.019298094819349996,1
LXRX,-3607,1.25,-4508.75,3511988.6,4893681.142999999,0.0010270534477247449,0.10270534477247449,0.0009213411884117928,0.1,0.010270534477247448,1
LXU,14850,9.15,135877.5,558767.95,5339705.3265,0.02657632743610295,2.657632743610295,0.025446628922698097,0.1,0.2657632743610295,1
LYB,8466,50.25,425416.5,6690062.55,330781049.8405,0.0012654590202598331,0.12654590202598331,0.0012860969520627995,0.1,0.01265459020259833,1
LYFT,-193,17.26,-3331.1800000000003,12330525.7,227059222.258,1.565221181121256e-05,0.001565221181121256,1.4670974236910268e-05,0.1,0.00015652211811212558,1
LYTS,5233,22.29,116643.56999999999,157675.2,3303505.1149999993,0.03318847859397039,3.3188478593970387,0.03530903266060177,0.1,0.33188478593970383,1
LYV,-186,143.94,-26772.84,2650361.0,384825184.633,7.017911899548779e-05,0.007017911899548778,6.957143417090209e-05,0.1,0.0007017911899548778,1
LZ,-8359,9.12,-76234.07999999999,3590626.25,32931384.361,0.002328006152130147,0.2328006152130147,0.0023149369964016006,0.1,0.02328006152130147,1
LZB,-24,37.24,-893.76,416143.1,15909699.513500001,5.767246891754303e-05,0.005767246891754303,5.617705093937253e-05,0.1,0.0005767246891754303,1
M,25,21.19,529.75,6724843.1,144932865.06849998,3.7175588527857256e-06,0.00037175588527857254,3.6551406042350913e-06,0.1,3.7175588527857256e-05,1
MA,-46,555.37,-25547.02,4378420.5,2385155814.688,1.0506071767204635e-05,0.0010506071767204636,1.0710839033106011e-05,0.1,0.00010506071767204634,1
MAA,1531,132.31,202566.61000000002,944006.85,127786342.23900004,0.0016218102654657644,0.16218102654657643,0.0015851976545438458,0.1,0.016218102654657642,1
MAC,23306,18.72,436288.31999999995,1759087.1,32446707.643,0.01324891757775951,1.324891757775951,0.01344630477767824,0.1,0.1324891757775951,1
MAGN,2174,13.37,29066.379999999997,492449.95,6975054.4935,0.004414661835177362,0.44146618351773614,0.004167190382109091,0.1,0.044146618351773616,1
MAN,-7843,36.68,-287681.24,1183842.7,37700725.3685,0.006625035572715868,0.6625035572715868,0.007630655304058569,0.1,0.06625035572715868,1
MANH,-1269,150.69,-191225.61,783023.85,130574728.89400001,0.0016206402908417157,0.16206402908417158,0.0014644917253110754,0.1,0.016206402908417156,1
MANU,16010,17.62,282096.2,348482.0,5922062.82,0.045942114657285024,4.5942114657285025,0.04763478682585133,0.1,0.4594211465728502,1
MAR,-337,319.29,-107600.73000000001,1505151.15,481513196.50450003,0.00022389777930276306,0.022389777930276307,0.00022346371975081355,0.1,0.0022389777930276306,1
MARA,-1328,9.12,-12111.359999999999,41269378.05,429259659.607,3.217882271913715e-05,0.003217882271913715,2.8214531062826423e-05,0.1,0.0003217882271913715,1
MAS,-1255,66.57,-83545.34999999999,2312741.2,156961563.55400002,0.0005426461032475229,0.054264610324752285,0.0005322662956989314,0.1,0.005426461032475229,1
MASI,-585,138.42,-80975.7,778095.3,108159959.98550001,0.0007518359254965297,0.07518359254965297,0.0007486661423585553,0.1,0.007518359254965297,1
MAT,8991,21.24,190968.84,2902054.7,61387378.109249994,0.003098149735082526,0.3098149735082526,0.0031108811922238517,0.1,0.030981497350825258,1
MATV,5305,12.55,66577.75,255326.15,3217553.6624999996,0.020777346934499268,2.077734693449927,0.020692040283881358,0.1,0.20777346934499266,1
MATW,-278,26.65,-7408.7,247440.9,6708352.918,0.0011235006015577862,0.11235006015577861,0.0011043992602298566,0.1,0.01123500601557786,1
MATX,-1749,165.72,-289844.27999999997,330607.15,48733072.659499995,0.005290266710807676,0.5290266710807676,0.005947588858702877,0.1,0.052902667108076756,1
MBIN,3211,42.64,136917.04,164667.5,6139298.007000001,0.019499901316288884,1.9499901316288883,0.022301741965268306,0.1,0.19499901316288884,1
MBUU,-71,32.83,-2330.93,171296.9,5561123.047,0.00041448502570682835,0.04144850257068283,0.00041914735212655326,0.1,0.004144850257068284,1
MBWM,-1260,53.46,-67359.6,103223.8,5221749.6295,0.012206487263596185,1.2206487263596184,0.012899814196271588,0.1,0.12206487263596184,1
MC,-772,71.65,-55313.8,766768.05,57043046.322000004,0.0010068233802908192,0.10068233802908193,0.0009696852388941739,0.1,0.010068233802908192,1
MCB,389,94.62,36807.18,190601.15,16604204.276499998,0.002040911085793554,0.2040911085793554,0.002216738567357507,0.1,0.02040911085793554,1
MCD,1592,318.53,507099.75999999995,3148858.25,971109712.4684999,0.0005055800781124396,0.05055800781124396,0.0005221858596295821,0.1,0.005055800781124396,1
MCHB,-8790,15.69,-137915.1,408412.1,6063220.682000001,0.02152237898926109,2.152237898926109,0.022746178513579622,0.1,0.2152237898926109,1
MCHP,3890,78.08,303731.2,9384590.45,705185384.48,0.000414509298058926,0.0414509298058926,0.0004307111387794428,0.1,0.0041450929805892595,1
MCK,-385,846.51,-325906.35,595427.4,492516601.292,0.0006465943623017685,0.06465943623017685,0.0006617164764498543,0.1,0.006465943623017684,1
MCO,-533,517.05,-275587.64999999997,727227.4,383084686.7125,0.0007329206792813362,0.07329206792813363,0.000719390932498497,0.1,0.007329206792813362,1
MCRI,266,91.92,24450.72,83849.75,7686744.881999999,0.0031723410028056138,0.31723410028056137,0.00318089391222754,0.1,0.031723410028056134,1
MCS,44,15.48,681.12,162851.55,2510724.3570000003,0.00027018471730849355,0.027018471730849355,0.00027128426029763485,0.1,0.0027018471730849355,1
MCW,6457,5.61,36223.770000000004,1084927.6,6300484.5600000005,0.0059515492093665965,0.5951549209366597,0.0057493625537906245,0.1,0.05951549209366596,1
MCY,676,88.59,59886.840000000004,211600.85,18693293.975,0.003194694161200203,0.3194694161200203,0.0032036536781634814,0.1,0.031946941612002025,1
MD,-4368,21.44,-93649.92000000001,560655.45,12202464.874499999,0.007790881190934647,0.7790881190934646,0.007674672368506806,0.1,0.07790881190934647,1
MDB,-1081,372.68,-402867.08,1438694.1,576309103.3454999,0.0007513758484169775,0.07513758484169775,0.0006990468789428082,0.1,0.007513758484169774,1
MDGL,-357,489.73,-174833.61000000002,358318.95,184314144.57050002,0.0009963190615511683,0.09963190615511683,0.0009485631740711375,0.1,0.009963190615511682,1
MDLZ,-8891,58.69,-521812.79,11871194.8,669992502.3935001,0.000748955783288132,0.0748955783288132,0.0007788337752077243,0.1,0.0074895578328813195,1
MDT,1298,102.71,133317.58,7976947.05,795150387.22,0.0001627188938153977,0.01627188938153977,0.0001676633529238464,0.1,0.001627188938153977,1
MDU,-5778,20.37,-117697.86,2075914.2,42097985.535,0.0027833520287110134,0.27833520287110136,0.002795807412260778,0.1,0.02783352028711013,1
MEDP,-55,588.17,-32349.35,221504.9,133276651.399,0.0002483015048425565,0.02483015048425565,0.00024272331020047463,0.1,0.002483015048425565,1
MELI,187,2147.22,401530.13999999996,555100.45,1191326406.2570002,0.00033687596542211415,0.033687596542211415,0.0003370446066595282,0.1,0.0033687596542211415,1
MET,997,79.83,79590.51,3518348.85,274578390.41699994,0.0002833715593608633,0.028337155936086326,0.00028986443499478073,0.1,0.0028337155936086324,1
META,-111,706.41,-78411.51,18264438.5,12174726009.112999,6.077383654581004e-06,0.0006077383654581004,6.440515371048809e-06,0.1,6.077383654581004e-05,1
MFA,1650,9.56,15774.0,1591423.9,15558403.88,0.001036807352208296,0.1036807352208296,0.0010138572132246254,0.1,0.010368073522082959,1
MGEE,2811,79.04,222181.44000000003,114567.05,9050578.846,0.024535850403759194,2.4535850403759194,0.024548865191997688,0.1,0.24535850403759193,1
MGM,11161,33.49,373781.89,4587788.0,157947435.28,0.002432762804209785,0.24327628042097849,0.002366495469441345,0.1,0.024327628042097846,1
MGNI,-1338,14.06,-18812.280000000002,2179834.85,33669624.13550001,0.0006138079680669386,0.061380796806693866,0.000558731511949521,0.1,0.006138079680669386,1
MGPI,2324,25.1,58332.4,242217.7,5972514.6899999995,0.009594674542777014,0.9594674542777013,0.00976680728766864,0.1,0.09594674542777012,1
MGRC,-786,115.44,-90735.84,119829.75,13393117.914,0.006559306015409362,0.6559306015409362,0.006774810808254935,0.1,0.06559306015409362,1
MGY,-38,24.77,-941.26,2843288.9,66812108.2465,1.3364804399581063e-05,0.0013364804399581063,1.4088164925544145e-05,0.1,0.00013364804399581062,1
MHK,-4,120.71,-482.84,742226.35,87943931.4445,5.389191585558772e-06,0.0005389191585558772,5.490316296636255e-06,0.1,5.3891915855587715e-05,1
MHO,1430,133.6,191048.0,247545.3,33159423.676000006,0.005776720462880936,0.5776720462880935,0.005761499411652198,0.1,0.057767204628809354,1
MIDD,-747,120.549,-90050.103,725250.9,87952009.303,0.0010299883805728472,0.10299883805728473,0.0010238549831166669,0.1,0.010299883805728471,1
MIR,-2866,24.93,-71449.38,2394199.6,61465058.788499996,0.001197059760598072,0.1197059760598072,0.0011624389760344304,0.1,0.01197059760598072,1
MIRM,4682,103.8,485991.6,825879.8,75854188.107,0.005669105843247407,0.5669105843247406,0.006406918485693364,0.1,0.056691058432474066,1
MITK,-2842,10.3,-29272.600000000002,444020.15,4587340.509000001,0.006400610422747706,0.6400610422747706,0.00638117007938902,0.1,0.06400610422747706,1
MKC,9972,61.1,609289.2000000001,4788642.1,307374503.0345,0.002082427500689601,0.2082427500689601,0.0019822372837854183,0.1,0.020824275006896008,1
MKL,-272,2033.99,-553245.28,46564.15,96445251.9155,0.005841403740860726,0.5841403740860727,0.0057363661664207475,0.1,0.05841403740860726,1
MKSI,597,233.57,139441.29,1551843.95,336577459.49549997,0.0003847036295112018,0.038470362951120184,0.00041429182515374097,0.1,0.003847036295112018,1
MKTX,-1028,166.34,-170997.52,541508.35,93338382.674,0.0018984010126528981,0.1898401012652898,0.0018320171734412583,0.1,0.01898401012652898,1
MLAB,2276,80.5,183218.0,91727.15,7741343.652499999,0.024812719025937253,2.481271902593725,0.02366746759018137,0.1,0.24812719025937252,1
MLI,-556,69.59,-38692.04,1469066.0,95668036.86649999,0.0003784717636920329,0.03784717636920329,0.0004044406184898811,0.1,0.003784717636920329,1
MLKN,-4152,20.49,-85074.48,511308.9,9929483.418999998,0.008120335867417915,0.8120335867417915,0.008567865659275947,0.1,0.08120335867417915,1
MLM,-854,654.33,-558797.8200000001,405551.05,262457988.20450002,0.002105776818972605,0.2105776818972605,0.0021290943507674843,0.1,0.021057768189726052,1
MLR,-806,41.95,-33811.700000000004,51154.25,2058267.9925000002,0.0157562665858653,1.57562665858653,0.016427258317772243,0.1,0.15756266585865297,1
MMI,3076,26.89,82713.64,270604.2,7245183.653999999,0.011367155424786458,1.1367155424786457,0.01141636208963931,0.1,0.11367155424786457,1
MMM,2741,153.43,420551.63,4439549.4,713507488.7705,0.000617405000606593,0.0617405000606593,0.0005894144583186999,0.1,0.00617405000606593,1
MMS,18,94.5,1701.0,529314.3,50419732.8045,3.400626055256773e-05,0.0034006260552567726,3.373679123996041e-05,0.1,0.00034006260552567726,1
MMSI,536,81.61,43742.96,796861.2,67331667.87850001,0.0006726390995069155,0.06726390995069155,0.0006496639898915643,0.1,0.006726390995069154,1
MMYT,-302,63.63,-19216.260000000002,1582943.75,108563396.79949999,0.00019078378495761457,0.019078378495761456,0.0001770049626900446,0.1,0.0019078378495761457,1
MNKD,-7201,6.01,-43278.01,4290863.6,24420543.3055,0.00167821694448642,0.167821694448642,0.0017721968532228732,0.1,0.0167821694448642,1
MNRO,-5584,18.63,-104029.92,822028.9,16579538.6965,0.006792948520423065,0.6792948520423064,0.006274596772825838,0.1,0.06792948520423064,1
MNST,1792,81.1,145331.19999999998,5782028.25,458583739.73899996,0.0003099258465228011,0.03099258465228011,0.00031691311184019373,0.1,0.0030992584652280108,1
MO,3758,62.23,233860.34,11495683.4,689325774.963,0.0003269053147375301,0.03269053147375301,0.0003392595322763792,0.1,0.003269053147375301,1
MOD,-1424,196.07,-279203.68,1801539.15,262865669.98000002,0.0007904352231257367,0.07904352231257367,0.001062153456635258,0.1,0.007904352231257366,1
MOG/A,326,315.91,102986.66,217748.75,62131022.0105,0.0014971383303004036,0.14971383303004038,0.0016575722830150048,0.1,0.014971383303004036,1
MOH,1007,181.18,182448.26,1400311.4,261372006.28199998,0.0007191257601702022,0.07191257601702022,0.0006980405537506285,0.1,0.007191257601702022,1
MORN,1213,198.29,240525.77,395168.55,83701964.35749999,0.0030695762605602093,0.30695762605602095,0.0028735976729612803,0.1,0.03069576260560209,1
MOS,3607,27.27,98362.89,7605158.05,205224524.3215,0.0004742833714021236,0.047428337140212364,0.00047929403332862383,0.1,0.0047428337140212355,1
MOV,1978,23.71,46898.380000000005,142624.7,3203836.784,0.013868565542995006,1.3868565542995006,0.014638192630227323,0.1,0.13868565542995004,1
MP,-412,59.11,-24353.32,10978694.05,705525813.7910001,3.752723212101898e-05,0.003752723212101898,3.45179715950326e-05,0.1,0.0003752723212101898,1
MPC,-181,176.91,-32020.71,2357624.0,413486009.6965,7.677220795173446e-05,0.007677220795173446,7.744085470631351e-05,0.1,0.0007677220795173446,1
MPT,114,5.14,585.9599999999999,6658213.75,34539904.312,1.712170925723134e-05,0.001712170925723134,1.6964725631750615e-05,0.1,0.00017121709257231338,1
MPWR,-490,1173.22,-574877.8,582266.4,612876079.8100001,0.0008415391992393859,0.08415391992393859,0.0009380000605966217,0.1,0.00841539199239386,1
MQ,-6522,16.64,-108526.08,840553.5,15095986.375999998,0.007759172973522804,0.7759172973522804,0.0071890684912472936,0.1,0.07759172973522803,1
MRCY,964,93.89,90509.96,741149.3,70719120.48250002,0.0013006826020074498,0.13006826020074497,0.0012798513242595739,0.1,0.013006826020074497,1
MRK,-2137,113.37,-242271.69,13023020.8,1426747512.6950002,0.00016409403262260011,0.016409403262260012,0.00016980698255598858,0.1,0.001640940326226001,1
MRNA,8066,42.55,343208.3,15075901.55,646160985.8894999,0.000535026046253267,0.0535026046253267,0.0005311498333925907,0.1,0.00535026046253267,1
MRSH,-22,188.25,-4141.5,2818301.3,517261186.81499994,7.806120658568338e-06,0.0007806120658568337,8.006593391437313e-06,0.1,7.806120658568337e-05,1
MRTN,-44,13.33,-586.52,1095357.95,13794977.4525,4.016951718842229e-05,0.004016951718842229,4.251692342517803e-05,0.1,0.0004016951718842229,1
MRVL,1560,78.66,122709.59999999999,14555594.65,1205905748.3954997,0.00010717528465935948,0.010717528465935948,0.00010175720628520883,0.1,0.0010717528465935947,1
MS,559,185.1,103470.9,7191601.35,1325230127.9394999,7.772955879986313e-05,0.007772955879986313,7.807768463646315e-05,0.1,0.0007772955879986312,1
MSA,-2288,181.31,-414837.28,227602.9,40442173.208,0.010052595990648625,1.0052595990648625,0.010257541746493973,0.1,0.10052595990648625,1
MSBI,99,23.25,2301.75,196611.55,4440009.427,0.0005035309471900304,0.05035309471900304,0.0005184110614727305,0.1,0.0050353094719003035,1
MSCI,-641,624.75,-400464.75,482471.75,287646896.63449997,0.001328575196371601,0.1328575196371601,0.0013922095273249293,0.1,0.01328575196371601,1
MSEX,-2526,51.94,-131200.44,107735.65,5648600.2405,0.023446277996187894,2.3446277996187894,0.023227071205942956,0.1,0.23446277996187892,1
MSFT,293,423.37,124047.41,35035542.95,15961283945.806,8.362935902496124e-06,0.0008362935902496124,7.771768889093337e-06,0.1,8.362935902496123e-05,1
MSGE,35,61.94,2167.9,334142.4,19745702.360000007,0.00010474576108868554,0.010474576108868554,0.0001097909793470623,0.1,0.0010474576108868553,1
MSGS,-1234,284.34,-350875.56,203019.55,56659964.854499996,0.006078232367276945,0.6078232367276946,0.006192654035367498,0.1,0.06078232367276945,1
MSI,-616,403.68,-248666.88,1163174.7,458172298.9539999,0.0005295851087545147,0.05295851087545147,0.0005427366092793094,0.1,0.005295851087545146,1
MSM,-39,88.36,-3446.04,863457.85,72909459.0365,4.516723080344918e-05,0.004516723080344918,4.726464913523553e-05,0.1,0.00045167230803449176,1
MSTR,-1576,139.63,-220056.88,22464093.65,3627339068.769,7.01564026821977e-05,0.007015640268219769,6.0666200712987136e-05,0.1,0.0007015640268219769,1
MTB,-413,225.54,-93148.01999999999,1274047.2,273827948.1495,0.00032416381433906063,0.032416381433906065,0.0003401698790407785,0.1,0.003241638143390606,1
MTCH,29,31.54,914.66,3802707.55,120471750.49699998,7.626145218556184e-06,0.0007626145218556184,7.592319329856314e-06,0.1,7.626145218556183e-05,1
MTD,-129,1385.61,-178743.68999999997,135169.05,194662588.25649998,0.0009543604841492932,0.09543604841492931,0.0009182231244376334,0.1,0.009543604841492932,1
MTDR,-973,43.67,-42490.91,1821288.3,78152650.7845,0.000534237220982532,0.0534237220982532,0.00054369121934412,0.1,0.005342372209825319,1
MTG,8083,27.55,222686.65,2504023.6,67680556.502,0.003228004720083309,0.3228004720083309,0.0032902603274755794,0.1,0.032280047200833085,1
MTH,-5414,70.19,-380008.66,1115816.75,80952298.78649999,0.004852051199267263,0.48520511992672627,0.0046942293881266795,0.1,0.04852051199267263,1
MTN,-116,130.5,-15138.0,846152.9,116197092.62099998,0.0001370910623836425,0.013709106238364249,0.0001302786468967482,0.1,0.0013709106238364247,1
MTRN,4,140.31,561.24,174687.4,24453087.9015,2.2898045308362253e-05,0.002289804530836225,2.2951702552280624e-05,0.1,0.0002289804530836225,1
MTSI,-1991,228.56,-455062.96,1563967.0,324539722.15475,0.001273044763732227,0.1273044763732227,0.0014021795451683193,0.1,0.01273044763732227,1
MTUS,-395,20.59,-8133.05,385694.8,7621845.764999999,0.0010241258113928423,0.10241258113928423,0.001067070923600617,0.1,0.010241258113928422,1
MTW,-17759,13.4,-237970.6,222211.5,2978281.6635,0.07991935610893225,7.991935610893225,0.07990197935823944,0.1,0.7991935610893225,1
MTX,345,67.3,23218.5,196367.0,12992310.2275,0.0017569143491523525,0.17569143491523526,0.0017870955660260386,0.1,0.017569143491523522,1
MTZ,1176,245.4,288590.4,905436.7,212503587.4135,0.0012988207789677623,0.12988207789677622,0.0013580495440693268,0.1,0.012988207789677622,1
MU,502,437.8,219775.6,37253081.1,14063573855.079498,1.3475395461987707e-05,0.0013475395461987707,1.562729376364182e-05,0.1,0.00013475395461987706,1
MUR,-5149,29.61,-152461.88999999998,3152004.45,99261542.47850001,0.0016335636835791902,0.16335636835791903,0.0015359613219089673,0.1,0.0163356368357919,1
MUSA,353,427.58,150935.74,274965.25,118186280.307,0.0012837985890944402,0.128379858909444,0.001277100350463101,0.1,0.012837985890944401,1
MUX,-154,23.45,-3611.2999999999997,1606881.5,38895088.391,9.58378075794637e-05,0.009583780757946369,9.284719869246072e-05,0.1,0.0009583780757946369,1
MWA,-791,27.91,-22076.81,1137197.15,29789492.145499997,0.0006955698051125085,0.06955698051125085,0.0007410938693473137,0.1,0.006955698051125085,1
MXL,12652,17.64,223181.28,1302440.1,24257890.626999997,0.009714074374706368,0.9714074374706368,0.009200358078603518,0.1,0.09714074374706368,1
MYE,9951,20.92,208174.92,282545.6,5657324.128500001,0.035219093838304336,3.5219093838304336,0.03679741787310251,0.1,0.35219093838304333,1
MYGN,-3138,5.47,-17164.86,922580.7,5582949.311,0.0034013284691518045,0.3401328469151805,0.0030745147490736373,0.1,0.03401328469151804,1
MYRG,296,257.41,76193.36,212999.1,51813683.2905,0.0013896772333779814,0.13896772333779814,0.0014705258372158614,0.1,0.013896772333779813,1
MZTI,-104,173.91,-18086.64,146003.0,24619189.7465,0.0007123141305315644,0.07123141305315644,0.0007346561843113174,0.1,0.007123141305315644,1
NABL,-8848,6.01,-53176.479999999996,1040017.9,6974874.5295,0.008507545879739184,0.8507545879739185,0.007624005245555578,0.1,0.08507545879739184,1
NAGE,-69,6.09,-420.21,818660.4,5169736.5395,8.428403279308489e-05,0.008428403279308489,8.128267210317865e-05,0.1,0.0008428403279308489,1
NAT,-370,4.18,-1546.6,3248648.05,12874604.121,0.0001138935318031758,0.01138935318031758,0.00012012796552534868,0.1,0.0011389353180317578,1
NAVI,-26826,9.98,-267723.48000000004,1111172.3,12542968.643000001,0.024142070496177774,2.414207049617777,0.02134450684044495,0.1,0.24142070496177773,1
NBHC,-319,40.62,-12957.779999999999,481525.5,19345758.1025,0.0006624778957708366,0.06624778957708366,0.0006697995463059936,0.1,0.006624778957708365,1
NBIS,1711,88.16,150841.75999999998,13007387.0,1275050975.7015002,0.0001315406391768001,0.013154063917680009,0.00011830253289834999,0.1,0.0013154063917680007,1
NBIX,633,137.63,87119.79,1118949.9,151562294.78750002,0.0005657089741015215,0.05657089741015215,0.0005748117638502867,0.1,0.005657089741015215,1
NBN,765,119.14,91142.1,120708.5,13533488.4695,0.0063375818604323635,0.6337581860432363,0.006734560730989952,0.1,0.06337581860432363,1
NBR,74,66.13,4893.62,367478.7,23268934.1115,0.000201372215586917,0.0201372215586917,0.00021030701176731037,0.1,0.00201372215586917,1
NBTB,-2047,45.41,-92954.26999999999,209696.55,9129150.171,0.009761724739868157,0.9761724739868157,0.01018213834353191,0.1,0.09761724739868156,1
NCLH,-9562,23.64,-226045.68,19507487.35,437877789.6045,0.0004901707651241921,0.04901707651241921,0.0005162300654805282,0.1,0.0049017076512419214,1
NCNO,11643,20.92,243571.56000000003,1873931.35,44231070.088,0.006213141159093155,0.6213141159093155,0.00550679781238396,0.1,0.062131411590931544,1
NDAQ,-113,96.81,-10939.53,3510594.95,346877489.522,3.2188276235058107e-05,0.003218827623505811,3.153715744159346e-05,0.1,0.00032188276235058105,1
NDSN,-970,276.91,-268602.7,423891.0,112970959.48999998,0.0022883241210594233,0.22883241210594232,0.0023776260838412754,0.1,0.02288324121059423,1
NE,-865,36.0,-31140.0,1980101.2,65378764.98149999,0.0004368463591658851,0.043684635916588506,0.0004763014414360929,0.1,0.004368463591658851,1
NEE,-4341,86.33,-374758.52999999997,9855626.7,826092114.864,0.00044045905269524875,0.04404590526952488,0.0004536522298868531,0.1,0.004404590526952488,1
NEM,1877,112.85,211819.44999999998,10635510.4,1244029376.046,0.00017648424282486715,0.017648424282486714,0.0001702688490148384,0.1,0.0017648424282486713,1
NEO,1570,12.31,19326.7,1963596.6,24939797.982,0.0007995532279899038,0.07995532279899038,0.0007749341038748114,0.1,0.007995532279899038,1
NEOG,-2829,10.25,-28997.25,4682008.35,44399314.30775,0.0006042278843864088,0.06042278843864088,0.0006531013023986828,0.1,0.006042278843864087,1
NET,-1577,182.42,-287676.33999999997,4293883.2,801957700.6429999,0.0003672666270940951,0.03672666270940951,0.00035871759790989546,0.1,0.003672666270940951,1
NEU,-4,678.81,-2715.24,151199.9,102185565.7255,2.6455043951748647e-05,0.0026455043951748645,2.657165892973495e-05,0.1,0.00026455043951748643,1
NEXA,35,12.66,443.1,947670.6,11418213.471000003,3.6932664155667594e-05,0.0036932664155667596,3.880642108552149e-05,0.1,0.0003693266415566759,1
NEXT,-40,5.08,-203.2,2965293.95,15143372.437,1.3489387789025098e-05,0.0013489387789025098,1.341841131130862e-05,0.1,0.00013489387789025097,1
NFBK,45,13.79,620.55,225138.95,2832233.8905,0.00019987656511678676,0.019987656511678675,0.0002191026673614334,0.1,0.0019987656511678675,1
NFE,-36715,1.31,-48096.65,13230824.9,19092018.618000004,0.00277495925443016,0.277495925443016,0.0025192019221400904,0.1,0.0277495925443016,1
NFG,-1392,83.03,-115577.76,918101.65,74694504.68599999,0.0015161719837885053,0.15161719837885052,0.0015473395330200613,0.1,0.015161719837885052,1
NFLX,-3572,82.76,-295618.72000000003,52414548.95,4558918215.2195,6.814901723961128e-05,0.006814901723961128,6.484404984785778e-05,0.1,0.0006814901723961128,1
NGVC,-64,28.04,-1794.56,223662.35,5796380.928,0.0002861456119011537,0.028614561190115368,0.0003096000801691962,0.1,0.002861456119011537,1
NGVT,122,67.25,8204.5,287345.8,18892922.7625,0.0004245755462582018,0.04245755462582018,0.00043426314197848035,0.1,0.004245755462582018,1
NHC,1929,149.29,287980.41,69578.05,9596662.7915,0.027724260740276566,2.7724260740276567,0.03000839106851512,0.1,0.27724260740276563,1
NHI,-992,80.33,-79687.36,204656.4,16235864.1925,0.004847148684331396,0.4847148684331396,0.004908107080423277,0.1,0.04847148684331396,1
NI,-5908,44.03,-260129.24000000002,3920994.35,170019708.98049998,0.0015067606511598264,0.15067606511598264,0.001529994619799255,0.1,0.015067606511598263,1
NIC,-6,148.55,-891.3000000000001,176566.45,24075417.858000003,3.398154066075407e-05,0.003398154066075407,3.7021164295340804e-05,0.1,0.00033981540660754064,1
NINE,-135657,,,,,,,,0.1,,
NJR,-2982,50.05,-149249.1,525383.8,25181986.569499996,0.005675850682872216,0.5675850682872216,0.005926819934880278,0.1,0.056758506828722154,1
NKE,512,62.18,31836.16,15594951.5,1005151416.523,3.283113769222046e-05,0.0032831137692220457,3.167299918864664e-05,0.1,0.00032831137692220457,1
NKTR,10,38.12,381.2,711422.25,27027430.5,1.405634979788726e-05,0.001405634979788726,1.4104189445607861e-05,0.1,0.0001405634979788726,1
NLY,-25661,22.54,-578398.94,9193323.05,215371348.94049996,0.00279126490611031,0.279126490611031,0.002685589066723042,0.1,0.0279126490611031,1
NMIH,10881,39.24,426970.44,478241.8,18414761.985000003,0.02275208900602164,2.275208900602164,0.023186313260404594,0.1,0.2275208900602164,1
NMRK,16213,17.36,281457.68,970395.7,16884272.8165,0.01670761731528695,1.6707617315286951,0.01666981356312533,0.1,0.1670761731528695,1
NN,-253,14.8,-3744.4,1501331.9,22794706.864,0.00016851703477425612,0.016851703477425612,0.00016426620541076505,0.1,0.001685170347742561,1
NNI,-3224,133.63,-430823.12,104832.3,14057515.605500001,0.030753880244924512,3.0753880244924514,0.030647173518444502,0.1,0.3075388024492451,1
NNN,538,41.45,22300.100000000002,1461987.1,60892335.17800001,0.0003679923030784608,0.03679923030784608,0.0003662217902271693,0.1,0.003679923030784608,1
NOC,-971,685.02,-665154.4199999999,1226278.0,786586450.4139999,0.0007918269756123815,0.07918269756123815,0.0008456215075277647,0.1,0.007918269756123815,1
NOG,-1216,23.93,-29098.88,2157400.35,49164040.7005,0.0005636413287872137,0.05636413287872137,0.0005918732387613548,0.1,0.005636413287872137,1
NOMD,57,12.59,717.63,2186380.15,26259315.450999998,2.6070489159902043e-05,0.0026070489159902045,2.7328587500275886e-05,0.1,0.0002607048915990204,1
NOV,-5509,18.38,-101255.42,4771003.15,85622425.99399999,0.00115468379013751,0.115468379013751,0.0011825806011043823,0.1,0.011546837901375099,1
NOVT,566,134.32,76025.12,481906.55,63704784.2905,0.001174501570895851,0.11745015708958512,0.0011933973381546678,0.1,0.011745015708958511,1
NOW,1464,118.0,172752.0,16641394.4,2144276214.7995002,8.797339722926103e-05,0.008797339722926104,8.056424765041435e-05,0.1,0.0008797339722926103,1
NPK,322,131.95,42487.899999999994,79681.45,9598951.015,0.004041091119702265,0.4041091119702265,0.004426306575958706,0.1,0.04041091119702264,1
NPKI,24102,14.03,338151.06,656088.65,8863653.818,0.036735889273499855,3.6735889273499858,0.03815030087403623,0.1,0.36735889273499855,1
NPO,-266,244.96,-65159.36,171696.2,40349016.7295,0.0015492480322802716,0.15492480322802715,0.0016148933798518228,0.1,0.015492480322802715,1
NRG,1499,149.11,223515.89,2028208.3,307691241.6965,0.0007390759617737488,0.07390759617737488,0.0007264291592039245,0.1,0.007390759617737488,1
NRIM,-5548,24.48,-135815.04,234269.15,6068740.154,0.023682162162623633,2.3682162162623634,0.02237944557742882,0.1,0.23682162162623632,1
NSA,-6286,31.71,-199329.06,1669276.5,53167683.551,0.003765703285225665,0.3765703285225665,0.003749064218846355,0.1,0.03765703285225665,1
NSIT,-24,84.57,-2029.6799999999998,402117.6,33870544.9375,5.9684032730723554e-05,0.005968403273072355,5.99246337413611e-05,0.1,0.0005968403273072355,1
NSP,1078,43.15,46515.7,1081009.95,47501312.7005,0.00099721561304778,0.099721561304778,0.0009792508323566893,0.1,0.009972156130477798,1
NSSC,3796,41.02,155711.92,379467.8,14950045.167,0.010003483826559197,1.0003483826559196,0.010415481576183524,0.1,0.10003483826559197,1
NTAP,-4520,97.46,-440519.19999999995,2644002.6,267231523.85099998,0.001709529332535452,0.17095293325354521,0.0016484552183507356,0.1,0.01709529332535452,1
NTB,-1384,52.8,-73075.2,160719.75,8141078.143500002,0.008611262772621286,0.8611262772621286,0.008976108411186874,0.1,0.08611262772621285,1
NTCT,-9996,28.61,-285985.56,426187.8,11748788.308999998,0.023454448954193435,2.3454448954193436,0.02434170677676818,0.1,0.23454448954193435,1
NTGR,69,20.87,1440.03,448320.9,9940040.3305,0.0001539076139434945,0.015390761394349448,0.00014487164559900376,0.1,0.0015390761394349448,1
NTLA,12207,13.06,159423.42,6927497.4,88870438.9545,0.0017621082037504625,0.17621082037504626,0.0017938858171008,0.1,0.017621082037504624,1
NTNX,-4707,40.1,-188750.7,4168344.75,190695417.61499998,0.001129225215836574,0.11292252158365741,0.0009898019698673295,0.1,0.01129225215836574,1
NTRA,4,231.1,924.4,1144838.8,273308323.3290001,3.4939416798242687e-06,0.00034939416798242685,3.382260696419537e-06,0.1,3.493941679824269e-05,1
NTRS,3853,151.62,584191.86,1072135.35,158311464.707,0.003593762671849221,0.3593762671849221,0.003690142473769741,0.1,0.03593762671849221,1
NU,6185,18.11,112010.34999999999,49496047.4,875228909.2360001,0.00012495947302652697,0.012495947302652697,0.0001279783480847033,0.1,0.0012495947302652696,1
NUE,1650,180.96,298584.0,1933117.25,336076970.2495,0.000853543674083918,0.0853543674083918,0.0008884393351271121,0.1,0.00853543674083918,1
NUS,10790,10.53,113618.7,467894.1,5007713.459000001,0.023060773794753985,2.3060773794753984,0.02268873826951926,0.1,0.23060773794753983,1
NUVL,-4,104.95,-419.8,588936.6,61201467.122,6.7919025579323825e-06,0.0006791902557932382,6.859312688749174e-06,0.1,6.791902557932383e-05,1
NVAX,-54,8.69,-469.26,6422210.3,56311859.33325001,8.408320107486982e-06,0.0008408320107486982,8.333235761635024e-06,0.1,8.408320107486981e-05,1
NVCR,-257,12.19,-3132.83,1178099.75,15987614.911500001,0.00021814791149900507,0.021814791149900505,0.00019595355638360627,0.1,0.0021814791149900505,1
NVDA,1151,185.61,213637.11000000002,165489106.2,30850007349.260998,6.955140591604694e-06,0.0006955140591604694,6.925026227104533e-06,0.1,6.955140591604694e-05,1
NVR,27,7718.38,208396.26,33567.5,253352406.51999998,0.0008043494451478364,0.08043494451478364,0.0008225548865412057,0.1,0.008043494451478363,1
NVRI,35,,,,,,,,0.1,,
NVST,-15609,23.26,-363065.34,2672291.15,63747747.011,0.005841055155984781,0.5841055155984781,0.005695343867405247,0.1,0.058410551559847805,1
NVT,-27,115.79,-3126.3300000000004,1916097.45,210740193.19450003,1.4091141345655462e-05,0.0014091141345655461,1.4834996365000924e-05,0.1,0.0001409114134565546,1
NWBI,-16588,13.04,-216307.52,1043387.3,13084858.8555,0.01589821919434902,1.5898219194349021,0.016531131316642272,0.1,0.1589821919434902,1
NWL,-531,4.34,-2304.54,5735008.5,23950893.077500004,9.258922632808653e-05,0.009258922632808652,9.621937656115778e-05,0.1,0.0009258922632808652,1
NWN,20,47.35,947.0,316986.25,14779696.27,6.309421938648759e-05,0.006309421938648759,6.407438845155645e-05,0.1,0.0006309421938648759,1
NWPX,1629,68.75,111993.75,79631.15,5342745.351249999,0.020456818719810026,2.0456818719810026,0.020961835655108983,0.1,0.20456818719810024,1
NWSA,27500,26.77,736175.0,2996018.25,79556806.9065,0.009178849294392648,0.9178849294392648,0.009253450818673476,0.1,0.09178849294392648,1
NX,4451,19.01,84613.51000000001,589656.6,10547992.234500002,0.007548461256941753,0.7548461256941753,0.008021764532898414,0.1,0.07548461256941752,1
NXPI,-1190,231.08,-274985.2,2776591.35,653065417.4655,0.0004285830538224503,0.042858305382245034,0.000421068384032947,0.1,0.004285830538224503,1
NXRT,920,30.44,28004.800000000003,184038.15,5609484.678,0.004998963530115903,0.4998963530115903,0.004992401549795266,0.1,0.049989635301159026,1
NXST,-1834,209.13,-383544.42,319455.65,67653455.98099999,0.005741016006447217,0.5741016006447217,0.005669250956044519,0.1,0.057410160064472165,1
NYT,1703,73.7,125511.1,1438994.55,103194627.2915,0.0011834652188224062,0.11834652188224062,0.0012162561491254901,0.1,0.011834652188224062,1
O,2875,60.53,174023.75,6540896.05,391644913.912,0.00043954222449384437,0.04395422244938444,0.0004443406356583044,0.1,0.004395422244938443,1
OBK,-888,44.18,-39231.84,257850.4,10571768.867,0.0034438573684586102,0.34438573684586105,0.0037110005424412004,0.1,0.0344385736845861,1
OC,-535,122.17,-65360.950000000004,1311227.15,158694642.848,0.00040801473642457757,0.04080147364245776,0.00041186614007256476,0.1,0.004080147364245775,1
OCFC,55,19.01,1045.5500000000002,855040.1,15579187.599499997,6.43244685249265e-05,0.00643244685249265,6.711197187416604e-05,0.1,0.000643244685249265,1
OCUL,-6666,9.15,-60993.9,5345438.75,57907098.0285,0.001247044501258199,0.12470445012581989,0.0010533061071370004,0.1,0.012470445012581988,1
ODC,-18,61.49,-1106.82,72833.1,4037514.9199999995,0.0002471403798547638,0.024714037985476382,0.0002741339714974973,0.1,0.0024714037985476382,1
ODFL,-1214,186.13,-225961.82,1997706.85,347575467.429,0.0006076967699239755,0.06076967699239755,0.0006501086560321111,0.1,0.006076967699239755,1
OEC,-2166,6.41,-13884.06,620759.25,3803880.4935000003,0.003489275431658892,0.3489275431658892,0.003649972711741292,0.1,0.03489275431658891,1
OFG,-2082,40.73,-84799.86,331110.65,13173830.967999998,0.006287928219765809,0.6287928219765809,0.006436993172751631,0.1,0.06287928219765808,1
OFIX,106,13.45,1425.6999999999998,214844.65,3083056.0289999996,0.000493379751369187,0.0493379751369187,0.00046243077861365717,0.1,0.00493379751369187,1
OGE,5426,43.08,233752.08,1536410.6,66310356.33100001,0.0035316080219701686,0.35316080219701684,0.0035251217597623012,0.1,0.03531608021970169,1
OGN,-13123,8.2,-107608.59999999999,6872914.6,60001605.81000002,0.001909379173720564,0.1909379173720564,0.0017934286682385035,0.1,0.01909379173720564,1
OGS,26,79.92,2077.92,477556.35,37321420.275,5.4443836837265384e-05,0.005444383683726539,5.567633773551508e-05,0.1,0.0005444383683726538,1
OHI,5463,43.02,235018.26,1982523.4,87337365.35949999,0.002755579076645451,0.2755579076645451,0.002690924543379717,0.1,0.027555790766454508,1
OI,3845,15.6,59982.0,1809556.8,27970336.824500002,0.0021248296820525333,0.21248296820525334,0.0021444861524677846,0.1,0.02124829682052533,1
OII,6353,30.53,193957.09,1097088.5,31084895.961000007,0.005790781691723138,0.5790781691723138,0.006239592702621365,0.1,0.057907816917231375,1
OIS,138,8.48,1170.24,881236.9,7204768.036,0.00015659807255007137,0.015659807255007138,0.00016242577056647378,0.1,0.0015659807255007136,1
OKE,-377,75.32,-28395.639999999996,4785122.8,362227190.6415,7.878585686453022e-05,0.007878585686453022,7.83917959049724e-05,0.1,0.0007878585686453021,1
OKTA,-4593,88.13,-404781.08999999997,2629643.8,237904708.98299998,0.0017466243907254665,0.17466243907254667,0.0017014421098698156,0.1,0.017466243907254663,1
OLED,-272,118.14,-32134.08,634264.4,75820329.379,0.0004288432395070573,0.04288432395070573,0.00042381878663930205,0.1,0.004288432395070573,1
OLLI,-1578,110.05,-173658.9,1141187.25,129896015.11549997,0.0013827704436760926,0.13827704436760926,0.0013369070625114038,0.1,0.013827704436760926,1
OLN,7887,22.17,174854.79,3590531.25,81701800.91,0.002196610877568605,0.2196610877568605,0.002140158332527018,0.1,0.021966108775686048,1
OMC,1587,76.52,121437.23999999999,3762785.8,294776409.098,0.00042176198283729044,0.042176198283729045,0.00041196390298528783,0.1,0.004217619828372904,1
OMCL,154,48.7,7499.8,437000.65,21689764.0835,0.0003524022218273588,0.035240222182735884,0.00034577600619018736,0.1,0.003524022218273588,1
OMER,-764,11.72,-8954.08,2548479.8,32795694.8385,0.0002997865629541188,0.02997865629541188,0.000273026079919749,0.1,0.0029978656295411876,1
OMF,4844,65.36,316603.84,1338838.8,88971118.56600001,0.0036180606657052364,0.3618060665705236,0.0035585012878661167,0.1,0.03618060665705236,1
ON,-1290,61.53,-79373.7,9190918.2,563997953.8945,0.00014035594397956888,0.014035594397956888,0.00014073402119974256,0.1,0.0014035594397956888,1
ONB,-3967,24.91,-98817.97,2974569.0,70223718.54774998,0.001333638587640764,0.13336385876407642,0.0014071879422449952,0.1,0.01333638587640764,1
ONTO,-493,202.43,-99797.99,897356.7,182491408.7485,0.0005493913401437801,0.05493913401437801,0.0005468640451865673,0.1,0.005493913401437801,1
OPCH,-6803,34.61,-235451.83,1930717.35,66175657.5115,0.0035235608153622276,0.3523560815362228,0.003557982479570878,0.1,0.035235608153622276,1
OPLN,119,29.72,3536.68,761244.15,23179710.908,0.00015632304038067156,0.015632304038067157,0.00015257653618015518,0.1,0.0015632304038067156,1
OPY,2642,89.07,235322.93999999997,41978.1,3323841.6285000006,0.06293757935685512,6.2937579356855125,0.0707984814866759,0.1,0.6293757935685512,1
ORA,-695,125.77,-87410.15,591830.55,71252662.98149998,0.0011743226164989285,0.11743226164989284,0.001226763272310189,0.1,0.011743226164989285,1
ORC,-200,7.69,-1538.0,7299014.35,57868988.83449999,2.740095996660152e-05,0.002740095996660152,2.657727447767472e-05,0.1,0.00027400959966601517,1
ORCL,-423,160.06,-67705.38,25144612.4,4552386472.652499,1.6822689221489054e-05,0.0016822689221489054,1.487250267672259e-05,0.1,0.00016822689221489054,1
ORI,3729,39.23,146288.66999999998,2117754.7,86256996.1315,0.001760827162843742,0.1760827162843742,0.0016959629544365403,0.1,0.01760827162843742,1
ORLY,4519,98.01,442907.19,6100964.5,584401888.234,0.0007407025561286252,0.07407025561286253,0.0007578811754671399,0.1,0.007407025561286252,1
ORN,250,12.93,3232.5,280997.7,3247530.7400000007,0.0008896869974380573,0.08896869974380572,0.0009953716404236407,0.1,0.008896869974380573,1
ORRF,-1815,37.46,-67989.90000000001,315214.35,11448341.862,0.005757986589125781,0.5757986589125781,0.005938842569479518,0.1,0.057579865891257805,1
OSBC,-1851,20.24,-37464.24,385390.7,7802885.527500001,0.004802918181471426,0.4802918181471426,0.004801331490506093,0.1,0.04802918181471426,1
OSCR,5089,14.0,71246.0,8441897.05,137130260.804,0.0006028265886042758,0.06028265886042758,0.0005195498031016784,0.1,0.006028265886042757,1
OSG,-9545,5.7,-54406.5,772452.9,4866514.9095,0.012356740456278952,1.2356740456278952,0.011179766426645938,0.1,0.12356740456278952,1
OSIS,318,252.72,80364.96,283093.9,77429543.95049998,0.0011233021976100508,0.11233021976100507,0.0010379108012230655,0.1,0.011233021976100507,1
OSK,-609,149.48,-91033.31999999999,877926.95,130308708.25299999,0.0006936795823388268,0.06936795823388268,0.0006985973632955893,0.1,0.006936795823388267,1
OSPN,-4099,11.92,-48860.08,438761.15,5386239.82,0.009342212727813298,0.9342212727813298,0.00907127822615221,0.1,0.09342212727813298,1
OSW,-3960,20.18,-79912.8,640977.05,13059862.316000002,0.006178068309934029,0.617806830993403,0.006118961905294867,0.1,0.06178068309934029,1
OTIS,1286,86.15,110788.90000000001,3529689.55,313865158.1025,0.0003643379911414589,0.03643379911414589,0.000352982473969982,0.1,0.0036433799114145887,1
OTTR,-138,88.12,-12160.560000000001,185096.25,15954746.189,0.0007455580542555562,0.07455580542555562,0.000762190752265561,0.1,0.007455580542555562,1
OUT,26,25.23,655.98,1105751.65,27155837.902999997,2.351341732114983e-05,0.002351341732114983,2.4156131817517283e-05,0.1,0.00023513417321149827,1
OVV,-8306,42.48,-352838.87999999995,4326165.2,175352472.0545,0.0019199451745393356,0.19199451745393356,0.002012169408654454,0.1,0.019199451745393354,1
OWL,-7140,13.42,-95818.8,12855536.85,191987719.1515,0.0005554027096114621,0.055540270961146214,0.0004990881730533407,0.1,0.005554027096114621,1
OXM,-368,36.66,-13490.88,391263.4,14903754.226499999,0.000940542867030241,0.0940542867030241,0.0009052001123322469,0.1,0.00940542867030241,1
OXY,-339,43.8,-14848.199999999999,12105907.5,524566042.938,2.800285728269442e-05,0.0028002857282694417,2.830568276367624e-05,0.1,0.00028002857282694417,1
OZK,-2186,48.44,-105889.84,1703905.7,80877063.154,0.0012829348478615925,0.12829348478615923,0.0013092691038789645,0.1,0.012829348478615924,1
PAG,3155,157.53,497007.15,239626.95,38769169.490499996,0.013166298698873395,1.3166298698873395,0.012819649131813018,0.1,0.13166298698873394,1
PAGS,35040,11.44,400857.6,4174145.55,44828806.515,0.008394532385196775,0.8394532385196776,0.00894196457953594,0.1,0.08394532385196775,1
PAHC,-1694,41.91,-70995.54,192872.95,7729551.3719999995,0.008782983824325805,0.8782983824325805,0.009184949628147707,0.1,0.08782983824325805,1
PANW,-2459,175.42,-431357.77999999997,6392103.1,1178266729.3890002,0.0003846934196039485,0.03846934196039485,0.00036609518816141406,0.1,0.0038469341960394848,1
PAR,6335,24.66,156221.1,1115232.35,34878755.575,0.005680430629545493,0.5680430629545493,0.004478975738227725,0.1,0.05680430629545493,1
PARR,13,37.73,490.48999999999995,1227744.85,45336001.736999996,1.0588519267663798e-05,0.0010588519267663798,1.0818995526897052e-05,0.1,0.00010588519267663797,1
PATH,5071,12.54,63590.34,25769192.35,388192250.12049997,0.0001967853680132897,0.019678536801328972,0.0001638114619244993,0.1,0.001967853680132897,1
PATK,-32,126.72,-4055.04,338457.85,41990545.43050001,9.454648488726145e-05,0.009454648488726144,9.65703102549986e-05,0.1,0.0009454648488726144,1
PAX,140,14.94,2091.6,906080.95,14582328.929,0.00015451158089131,0.015451158089130999,0.00014343387878464444,0.1,0.0015451158089130998,1
PAY,-72,27.18,-1956.96,564453.5,16491919.454,0.0001275570086818489,0.01275570086818489,0.00011866174858896447,0.1,0.001275570086818489,1
PAYC,4034,133.31,537772.54,990070.95,145637468.1315,0.004074455472105307,0.4074455472105307,0.0036925424954135475,0.1,0.040744554721053074,1
PAYO,27163,6.1,165694.3,4724489.8,27766336.098500002,0.0057494038827218975,0.5749403882721897,0.005967452796516107,0.1,0.05749403882721897,1
PAYX,574,102.47,58817.78,3234126.65,347859864.1415,0.0001774822269251577,0.017748222692515768,0.000169084697785297,0.1,0.0017748222692515769,1
PB,678,69.71,47263.38,1244273.25,87491844.032,0.0005448963883134191,0.054489638831341905,0.0005402032672064094,0.1,0.00544896388313419,1
PBF,-3154,32.47,-102410.37999999999,3791852.05,119387146.19750004,0.0008317835080089689,0.08317835080089689,0.00085780072027674,0.1,0.008317835080089687,1
PBH,-2908,65.44,-190299.52,359590.8,23313725.766499996,0.008086969966973572,0.8086969966973572,0.008162552905784177,0.1,0.08086969966973571,1
PBI,-11050,10.53,-116356.5,1765864.9,18248064.0325,0.006257556849337682,0.6257556849337682,0.0063763750386215115,0.1,0.06257556849337681,1
PCAR,1030,124.61,128348.3,3278370.35,394461630.0115,0.00031418048909574844,0.03141804890957484,0.0003253758800222424,0.1,0.003141804890957484,1
PCG,21115,15.08,318414.2,22911482.3,353506624.632,0.000921590306708353,0.09215903067083529,0.0009007305035131062,0.1,0.009215903067083529,1
PCOR,1465,56.6,82919.0,1880751.75,122129163.697,0.0007789438451938168,0.07789438451938167,0.0006789451224420104,0.1,0.0077894384519381675,1
PCRX,307,21.22,6514.54,1082898.35,23497648.922,0.0002834984465531783,0.02834984465531783,0.00027724220502335753,0.1,0.002834984465531783,1
PCT,-10435,9.39,-97984.65000000001,4615381.3,49507351.0365,0.002260918290759639,0.22609182907596387,0.001979193957029925,0.1,0.022609182907596385,1
PCTY,1148,135.57,155634.36,595280.35,85428231.3635,0.0019285030994219783,0.19285030994219782,0.0018218141417182165,0.1,0.01928503099421978,1
PCVX,-1464,57.4,-84033.59999999999,1443756.3,73562401.0185,0.0010140215492046684,0.10140215492046685,0.001142344442765899,0.1,0.010140215492046684,1
PD,263,10.38,2729.94,2272866.3,26022102.897,0.00011571292160915933,0.011571292160915932,0.00010490850838633512,0.1,0.0011571292160915932,1
PDFS,-2851,31.23,-89036.73,300191.75,10018025.617999999,0.00949726299939955,0.949726299939955,0.008887652457188996,0.1,0.0949726299939955,1
PDM,70,8.39,587.3000000000001,704002.15,5917788.5455,9.943151452023264e-05,0.009943151452023265,9.924315400667606e-05,0.1,0.0009943151452023265,1
PEB,-2822,11.52,-32509.44,2263447.8,27087261.8745,0.0012467705241534619,0.12467705241534618,0.00120017446394626,0.1,0.012467705241534618,1
PEBO,-522,32.59,-17011.980000000003,346378.3,11008370.8945,0.0015070228129187076,0.15070228129187077,0.0015453676264214104,0.1,0.015070228129187076,1
PECO,14742,36.25,534397.5,884415.85,31293446.841499995,0.016668629355749334,1.6668629355749334,0.0170769778959378,0.1,0.16668629355749331,1
PEG,5632,80.31,452305.92000000004,3479865.15,277006906.699,0.0016184535196715885,0.16184535196715885,0.0016328326444635644,0.1,0.016184535196715883,1
PEGA,1435,43.57,62522.95,1624850.25,83007059.33449998,0.0008831583095119073,0.08831583095119074,0.0007532244907995887,0.1,0.008831583095119073,1
PENG,13978,19.8,276764.4,1448908.4,28587060.423,0.009647262725511151,0.9647262725511151,0.0096814571314694,0.1,0.0964726272551115,1
PENN,70,12.6,882.0,4186957.55,58644021.96199999,1.671858364076321e-05,0.001671858364076321,1.5039896147837818e-05,0.1,0.00016718583640763207,1
PEP,-4226,155.2,-655875.2,8804747.05,1281413939.7009997,0.00047996835979518567,0.047996835979518565,0.0005118371040610339,0.1,0.004799683597951856,1
PFBC,-1278,87.54,-111876.12000000001,108080.75,9795243.7725,0.011824492335591675,1.1824492335591674,0.011421473788543223,0.1,0.11824492335591674,1
PFE,12509,26.66,333489.94,50330910.9,1296637197.7765002,0.0002485351402610915,0.02485351402610915,0.00025719603029426835,0.1,0.002485351402610915,1
PFG,-2632,96.0,-252672.0,1583811.7,145180185.805,0.0016618137118194038,0.16618137118194037,0.0017404027870537274,0.1,0.016618137118194036,1
PFGC,-570,94.75,-54007.5,2423848.2,225459368.89849997,0.00023516324165845037,0.023516324165845037,0.00023954427027742526,0.1,0.0023516324165845036,1
PFS,200,22.7,4540.0,1008169.35,21105881.8235,0.0001983793694977932,0.019837936949779318,0.0002151059139801025,0.1,0.0019837936949779317,1
PFSI,-3270,93.07,-304338.89999999997,865941.05,106790357.75299999,0.0037762385788270457,0.3776238578827046,0.002849872464178072,0.1,0.03776238578827045,1
PG,2415,153.19,369953.85,12179204.3,1778217137.1235,0.00019828881596148278,0.01982888159614828,0.00020804762381181914,0.1,0.001982888159614828,1
PGC,787,33.01,25978.87,109588.0,3270721.3729999997,0.007181443223710626,0.7181443223710625,0.007942856341863029,0.1,0.07181443223710625,1
PGEN,-18468,4.83,-89200.44,3773991.2,17076157.27675,0.0048934931273819605,0.48934931273819604,0.005223683440855317,0.1,0.0489349312738196,1
PGNY,2601,24.21,62970.21,1528583.3,38989399.61,0.0017015755700065544,0.17015755700065543,0.0016150597503391511,0.1,0.017015755700065544,1
PGR,838,203.04,170147.52,4016275.1,835562373.8725001,0.00020865104584095846,0.020865104584095847,0.00020363233831537165,0.1,0.0020865104584095844,1
PH,-463,952.0,-440776.0,702673.8,654582013.258,0.0006589117169303879,0.06589117169303879,0.0006733701676374515,0.1,0.0065891171693038784,1
PHM,262,127.07,33292.34,1999408.9,254442937.742,0.00013103872849620706,0.013103872849620706,0.00013084403243983039,0.1,0.0013103872849620705,1
PHR,7579,13.21,100118.59000000001,1111869.3,17496748.1085,0.006816448659927925,0.6816448659927925,0.00572212558466004,0.1,0.06816448659927925,1
PI,411,148.03,60840.33,679782.6,117775443.91749999,0.0006046050605002247,0.06046050605002246,0.0005165790760476163,0.1,0.006046050605002246,1
PII,851,64.35,54761.85,1109255.8,75284422.72399999,0.000767181023529469,0.0767181023529469,0.0007273994807765514,0.1,0.007671810235294689,1
PINS,-1761,22.0,-38742.0,14550817.15,361983499.19850004,0.00012102413093686631,0.01210241309368663,0.00010702697798596378,0.1,0.001210241309368663,1
PIPR,-106,86.525,-9171.650000000001,483719.4,43822645.34550001,0.0002191353086107359,0.021913530861073588,0.0002092901952333146,0.1,0.0021913530861073587,1
PJT,-2638,174.0,-459012.0,245743.25,44431546.528000005,0.010734781118097851,1.0734781118097851,0.010330768021111722,0.1,0.10734781118097851,1
PK,-37274,10.94,-407777.56,4221063.0,47056767.249,0.008830477062294497,0.8830477062294497,0.008665651803963769,0.1,0.08830477062294496,1
PKE,6170,24.91,153694.7,342835.05,8323818.723000002,0.017996993014570712,1.7996993014570712,0.018464445840863607,0.1,0.1799699301457071,1
PKG,919,223.72,205598.68,1112988.8,244189597.95,0.0008257046252397148,0.08257046252397149,0.0008419633011644426,0.1,0.008257046252397147,1
PLAB,16,36.1,577.6,1274619.0,44103355.6495,1.2552770671078965e-05,0.0012552770671078965,1.3096509131648089e-05,0.1,0.00012552770671078964,1
PLAY,-30,20.08,-602.4,1035944.95,19584451.607499998,2.8959067757413173e-05,0.0028959067757413173,3.07590946161243e-05,0.1,0.00028959067757413173,1
PLD,1822,129.68,236276.96000000002,3789278.1,490331231.518,0.0004808303724131517,0.04808303724131517,0.00048187214032546555,0.1,0.004808303724131517,1
PLMR,-1267,124.22,-157386.74,192170.85,24544686.99325,0.00659309151205815,0.659309151205815,0.006412252885656382,0.1,0.0659309151205815,1
PLNT,524,91.28,47830.72,1984753.35,196313675.042,0.0002640126542675945,0.02640126542675945,0.00024364436145249147,0.1,0.002640126542675945,1
PLOW,3141,38.51,120959.90999999999,191875.35,7051663.773999999,0.016370002712698634,1.6370002712698635,0.017153385906739916,0.1,0.16370002712698634,1
PLPC,-2,260.07,-520.14,108854.7,26420056.269500002,1.8373115722150722e-05,0.0018373115722150723,1.9687316131891176e-05,0.1,0.0001837311572215072,1
PLSE,-57,13.71,-781.47,168189.85,2415127.9585,0.00033890273402348596,0.0338902734023486,0.000323572917637606,0.1,0.0033890273402348596,1
PLTR,-3496,147.76,-516568.95999999996,40137537.75,6711768596.022,8.710050979646852e-05,0.008710050979646852,7.696465582948812e-05,0.1,0.0008710050979646852,1
PLUS,757,87.05,65896.84999999999,140229.95,12162604.816499999,0.00539827618850324,0.539827618850324,0.005417988251217633,0.1,0.0539827618850324,1
PLXS,830,204.96,170116.80000000002,338757.0,61151224.05799999,0.0024501338717723914,0.24501338717723914,0.002781903430725273,0.1,0.024501338717723913,1
PM,3607,179.94,649043.58,5540918.6,940087573.8304999,0.0006509750928302755,0.06509750928302756,0.0006904075727279256,0.1,0.006509750928302755,1
PMT,-7044,11.99,-84457.56,1501304.75,19222520.821499996,0.00469191881261949,0.469191881261949,0.004393677644273166,0.1,0.046919188126194895,1
PNC,-777,227.63,-176868.51,3081698.4,677894385.832,0.00025213369355028386,0.025213369355028385,0.000260908651401389,0.1,0.0025213369355028383,1
PNFP,3951,98.13,387711.63,2010783.75,194672165.102,0.0019649054752904184,0.19649054752904185,0.001991613078309657,0.1,0.019649054752904183,1
PNR,-2993,105.51,-315791.43,1877277.85,196724115.353,0.0015943297898070867,0.15943297898070868,0.0016052502227972747,0.1,0.015943297898070866,1
PNW,-2334,91.7,-214027.80000000002,1311782.25,120238375.10800001,0.0017792587146227966,0.17792587146227967,0.00178002904486822,0.1,0.017792587146227966,1
PODD,790,256.62,202729.80000000002,946933.05,260105823.603,0.0008342722856700376,0.08342722856700376,0.0007794127682024793,0.1,0.008342722856700376,1
POOL,-2347,253.6,-595199.2,791209.85,202652442.59399998,0.002966343252678161,0.29663432526781613,0.0029370442930828126,0.1,0.02966343252678161,1
POR,407,50.11,20394.77,877102.35,43407395.5965,0.0004640279438311846,0.04640279438311846,0.0004698455118013221,0.1,0.004640279438311846,1
POST,-110,101.29,-11141.900000000001,801872.85,79159735.54650001,0.00013717885572506913,0.013717885572506913,0.00014075211246069696,0.1,0.0013717885572506912,1
POWI,-380,46.52,-17677.600000000002,904814.05,39175163.906500004,0.00041997579502661345,0.04199757950266134,0.00045124508074022144,0.1,0.004199757950266134,1
POWL,-13,146.7867,-1908.2271,858125.4,117009131.07727501,1.5149301022904112e-05,0.0015149301022904112,1.630836057349893e-05,0.1,0.0001514930102290411,1
PPC,2842,43.69,124166.98,879703.15,36013412.53524999,0.003230635243263594,0.32306352432635943,0.003447798230130653,0.1,0.03230635243263594,1
PPG,-1132,116.46,-131832.72,2389910.1,265224700.15049997,0.0004736579840388138,0.04736579840388138,0.0004970604921984733,0.1,0.004736579840388138,1
PPL,18770,35.82,672341.4,6636869.35,238934869.241,0.0028281406503805895,0.28281406503805895,0.002813910762107508,0.1,0.028281406503805895,1
PR,-5730,15.74,-90190.2,11654399.85,171964836.06550002,0.0004916598086344188,0.049165980863441885,0.0005244688510949255,0.1,0.004916598086344188,1
PRAA,-20026,12.87,-257734.62,360122.4,5404839.7612499995,0.05560887076171879,5.560887076171879,0.047685894750817304,0.1,0.5560887076171879,1
PRCT,10896,29.14,317509.44,1121335.1,34990148.7105,0.009716988258014932,0.9716988258014931,0.009074252373918044,0.1,0.09716988258014932,1
PRDO,707,32.64,23076.48,445817.95,14181768.463,0.001585849111728229,0.1585849111728229,0.0016271933969452508,0.1,0.015858491117282287,1
PRG,-1589,33.27,-52866.030000000006,407775.65,13088877.2985,0.0038967505784124183,0.38967505784124185,0.004039004170820557,0.1,0.03896750578412418,1
PRGO,-1889,14.32,-27050.48,2524922.0,36928140.6655,0.0007481419227999915,0.07481419227999915,0.0007325167071103536,0.1,0.0074814192279999145,1
PRGS,111,40.99,4549.89,949333.1,39575378.751499996,0.00011692418604175921,0.01169241860417592,0.0001149676931349027,0.1,0.0011692418604175921,1
PRI,-828,264.66,-219138.48,208975.65,54799716.787,0.003962184110923929,0.39621841109239286,0.003998898039049459,0.1,0.03962184110923928,1
PRIM,1718,152.84,262579.12,725476.95,103515717.5105,0.002368097291030404,0.23680972910304043,0.0025366111187256715,0.1,0.023680972910304042,1
PRK,-245,166.27,-40736.15,58119.8,9328141.8135,0.004215430885859896,0.4215430885859896,0.004367016584272473,0.1,0.04215430885859896,1
PRKS,3504,35.77,125338.08000000002,1139264.3,42395815.92,0.0030756690962755523,0.30756690962755523,0.002956378531233136,0.1,0.03075669096275552,1
PRLB,-513,53.45,-27419.850000000002,151410.75,8148788.615999999,0.0033881345941420937,0.3388134594142094,0.003364898918369489,0.1,0.033881345941420934,1
PRM,-6670,26.2,-174754.0,849350.3,23645384.291500002,0.007853061334057337,0.7853061334057337,0.007390617883204387,0.1,0.07853061334057336,1
PRMB,-5799,18.85,-109311.15000000001,6816689.8,124061503.931,0.0008507061594617376,0.08507061594617375,0.0008811045049139193,0.1,0.008507061594617374,1
PRSU,-217,35.12,-7621.039999999999,272234.75,9350442.187499998,0.0007971061739913806,0.07971061739913805,0.0008150459461893764,0.1,0.007971061739913805,1
PRTA,-120,8.91,-1069.2,511453.65,4764266.537,0.0002346253663455134,0.02346253663455134,0.0002244206934470258,0.1,0.002346253663455134,1
PRU,1047,111.72,116970.84,1886173.4,212391739.9015,0.0005550921246159022,0.05550921246159022,0.0005507315870864237,0.1,0.0055509212461590214,1
PRVA,294,23.41,6882.54,733462.4,17193528.8395,0.0004008385433254656,0.04008385433254656,0.00040029827874474603,0.1,0.004008385433254656,1
PSA,344,271.81,93502.64,1212962.3,339825028.1315,0.00028360320844266965,0.028360320844266963,0.0002751493629357337,0.1,0.002836032084426696,1
PSKY,-15610,11.18,-174519.8,6877875.25,81859958.386,0.0022695962681207396,0.22695962681207396,0.0021319312083824247,0.1,0.022695962681207396,1
PSMT,-2134,143.46,-306143.64,235621.9,32768926.794,0.009056883082599708,0.9056883082599708,0.009342498212546131,0.1,0.09056883082599708,1
PSN,-182,68.34,-12437.880000000001,1158606.65,80479324.4555,0.00015708523682304086,0.015708523682304087,0.0001545475199270263,0.1,0.0015708523682304086,1
PSTG,-601,,,,,,,,0.1,,
PSX,-1749,142.24,-248777.76,2514117.1,353176426.456,0.0006956716534802615,0.06956716534802615,0.0007044008075408557,0.1,0.0069567165348026145,1
PTC,339,156.92,53195.88,893885.2,147218813.15399998,0.00037924333012785087,0.03792433301278508,0.000361338872799863,0.1,0.0037924333012785087,1
PTCT,557,74.88,41708.159999999996,1421251.65,108110114.704,0.000391908076236886,0.0391908076236886,0.0003857933192855712,0.1,0.00391908076236886,1
PTEN,-727,7.59,-5517.93,11321676.65,80708277.05450001,6.421310398402872e-05,0.006421310398402872,6.836882413279493e-05,0.1,0.0006421310398402872,1
PTGX,1372,83.05,113944.59999999999,903430.55,74460649.353,0.0015186557505720833,0.15186557505720832,0.0015302659994249593,0.1,0.015186557505720831,1
PTN,6532,17.25,112677.0,41651.25,716159.21375,0.15682602562948292,15.682602562948292,0.15733512581649725,0.1,1.5682602562948291,2
PTON,-29747,5.76,-171342.72,10477773.45,65463235.54450001,0.0028390573762596483,0.2839057376259648,0.002617388501726686,0.1,0.02839057376259648,1
PUMP,20314,11.83,240314.62,3036167.8,32335073.127000004,0.006690671049208809,0.669067104920881,0.007432011025802681,0.1,0.06690671049208809,1
PVH,-1816,62.8,-114044.79999999999,1105838.15,71216948.526,0.0016421932992635496,0.16421932992635496,0.0016013716167348048,0.1,0.016421932992635495,1
PVLA,41,79.9,3275.9,235724.45,20969325.897499997,0.00017393189378530737,0.017393189378530738,0.00015622342921336156,0.1,0.0017393189378530737,1
PWP,-49,22.11,-1083.3899999999999,1096596.25,23126332.477999996,4.468372019327989e-05,0.004468372019327989,4.684659796492268e-05,0.1,0.0004468372019327989,1
PWR,-1339,477.77,-639734.03,1048500.0,479055380.156,0.0012770624701955173,0.12770624701955174,0.0013354072545676795,0.1,0.012770624701955172,1
PYPL,-1836,52.33,-96077.87999999999,16245951.7,911338699.4265001,0.00011301276982129647,0.011301276982129647,0.00010542499738073365,0.1,0.0011301276982129645,1
PZZA,-12,33.89,-406.68,1009546.4,37379971.204500005,1.1886526463766302e-05,0.0011886526463766303,1.0879623148319644e-05,0.1,0.00011886526463766301,1
QBTS,-3422,20.97,-71759.34,38107613.0,1036710882.9275,8.979832979830041e-05,0.008979832979830042,6.921827597426536e-05,0.1,0.0008979832979830041,1
QCOM,941,152.62,143615.42,9457273.45,1544932515.7554998,9.950013658534956e-05,0.009950013658534956,9.295902476993921e-05,0.1,0.0009950013658534956,1
QCRH,-89,92.35,-8219.15,83615.95,7282194.316250001,0.0010643902269842059,0.1064390226984206,0.001128663922309682,0.1,0.010643902269842059,1
QDEL,-7929,27.65,-219236.84999999998,1069069.8,33029742.146000005,0.0074167280751920965,0.7416728075192096,0.006637558629156606,0.1,0.07416728075192096,1
QGEN,-4846,52.18,-252864.28,3222222.6,171147767.03701,0.0015039308581598304,0.15039308581598304,0.0014774617535344128,0.1,0.015039308581598304,1
QLYS,-352,135.0,-47520.0,414356.1,54964461.451,0.0008495108434508386,0.08495108434508386,0.0008645586392648162,0.1,0.008495108434508385,1
QNST,6763,13.34,90218.42,599565.5,8686949.052499998,0.011279835147285826,1.1279835147285826,0.010385512733499483,0.1,0.11279835147285826,1
QS,-10189,8.68,-88440.52,14582987.65,151741578.46049997,0.0006986908474821345,0.06986908474821345,0.0005828364308403584,0.1,0.006986908474821345,1
QTWO,323,60.5,19541.5,690244.1,45567489.720000006,0.0004679503960990033,0.04679503960990033,0.00042884741117136957,0.1,0.004679503960990032,1
QURE,351,24.7,8669.699999999999,1961231.15,46124890.495249994,0.00017896921533191028,0.01789692153319103,0.00018796142184647173,0.1,0.0017896921533191027,1
R,523,203.08,106210.84000000001,327063.2,62799586.014,0.0015990793216723862,0.15990793216723861,0.0016912665630681432,0.1,0.01599079321672386,1
RAMP,484,24.51,11862.84,554341.15,14421050.917499999,0.0008731085541818427,0.08731085541818427,0.0008226057912051611,0.1,0.008731085541818426,1
RARE,2755,24.76,68213.8,2861145.15,67784147.647,0.0009629011656399187,0.09629011656399188,0.001006338537370677,0.1,0.009629011656399187,1
RBC,-9,507.13,-4564.17,199308.6,98394228.94,4.5156104653788144e-05,0.004515610465378814,4.638656198813443e-05,0.1,0.0004515610465378814,1
RBCAA,311,73.42,22833.62,36387.25,2589015.4359999998,0.008546949824457743,0.8546949824457744,0.008819422117960675,0.1,0.08546949824457743,1
RBLX,-3634,67.48,-245222.32,13748515.8,1050856473.9235003,0.00026431944021186636,0.026431944021186635,0.00023335472168186077,0.1,0.0026431944021186636,1
RCL,-1030,334.05,-344071.5,2682067.5,807407956.312,0.00038403209464340474,0.038403209464340476,0.0004261433112098827,0.1,0.0038403209464340474,1
RCUS,21,21.66,454.86,1359839.65,30141316.453500003,1.5442997268097017e-05,0.0015442997268097017,1.5090913520705954e-05,0.1,0.00015442997268097015,1
RDN,2840,32.9,93436.0,1286057.4,42950237.802499995,0.0022082995673443503,0.22082995673443503,0.0021754477921554463,0.1,0.0220829956734435,1
RDNT,-18,70.87,-1275.66,661333.65,48654478.26325,2.7217728902801178e-05,0.0027217728902801178,2.6218758180858748e-05,0.1,0.0002721772890280118,1
RDWR,1498,24.54,36760.92,205905.5,5020644.7175,0.007275182061673924,0.7275182061673924,0.007321952073578486,0.1,0.07275182061673924,1
REG,2803,71.98,201759.94,1333633.35,94305285.98499998,0.002101777073886162,0.2101777073886162,0.0021394340507285194,0.1,0.02101777073886162,1
REGN,497,755.02,375244.94,934576.85,711550530.8225,0.0005317914733282768,0.053179147332827685,0.0005273623217823258,0.1,0.005317914733282768,1
RELY,-78,13.33,-1039.74,2905468.05,39651528.069,2.684593279213654e-05,0.002684593279213654,2.6221940253870828e-05,0.1,0.0002684593279213654,1
REPL,15862,6.975,110637.45,1385045.85,10499078.05,0.011452328455408172,1.1452328455408172,0.010537825271238935,0.1,0.11452328455408171,1
RES,-92,6.62,-609.04,2308221.45,14420843.182,3.985752753489055e-05,0.0039857527534890545,4.2233314121340674e-05,0.1,0.0003985752753489055,1
REX,1239,34.31,42510.090000000004,160172.85,5354047.439,0.007735393357863083,0.7735393357863083,0.00793980450945347,0.1,0.07735393357863082,1
REXR,-1712,40.29,-68976.48,2250808.05,89720638.4195,0.0007606157264276712,0.07606157264276713,0.0007687916761970851,0.1,0.007606157264276712,1
REYN,-6135,23.11,-141779.85,866611.8,20270252.1265,0.0070792943276332026,0.7079294327633202,0.006994478860706736,0.1,0.07079294327633202,1
REZI,70,24.6227,1723.589,1395322.45,34683269.464490004,5.0167615378079815e-05,0.005016761537807982,4.9695113137032055e-05,0.1,0.0005016761537807982,1
RF,16465,29.12,479460.8,16140905.25,455764474.4225,0.001020079093767061,0.1020079093767061,0.0010519924805625221,0.1,0.01020079093767061,1
RGA,188,205.15,38568.200000000004,361931.55,72254760.71049999,0.0005194352357510695,0.051943523575106954,0.000533780744974432,0.1,0.005194352357510695,1
RGEN,-1763,151.12,-266424.56,651533.85,106538438.148,0.0027059223400288414,0.2705922340028841,0.0025007364912736094,0.1,0.027059223400288414,1
RGLD,-1244,259.46,-322768.24,1068951.3,284221079.8585,0.00116375741345747,0.11637574134574699,0.0011356238606956626,0.1,0.011637574134574698,1
RGNX,3276,10.78,35315.28,1045786.05,13682372.988499999,0.003132571906079642,0.3132571906079642,0.0025810785913877956,0.1,0.03132571906079642,1
RGP,19042,4.68,89116.56,504403.1,2311094.2025000006,0.037751552280309145,3.7751552280309144,0.0385603321161029,0.1,0.3775155228030914,1
RGR,-17,36.77,-625.09,207466.2,7661015.733499998,8.194105835070965e-05,0.008194105835070964,8.159361914199104e-05,0.1,0.0008194105835070964,1
RGTI,-695,17.71,-12308.45,32691867.35,772043266.92,2.1259109874615344e-05,0.0021259109874615344,1.5942694570867124e-05,0.1,0.00021259109874615344,1
RH,-912,195.73,-178505.75999999998,1037992.1,223042903.10799998,0.0008786194037507608,0.08786194037507608,0.0008003202859746019,0.1,0.008786194037507607,1
RHI,-3817,34.03,-129892.51000000001,2968778.25,88694709.4375,0.0012857140812049537,0.12857140812049536,0.0014644899433548584,0.1,0.012857140812049537,1
RHP,-2048,94.63,-193802.24,478482.4,45207787.73350001,0.004280199229898529,0.4280199229898529,0.0042869215618880656,0.1,0.04280199229898529,1
RIG,7208,4.82,34742.560000000005,35748034.3,163319494.97599998,0.00020163346436086419,0.02016334643608642,0.00021272757428686314,0.1,0.002016334643608642,1
RIGL,33,36.01,1188.33,411268.3,16329640.122,8.023959055438992e-05,0.008023959055438993,7.277135265210347e-05,0.1,0.0008023959055438992,1
RILY,-623,8.27,-5152.21,2441782.65,21223679.607,0.0002551414639628142,0.02551414639628142,0.0002427576224011927,0.1,0.002551414639628142,1
RIOT,-10692,15.32,-163801.44,20206434.05,340971322.882,0.0005291383909473131,0.05291383909473131,0.00048039652899691736,0.1,0.005291383909473131,1
RITM,-9483,10.8,-102416.40000000001,10328431.05,117740660.15149999,0.0009181452588580721,0.09181452588580721,0.0008698473396379649,0.1,0.00918145258858072,1
RIVN,-1308,14.44,-18887.52,28035297.95,490996457.3704999,4.665546991270696e-05,0.004665546991270696,3.8467731724890446e-05,0.1,0.00046655469912706954,1
RJF,-932,167.34,-155960.88,1245509.9,210195949.1605,0.0007482879100358818,0.07482879100358818,0.0007419785234819747,0.1,0.007482879100358817,1
RKLB,-244,74.15,-18092.600000000002,25967836.1,2240176352.3955,9.396239219177757e-06,0.0009396239219177757,8.076417725172815e-06,0.1,9.396239219177757e-05,1
RKT,-10479,18.77,-196690.83,35781444.1,762948307.0375,0.00029286129343225695,0.029286129343225695,0.00025780361288662293,0.1,0.0029286129343225695,1
RL,649,356.54,231394.46000000002,485497.3,175670726.6745,0.0013367736545599738,0.13367736545599737,0.0013172055719263371,0.1,0.013367736545599737,1
RLI,-33,58.74,-1938.42,955482.35,56160547.39300001,3.453752965714124e-05,0.0034537529657141237,3.451568921569325e-05,0.1,0.00034537529657141237,1
RLJ,-2604,7.45,-19399.8,1536796.35,11660655.915000001,0.0016944340087741618,0.1694434008774162,0.0016636971488923312,0.1,0.016944340087741618,1
RMBS,-274,113.71,-31156.539999999997,2638857.75,293959066.665,0.00010383280417445767,0.010383280417445767,0.00010598938264934158,0.1,0.0010383280417445766,1
RMD,-1772,254.74,-451399.28,1046029.95,267219715.92,0.0016940241529413188,0.1694024152941319,0.0016892439184208233,0.1,0.01694024152941319,1
RNG,-1818,26.43,-48049.74,1397875.8,38127405.122499995,0.0013005447265057454,0.13005447265057454,0.001260241546615103,0.1,0.013005447265057453,1
RNR,147,284.5,41821.5,348909.4,96042194.83000001,0.0004213128107181979,0.042131281071819786,0.00043544923222575623,0.1,0.004213128107181979,1
RNST,-2319,37.82,-87704.58,686810.55,25391749.101,0.003376476962970356,0.3376476962970356,0.00345405823171693,0.1,0.03376476962970356,1
ROAD,2130,114.2,243246.0,453712.6,51257317.1385,0.0046946018250319695,0.46946018250319693,0.004745585871042302,0.1,0.046946018250319695,1
ROCK,-3533,51.96,-183574.68,422137.75,21829210.5735,0.008369305990757756,0.8369305990757756,0.00840958858232162,0.1,0.08369305990757755,1
ROG,-214,98.0,-20972.0,148284.75,14438403.8315,0.0014431693077002186,0.14431693077002186,0.0014525151287322893,0.1,0.014431693077002185,1
ROIV,10649,21.94,233639.06000000003,5831609.3,131104312.54650001,0.0018260825532327757,0.18260825532327757,0.0017820852377921058,0.1,0.018260825532327756,1
ROK,-286,429.15,-122736.9,685201.95,284943710.09000003,0.0004173951927603242,0.041739519276032415,0.0004307408644368156,0.1,0.004173951927603241,1
ROKU,30,96.18,2885.4,2959562.05,314038839.656,1.0136634911912053e-05,0.0010136634911912053,9.188035477269894e-06,0.1,0.00010136634911912053,1
ROL,7368,63.51,467941.68,2174499.55,134953724.73349997,0.003388365842614224,0.3388365842614224,0.0034674232291407175,0.1,0.03388365842614224,1
ROOT,1457,63.84,93014.88,288591.7,20096758.0065,0.005048655245455777,0.5048655245455778,0.004628352491974861,0.1,0.05048655245455777,1
ROP,456,372.61,169910.16,1658549.85,652870064.389,0.0002749389775652507,0.02749389775652507,0.0002602511116189918,0.1,0.002749389775652507,1
ROST,-1023,190.11,-194482.53000000003,2445116.45,462675754.47749996,0.0004183849812142894,0.04183849812142894,0.0004203430331455974,0.1,0.004183849812142894,1
RPD,526,11.8,6206.8,1073933.85,13968889.986499999,0.0004897880814539926,0.04897880814539927,0.0004443302228021309,0.1,0.004897880814539926,1
RPM,-1281,107.51,-137720.31,1264266.25,137608548.5155,0.0010132359382369021,0.10132359382369022,0.0010008121696341227,0.1,0.01013235938236902,1
RPRX,-1816,42.36,-76925.76,3885438.6,156933637.0895,0.0004673861015330418,0.04673861015330418,0.0004901801897073784,0.1,0.004673861015330418,1
RRC,8597,35.41,304419.76999999996,3347909.85,117623865.69499998,0.002567870816473747,0.2567870816473747,0.002588078262870257,0.1,0.025678708164737468,1
RRR,-760,63.34,-48138.4,570069.25,35526362.656,0.0013331713647070072,0.13331713647070073,0.001355005027284153,0.1,0.013331713647070071,1
RRX,-1054,170.12,-179306.48,738067.05,116169177.34899998,0.0014280545378634636,0.14280545378634635,0.0015434944457024128,0.1,0.014280545378634636,1
RS,-1780,332.06,-591066.8,328632.7,105366907.253,0.005416381266988951,0.5416381266988951,0.005609605666613805,0.1,0.05416381266988951,1
RSG,698,215.73,150579.53999999998,1444784.2,307982262.215,0.000483117132648599,0.0483117132648599,0.0004889227675549756,0.1,0.00483117132648599,1
RSI,-11998,17.89,-214644.22,2030850.6,36781915.5065,0.005907869343023066,0.5907869343023067,0.005835591133421767,0.1,0.05907869343023066,1
RTX,1340,201.09,269460.6,6332742.8,1237306558.3035,0.00021159867727456105,0.021159867727456105,0.00021777998200337977,0.1,0.0021159867727456104,1
RUM,-42264,5.52,-233297.27999999997,1935465.25,11981993.091000002,0.021836610086386207,2.183661008638621,0.019470657196024914,0.1,0.21836610086386204,1
RUN,2461,18.19,44765.590000000004,8058025.75,151481421.8715,0.00030540979594164243,0.03054097959416424,0.00029551868108271495,0.1,0.0030540979594164243,1
RUSHA,-925,67.04,-62012.00000000001,440794.25,27149342.3225,0.0020984847238819473,0.20984847238819473,0.002284106895238033,0.1,0.020984847238819472,1
RUSHB,-186,60.93,-11332.98,27814.35,1632597.773,0.006687195638222716,0.6687195638222716,0.006941685323492108,0.1,0.06687195638222715,1
RVLV,2796,27.83,77812.68,852841.95,25452782.581,0.0032784503623443945,0.32784503623443945,0.003057138438690221,0.1,0.03278450362344394,1
RVMD,-3954,97.16,-384170.64,5758505.95,628337685.7720001,0.0006866364356192077,0.06866364356192077,0.0006114079239541284,0.1,0.0068663643561920765,1
RVTY,-2716,107.09,-290856.44,1593897.5,175921886.72050002,0.0017039991592934928,0.17039991592934928,0.0016533271977812796,0.1,0.017039991592934928,1
RWT,34958,5.44,190171.52000000002,1402198.95,7947545.380000001,0.02493084166123502,2.493084166123502,0.023928333958125825,0.1,0.2493084166123502,1
RXO,-6429,15.49,-99585.21,1816014.15,26822887.486000005,0.0035401706534059774,0.35401706534059774,0.0037126953633152926,0.1,0.035401706534059774,1
RXRX,-2146,4.18,-8970.279999999999,20697374.4,95616572.9805,0.00010368464900552797,0.010368464900552796,9.381511719552418e-05,0.1,0.0010368464900552797,1
RYAM,6825,7.9,53917.5,981833.8,7708044.204500002,0.0069512783120727764,0.6951278312072776,0.006994965074087489,0.1,0.06951278312072776,1
RYAN,-3845,47.5,-182637.5,1465991.0,73119382.26650001,0.0026227991849881753,0.26227991849881754,0.002497798727761903,0.1,0.02622799184988175,1
RYI,4513,,,,,,,,0.1,,
RYN,-1752,22.57,-39542.64,3130005.45,72003370.78,0.0005597434343125505,0.05597434343125505,0.0005491776228201743,0.1,0.005597434343125505,1
RYTM,35,108.99,3814.6499999999996,601781.25,62421700.0685,5.816066884769175e-05,0.0058160668847691745,6.11109597433889e-05,0.1,0.0005816066884769174,1
S,-79,14.39,-1136.81,7755468.6,112595546.24700001,1.018636062816372e-05,0.001018636062816372,1.0096402903061443e-05,0.1,0.0001018636062816372,1
SABR,105190,1.33,139902.7,5332902.15,6958255.974499999,0.019724719681946536,1.9724719681946536,0.020106000772708427,0.1,0.19724719681946534,1
SAFE,5448,14.16,77143.68000000001,444174.85,6413549.3385,0.012265440062623988,1.226544006262399,0.012028235213988759,0.1,0.12265440062623988,1
SAFT,391,79.04,30904.640000000003,82593.05,6338903.3149999995,0.004734054499743017,0.4734054499743017,0.004875392234942142,0.1,0.047340544997430165,1
SAH,746,60.44,45088.24,165908.6,10387260.441999998,0.004496451660733681,0.4496451660733681,0.00434072489582427,0.1,0.0449645166073368,1
SAIA,-602,367.75,-221385.5,510978.95,181799134.86425,0.0011781307233888988,0.11781307233888988,0.001217747819126363,0.1,0.011781307233888988,1
SAIC,8,100.88,807.04,522345.4,56270784.784,1.5315536424748833e-05,0.0015315536424748834,1.4342078275572108e-05,0.1,0.00015315536424748832,1
SAM,855,213.29,182362.94999999998,154442.85,32849123.873500008,0.00553602837554474,0.553602837554474,0.005551531623865181,0.1,0.0553602837554474,1
SANM,199,150.47,29943.53,982794.35,154606300.25274998,0.00020248386653830478,0.02024838665383048,0.00019367600124347062,0.1,0.002024838665383048,1
SB,283,5.87,1661.21,631093.1,3351645.6100000003,0.0004484282905327281,0.04484282905327281,0.000495640110351643,0.1,0.004484282905327281,1
SBAC,-693,181.14,-125530.01999999999,830801.7,154500149.64400002,0.0008341340659269234,0.08341340659269234,0.0008124912518806413,0.1,0.008341340659269234,1
SBCF,-288,33.39,-9616.32,682260.05,22807536.053500004,0.00042212643111669805,0.042212643111669806,0.0004216290605632648,0.1,0.00422126431116698,1
SBGI,12670,14.48,183461.6,331317.4,4947847.532500001,0.038241275586491985,3.8241275586491987,0.03707907303022781,0.1,0.38241275586491985,1
SBH,-2091,16.24,-33957.84,1707143.6,26504508.797000002,0.0012248530234949186,0.12248530234949186,0.0012812099352636796,0.1,0.012248530234949186,1
SBLK,13012,23.11,300707.32,1421868.65,30002782.2855,0.009151337572566918,0.9151337572566918,0.010022647804411406,0.1,0.09151337572566917,1
SBRA,3950,18.26,72127.0,2569968.5,48985237.383,0.0015369838190623737,0.15369838190623736,0.0014724232004034586,0.1,0.015369838190623736,1
SBSI,-4661,33.1,-154279.1,117297.75,3775792.692999999,0.039736482583851776,3.9736482583851775,0.04086005576683816,0.1,0.39736482583851773,1
SBUX,-3325,91.69,-304869.25,11789593.0,1097356957.5425,0.00028202839572154866,0.028202839572154866,0.0002778214034225892,0.1,0.0028202839572154864,1
SCCO,-676,189.2822,-127954.76719999999,2692724.05,482988969.944425,0.00025104689060135964,0.025104689060135965,0.0002649227522001653,0.1,0.0025104689060135963,1
SCHL,24,34.84,836.1600000000001,435616.5,14758879.247499999,5.50943318262738e-05,0.00550943318262738,5.665470839472021e-05,0.1,0.0005509433182627379,1
SCHW,4463,105.17,469373.71,9349816.4,960810996.1950003,0.00047733557634350977,0.04773355763435098,0.000488518253703186,0.1,0.004773355763435097,1
SCI,2974,80.58,239644.91999999998,964539.7,77704802.029,0.0030833360202799326,0.30833360202799326,0.00308404260409238,0.1,0.030833360202799323,1
SCL,951,58.64,55766.64,214564.1,11392104.1585,0.004432241926771534,0.44322419267715335,0.0048952010290733506,0.1,0.04432241926771533,1
SCSC,-26,44.19,-1148.94,178850.75,7352844.289,0.00014537260816630627,0.014537260816630627,0.00015625789896283224,0.1,0.0014537260816630626,1
SCVL,-86,,,,,,,,0.1,,
SD,8276,15.75,130347.0,316566.05,4688199.7115,0.026143043450174142,2.6143043450174144,0.027803209765203278,0.1,0.2614304345017414,1
SDGR,-1085,14.09,-15287.65,1228907.65,20052608.5115,0.0008828979134436995,0.08828979134436994,0.0007623771237159825,0.1,0.008828979134436993,1
SDRL,-9697,38.3,-371395.1,810494.5,29636761.1885,0.011964300806482956,1.1964300806482955,0.01253156840039974,0.1,0.11964300806482955,1
SEB,3,5136.99,15410.97,18255.65,87123308.215,0.0001643326860451422,0.016433268604514217,0.0001768868781012002,0.1,0.0016433268604514218,1
SEDG,4619,30.64,141526.16,2564822.35,84773888.21274999,0.0018009044564041637,0.18009044564041637,0.0016694546278781452,0.1,0.018009044564041635,1
SEI,-15,56.83,-852.4499999999999,2559348.05,139029384.7705,5.8608675752405e-06,0.00058608675752405,6.1314376195159376e-06,0.1,5.860867575240499e-05,1
SEIC,3652,88.69,323895.88,660849.45,57303655.006000005,0.005526220835925641,0.5526220835925642,0.005652272616224678,0.1,0.05526220835925641,1
SENEA,356,121.63,43300.28,42464.05,4884423.110250001,0.008383562095466635,0.8383562095466636,0.008864973206177412,0.1,0.08383562095466635,1
SF,2240,82.7867,185442.20799999998,1360089.0,116223435.96406999,0.0016469510451154299,0.16469510451154298,0.0015955663886699125,0.1,0.016469510451154298,1
SFBS,-102,84.33,-8601.66,320085.35,25755572.0365,0.00031866500606791287,0.03186650060679129,0.00033397278025158956,0.1,0.0031866500606791285,1
SFIX,8344,4.87,40635.28,2261955.35,11732620.506500002,0.003688843813826829,0.3688843813826829,0.003463444503083314,0.1,0.03688843813826829,1
SFL,-612,9.01,-5514.12,1451521.15,12303979.124999998,0.0004216266500836037,0.04216266500836037,0.0004481574573542688,0.1,0.0042162665008360365,1
SFM,-69,69.59,-4801.71,3003257.1,224038187.158,2.2975055981720645e-05,0.0022975055981720644,2.143255157038767e-05,0.1,0.00022975055981720645,1
SFNC,18593,20.58,382643.93999999994,1188594.4,23633405.76,0.015642846710366465,1.5642846710366465,0.016190808209607783,0.1,0.15642846710366465,1
SG,-131,6.13,-803.03,4455904.55,31733928.466000002,2.9399193481377425e-05,0.0029399193481377426,2.5305092650611256e-05,0.1,0.00029399193481377425,1
SGHC,2011,9.38,18863.18,2194223.85,22249544.2345,0.0009164971933014036,0.09164971933014036,0.0008478007370034518,0.1,0.009164971933014035,1
SGI,-7484,91.51,-684860.8400000001,1316631.95,120933867.60499999,0.005684200508729869,0.568420050872987,0.00566310210334896,0.1,0.05684200508729869,1
SGRY,7212,14.8,106737.6,1362723.35,21293138.216,0.0052923434532768515,0.5292343453276851,0.00501276979077681,0.1,0.052923434532768515,1
SHAK,-13,92.72,-1205.36,1691579.5,156832095.71649998,7.685125056197477e-06,0.0007685125056197477,7.685671701912904e-06,0.1,7.685125056197476e-05,1
SHBI,-12048,19.42,-233972.16000000003,187629.65,3456643.7939999998,0.06421159981911174,6.421159981911175,0.06768766871672634,0.1,0.6421159981911174,1
SHC,274,18.3,5014.2,1803985.65,33881115.10299999,0.00015188590884855432,0.015188590884855432,0.00014799394839150437,0.1,0.0015188590884855431,1
SHEN,1665,11.97,19930.05,274903.4,3160019.3795,0.006056672998587867,0.6056672998587866,0.006306939169200118,0.1,0.06056672998587866,1
SHO,-5823,8.73,-50834.79,2034445.4,18408882.761500005,0.0028622051002204336,0.28622051002204335,0.0027614272228575942,0.1,0.028622051002204333,1
SHOO,-42,45.66,-1917.7199999999998,1140180.7,51080889.0735,3.683626639180965e-05,0.003683626639180965,3.754280778552236e-05,0.1,0.0003683626639180965,1
SHW,-1596,356.36,-568750.56,1899573.95,664758665.9030001,0.0008401884011938572,0.08401884011938572,0.0008555744951852808,0.1,0.008401884011938572,1
SIBN,1769,16.37,28958.530000000002,602787.25,10920576.1905,0.002934700427057805,0.29347004270578053,0.0026517401183640413,0.1,0.02934700427057805,1
SIG,-58,94.76,-5496.08,849378.05,77388859.536,6.828525884322063e-05,0.006828525884322064,7.101900755422446e-05,0.1,0.0006828525884322063,1
SIGA,-45,6.95,-312.75,350052.8,2339673.925,0.00012855203557863272,0.012855203557863272,0.00013367247318448448,0.1,0.0012855203557863271,1
SIGI,-523,84.64,-44266.72,559522.8,46374558.54799999,0.000934725090738036,0.0934725090738036,0.0009545475231679398,0.1,0.00934725090738036,1
SIRI,-17197,20.37,-350302.89,4545546.8,94066501.87650001,0.0037832632148897907,0.37832632148897904,0.0037239918888438413,0.1,0.037832632148897906,1
SITC,-32187,6.15,-197950.05000000002,1034820.1,6460838.738,0.031103957103268482,3.110395710326848,0.030638444639662515,0.1,0.3110395710326848,1
SITE,664,144.21,95755.44,693338.3,99100289.3315,0.0009576854473494396,0.09576854473494396,0.0009662478348543348,0.1,0.009576854473494396,1
SITM,-668,374.18,-249952.24,257811.15,91148336.598,0.002591043870678208,0.2591043870678208,0.0027422578329913756,0.1,0.025910438706782078,1
SJM,2204,104.79,230957.16,1570942.65,159525777.91599998,0.0014029792876270818,0.1402979287627082,0.0014477732879109543,0.1,0.014029792876270817,1
SKT,-1921,32.18,-61817.78,1100433.9,36748047.549,0.0017456750469064977,0.17456750469064977,0.0016822058346792957,0.1,0.017456750469064974,1
SKWD,3987,44.82,178697.34,514941.15,23623335.988999996,0.007742632337695288,0.7742632337695288,0.007564441367773327,0.1,0.07742632337695288,1
SKY,-1547,75.9,-117417.3,785329.3,70200044.6825,0.001969874293497008,0.1969874293497008,0.0016726100464900511,0.1,0.01969874293497008,1
SKYW,543,100.41,54522.63,293077.45,29226306.743750006,0.001852752574447471,0.1852752574447471,0.0018655326681555331,0.1,0.018527525744474707,1
SLAB,-983,143.42,-140981.86,330888.1,48441910.5965,0.0029707928450736065,0.29707928450736065,0.0029103282315662035,0.1,0.029707928450736065,1
SLB,-2865,48.05,-137663.25,24178308.65,1132352918.1735003,0.00011849464085652659,0.011849464085652659,0.00012157274272940682,0.1,0.0011849464085652657,1
SLDB,10520,6.43,67643.59999999999,1035950.7,6144436.919000001,0.010154923395485906,1.0154923395485906,0.011008917642368587,0.1,0.10154923395485906,1
SLG,7679,43.12,331118.48,1254260.75,58407402.44150001,0.006122331421117977,0.6122331421117977,0.005669118402100545,0.1,0.06122331421117977,1
SLGN,6290,43.19,271665.1,856461.45,36430151.125,0.007344171766283235,0.7344171766283235,0.007457149959874068,0.1,0.07344171766283235,1
SLM,7409,27.3,202265.7,2968125.1,80592807.186,0.0024961885871993736,0.24961885871993736,0.002509723969946739,0.1,0.024961885871993734,1
SLNO,-48,42.32,-2031.3600000000001,1784563.45,76088619.79000002,2.6897334471352084e-05,0.0026897334471352083,2.6697290680346555e-05,0.1,0.00026897334471352084,1
SLP,7033,16.77,117943.41,359897.3,6937414.9435,0.019541685919844357,1.9541685919844356,0.017001060331630718,0.1,0.19541685919844357,1
SLVM,1325,48.51,64275.75,266970.85,13312394.173999999,0.004963088666796394,0.4963088666796394,0.004828263733771861,0.1,0.04963088666796394,1
SM,-4083,18.93,-77291.19,5977592.4,111938454.732,0.0006830509219732011,0.0683050921973201,0.0006904793369271398,0.1,0.006830509219732011,1
SMBC,-39,64.3,-2507.7,48433.7,2974984.457,0.000805224461480333,0.0805224461480333,0.0008429287736611526,0.1,0.00805224461480333,1
SMBK,-577,41.88,-24164.760000000002,75443.4,2946383.8965,0.007648117661717261,0.7648117661717261,0.008201497445293957,0.1,0.0764811766171726,1
SMCI,-10568,29.71,-313975.28,31972693.9,979837708.5224998,0.0003305320481612593,0.033053204816125926,0.0003204360041148491,0.1,0.0033053204816125927,1
SMG,-4279,62.34,-266752.86,952765.15,59656796.6815,0.004491138241149983,0.44911382411499834,0.004471457986994497,0.1,0.04491138241149983,1
SMMT,-3977,14.06,-55916.62,3268695.45,55127344.07299999,0.0012166933447409424,0.12166933447409424,0.0010143173218349654,0.1,0.012166933447409423,1
SMP,-3198,42.3,-135275.4,122579.35,4812768.2435,0.02608922302165903,2.608922302165903,0.028107607338603815,0.1,0.2608922302165903,1
SMPL,1942,18.13,35208.46,2415359.75,48845018.563999996,0.000804021015916987,0.08040210159169871,0.0007208198714034171,0.1,0.00804021015916987,1
SMR,-25765,16.48,-424607.2,32154372.1,623696457.4685001,0.0008012907208970191,0.08012907208970191,0.00068079142492395,0.1,0.008012907208970192,1
SMTC,-2271,87.76,-199302.96000000002,1440153.1,113516612.80250001,0.0015769156765346683,0.1576915676534668,0.0017557162346515216,0.1,0.01576915676534668,1
SNA,-17,371.52,-6315.84,289332.6,105513996.46700001,5.875590928917101e-05,0.005875590928917101,5.985784077447307e-05,0.1,0.0005875590928917101,1
SNAP,21724,6.66,144681.84,45697344.1,354986020.89449996,0.00047538867800415557,0.04753886780041556,0.00040757052808848126,0.1,0.004753886780041555,1
SNDR,-552,28.58,-15776.16,995849.8,28673405.4415,0.0005543004577597947,0.055430045775979465,0.0005502018248996201,0.1,0.005543004577597947,1
SNDX,6567,21.35,140205.45,1342719.15,28014951.153000005,0.004890821732899244,0.48908217328992437,0.005004665160195577,0.1,0.048908217328992434,1
SNEX,-1019,50.5778,-51538.7782,639703.0,30544027.861775003,0.0015929267175548653,0.15929267175548653,0.001687360240543106,0.1,0.015929267175548652,1
SNOW,-29,190.68,-5529.72,4559126.7,963201825.0754999,6.360867312593001e-06,0.0006360867312593002,5.740977494064193e-06,0.1,6.360867312593001e-05,1
SNPS,-617,457.89,-282518.13,1848326.85,931784016.4385,0.00033381541798194403,0.0333815417981944,0.00030320130525510777,0.1,0.00333815417981944,1
SNX,2506,160.8,402964.80000000005,971177.2,148235272.7135,0.002580373591966533,0.2580373591966533,0.002718413725853398,0.1,0.025803735919665328,1
SO,500,88.19,44095.0,5371051.25,473181951.92649996,9.309164569971288e-05,0.009309164569971287,9.3188254159891e-05,0.1,0.0009309164569971287,1
SOC,240,9.01,2162.4,7409428.15,76599298.546,3.2391163682449636e-05,0.0032391163682449634,2.8230023525625616e-05,0.1,0.0003239116368244963,1
SOFI,7903,22.08,174498.24,55028434.55,1419181567.3205,0.00014361666045250055,0.014361666045250056,0.00012295695210406596,0.1,0.0014361666045250054,1
SON,-2471,48.25,-119225.75,985116.2,47125997.116500005,0.0025083335346632206,0.2508333534663221,0.0025299358590813994,0.1,0.025083335346632204,1
SONO,-5475,14.84,-81249.0,1383021.35,21842741.5405,0.003958724136832739,0.3958724136832739,0.003719725376475802,0.1,0.039587241368327385,1
SOUN,-17529,8.42,-147594.18,26564502.55,280647589.18100005,0.0006598655467764444,0.06598655467764444,0.0005259057468860387,0.1,0.006598655467764444,1
SPB,7,65.63,459.40999999999997,336248.0,21404137.55,2.0817967690514143e-05,0.0020817967690514145,2.1463607161317274e-05,0.1,0.0002081796769051414,1
SPG,-3913,191.22,-748243.86,1648046.7,306318642.5915,0.002374325921710835,0.23743259217108348,0.002442697753129711,0.1,0.023743259217108348,1
SPGI,-408,499.091,-203629.128,1460107.8,738458943.4345,0.0002794314228031656,0.02794314228031656,0.00027574874650842596,0.1,0.0027943142280316556,1
SPNT,2502,20.44,51140.880000000005,593544.7,11989850.652999999,0.004215352272541563,0.42153522725415626,0.0042653475410224535,0.1,0.04215352272541562,1
SPOT,522,508.58,265478.76,2601269.2,1362451236.391,0.0002006712723158372,0.02006712723158372,0.00019485377010866625,0.1,0.002006712723158372,1
SPSC,-2690,87.82,-236235.8,488553.45,44495597.31050001,0.005506050566217473,0.5506050566217473,0.005309194937905764,0.1,0.05506050566217473,1
SPXC,1374,212.73,292291.01999999996,445971.7,94714431.37,0.003080912981698166,0.30809129816981656,0.0030860241229572613,0.1,0.030809129816981657,1
SR,111,85.32,9470.519999999999,388768.9,32407657.108500004,0.00028551666555632406,0.028551666555632408,0.00029223093691385773,0.1,0.0028551666555632405,1
SRCE,-120,68.47,-8216.4,117136.05,7672416.647999999,0.0010244497744289654,0.10244497744289653,0.0010709011745525842,0.1,0.010244497744289652,1
SRE,-510,86.22,-43972.2,4367681.0,381914186.8895,0.000116766769368001,0.0116766769368001,0.00011513633562065753,0.1,0.00116766769368001,1
SRI,19850,7.59,150661.5,151842.9,967842.8905000001,0.13072721872408918,13.072721872408918,0.15566731075760273,0.1,1.3072721872408917,2
SRPT,4122,20.72,85407.84,3174373.7,69285172.83025,0.0012985238631481857,0.12985238631481857,0.0012327001075576566,0.1,0.012985238631481856,1
SRRK,-675,46.61,-31461.75,1068061.65,47492845.3335,0.0006319859906963236,0.06319859906963236,0.000662452413180809,0.1,0.006319859906963236,1
SSB,-831,102.97,-85568.06999999999,826419.6,82297275.64199999,0.0010055424629328734,0.10055424629328734,0.0010397436529032654,0.1,0.010055424629328734,1
SSD,-11,179.68,-1976.48,254290.75,45721244.197500005,4.325757032058775e-05,0.004325757032058775,4.3228919831277735e-05,0.1,0.00043257570320587746,1
SSNC,39,82.21,3206.1899999999996,1343298.75,114630252.93400002,2.903300550231287e-05,0.002903300550231287,2.7969841450546294e-05,0.1,0.0002903300550231287,1
SSTI,18421,7.03,129499.63,184379.1,1475990.8900000001,0.09990828678521589,9.99082867852159,0.08773741821672083,0.1,0.9990828678521588,1
ST,900,35.58,32022.0,1306463.2,45791945.13549999,0.0006888827790939692,0.06888827790939692,0.0006992932906703519,0.1,0.0068888277909396915,1
STAG,1694,37.48,63491.119999999995,1659679.45,61947964.484000005,0.001020679023289708,0.10206790232897081,0.0010249105120540088,0.1,0.01020679023289708,1
STBA,-888,43.21,-38370.48,182990.8,7574096.408499999,0.004852702977417444,0.4852702977417444,0.005066014205594068,0.1,0.04852702977417444,1
STC,3196,68.33,218382.68,279656.0,18859543.751500003,0.011428326229367508,1.142832622936751,0.0115794254027291,0.1,0.11428326229367508,1
STE,-1157,264.24,-305725.68,496046.65,129780787.576,0.0023324419185171393,0.23324419185171394,0.002355708311763528,0.1,0.02332441918517139,1
STEP,-185,69.81,-12914.85,676137.05,49047893.44500001,0.00027361316762629704,0.027361316762629703,0.00026331100263219466,0.1,0.0027361316762629703,1
STGW,-221,6.07,-1341.47,2263276.15,13632451.9995,9.764606055694972e-05,0.009764606055694972,9.840269381100342e-05,0.1,0.0009764606055694972,1
STLD,-2781,186.55,-518795.55000000005,1413501.6,247428366.30099997,0.0019674544408014817,0.19674544408014816,0.002096750496945359,0.1,0.019674544408014815,1
STNE,9913,16.935,167876.655,5646191.0,87100345.31625,0.0017556968937111762,0.1755696893711176,0.0019273936789855626,0.1,0.017556968937111762,1
STRA,-579,85.96,-49770.84,194857.75,16389297.081999999,0.0029713983662440933,0.29713983662440935,0.00303678917716747,0.1,0.02971398366244093,1
STRL,436,367.95,160426.19999999998,440366.25,149318818.603,0.000990084957691467,0.09900849576914669,0.001074387016324658,0.1,0.009900849576914669,1
STRT,-1078,82.96,-89430.87999999999,43132.7,3433447.1872499995,0.024992638995472116,2.4992638995472114,0.026046965374070356,0.1,0.24992638995472113,1
STT,5537,132.58,734095.4600000001,2393112.55,312291531.402,0.002313723188656547,0.2313723188656547,0.002350673605218674,0.1,0.02313723188656547,1
STWD,189,17.83,3369.87,3779458.45,68744868.8965,5.0007164386209876e-05,0.005000716438620987,4.901994947540833e-05,0.1,0.0005000716438620988,1
STX,478,432.95,206950.1,5135311.25,1892961783.256,9.308101821481609e-05,0.00930810182148161,0.00010932608456787452,0.1,0.0009308101821481608,1
STZ,-3835,155.66,-596956.1,3048799.7,467349474.83149993,0.0012578720733933421,0.1257872073393342,0.0012773227149024376,0.1,0.01257872073393342,1
SUI,-2079,125.85,-261642.15,690591.65,86621049.38399999,0.0030104621160710527,0.30104621160710526,0.0030205377545140734,0.1,0.030104621160710526,1
SUPN,-1924,48.78,-93852.72,712207.8,35488402.041499995,0.002701458759648518,0.2701458759648518,0.002644602591298673,0.1,0.02701458759648518,1
SVRA,1155,5.52,6375.599999999999,1420241.5,8269523.005499999,0.0008132419732841211,0.0813241973284121,0.0007709755442677449,0.1,0.00813241973284121,1
SWBI,6205,11.12,68999.59999999999,547731.55,5900706.841000001,0.011328542239350644,1.1328542239350643,0.011693446541110748,0.1,0.11328542239350643,1
SWK,4518,79.15,357599.7,1761425.45,142838117.90249997,0.002564968049030971,0.2564968049030971,0.0025035313069869374,0.1,0.02564968049030971,1
SWKS,3659,56.83,207940.97,4570679.95,268881684.9014999,0.0008005373467464069,0.08005373467464069,0.0007733549054342452,0.1,0.008005373467464069,1
SWX,-664,82.08,-54501.119999999995,563541.75,46838842.9145,0.0011782623026599182,0.11782623026599182,0.001163588095023756,0.1,0.011782623026599182,1
SXC,-4977,7.9,-39318.3,995038.35,7892911.136,0.00500181726664103,0.500181726664103,0.004981469995356603,0.1,0.050018172666410295,1
SXI,-109,246.74,-26894.66,139450.55,33880503.8705,0.0007816390828146609,0.07816390828146609,0.0007938093277124304,0.1,0.007816390828146608,1
SXT,-28,94.98,-2659.44,216528.9,20765204.926999997,0.00012931299239962886,0.012931299239962887,0.00012807193617155486,0.1,0.0012931299239962886,1
SYBT,2299,68.63,157780.37,126655.3,8594731.1755,0.018151628869853848,1.8151628869853849,0.01835780163197729,0.1,0.18151628869853847,1
SYF,-6165,73.52,-453250.8,5337993.0,414902909.6195,0.001154928453446829,0.1154928453446829,0.0010924261784899705,0.1,0.01154928453446829,1
SYK,-1857,368.14,-683635.98,1981699.75,716111570.1945,0.0009370743474131235,0.09370743474131235,0.0009546500970712156,0.1,0.009370743474131235,1
SYNA,-461,85.26,-39304.86,826386.75,71465324.4505,0.0005578501833433317,0.055785018334333164,0.000549985049423854,0.1,0.005578501833433316,1
SYRE,5112,32.75,167418.0,594270.45,19181679.548750002,0.00860214402381946,0.8602144023819459,0.008728015686765553,0.1,0.0860214402381946,1
SYY,1220,82.86,101089.2,4518753.6,354764826.205,0.0002699859536488115,0.02699859536488115,0.000284947076296639,0.1,0.0026998595364881145,1
T,4107,26.3,108014.1,51177049.45,1238744803.3065,8.025081641356719e-05,0.00802508164135672,8.719641019819827e-05,0.1,0.0008025081641356718,1
TALO,1869,11.62,21717.78,1952339.15,22323993.372,0.0009573131799359758,0.09573131799359759,0.0009728447611545904,0.1,0.009573131799359758,1
TAP,1009,48.43,48865.87,2896423.35,140126765.357,0.0003483606773160422,0.03483606773160422,0.00034872616859102373,0.1,0.0034836067731604217,1
TARS,-1911,65.93,-125992.23000000001,520153.35,37557083.1595,0.003673916547879582,0.3673916547879582,0.0033546862376113594,0.1,0.03673916547879582,1
TBBK,2819,62.765,176934.535,739264.6,49662176.74124999,0.003813249004483645,0.38132490044836453,0.003562762379946912,0.1,0.03813249004483645,1
TBPH,1313,19.83,26036.789999999997,370544.45,7242587.7765,0.0035434345326181512,0.3543434532618151,0.0035949567755991143,0.1,0.03543434532618151,1
TCBI,-1463,102.48,-149928.24000000002,436630.4,43032091.39225,0.003350659963209158,0.3350659963209158,0.0034841030298379087,0.1,0.03350659963209158,1
TCBK,-536,51.04,-27357.44,119927.95,5915415.0815,0.004469350138979279,0.4469350138979279,0.004624770979395556,0.1,0.044693501389792785,1
TCMD,-3654,28.73,-104979.42,305537.0,9143649.0275,0.011959271708500117,1.1959271708500117,0.011481129654503245,0.1,0.11959271708500116,1
TDAY,-6570,5.92,-38894.4,1375514.5,8054337.4325,0.004776394578174204,0.47763945781742034,0.004829000563479931,0.1,0.047763945781742034,1
TDC,-3430,28.02,-96108.59999999999,1178001.95,35370742.655499995,0.0029117099509045805,0.2911709950904581,0.002717177892928848,0.1,0.029117099509045802,1
TDG,-412,1435.52,-591434.24,350336.5,495300132.6305,0.001176012205408229,0.11760122054082289,0.0011940926340135208,0.1,0.011760122054082289,1
TDOC,-7927,5.37,-42567.99,6629546.85,42863938.44,0.001195707667410179,0.11957076674101791,0.0009930956311815756,0.1,0.01195707667410179,1
TDS,308,45.4,13983.199999999999,1019529.4,43840371.823,0.00030210016503692783,0.030210016503692785,0.00031895714882290265,0.1,0.003021001650369278,1
TDW,-1688,64.64,-109112.32,733030.8,43194261.8785,0.002302768178363037,0.23027681783630372,0.0025260836799785853,0.1,0.02302768178363037,1
TDY,-582,613.23,-356899.86,465019.9,272979060.1655,0.0012515593418690252,0.12515593418690252,0.001307425777580233,0.1,0.012515593418690251,1
TEAM,-769,113.7,-87435.3,4897193.7,642764389.8535,0.00015702870809459712,0.015702870809459712,0.0001360300934218344,0.1,0.0015702870809459711,1
TECH,-2131,65.25,-139047.75,2414662.0,161812344.08425,0.0008825251732954757,0.08825251732954757,0.0008593148488572832,0.1,0.008825251732954757,1
TECX,-595,22.52,-13399.4,243120.75,4919212.817999999,0.0024473435525351086,0.24473435525351087,0.002723891097162937,0.1,0.024473435525351084,1
TEL,1137,227.13,258246.81,2139012.6,492698485.8910001,0.0005315536710723443,0.05315536710723443,0.0005241477645968087,0.1,0.005315536710723443,1
TEN,30,27.05,811.5,355656.9,9043682.554,8.435095734119033e-05,0.008435095734119033,8.973114604084322e-05,0.1,0.0008435095734119033,1
TENB,-2428,22.02,-53464.56,1765383.7,39938692.276999995,0.00137533840377024,0.13753384037702399,0.001338665763745833,0.1,0.013753384037702399,1
TER,622,249.53,155207.66,3043485.7,707618394.5382501,0.00020437092903048633,0.020437092903048633,0.00021933807995661185,0.1,0.002043709290304863,1
TEX,-1389,58.99,-81937.11,1887770.45,111609648.22349998,0.0007357886124343137,0.07357886124343137,0.0007341400255640956,0.1,0.007357886124343137,1
TFC,-11509,52.66,-606063.94,10756746.2,542409603.5595,0.0010699332108440004,0.10699332108440003,0.0011173547371262894,0.1,0.010699332108440002,1
TFIN,-2520,64.02,-161330.4,249582.15,16759846.3055,0.01009687591841003,1.009687591841003,0.00962600712794466,0.1,0.1009687591841003,1
TFSL,-401,14.235,-5708.235,669215.05,9438297.12975,0.0005992094768340908,0.05992094768340908,0.0006047950092615063,0.1,0.005992094768340908,1
TFX,21,103.36,2170.56,1119306.45,120297950.94500001,1.8761617964410016e-05,0.0018761617964410016,1.804320009567225e-05,0.1,0.00018761617964410015,1
TGLS,10991,48.4,531964.4,327075.85,16700808.147,0.03360382614613705,3.3603826146137052,0.03185261427576832,0.1,0.3360382614613705,1
TGT,-1129,109.53,-123659.37,6488111.4,690998294.5295,0.00017401057571237138,0.01740105757123714,0.0001789575618044029,0.1,0.0017401057571237138,1
TGTX,-2606,29.18,-76043.08,2487152.45,74143870.8725,0.001047784585942852,0.1047784585942852,0.0010256151871375306,0.1,0.01047784585942852,1
THC,32,188.03,6016.96,846272.0,165340512.48700002,3.781290176208122e-05,0.0037812901762081224,3.639132303084573e-05,0.1,0.0003781290176208122,1
THFF,-2085,65.89,-137380.65,60685.7,3835324.9445000007,0.03435735272065742,3.435735272065742,0.03581982022071141,0.1,0.3435735272065742,1
THG,351,174.5,61249.5,422828.65,72930631.22749999,0.0008301235027475077,0.08301235027475076,0.0008398323032326178,0.1,0.008301235027475077,1
THO,1019,113.0,115147.0,520538.65,58640373.70899999,0.001957587587396248,0.1957587587396248,0.001963612997615114,0.1,0.019575875873962482,1
THR,-21,47.12,-989.52,261617.55,11066850.329000002,8.026984428223566e-05,0.008026984428223567,8.94129739341485e-05,0.1,0.0008026984428223566,1
THRM,-663,31.9,-21149.7,203253.65,7305881.062000001,0.0032619340415288977,0.3261934041528898,0.0028948869849532185,0.1,0.032619340415288973,1
TILE,-6218,32.21,-200281.78,338119.8,10379470.355500001,0.018389931615953873,1.8389931615953874,0.019295953756818838,0.1,0.18389931615953872,1
TJX,353,150.17,53010.009999999995,5856809.45,897667742.4284999,6.027172354053622e-05,0.006027172354053622,5.9053041002219474e-05,0.1,0.0006027172354053622,1
TK,9034,10.51,94947.34,553556.0,5380077.5595,0.016319938723453453,1.6319938723453453,0.017647950043460706,0.1,0.1631993872345345,1
TKO,-2296,200.52,-460393.92000000004,946200.95,192183217.03399998,0.0024265458621659597,0.24265458621659597,0.002395598986765581,0.1,0.024265458621659595,1
TKR,-1117,94.99,-106103.82999999999,725442.55,67020145.38200001,0.001539749770674466,0.15397497706744662,0.0015831632324166357,0.1,0.01539749770674466,1
TLN,-949,340.8,-323419.2,975506.25,362823041.20049995,0.0009728282109930101,0.097282821099301,0.0008913965301924556,0.1,0.009728282109930101,1
TLRY,2239,7.44,16658.16,5466203.25,49074549.83125,0.00040960789374233387,0.040960789374233385,0.0003394460072946469,0.1,0.004096078937423338,1
TMDX,-2,133.99,-267.98,801108.4,110591576.64650002,2.4965410423857745e-06,0.00024965410423857744,2.423150190331254e-06,0.1,2.4965410423857744e-05,1
TMHC,39,61.64,2403.96,923032.85,57373246.6845,4.225201735777876e-05,0.004225201735777877,4.190036539538307e-05,0.1,0.00042252017357778763,1
TMO,-1149,581.77,-668453.73,2689182.45,1650419679.5484998,0.0004272674024032843,0.04272674024032843,0.0004050204552716354,0.1,0.004272674024032843,1
TMP,-5450,81.12,-442104.0,50464.8,3853989.5870000003,0.10799606854678905,10.799606854678904,0.1147133353684383,0.1,1.0799606854678905,2
TMUS,3,194.99,584.97,6196481.55,1181309126.5054998,4.841457165316663e-07,4.8414571653166624e-05,4.951879121855549e-07,0.1,4.841457165316662e-06,1
TNC,-26,78.19,-2032.94,112518.25,8697949.311,0.00023107362583403137,0.023107362583403138,0.00023372635632964772,0.1,0.0023107362583403134,1
TNDM,1567,20.09,31481.03,1365778.55,28602514.9,0.0011473309490766274,0.11473309490766274,0.0011006385316138757,0.1,0.011473309490766274,1
TNET,-887,62.59,-55517.33,352827.05,21657206.483999997,0.002513979582914632,0.25139795829146316,0.0025634575743189838,0.1,0.025139795829146317,1
TNK,-1590,65.25,-103747.5,446410.95,26858966.574500002,0.00356174058902453,0.356174058902453,0.0038626765371716962,0.1,0.0356174058902453,1
TNL,753,71.4,53764.200000000004,573697.2,41400185.36350001,0.0013125390885644903,0.13125390885644903,0.0012986463593808106,0.1,0.013125390885644902,1
TOL,2484,145.48,361372.31999999995,1265691.3,182625841.94450003,0.001962563857395559,0.19625638573955592,0.001978757858977159,0.1,0.01962563857395559,1
TOST,203,31.52,6398.5599999999995,9211885.4,311366183.80149996,2.203674830778941e-05,0.002203674830778941,2.054995157752637e-05,0.1,0.0002203674830778941,1
TOWN,-2947,35.66,-105090.01999999999,494349.9,17490582.5215,0.005961364612392963,0.5961364612392963,0.006008377357976493,0.1,0.05961364612392963,1
TPB,-2505,125.07,-313300.35,308200.75,35248788.51099999,0.00812781928661757,0.8127819286617569,0.008888258667449783,0.1,0.08127819286617569,1
TPC,1713,80.11,137228.43,577710.9,43793752.2475,0.002965150908525354,0.2965150908525354,0.0031335161514467803,0.1,0.02965150908525354,1
TPG,-6440,58.22,-374936.8,1965479.65,124836925.36175,0.003276553893600476,0.32765538936004757,0.003003412643442759,0.1,0.03276553893600476,1
TPH,3367,33.57,113030.19,799721.0,27167325.727999996,0.004210218313636881,0.4210218313636881,0.004160519556899393,0.1,0.042102183136368806,1
TPL,-892,336.68,-300318.56,363036.05,118991360.73099999,0.002457056262043398,0.24570562620433978,0.002523868608233842,0.1,0.024570562620433976,1
TPR,1999,129.67,259210.33,2195167.3,286435716.741,0.0009106367428122677,0.09106367428122678,0.000904951145580711,0.1,0.009106367428122677,1
TR,14380,37.534,539738.92,109128.35,3943588.6496099993,0.13177144160981083,13.177144160981083,0.13686491365000186,0.1,1.3177144160981082,2
TREE,-2821,53.76,-151656.96,316190.8,19547540.026499998,0.008921828212585565,0.8921828212585565,0.007758365492251369,0.1,0.08921828212585564,1
TREX,-66,41.52,-2740.32,2174223.8,89668085.7105,3.0355660719011543e-05,0.0030355660719011543,3.0560705944446324e-05,0.1,0.0003035566071901154,1
TRGP,361,198.67,71719.87,1308502.7,245828954.41599998,0.0002758878525814276,0.02758878525814276,0.00029174704082511463,0.1,0.002758878525814276,1
TRIP,-190,13.31,-2528.9,2359553.1,32628523.932500005,8.052372290329045e-05,0.008052372290329046,7.750580459084332e-05,0.1,0.0008052372290329045,1
TRMB,8785,67.88,596325.7999999999,2011135.3,146846906.759,0.004368179505376889,0.43681795053768885,0.004060867287989041,0.1,0.04368179505376888,1
TRMK,1276,43.01,54880.759999999995,316358.0,13016343.5865,0.004033405192851137,0.4033405192851137,0.004216296199872903,0.1,0.04033405192851137,1
TRN,9325,29.2,272290.0,1025377.15,28640144.744999997,0.009094214748202649,0.9094214748202649,0.009507284352937373,0.1,0.09094214748202649,1
TRNO,-334,61.56,-20561.04,810774.35,49411933.9745,0.00041195185812180666,0.041195185812180665,0.00041611486024025954,0.1,0.004119518581218067,1
TROW,-1128,106.65,-120301.20000000001,1775319.15,188329846.66,0.0006353787148637472,0.06353787148637473,0.0006387792595466027,0.1,0.006353787148637472,1
TROX,6450,6.36,41022.0,3697330.65,21489301.8725,0.0017445018069995985,0.17445018069995985,0.0019089498692601143,0.1,0.017445018069995984,1
TRS,4736,34.93,165428.48,415756.15,14479912.490499998,0.011391292708478275,1.1391292708478276,0.011424687829331467,0.1,0.11391292708478275,1
TRST,961,44.65,42908.65,90269.15,3884693.24025,0.010645940501267598,1.06459405012676,0.01104556971330859,0.1,0.10645940501267598,1
TRTX,-8436,9.14,-77105.04000000001,791568.85,7171387.279000001,0.010657316795626811,1.065731679562681,0.010751760712433837,0.1,0.1065731679562681,1
TRU,1368,77.21,105623.27999999998,2139734.6,177882478.588,0.0006393316255202864,0.06393316255202865,0.0005937812472505393,0.1,0.006393316255202864,1
TRUP,1523,31.79,48416.17,368882.0,12410260.034999998,0.004128691559902625,0.41286915599026247,0.003901301815067085,0.1,0.041286915599026246,1
TRV,1555,285.63,444154.64999999997,1822328.55,508316253.691,0.0008533038677355958,0.08533038677355957,0.000873776210724902,0.1,0.008533038677355958,1
TSCO,-2860,52.98,-151522.8,9407390.15,488887147.912,0.00030401630573384904,0.030401630573384904,0.00030993410370295556,0.1,0.00304016305733849,1
TSLA,-579,421.81,-244227.99,62410980.05,27205168783.853497,9.277213713614806e-06,0.0009277213713614806,8.97726428166663e-06,0.1,9.277213713614806e-05,1
TSN,11277,65.74,741349.98,3208079.45,196436994.389,0.0035151872563505245,0.35151872563505243,0.003773983522329406,0.1,0.03515187256350524,1
TT,-305,425.09,-129652.45,2183703.1,861963318.2615,0.0001396710019782451,0.01396710019782451,0.00015041527551485248,0.1,0.001396710019782451,1
TTC,2181,93.23,203334.63,998065.35,88533806.67300001,0.0021852276506743773,0.21852276506743773,0.002296689113922519,0.1,0.021852276506743772,1
TTD,2008,29.75,59738.0,12385248.7,434418327.5915001,0.00016212835516173367,0.016212835516173366,0.0001375126144681766,0.1,0.0016212835516173367,1
TTEK,-3505,37.63,-131893.15000000002,2363052.8,86565523.935,0.0014832508186021066,0.14832508186021068,0.001523622153538116,0.1,0.014832508186021066,1
TTI,59,11.86,699.74,2150620.6,23750232.672,2.7433941625966012e-05,0.0027433941625966012,2.9462448206873722e-05,0.1,0.0002743394162596601,1
TTMI,376,102.76,38637.76,3678549.9,340707133.0365,0.00010221419043411644,0.010221419043411645,0.00011340461133186999,0.1,0.0010221419043411643,1
TTWO,1660,221.81,368204.6,1855113.3,439243682.5295,0.0008948240519864744,0.08948240519864743,0.0008382695406786438,0.1,0.008948240519864743,1
TVTX,186,33.095,6155.67,3127954.25,97309770.41100001,5.946378531591375e-05,0.005946378531591375,6.325849885372e-05,0.1,0.0005946378531591375,1
TW,5301,102.83,545101.83,1456771.25,152949288.4715,0.0036388691772987693,0.3638869177298769,0.0035639383186903298,0.1,0.03638869177298769,1
TWI,4254,9.71,41306.340000000004,568038.9,5066022.6725,0.007488923733920335,0.7488923733920335,0.008153603461789482,0.1,0.07488923733920334,1
TWLO,1532,120.0,183840.0,2376527.55,305073671.006,0.0006446380139796823,0.06446380139796823,0.0006026085417131404,0.1,0.006446380139796823,1
TWST,-1683,46.81,-78781.23000000001,1405408.9,56999946.1615,0.0011975162530990092,0.11975162530990092,0.0013821281475737944,0.1,0.011975162530990091,1
TXN,794,225.01,178657.94,8918633.5,1778604375.3165002,8.902709142605759e-05,0.008902709142605759,0.00010044838665608706,0.1,0.0008902709142605759,1
TXRH,-3107,182.6,-567338.2,934596.95,173897777.55749995,0.0033244277118601767,0.33244277118601767,0.003262481027466883,0.1,0.03324427711860176,1
TXT,5266,87.56,461090.96,2022648.5,183816708.5435,0.0026035171212398004,0.26035171212398006,0.0025084278989300005,0.1,0.026035171212398,1
TYL,125,362.88,45360.0,411478.6,173477056.327,0.00030378250533563597,0.030378250533563595,0.0002614754997600231,0.1,0.0030378250533563593,1
U,2752,28.81,79285.12,13021670.55,480862723.9045,0.00021134001120923766,0.021134001120923767,0.00016488098590013836,0.1,0.0021134001120923763,1
UAA,-1705,6.17,-10519.85,13004572.25,76957820.83650002,0.00013110773405099888,0.013110773405099887,0.00013669630825890775,0.1,0.0013110773405099886,1
UAL,24,107.35,2576.3999999999996,5300684.75,584964917.3504999,4.527716914309986e-06,0.0004527716914309986,4.4043666954752945e-06,0.1,4.5277169143099856e-05,1
UBER,-1243,80.84,-100484.12000000001,19556266.0,1628878591.2595,6.356019088715607e-05,0.006356019088715607,6.168914033200138e-05,0.1,0.0006356019088715607,1
UBSI,-9215,43.07,-396890.05,1014745.75,41817945.853999995,0.009081092480554859,0.9081092480554859,0.009490902575312326,0.1,0.09081092480554859,1
UCB,8124,34.99,284258.76,1047159.2,35396926.2865,0.007758132669798442,0.7758132669798442,0.008030605756534663,0.1,0.07758132669798441,1
UCTT,-3484,46.065,-160490.46,1198712.15,48829220.39125,0.0029064525624437863,0.29064525624437865,0.0032867708866545662,0.1,0.029064525624437863,1
UDR,-2539,36.75,-93308.25,5057685.0,187436891.77049997,0.0005020083298979672,0.05020083298979672,0.0004978115520302576,0.1,0.005020083298979672,1
UE,939,19.58,18385.62,907977.85,17283843.803500004,0.001034166196895662,0.10341661968956621,0.0010637460167440811,0.1,0.01034166196895662,1
UEC,-10911,16.32,-178067.52,12636956.7,220198454.897,0.0008634199086873503,0.08634199086873504,0.0008086683445771353,0.1,0.008634199086873504,1
UFCS,20,36.43,728.6,105434.55,3738953.3795000003,0.0001896911401433401,0.01896911401433401,0.0001948673668933079,0.1,0.0018969114014334009,1
UFPI,673,104.9,70597.7,381368.65,39234411.6565,0.0017646967048812218,0.17646967048812218,0.0017993821499883258,0.1,0.017646967048812218,1
UFPT,-207,255.87,-52965.090000000004,157372.1,40034226.8285,0.001315353865138738,0.1315353865138738,0.001322995201753082,0.1,0.01315353865138738,1
UGI,-6354,40.16,-255176.63999999998,2591050.55,100800891.6375,0.002452287162054789,0.2452287162054789,0.0025314918931239796,0.1,0.02452287162054789,1
UHAL,5828,57.21,333419.88,172679.35,9694455.5055,0.03375041659584658,3.375041659584658,0.03439284236343541,0.1,0.3375041659584658,1
UHS,2751,201.86,555316.86,722088.85,148988071.553,0.0038097804723061434,0.38097804723061435,0.003727257183823977,0.1,0.03809780472306143,1
UHT,47,40.1,1884.7,58946.55,2333543.152,0.0007973324986788879,0.0797332498678888,0.000807655945159912,0.1,0.007973324986788878,1
UI,408,544.84,222294.72,104853.0,58564223.06399999,0.0038911619123916342,0.3891161912391634,0.0037957426628382404,0.1,0.03891161912391634,1
ULTA,-562,665.57,-374050.34,580404.7,382235827.893,0.0009682898846270542,0.09682898846270542,0.0009785852416344097,0.1,0.009682898846270542,1
UMBF,-122,128.05,-15622.100000000002,544686.45,67305152.03349999,0.00022398207262178086,0.022398207262178085,0.00023210853148692643,0.1,0.0022398207262178086,1
UMH,12913,15.43,199247.59,550938.35,8788508.813500002,0.023438194128254097,2.3438194128254097,0.02267137625144511,0.1,0.23438194128254097,1
UNFI,156,38.34,5981.040000000001,810546.45,28344444.639,0.00019246275151781864,0.019246275151781865,0.00021101277785384804,0.1,0.0019246275151781863,1
UNH,665,285.59,189917.34999999998,11720184.95,3677890783.5515,5.673971894103941e-05,0.005673971894103941,5.1637571960907754e-05,0.1,0.0005673971894103941,1
UNIT,14455,8.1,117085.5,2460236.3,18852183.04,0.00587545188240658,0.587545188240658,0.006210713090975803,0.1,0.0587545188240658,1
UNM,2701,76.47,206545.47,1264801.0,97984964.8935,0.0021355138081010374,0.21355138081010375,0.0021079302342404734,0.1,0.02135513808101037,1
UNP,-683,235.23,-160662.09,3597608.9,827038482.2574999,0.0001898483184206043,0.018984831842060432,0.0001942619278869028,0.1,0.001898483184206043,1
UPBD,4300,19.77,85011.0,710602.15,13614259.5675,0.006051206008875712,0.6051206008875711,0.006244261730027427,0.1,0.06051206008875711,1
UPS,534,110.27,58884.18,6390935.95,682080344.0670002,8.355583660637375e-05,0.008355583660637374,8.633026961148709e-05,0.1,0.0008355583660637374,1
UPST,-313,39.69,-12422.97,3706259.45,171676231.23400003,8.445172396120298e-05,0.008445172396120297,7.236278377445918e-05,0.1,0.0008445172396120298,1
UPWK,5177,19.95,103281.15,2239341.3,46036320.75699999,0.002311840539894477,0.23118405398944772,0.0022434709877264835,0.1,0.02311840539894477,1
URBN,807,72.6,58588.2,1807974.15,132494640.70849998,0.0004463559393257918,0.04463559393257918,0.00044219297993266957,0.1,0.004463559393257917,1
URGN,-181,19.7,-3565.7,729174.05,14823730.214999998,0.0002482260579624302,0.02482260579624302,0.0002405399955533392,0.1,0.0024822605796243017,1
URI,-150,778.98,-116847.0,764544.3,668071669.2260001,0.00019619530222120547,0.019619530222120547,0.0001749018935878153,0.1,0.0019619530222120545,1
USB,11264,57.36,646103.04,12026012.25,664639026.777,0.0009366363317981819,0.0936636331798182,0.0009721111971608325,0.1,0.009366363317981819,1
USFD,4108,84.36,346550.88,2668540.65,216309553.34149998,0.001539418183492914,0.1539418183492914,0.001602106216052699,0.1,0.01539418183492914,1
USLM,-241,123.61,-29790.01,89112.7,11339010.932500001,0.0027044405567332153,0.2704440556733215,0.0026272141527455043,0.1,0.02704440556733215,1
USNA,-68,21.66,-1472.88,122751.05,2591640.4575000005,0.0005539667481459426,0.05539667481459426,0.0005683195737038304,0.1,0.005539667481459425,1
USPH,-16,83.66,-1338.56,233104.4,19693244.482,6.863877301329361e-05,0.006863877301329361,6.797051655066128e-05,0.1,0.0006863877301329361,1
UTHR,824,475.0,391400.0,344898.8,164864991.511,0.002389106601704616,0.23891066017046161,0.0023740637500586975,0.1,0.02389106601704616,1
UTI,-438,28.99,-12697.619999999999,552972.25,15325971.9795,0.00079208314702953,0.079208314702953,0.0008285034069607016,0.1,0.007920831470295299,1
UTL,2524,50.54,127562.95999999999,84690.2,4218149.9145,0.029802739868367296,2.9802739868367296,0.03024144769286151,0.1,0.29802739868367295,1
UTZ,-20127,10.67,-214755.09,1504805.5,15433831.612999996,0.013375150476257563,1.3375150476257565,0.013914567385788418,0.1,0.13375150476257563,1
UVE,30,31.16,934.8,204874.4,6160990.6605,0.0001464311792981456,0.01464311792981456,0.0001517288454912437,0.1,0.001464311792981456,1
UVSP,-3644,34.375,-125262.5,154144.1,5129066.010500001,0.023640217173411113,2.3640217173411116,0.0244220877141312,0.1,0.23640217173411113,1
UVV,9,57.82,520.38,175509.7,9651146.599499999,5.127921704612337e-05,0.005127921704612337,5.3918982023023e-05,0.1,0.0005127921704612336,1
UWMC,38049,5.13,195191.37,20180807.0,108571895.8935,0.0018854052764094122,0.18854052764094123,0.001797807511729062,0.1,0.01885405276409412,1
V,-598,333.84,-199636.31999999998,8686683.25,2898107344.5225,6.884100441903416e-05,0.006884100441903416,6.88850674828584e-05,0.1,0.0006884100441903416,1
VAC,24,54.38,1305.1200000000001,535919.7,31763600.4995,4.4782828472250607e-05,0.004478282847225061,4.108854095493817e-05,0.1,0.00044782828472250604,1
VAL,8026,57.93,464946.18,1077716.85,59404311.048,0.007447225122257297,0.7447225122257297,0.007826808724779472,0.1,0.07447225122257296,1
VC,-3150,95.73,-301549.5,510423.3,48792352.32399999,0.0061713483690889505,0.617134836908895,0.006180261570452584,0.1,0.061713483690889505,1
VCEL,2534,36.94,93605.95999999999,534573.3,20302834.0545,0.004740229263227325,0.47402292632273246,0.004610487370813771,0.1,0.047402292632273246,1
VCTR,-4173,71.21,-297159.32999999996,393201.8,26928154.213,0.010612871049929069,1.061287104992907,0.011035265456721928,0.1,0.10612871049929068,1
VCYT,1789,38.16,68268.23999999999,812685.25,33889750.89100001,0.0022013442473577563,0.22013442473577563,0.0020144214166569682,0.1,0.02201344247357756,1
VEEV,153,203.35,31112.55,1887974.6,419886513.199,8.10392258455172e-05,0.008103922584551719,7.409752164450825e-05,0.1,0.0008103922584551719,1
VERX,12503,18.7,233806.09999999998,1486616.6,28693048.470000006,0.008410372923321318,0.8410372923321318,0.008148527691104546,0.1,0.08410372923321317,1
VFC,3443,20.51,70615.93000000001,8084076.05,158514062.0605,0.00042589901167493346,0.042589901167493345,0.0004454868488137542,0.1,0.004258990116749334,1
VHC,1823,20.34,37079.82,23521.4,465391.52700000006,0.07750389007457038,7.750389007457039,0.0796744630032768,0.1,0.7750389007457038,1
VIAV,-13936,25.59,-356622.24,5174962.8,106935997.46374999,0.002692966218037355,0.2692966218037355,0.0033349129241618627,0.1,0.026929662180373546,1
VICI,-2669,27.95,-74598.55,11427737.95,321532444.9955,0.0002335545329861191,0.02335545329861191,0.0002320094011073876,0.1,0.002335545329861191,1
VICR,-1167,165.35,-192963.44999999998,641904.25,94970311.563,0.0018180281560684478,0.18180281560684478,0.002031829177184438,0.1,0.018180281560684478,1
VIRT,4756,39.54,188052.24,1287017.15,47162539.466000006,0.0036953664525760208,0.3695366452576021,0.003987322186829421,0.1,0.0369536645257602,1
VISN,-13218,18.69,-247044.42,3940268.4,72731721.9155,0.0033545938139645515,0.33545938139645515,0.0033966529802087896,0.1,0.033545938139645515,1
VITL,-43,27.44,-1179.92,1540963.3,44298670.807,2.790462303677187e-05,0.0027904623036771868,2.663556216259092e-05,0.1,0.0002790462303677187,1
VKTX,-255,29.92,-7629.6,3498110.0,112218024.79000004,7.289650697090715e-05,0.007289650697090715,6.798907763951205e-05,0.1,0.0007289650697090715,1
VLO,-211,180.22,-38026.42,4055317.7,744913833.1389999,5.203044881045941e-05,0.005203044881045941,5.10480787284619e-05,0.1,0.000520304488104594,1
VLY,-3454,12.62,-43589.479999999996,8122146.7,99137895.83299999,0.00042525703210950376,0.04252570321095037,0.00043968534568685473,0.1,0.0042525703210950375,1
VMC,-269,305.92,-82292.48000000001,904728.25,272626402.36750007,0.00029732684925003726,0.029732684925003725,0.00030185073523829087,0.1,0.0029732684925003723,1
VMI,-209,453.69,-94821.21,134663.35,58520836.729499996,0.001552018422235894,0.1552018422235894,0.0016202982612550584,0.1,0.01552018422235894,1
VNO,-10366,30.8,-319272.8,1395102.05,45776969.544999994,0.0074302808170914805,0.743028081709148,0.006974528964529778,0.1,0.0743028081709148,1
VNT,9772,37.77,369088.44,1019620.6,38523181.1425,0.009583957013030142,0.9583957013030142,0.009580943968119234,0.1,0.09583957013030141,1
VOYA,5863,77.45,454089.35000000003,822453.3,63002825.7025,0.007128672229778882,0.7128672229778882,0.007207444188998993,0.1,0.07128672229778882,1
VPG,-587,50.64,-29725.68,356844.5,16437051.379999999,0.0016449742114562505,0.16449742114562504,0.00180845574505955,0.1,0.016449742114562505,1
VRDN,-2864,33.2,-95084.8,1556378.5,50184213.693,0.0018401693418406899,0.18401693418406898,0.001894715349764721,0.1,0.018401693418406896,1
VRE,4910,15.14,74337.40000000001,610304.7,9093846.314,0.008045161703653929,0.8045161703653929,0.008174472872447536,0.1,0.08045161703653929,1
VREX,2686,14.16,38033.76,322399.15,4406043.228,0.008331287473927893,0.8331287473927893,0.008632180401294964,0.1,0.08331287473927892,1
VRNS,-7055,29.25,-206358.75,2408904.75,80135956.33874999,0.0029287168784901106,0.2928716878490111,0.0025751080966411903,0.1,0.029287168784901105,1
VRRM,-5233,18.25,-95502.25,1342477.5,28424001.242999993,0.0038980169127601767,0.38980169127601766,0.0033599157691959164,0.1,0.038980169127601765,1
VRSK,102,214.15,21843.3,1164611.45,255989086.01949996,8.758285864354159e-05,0.008758285864354159,8.532902843497041e-05,0.1,0.0008758285864354159,1
VRSN,2309,251.0,579559.0,627167.3,155608933.1335,0.003681633273928663,0.3681633273928663,0.003724458412055205,0.1,0.036816332739286625,1
VRT,1481,190.01,281404.81,4917574.85,873169076.8984998,0.0003011647092672113,0.03011647092672113,0.0003222798624517843,0.1,0.0030116470926721127,1
VRTS,78,162.32,12660.96,89400.6,14989168.507499998,0.0008724773659237186,0.08724773659237187,0.0008446739386287469,0.1,0.008724773659237186,1
VRTX,-957,472.01,-451713.57,1530395.85,708966165.3034999,0.0006253284076796209,0.06253284076796209,0.0006371440445350827,0.1,0.006253284076796209,1
VSAT,-2618,43.75,-114537.5,1881594.75,80806708.92850001,0.001391372929797981,0.1391372929797981,0.0014174256261487634,0.1,0.01391372929797981,1
VSCO,8,,,,,,,,0.1,,
VSEC,-3,190.93,-572.79,385560.4,78365741.12200001,7.780882061539515e-06,0.0007780882061539515,7.309188834292767e-06,0.1,7.780882061539515e-05,1
VSH,4310,20.67,89087.70000000001,2486478.3,46031442.1355,0.0017333752721670646,0.17333752721670645,0.0019353662598220992,0.1,0.017333752721670644,1
VST,-19,154.26,-2930.9399999999996,6369579.75,1042000544.3815002,2.982928347823889e-06,0.0002982928347823889,2.8128008337459327e-06,0.1,2.9829283478238887e-05,1
VSTM,4805,6.25,30031.25,2058022.95,14288059.715499997,0.0023347650229070577,0.23347650229070577,0.0021018424193329378,0.1,0.023347650229070576,1
VTOL,216,44.25,9558.0,202355.0,8543927.870000001,0.001067430999975291,0.1067430999975291,0.001118689219458497,0.1,0.010674309999752909,1
VTR,1594,77.41,123391.54,2764706.85,211913787.0775,0.0005765529896958152,0.05765529896958153,0.0005822723556673257,0.1,0.005765529896958152,1
VTRS,-12240,13.68,-167443.19999999998,8670161.35,112190377.27049999,0.0014117384332184315,0.14117384332184316,0.0014924916385322515,0.1,0.014117384332184313,1
VVV,-42,33.13,-1391.46,1997650.5,64077822.225999996,2.1024698764874034e-05,0.0021024698764874035,2.1715157470432975e-05,0.1,0.00021024698764874033,1
VVX,75,66.25,4968.75,420546.0,27665102.4475,0.00017833958710818793,0.017833958710818793,0.0001796035279258114,0.1,0.0017833958710818793,1
VYX,-1504,10.13,-15235.52,1698992.3,17823678.519499995,0.0008852306158185648,0.08852306158185648,0.0008547910008212716,0.1,0.008852306158185648,1
VZ,3080,44.61,137398.8,35960133.1,1472968913.6529999,8.565040600475418e-05,0.008565040600475419,9.328017633396452e-05,0.1,0.0008565040600475418,1
W,-1191,104.72,-124721.52,2660474.15,294399868.4115,0.00044766456385227424,0.04476645638522742,0.0004236466567494161,0.1,0.004476645638522742,1
WAB,-1067,233.69,-249347.23,669332.95,152400595.71300003,0.001594124418945758,0.1594124418945758,0.0016361302843564296,0.1,0.01594124418945758,1
WABC,2405,51.15,123015.75,150566.5,7497131.842,0.015973008604171578,1.5973008604171577,0.016408374908234675,0.1,0.15973008604171576,1
WAFD,-2352,33.07,-77780.64,596960.7,19451128.608500004,0.003939957856522213,0.3939957856522213,0.003998772593895164,0.1,0.03939957856522213,1
WAL,-1172,89.65,-105069.8,937735.3,83310155.903,0.0012498196452666332,0.12498196452666333,0.0012611883732679037,0.1,0.012498196452666331,1
WASH,1899,35.26,66958.73999999999,132580.95,4201357.103499999,0.014323324731041675,1.4323324731041676,0.01593740744965932,0.1,0.14323324731041676,1
WAT,-226,379.31,-85724.06,503571.3,196321952.06399998,0.00044879444082694946,0.044879444082694946,0.00043665040561564086,0.1,0.004487944408269494,1
WBS,430,66.0,28380.0,1634484.7,105809271.63200001,0.00026307985629966436,0.026307985629966436,0.0002682184610315095,0.1,0.0026307985629966434,1
WCC,297,297.8,88446.6,439944.6,123356444.1115,0.0006750849993385532,0.06750849993385531,0.0007170002397284935,0.1,0.0067508499933855316,1
WD,-100,62.5,-6250.0,229824.9,14589465.495000001,0.0004351138627711793,0.04351138627711793,0.0004283912938511665,0.1,0.004351138627711793,1
WDAY,1805,173.38,312950.89999999997,3460840.4,653348371.8602501,0.000521549621300075,0.052154962130007504,0.0004789954540009775,0.1,0.00521549621300075,1
WDC,1979,270.23,534785.17,10748694.1,2513872689.9825006,0.0001841153894220508,0.01841153894220508,0.00021273359312548273,0.1,0.001841153894220508,1
WDFC,-379,232.13,-87977.27,213830.05,43761214.98625,0.0017724356328776055,0.17724356328776056,0.002010393679143573,0.1,0.017724356328776055,1
WEC,-772,109.84,-84796.48,2261361.25,244791793.0855,0.00034138729493131626,0.034138729493131625,0.0003464024628079855,0.1,0.0034138729493131625,1
WELL,2233,187.43,418531.19,3139852.05,584241042.5515001,0.000711180006077038,0.0711180006077038,0.0007163673201940568,0.1,0.00711180006077038,1
WEN,34876,7.69,268196.44,6616608.3,54163858.80549999,0.0052709784860621115,0.5270978486062111,0.004951575569293936,0.1,0.05270978486062111,1
WERN,7664,36.38,278816.32,1166349.05,39226703.4185,0.006570931746375581,0.657093174637558,0.007107819309345923,0.1,0.0657093174637558,1
WEX,-326,153.13,-49920.38,359565.7,56525747.84300001,0.0009066493272300444,0.09066493272300444,0.0008831440875166059,0.1,0.009066493272300444,1
WFC,-995,92.27,-91808.65,17724757.2,1604656950.7534997,5.6136170937224464e-05,0.005613617093722446,5.7213879861916496e-05,0.1,0.0005613617093722446,1
WFRD,1085,92.39,100243.15,1313774.3,116848016.3085,0.0008258648384277268,0.08258648384277269,0.0008578934685150311,0.1,0.008258648384277268,1
WGO,220,46.08,10137.6,687615.05,31248447.153999995,0.00031994645841448637,0.031994645841448635,0.0003244193207438253,0.1,0.0031994645841448635,1
WGS,-2267,99.01,-224455.67,731268.25,79492253.06850001,0.0031000935703143135,0.31000935703143134,0.002823616910274039,0.1,0.031000935703143134,1
WH,2902,72.44,210220.88,1365804.85,105141610.063,0.002124754499151178,0.21247544991511777,0.0019994070841604706,0.1,0.021247544991511776,1
WHD,-25,56.73,-1418.25,930348.1,49600993.436000004,2.6871662338000154e-05,0.0026871662338000153,2.8593177308635224e-05,0.1,0.00026871662338000154,1
WHR,-24,79.94,-1918.56,1736685.8,142349397.6435,1.3819425482721168e-05,0.0013819425482721169,1.347782310118968e-05,0.1,0.00013819425482721167,1
WINA,-28,460.96,-12906.88,122760.6,54386661.2255,0.00022808621007065785,0.022808621007065783,0.0002373170132008106,0.1,0.0022808621007065783,1
WING,-315,266.66,-83997.90000000001,544537.75,147241048.62449998,0.0005784722914067941,0.05784722914067941,0.0005704788222081657,0.1,0.005784722914067941,1
WIX,-5,83.1,-415.5,1853097.25,163602015.2,2.698185429825661e-06,0.0002698185429825661,2.539699767707996e-06,0.1,2.698185429825661e-05,1
WK,586,76.54,44852.44,765245.2,63949982.136499986,0.0007657676258537787,0.07657676258537788,0.0007013675141341455,0.1,0.007657676258537787,1
WKC,1445,27.09,39145.05,989585.3,26500763.513499998,0.0014602076243452687,0.14602076243452686,0.001477129139319279,0.1,0.014602076243452685,1
WLDN,-615,128.16,-78818.4,329561.35,41179852.8265,0.0018661168853689914,0.18661168853689913,0.0019140039264365436,0.1,0.018661168853689913,1
WLFC,-215,62.5367,-13445.390500000001,187715.55,10573476.850140002,0.0011453499723384664,0.11453499723384664,0.0012716148803808061,0.1,0.011453499723384664,1
WLK,2401,83.77,201131.77,1466765.0,121842321.87449999,0.001636935705447021,0.1636935705447021,0.0016507545728418546,0.1,0.01636935705447021,1
WLY,1709,31.39,53645.51,561478.85,17471447.031,0.003043747774292834,0.3043747774292834,0.0030704674835928306,0.1,0.03043747774292834,1
WM,841,223.16,187677.56,2278764.85,509097697.7425,0.0003690595806759087,0.03690595806759087,0.0003686474341412691,0.1,0.0036905958067590867,1
WMB,7266,66.34,482026.44,7387668.25,463229308.84300005,0.0009835308996177514,0.09835308996177514,0.0010405784582239608,0.1,0.009835308996177513,1
WMG,1436,30.2,43367.2,1767316.3,53673549.1155,0.0008125314070831577,0.08125314070831577,0.000807980853039515,0.1,0.008125314070831577,1
WMK,1841,71.75,132091.75,109235.9,7411042.722499999,0.01685343371547266,1.685343371547266,0.017823638986585268,0.1,0.1685343371547266,1
WMS,-218,156.3,-34073.4,673426.4,104398262.16999999,0.00032371763269156066,0.03237176326915606,0.0003263789960843944,0.1,0.0032371763269156066,1
WMT,-3321,124.06,-412003.26,46299356.3,5493887829.937499,7.172885900359699e-05,0.007172885900359699,7.49930236571079e-05,0.1,0.0007172885900359698,1
WNC,-6561,10.9,-71514.90000000001,617981.65,6278446.114499999,0.010616820094900876,1.0616820094900876,0.011390541337105238,0.1,0.10616820094900875,1
WOR,737,56.03,41294.11,168127.6,9033919.91,0.004383575332069214,0.4383575332069214,0.004571006873139304,0.1,0.04383575332069214,1
WPC,-8695,68.37,-594477.15,1294167.6,87991565.47049999,0.006718604298237724,0.6718604298237724,0.006756069707605147,0.1,0.06718604298237724,1
WRB,-3173,67.77,-215034.21,2659746.5,181425897.55449995,0.0011929708338745816,0.11929708338745816,0.0011852453971484649,0.1,0.011929708338745815,1
WRBY,-47,26.03,-1223.41,3451878.7,92864230.32000002,1.3615773926239065e-05,0.0013615773926239066,1.3174179076101342e-05,0.1,0.00013615773926239065,1
WRLD,823,123.2,101393.6,97760.9,13290794.155750003,0.008418498602201903,0.8418498602201903,0.007628859405375265,0.1,0.08418498602201903,1
WSBC,-10272,36.01,-369894.72,499701.05,17401363.2305,0.02055629060615342,2.0556290606153422,0.021256651855394413,0.1,0.20556290606153418,1
WSC,10236,20.0,204720.0,1869523.45,39310654.943,0.005475192087052987,0.5475192087052987,0.005207748390273366,0.1,0.054751920870529866,1
WSFS,1022,66.36,67819.92,438876.3,26237712.640000008,0.0023286743895717314,0.23286743895717313,0.0025848259309238313,0.1,0.02328674389571731,1
WSM,-1973,214.03,-422281.19,1040416.95,213163032.889,0.0018963551103237987,0.18963551103237986,0.0019810244969628186,0.1,0.018963551103237986,1
WSO,649,386.61,250909.89,420521.3,158623007.004,0.0015433225380022367,0.15433225380022367,0.0015818001104573236,0.1,0.015433225380022366,1
WST,654,237.5,155325.0,1053833.45,267752926.4485,0.0006205914226768946,0.06205914226768945,0.0005801057043904073,0.1,0.0062059142267689455,1
WT,20192,16.06,324283.51999999996,5418786.35,82278002.8055,0.003726295649209348,0.3726295649209348,0.003941314919451626,0.1,0.03726295649209348,1
WTFC,-1643,149.71,-245973.53,500953.2,73854157.88749999,0.003279747489386234,0.32797474893862344,0.0033305305623372583,0.1,0.03279747489386234,1
WTM,-207,2056.36,-425666.52,16811.4,34599974.7005,0.012313073271708483,1.2313073271708483,0.012302509573622573,0.1,0.12313073271708483,1
WTS,-839,305.48,-256297.72,164549.9,48253897.727000006,0.00509875727666805,0.509875727666805,0.005311440776246166,0.1,0.0509875727666805,1
WTTR,-7247,11.91,-86311.77,741575.45,8697635.247499999,0.009772437855109686,0.9772437855109686,0.009923590440839536,0.1,0.09772437855109686,1
WTW,-1711,316.61,-541719.7100000001,516440.95,167294445.82500002,0.003313060283077862,0.3313060283077862,0.003238121309578151,0.1,0.033130602830778615,1
WU,-256,9.52,-2437.12,7493730.65,70778862.57999998,3.416188971243582e-05,0.0034161889712435818,3.443287884494287e-05,0.1,0.00034161889712435817,1
WULF,-5373,13.44,-72213.12,24784661.95,342577771.5675,0.00021678730219679273,0.021678730219679275,0.00021079336137187594,0.1,0.0021678730219679273,1
WVE,4707,13.43,63215.01,4688400.35,65886308.45749998,0.001003967163341757,0.1003967163341757,0.0009594559397841647,0.1,0.010039671633417568,1
WWD,604,327.25,197659.0,553457.65,180743294.507,0.0010913210793996612,0.10913210793996612,0.0010935896711362914,0.1,0.010913210793996611,1
WWW,-14556,18.19,-264773.64,1845182.4,33856789.8575,0.007888651008160495,0.7888651008160494,0.007820400017674653,0.1,0.07888651008160494,1
WY,8370,25.84,216280.8,8571947.2,221780673.953,0.0009764409188148057,0.09764409188148057,0.000975201292993791,0.1,0.009764409188148056,1
WYNN,5512,109.18,601800.16,1217692.6,139345262.24999997,0.004526593986035556,0.4526593986035556,0.004318770156105542,0.1,0.045265939860355556,1
XEL,-2893,74.5,-215528.5,5256525.75,395830216.396,0.0005503635171957448,0.05503635171957448,0.0005444973402040107,0.1,0.005503635171957447,1
XENE,-749,41.45,-31046.050000000003,1031104.2,42796044.0765,0.0007264057308659979,0.07264057308659978,0.0007254420512443554,0.1,0.007264057308659979,1
XERS,99,7.36,728.64,2090080.1,15689613.782500003,4.736660571047014e-05,0.004736660571047014,4.644091372170779e-05,0.1,0.00047366605710470137,1
XHR,183,14.91,2728.53,882756.6,13111482.591,0.00020730516203447248,0.020730516203447246,0.00020810232413174395,0.1,0.0020730516203447246,1
XMTR,1361,58.91,80176.51,668897.55,42216596.3165,0.0020346912617634793,0.20346912617634794,0.0018991703973222417,0.1,0.020346912617634792,1
XNCR,2059,12.11,24934.489999999998,752044.95,10172519.822,0.002737868261730898,0.2737868261730898,0.0024511616036445995,0.1,0.027378682617308976,1
XOM,-166,138.4,-22974.4,20888245.4,2739264255.8705,7.947053322152182e-06,0.0007947053322152182,8.387069612128041e-06,0.1,7.947053322152181e-05,1
XP,-5607,19.81,-111074.67,7272651.6,137705698.27600002,0.0007709705219482809,0.07709705219482808,0.0008066091047109457,0.1,0.0077097052194828085,1
XPO,-350,163.06,-57071.0,1328904.8,199203875.063,0.0002633747729709457,0.02633747729709457,0.0002864954307839182,0.1,0.0026337477297094566,1
XPRO,-128,16.09,-2059.52,1174068.75,18288873.542999998,0.00010902257640363905,0.010902257640363905,0.00011261054406427748,0.1,0.0010902257640363904,1
XRAY,-2659,12.21,-32466.390000000003,4157936.5,51669913.883499995,0.0006394999057825919,0.06394999057825919,0.0006283422510283621,0.1,0.006394999057825919,1
XYL,693,139.88,96936.84,1435925.9,201338146.75699997,0.0004826154330108539,0.04826154330108539,0.0004814628601752031,0.1,0.004826154330108539,1
XYZ,5109,60.4,308583.6,6327284.7,415877293.7175,0.0008074553686512636,0.08074553686512637,0.0007420063674109046,0.1,0.008074553686512635,1
YELP,-820,27.4,-22468.0,972720.1,28012661.626,0.0008429968703227167,0.08429968703227167,0.0008020658764944452,0.1,0.008429968703227167,1
YETI,-2858,46.41,-132639.78,1538390.15,73872571.1395,0.0018577862059244205,0.18577862059244205,0.0017955213681343887,0.1,0.018577862059244204,1
YORW,-91,33.41,-3040.3099999999995,67194.5,2213079.647,0.0013542775078317422,0.13542775078317423,0.0013737914964431462,0.1,0.013542775078317422,1
YOU,378,32.71,12364.380000000001,1302527.7,45129239.926,0.00029020496070832123,0.029020496070832125,0.0002739771381098886,0.1,0.002902049607083212,1
YUM,-115,156.17,-17959.55,2075779.3,321357954.7155,5.540088004538825e-05,0.005540088004538825,5.5886433606100366e-05,0.1,0.0005540088004538825,1
YUMC,-25,50.58,-1264.5,1125880.15,54729976.883,2.220485013435933e-05,0.002220485013435933,2.3104340107857304e-05,0.1,0.00022204850134359327,1
Z,-1916,62.52,-119788.32,2819834.6,189199702.85649997,0.0006794724768608768,0.06794724768608769,0.0006331316497407738,0.1,0.006794724768608768,1
ZBH,7291,86.22,628630.02,2279823.0,202537492.752,0.003198055287625399,0.3198055287625399,0.0031037711164408222,0.1,0.03198055287625399,1
ZBRA,-1985,242.01,-480389.85,653575.7,162809949.34649998,0.0030371386206678127,0.30371386206678125,0.0029506172806282936,0.1,0.030371386206678126,1
ZD,-2637,37.81,-99704.97,571665.1,21333846.8205,0.004612840629942251,0.4612840629942251,0.00467355797756043,0.1,0.04612840629942251,1
ZETA,7865,18.68,146918.2,9713816.5,210264420.71999997,0.0008096714612634489,0.08096714612634488,0.0006987306720600373,0.1,0.008096714612634488,1
ZION,-1055,60.99,-64344.450000000004,1878551.9,112469888.34,0.0005616027962815401,0.05616027962815401,0.0005721037955108901,0.1,0.0056160279628154,1
ZM,-6950,92.865,-645411.75,3522423.4,312969922.67525,0.0019730734243929905,0.19730734243929904,0.0020622165366021602,0.1,0.019730734243929904,1
ZS,132,200.61,26480.52,1778132.1,379657935.04725003,7.423520445978113e-05,0.007423520445978113,6.97483643972946e-05,0.1,0.0007423520445978113,1
ZTS,2112,124.94,263873.27999999997,4692447.35,586849539.3540001,0.00045008496472528355,0.04500849647252836,0.0004496438393569668,0.1,0.004500849647252835,1
ZUMZ,-1408,25.02,-35228.159999999996,246295.05,6223730.445499999,0.005716720656789489,0.5716720656789489,0.005660296555014097,0.1,0.05716720656789489,1
ZWS,-1458,46.93,-68423.94,1035570.55,48184017.82000001,0.0014079195280321556,0.14079195280321558,0.0014200546798652167,0.1,0.014079195280321555,1
ZYME,17,23.17,393.89000000000004,964205.3,22940721.626500003,1.763109993276328e-05,0.001763109993276328,1.7169904522314482e-05,0.1,0.0001763109993276328,1
