as_of_date,ticker,retrieved_at,market_cap
2026-01-28,A,2026-07-27T14:02:54-04:00,37951992476.49817
2026-01-28,AA,2026-07-27T14:02:54-04:00,15540431125.65747
2026-01-28,AAL,2026-07-27T14:02:54-04:00,8874446238.12664
2026-01-28,AAMI,2026-07-27T14:02:54-04:00,1980040702.5567856
2026-01-28,AAOI,2026-07-27T14:02:54-04:00,3088299302.983948
2026-01-28,AAON,2026-07-27T14:02:54-04:00,7446658870.41095
2026-01-28,AAP,2026-07-27T14:02:54-04:00,2976503138.708668
2026-01-28,AAPL,2026-07-27T12:02:22-04:00,3789247963320.0
2026-01-28,AAT,2026-07-27T14:02:54-04:00,1373461501.3804722
2026-01-28,ABBV,2026-07-27T14:02:54-04:00,386473994243.2621
2026-01-28,ABCB,2026-07-27T14:02:54-04:00,5465000149.251045
2026-01-28,ABEO,2026-07-27T14:02:54-04:00,261744269.49552727
2026-01-28,ABG,2026-07-27T14:02:54-04:00,4795033233.710098
2026-01-28,ABM,2026-07-27T14:02:54-04:00,2742666257.901306
2026-01-28,ABNB,2026-07-27T14:02:54-04:00,80539604388.44499
2026-01-28,ABR,2026-07-27T14:02:54-04:00,1639985176.5435104
2026-01-28,ABT,2026-07-27T14:02:54-04:00,184575683746.1594
2026-01-28,ABUS,2026-07-27T14:02:54-04:00,796221404.7019734
2026-01-28,ACA,2026-07-27T14:02:54-04:00,5544540225.923538
2026-01-28,ACAD,2026-07-27T14:02:54-04:00,4334438293.523031
2026-01-28,ACGL,2026-07-27T14:02:54-04:00,35146154496.76323
2026-01-28,ACHC,2026-07-27T14:02:54-04:00,1215570829.8880775
2026-01-28,ACHR,2026-07-27T14:02:54-04:00,5674663836.262021
2026-01-28,ACI,2026-07-27T14:02:54-04:00,9167942969.06187
2026-01-28,ACIC,2026-07-27T14:02:54-04:00,527152935.0827351
2026-01-28,ACIW,2026-07-27T14:02:54-04:00,4488855132.0
2026-01-28,ACLS,2026-07-27T14:02:54-04:00,2828051007.652031
2026-01-28,ACM,2026-07-27T14:02:54-04:00,12852431352.543615
2026-01-28,ACMR,2026-07-27T14:02:54-04:00,3619457260.686165
2026-01-28,ACN,2026-07-27T14:02:54-04:00,167704156021.5271
2026-01-28,ACT,2026-07-27T14:02:54-04:00,5798445731.668129
2026-01-28,ACVA,2026-07-27T14:02:54-04:00,1459025554.7174368
2026-01-28,AD,2026-07-27T14:02:54-04:00,4024438482.610523
2026-01-28,ADAM,2026-07-27T14:02:54-04:00,762246568.8629141
2026-01-28,ADBE,2026-07-27T14:02:54-04:00,125404182379.1504
2026-01-28,ADC,2026-07-27T14:02:54-04:00,8194245410.807663
2026-01-28,ADEA,2026-07-27T14:02:54-04:00,2011702300.5746093
2026-01-28,ADI,2026-07-27T14:02:54-04:00,155528833538.62915
2026-01-28,ADM,2026-07-27T14:02:54-04:00,32390400872.29122
2026-01-28,ADMA,2026-07-27T14:02:54-04:00,3896839623.063921
2026-01-28,ADNT,2026-07-27T14:02:54-04:00,1708880832.30756
2026-01-28,ADP,2026-07-27T14:02:54-04:00,101551891755.02808
2026-01-28,ADSK,2026-07-27T14:02:54-04:00,57154287139.89258
2026-01-28,ADT,2026-07-27T14:02:54-04:00,6519640860.032033
2026-01-28,ADTN,2026-07-27T14:02:54-04:00,769113582.5618267
2026-01-28,ADUS,2026-07-27T14:02:54-04:00,1894165674.127113
2026-01-28,AEE,2026-07-27T14:02:54-04:00,28017863894.570984
2026-01-28,AEIS,2026-07-27T14:02:54-04:00,9955750547.248293
2026-01-28,AEO,2026-07-27T14:02:54-04:00,3920812556.519863
2026-01-28,AEP,2026-07-27T14:02:54-04:00,63760840099.51089
2026-01-28,AER,2026-07-27T14:02:54-04:00,25434105198.688354
2026-01-28,AES,2026-07-27T14:02:58-04:00,10817116840.54216
2026-01-28,AFG,2026-07-27T14:02:58-04:00,10713188568.872498
2026-01-28,AFL,2026-07-27T14:02:58-04:00,58253845020.41429
2026-01-28,AFRM,2026-07-27T14:02:58-04:00,21573613181.14096
2026-01-28,AGCO,2026-07-27T14:02:58-04:00,8413807066.5
2026-01-28,AGIO,2026-07-27T14:02:58-04:00,1650863986.5770645
2026-01-28,AGM,2026-07-27T14:02:58-04:00,1824142050.1285703
2026-01-28,AGNC,2026-07-27T14:02:58-04:00,13313352507.019045
2026-01-28,AGO,2026-07-27T14:02:58-04:00,3978793035.778511
2026-01-28,AGX,2026-07-27T14:02:58-04:00,4978750578.95874
2026-01-28,AGYS,2026-07-27T14:02:58-04:00,2408033469.0222626
2026-01-28,AI,2026-07-27T14:02:58-04:00,1848090595.6379347
2026-01-28,AIG,2026-07-27T14:02:58-04:00,40658342286.75288
2026-01-28,AIN,2026-07-27T14:02:58-04:00,1637245231.8282166
2026-01-28,AIR,2026-07-27T14:02:58-04:00,4117915085.867432
2026-01-28,AIT,2026-07-27T14:02:58-04:00,9674089823.122805
2026-01-28,AIV,2026-07-27T14:02:58-04:00,841401181.4241829
2026-01-28,AIZ,2026-07-27T14:02:58-04:00,11973466076.703552
2026-01-28,AJG,2026-07-27T14:02:58-04:00,62241826596.069336
2026-01-28,AKAM,2026-07-27T14:02:58-04:00,14688640478.17907
2026-01-28,AKBA,2026-07-27T14:02:58-04:00,384780702.5036366
2026-01-28,AKR,2026-07-27T14:02:58-04:00,2746302380.680485
2026-01-28,ALB,2026-07-27T14:02:58-04:00,21695187763.710632
2026-01-28,ALDX,2026-07-27T14:02:58-04:00,326082234.2500553
2026-01-28,ALG,2026-07-27T14:02:58-04:00,2312835131.253296
2026-01-28,ALGM,2026-07-27T14:02:58-04:00,6395862863.515377
2026-01-28,ALGN,2026-07-27T14:02:58-04:00,11954451842.753494
2026-01-28,ALGT,2026-07-27T14:02:58-04:00,1588702631.25
2026-01-28,ALHC,2026-07-27T14:02:58-04:00,4418025648.094212
2026-01-28,ALK,2026-07-27T14:02:58-04:00,6074323591.290794
2026-01-28,ALKS,2026-07-27T14:02:58-04:00,5597483807.049324
2026-01-28,ALKT,2026-07-27T14:02:58-04:00,2353139870.4876595
2026-01-28,ALL,2026-07-27T14:02:58-04:00,51997508238.04268
2026-01-28,ALLE,2026-07-27T14:02:58-04:00,14186668524.60263
2026-01-28,ALLO,2026-07-27T14:02:58-04:00,325858719.5159683
2026-01-28,ALLY,2026-07-27T14:02:58-04:00,13049253664.63852
2026-01-28,ALNT,2026-07-27T14:02:58-04:00,1014746024.98851
2026-01-28,ALNY,2026-07-27T14:02:58-04:00,46184346722.450745
2026-01-28,ALRM,2026-07-27T14:02:58-04:00,2431373268.6792297
2026-01-28,ALSN,2026-07-27T14:02:58-04:00,9247172979.766418
2026-01-28,ALV,2026-07-27T14:02:58-04:00,9696911020.0
2026-01-28,ALX,2026-07-27T14:02:58-04:00,1214768957.6724243
2026-01-28,AMAL,2026-07-27T14:02:58-04:00,1127102531.3292007
2026-01-28,AMAT,2026-07-27T14:02:58-04:00,268269337292.25
2026-01-28,AMBA,2026-07-27T14:02:58-04:00,2871037016.4437256
2026-01-28,AMBP,2026-07-27T14:02:58-04:00,2635855083.058281
2026-01-28,AMC,2026-07-27T14:02:58-04:00,733509266.7550395
2026-01-28,AMCR,2026-07-27T14:02:58-04:00,20401284515.710007
2026-01-28,AMCX,2026-07-27T14:02:58-04:00,336026647.54772043
2026-01-28,AMD,2026-07-27T14:02:58-04:00,411471227762.6993
2026-01-28,AME,2026-07-27T14:03:01-04:00,51384947829.06799
2026-01-28,AMG,2026-07-27T14:03:01-04:00,8909454647.610352
2026-01-28,AMGN,2026-07-27T14:03:01-04:00,184278855886.94504
2026-01-28,AMH,2026-07-27T14:03:01-04:00,13008248138.834623
2026-01-28,AMKR,2026-07-27T14:03:01-04:00,12596977323.20765
2026-01-28,AMN,2026-07-27T14:03:01-04:00,787098343.4077835
2026-01-28,AMP,2026-07-27T14:03:01-04:00,47104674649.07355
2026-01-28,AMPH,2026-07-27T14:03:01-04:00,1214451476.3802223
2026-01-28,AMPL,2026-07-27T14:03:01-04:00,1323493071.6027718
2026-01-28,AMR,2026-07-27T14:03:01-04:00,2816232061.466797
2026-01-28,AMRC,2026-07-27T14:03:01-04:00,1758683331.866272
2026-01-28,AMRX,2026-07-27T14:03:01-04:00,4385362674.040031
2026-01-28,AMSF,2026-07-27T14:03:01-04:00,690689992.9557953
2026-01-28,AMT,2026-07-27T14:03:01-04:00,83119272377.5692
2026-01-28,AMZN,2026-07-27T14:03:01-04:00,2597829334109.9995
2026-01-28,AN,2026-07-27T14:03:01-04:00,7875436912.479797
2026-01-28,ANAB,2026-07-27T14:03:01-04:00,884879166.509716
2026-01-28,ANDE,2026-07-27T14:03:01-04:00,2087180046.1688805
2026-01-28,ANET,2026-07-27T14:03:01-04:00,189081645574.4339
2026-01-28,ANF,2026-07-27T14:03:01-04:00,4542708332.2419815
2026-01-28,ANGI,2026-07-27T14:03:01-04:00,597288947.450635
2026-01-28,ANGO,2026-07-27T14:03:01-04:00,412586043.293911
2026-01-28,ANIP,2026-07-27T14:03:01-04:00,1785648985.6558228
2026-01-28,AON,2026-07-27T14:03:01-04:00,71803656801.0
2026-01-28,AORT,2026-07-27T14:03:01-04:00,1956111274.683052
2026-01-28,AOS,2026-07-27T14:03:01-04:00,9737604214.850922
2026-01-28,AOSL,2026-07-27T14:03:01-04:00,675480760.8584404
2026-01-28,APA,2026-07-27T14:03:01-04:00,9306025906.490822
2026-01-28,APAM,2026-07-27T14:03:01-04:00,3116924247.88102
2026-01-28,APD,2026-07-27T14:03:01-04:00,56959004818.76077
2026-01-28,APEI,2026-07-27T14:03:01-04:00,749805327.2426605
2026-01-28,APG,2026-07-27T14:03:01-04:00,18072888491.8609
2026-01-28,APH,2026-07-27T14:03:01-04:00,178663150165.8261
2026-01-28,APLD,2026-07-27T14:03:01-04:00,11244942142.351288
2026-01-28,APLE,2026-07-27T14:03:01-04:00,2720643323.594658
2026-01-28,APO,2026-07-27T14:03:01-04:00,77132355371.70818
2026-01-28,APOG,2026-07-27T14:03:01-04:00,818706063.4007683
2026-01-28,APP,2026-07-27T14:03:01-04:00,183453218944.5673
2026-01-28,APPF,2026-07-27T14:03:01-04:00,7830858660.0
2026-01-28,APPN,2026-07-27T14:03:01-04:00,2236505383.401718
2026-01-28,APTV,2026-07-27T14:03:01-04:00,16943890362.269836
2026-01-28,AR,2026-07-27T14:03:01-04:00,10631257935.850563
2026-01-28,ARCB,2026-07-27T14:03:01-04:00,1954057132.712624
2026-01-28,ARDX,2026-07-27T14:03:01-04:00,1909778077.6005688
2026-01-28,ARE,2026-07-27T14:03:01-04:00,9463932819.984146
2026-01-28,ARES,2026-07-27T14:03:01-04:00,49078169525.231
2026-01-28,ARI,2026-07-27T14:03:01-04:00,1483920157.4822922
2026-01-28,ARLO,2026-07-27T14:03:01-04:00,1364120477.0301476
2026-01-28,ARMK,2026-07-27T14:03:01-04:00,10122962888.5
2026-01-28,AROC,2026-07-27T14:03:01-04:00,4975236890.716061
2026-01-28,ARQT,2026-07-27T14:03:05-04:00,3117426379.854126
2026-01-28,ARR,2026-07-27T14:03:05-04:00,2079084633.827408
2026-01-28,ARVN,2026-07-27T14:03:05-04:00,949289525.755272
2026-01-28,ARW,2026-07-27T14:03:05-04:00,6614573412.60022
2026-01-28,ARWR,2026-07-27T14:03:05-04:00,9181901306.56723
2026-01-28,ASAN,2026-07-27T14:03:05-04:00,2634180929.7081747
2026-01-28,ASB,2026-07-27T14:03:05-04:00,4448671072.555717
2026-01-28,ASC,2026-07-27T14:03:05-04:00,498953284.13495445
2026-01-28,ASH,2026-07-27T14:03:05-04:00,2842759680.040493
2026-01-28,ASIX,2026-07-27T14:03:05-04:00,439764275.4951954
2026-01-28,ASMB,2026-07-27T14:03:05-04:00,417888840.006752
2026-01-28,ASO,2026-07-27T14:03:05-04:00,3676140140.223312
2026-01-28,ASTE,2026-07-27T14:03:05-04:00,1090033858.5557632
2026-01-28,ASTH,2026-07-27T14:03:05-04:00,1103423486.0
2026-01-28,ASTS,2026-07-27T14:03:05-04:00,44540063256.94183
2026-01-28,ASUR,2026-07-27T14:03:05-04:00,272363645.0201864
2026-01-28,ATEC,2026-07-27T14:03:05-04:00,2266875857.100439
2026-01-28,ATEN,2026-07-27T14:03:05-04:00,1330494277.5736542
2026-01-28,ATEX,2026-07-27T14:03:05-04:00,523027563.9505348
2026-01-28,ATI,2026-07-27T14:03:05-04:00,16776927275.292114
2026-01-28,ATKR,2026-07-27T14:03:05-04:00,2307193702.6397552
2026-01-28,ATO,2026-07-27T14:03:05-04:00,26850167502.0
2026-01-28,ATR,2026-07-27T14:03:05-04:00,8149420370.348602
2026-01-28,ATRC,2026-07-27T14:03:05-04:00,1877810659.518631
2026-01-28,ATRO,2026-07-27T14:03:05-04:00,2177840622.4412155
2026-01-28,AUB,2026-07-27T14:03:05-04:00,5543956369.165443
2026-01-28,AUR,2026-07-27T14:03:05-04:00,8709169455.0
2026-01-28,AVA,2026-07-27T14:03:05-04:00,3284163556.78537
2026-01-28,AVAV,2026-07-27T14:03:05-04:00,15326191738.484802
2026-01-28,AVB,2026-07-27T14:03:05-04:00,24627991489.1474
2026-01-28,AVGO,2026-07-27T14:03:05-04:00,1579982034477.258
2026-01-28,AVNS,2026-07-27T14:03:05-04:00,596482972.6574078
2026-01-28,AVNT,2026-07-27T14:03:05-04:00,3310940774.508499
2026-01-28,AVPT,2026-07-27T14:03:05-04:00,2675787398.88291
2026-01-28,AVT,2026-07-27T14:03:05-04:00,4876514706.90065
2026-01-28,AVTR,2026-07-27T14:03:05-04:00,7534054321.995864
2026-01-28,AVXL,2026-07-27T14:03:05-04:00,435125270.8649206
2026-01-28,AVY,2026-07-27T14:03:05-04:00,14289599111.361084
2026-01-28,AWI,2026-07-27T14:03:05-04:00,7942662548.532791
2026-01-28,AWK,2026-07-27T14:03:05-04:00,24797258900.683426
2026-01-28,AWR,2026-07-27T14:03:05-04:00,2796343119.941757
2026-01-28,AX,2026-07-27T14:03:05-04:00,5203318058.292755
2026-01-28,AXGN,2026-07-27T14:03:05-04:00,1711271988.3808594
2026-01-28,AXON,2026-07-27T14:03:05-04:00,43679375018.84815
2026-01-28,AXP,2026-07-27T14:03:05-04:00,248422989777.99512
2026-01-28,AXS,2026-07-27T14:03:05-04:00,8112895964.092773
2026-01-28,AXSM,2026-07-27T14:03:05-04:00,9334908456.4917
2026-01-28,AXTI,2026-07-27T14:03:05-04:00,912343979.074152
2026-01-28,AYI,2026-07-27T14:03:05-04:00,9591952701.328123
2026-01-28,AZO,2026-07-27T14:03:05-04:00,62907062034.24805
2026-01-28,AZTA,2026-07-27T14:03:08-04:00,1794973173.2003784
2026-01-28,AZZ,2026-07-27T14:03:08-04:00,3701529817.313469
2026-01-28,BA,2026-07-27T14:03:08-04:00,189182182110.9374
2026-01-28,BAC,2026-07-27T14:03:08-04:00,378342304473.95154
2026-01-28,BAH,2026-07-27T14:03:08-04:00,10986148653.887566
2026-01-28,BALL,2026-07-27T14:03:08-04:00,15311096375.907116
2026-01-28,BANC,2026-07-27T14:03:08-04:00,3118438731.4177666
2026-01-28,BAND,2026-07-27T14:03:08-04:00,426691688.408329
2026-01-28,BANF,2026-07-27T14:03:08-04:00,3620203195.9624014
2026-01-28,BANR,2026-07-27T14:03:08-04:00,2075877509.70044
2026-01-28,BAP,2026-07-27T14:03:08-04:00,28427427199.94373
2026-01-28,BATRK,2026-07-27T14:03:08-04:00,2517218437.6532936
2026-01-28,BAX,2026-07-27T14:03:08-04:00,10080634649.804764
2026-01-28,BBBY,2026-07-27T14:03:08-04:00,448987684.5265398
2026-01-28,BBIO,2026-07-27T14:03:08-04:00,14849174890.76059
2026-01-28,BBSI,2026-07-27T14:03:08-04:00,941522523.1491624
2026-01-28,BBT,2026-07-27T14:03:08-04:00,2374791805.277848
2026-01-28,BBW,2026-07-27T14:03:08-04:00,805814770.2184296
2026-01-28,BBWI,2026-07-27T14:03:08-04:00,4459837095.8405
2026-01-28,BBY,2026-07-27T14:03:08-04:00,13774238486.017456
2026-01-28,BC,2026-07-27T14:03:08-04:00,5498893316.375732
2026-01-28,BCC,2026-07-27T14:03:08-04:00,3018734715.927536
2026-01-28,BCO,2026-07-27T14:03:08-04:00,5194037244.004074
2026-01-28,BCPC,2026-07-27T14:03:08-04:00,5457016131.210922
2026-01-28,BCRX,2026-07-27T14:03:08-04:00,1651940108.412243
2026-01-28,BCSF,2026-07-27T14:03:08-04:00,854318242.1390743
2026-01-28,BDC,2026-07-27T14:03:08-04:00,4701686102.91391
2026-01-28,BDX,2026-07-27T14:03:08-04:00,45307952232.13806
2026-01-28,BE,2026-07-27T14:03:08-04:00,39116513625.09529
2026-01-28,BEAM,2026-07-27T14:03:08-04:00,2944802921.331543
2026-01-28,BELFB,2026-07-27T14:03:08-04:00,2630611764.685211
2026-01-28,BEN,2026-07-27T14:03:08-04:00,13378884589.622095
2026-01-28,BEPC,2026-07-27T14:03:08-04:00,7303119136.160465
2026-01-28,BF/B,2026-07-27T14:03:08-04:00,12187040461.049463
2026-01-28,BFAM,2026-07-27T14:03:08-04:00,5227092309.41095
2026-01-28,BFH,2026-07-27T14:03:08-04:00,3109919860.839844
2026-01-28,BFS,2026-07-27T14:03:08-04:00,1061298607.4836408
2026-01-28,BFST,2026-07-27T14:03:08-04:00,884626452.7592087
2026-01-28,BG,2026-07-27T14:03:08-04:00,22294529309.19109
2026-01-28,BGC,2026-07-27T14:03:08-04:00,4270715860.949265
2026-01-28,BGS,2026-07-27T14:03:08-04:00,342416066.78545475
2026-01-28,BH,2026-07-27T14:03:08-04:00,1193936914.8405457
2026-01-28,BH/A,2026-07-27T14:03:08-04:00,1233147363.9023438
2026-01-28,BHB,2026-07-27T14:03:08-04:00,549328769.8059082
2026-01-28,BHE,2026-07-27T14:03:08-04:00,1787634851.0636902
2026-01-28,BHVN,2026-07-27T14:03:08-04:00,1616145836.5133133
2026-01-28,BIIB,2026-07-27T14:03:08-04:00,25647958482.379883
2026-01-28,BILL,2026-07-27T14:03:08-04:00,4672635344.367016
2026-01-28,BIO,2026-07-27T14:03:08-04:00,8086786015.147858
2026-01-28,BJ,2026-07-27T14:03:08-04:00,12065974598.48764
2026-01-28,BJRI,2026-07-27T14:03:11-04:00,914613604.575882
2026-01-28,BKD,2026-07-27T14:03:11-04:00,3116041366.7075644
2026-01-28,BKE,2026-07-27T14:03:11-04:00,2450913991.764118
2026-01-28,BKH,2026-07-27T14:03:11-04:00,5446160098.791809
2026-01-28,BKNG,2026-07-27T14:03:11-04:00,6592455961.63504
2026-01-28,BKR,2026-07-27T14:03:11-04:00,55881005991.64822
2026-01-28,BKU,2026-07-27T14:03:11-04:00,3527192179.5473824
2026-01-28,BL,2026-07-27T14:03:11-04:00,3207027072.6133347
2026-01-28,BLBD,2026-07-27T14:03:11-04:00,1578136306.6074944
2026-01-28,BLDR,2026-07-27T14:03:11-04:00,12947879824.331818
2026-01-28,BLFS,2026-07-27T14:03:11-04:00,1104516200.9538307
2026-01-28,BLK,2026-07-27T14:03:11-04:00,174028126916.18518
2026-01-28,BLKB,2026-07-27T14:03:11-04:00,2661690534.026764
2026-01-28,BLMN,2026-07-27T14:03:11-04:00,526641607.7515168
2026-01-28,BLX,2026-07-27T14:03:11-04:00,1754386911.3509216
2026-01-28,BMI,2026-07-27T14:03:11-04:00,4312019157.043152
2026-01-28,BMRN,2026-07-27T14:03:11-04:00,10889041076.548643
2026-01-28,BMY,2026-07-27T14:03:11-04:00,111192828160.32118
2026-01-28,BNL,2026-07-27T14:03:11-04:00,3547243914.920597
2026-01-28,BOH,2026-07-27T14:03:11-04:00,2949666696.597107
2026-01-28,BOKF,2026-07-27T14:03:11-04:00,8144403637.513229
2026-01-28,BOOT,2026-07-27T14:03:11-04:00,5264428081.523605
2026-01-28,BOX,2026-07-27T14:03:11-04:00,3791240244.113262
2026-01-28,BPOP,2026-07-27T14:03:11-04:00,8770410110.593872
2026-01-28,BPRN,2026-07-27T14:03:11-04:00,245288935.29579163
2026-01-28,BR,2026-07-27T14:03:11-04:00,23916309492.265152
2026-01-28,BRBR,2026-07-27T14:03:11-04:00,2965474249.352297
2026-01-28,BRC,2026-07-27T14:03:11-04:00,4017569988.6063232
2026-01-28,BRK/B,2026-07-27T14:03:11-04:00,1021476407815.818
2026-01-28,BRKR,2026-07-27T14:03:11-04:00,7072860137.278107
2026-01-28,BRO,2026-07-27T14:03:11-04:00,24616438438.03322
2026-01-28,BROS,2026-07-27T14:03:11-04:00,9454028465.810532
2026-01-28,BRSL,2026-07-27T14:03:11-04:00,2620733456.851653
2026-01-28,BRSP,2026-07-27T14:03:11-04:00,779963616.0
2026-01-28,BRX,2026-07-27T14:03:11-04:00,7964722400.321465
2026-01-28,BRZE,2026-07-27T14:03:11-04:00,2667362438.8281784
2026-01-28,BSX,2026-07-27T14:03:11-04:00,139092429150.0652
2026-01-28,BSY,2026-07-27T14:03:11-04:00,11340614884.245964
2026-01-28,BTU,2026-07-27T14:03:11-04:00,4277888037.109375
2026-01-28,BURL,2026-07-27T14:03:11-04:00,18164509782.40558
2026-01-28,BUSE,2026-07-27T14:03:11-04:00,2156296529.199402
2026-01-28,BV,2026-07-27T14:03:11-04:00,1242463989.162445
2026-01-28,BW,2026-07-27T14:03:11-04:00,1164328997.1424105
2026-01-28,BWA,2026-07-27T14:03:11-04:00,10447447789.12854
2026-01-28,BWIN,2026-07-27T14:03:11-04:00,2711569759.497711
2026-01-28,BWXT,2026-07-27T14:03:11-04:00,19775605006.21228
2026-01-28,BX,2026-07-27T14:03:11-04:00,180119954921.96008
2026-01-28,BXC,2026-07-27T14:03:11-04:00,541814370.4428711
2026-01-28,BXMT,2026-07-27T14:03:11-04:00,3306322899.362526
2026-01-28,BXP,2026-07-27T14:03:11-04:00,11347913439.222702
2026-01-28,BY,2026-07-27T14:03:14-04:00,1419937834.2428112
2026-01-28,BYD,2026-07-27T14:03:14-04:00,6695381034.0
2026-01-28,BZH,2026-07-27T14:03:14-04:00,701739618.729496
2026-01-28,C,2026-07-27T14:03:14-04:00,204334190011.59305
2026-01-28,CAAP,2026-07-27T14:03:14-04:00,4749989337.213873
2026-01-28,CABO,2026-07-27T14:03:14-04:00,410466272.0433655
2026-01-28,CAC,2026-07-27T14:03:14-04:00,772933206.7106628
2026-01-28,CACC,2026-07-27T14:03:14-04:00,4870739758.352905
2026-01-28,CACI,2026-07-27T14:03:14-04:00,14096024182.078611
2026-01-28,CAG,2026-07-27T14:03:14-04:00,8457572463.986778
2026-01-28,CAH,2026-07-27T14:03:14-04:00,49987620741.363495
2026-01-28,CAKE,2026-07-27T14:03:14-04:00,2884837070.4366684
2026-01-28,CAL,2026-07-27T14:03:14-04:00,416915419.0650654
2026-01-28,CALM,2026-07-27T14:03:14-04:00,3879039417.114304
2026-01-28,CALX,2026-07-27T14:03:14-04:00,3510001949.4020767
2026-01-28,CALY,2026-07-27T14:03:14-04:00,2719638984.215396
2026-01-28,CAMT,2026-07-27T14:03:14-04:00,6872718729.889481
2026-01-28,CAR,2026-07-27T14:03:14-04:00,4051173725.493652
2026-01-28,CARG,2026-07-27T14:03:14-04:00,3317275368.049164
2026-01-28,CARR,2026-07-27T14:03:14-04:00,49282732418.72422
2026-01-28,CARS,2026-07-27T14:03:14-04:00,716454485.6441612
2026-01-28,CASH,2026-07-27T14:03:14-04:00,1914676183.8080287
2026-01-28,CASS,2026-07-27T14:03:14-04:00,563409071.7085228
2026-01-28,CASY,2026-07-27T14:03:14-04:00,22806912391.111023
2026-01-28,CAT,2026-07-27T14:03:14-04:00,301363135312.40845
2026-01-28,CATY,2026-07-27T14:03:14-04:00,3400469936.5753098
2026-01-28,CB,2026-07-27T14:03:14-04:00,121062305036.03757
2026-01-28,CBOE,2026-07-27T14:03:14-04:00,27688939043.099422
2026-01-28,CBRE,2026-07-27T14:03:14-04:00,50442012991.5
2026-01-28,CBRL,2026-07-27T14:03:14-04:00,657115842.6639938
2026-01-28,CBSH,2026-07-27T14:03:14-04:00,7759826864.595085
2026-01-28,CBT,2026-07-27T14:03:14-04:00,3803526966.104797
2026-01-28,CBU,2026-07-27T14:03:14-04:00,3228510421.0242004
2026-01-28,CBZ,2026-07-27T14:03:14-04:00,2097174853.695008
2026-01-28,CC,2026-07-27T14:03:14-04:00,2264867343.2586823
2026-01-28,CCBG,2026-07-27T14:03:14-04:00,685654709.1660461
2026-01-28,CCC,2026-07-27T14:03:14-04:00,5151430106.716312
2026-01-28,CCEP,2026-07-27T14:03:14-04:00,41536126206.84473
2026-01-28,CCI,2026-07-27T14:03:14-04:00,36967812893.10471
2026-01-28,CCK,2026-07-27T14:03:14-04:00,12129828553.28514
2026-01-28,CCL,2026-07-27T14:03:14-04:00,37696178026.02959
2026-01-28,CCNE,2026-07-27T14:03:14-04:00,791437082.0942936
2026-01-28,CCOI,2026-07-27T14:03:14-04:00,1150383533.4912567
2026-01-28,CCRN,2026-07-27T14:03:14-04:00,297132763.71245575
2026-01-28,CCS,2026-07-27T14:03:14-04:00,1899209299.9965289
2026-01-28,CDE,2026-07-27T14:03:14-04:00,16453291486.059849
2026-01-28,CDNA,2026-07-27T14:03:14-04:00,1089023327.8092728
2026-01-28,CDNS,2026-07-27T14:03:14-04:00,87330317438.96484
2026-01-28,CDP,2026-07-27T14:03:14-04:00,3416381614.493828
2026-01-28,CDRE,2026-07-27T14:03:14-04:00,1641098493.32753
2026-01-28,CDW,2026-07-27T14:03:17-04:00,16345896276.38626
2026-01-28,CDZI,2026-07-27T14:03:17-04:00,511316893.92129135
2026-01-28,CE,2026-07-27T14:03:17-04:00,5055840755.470551
2026-01-28,CECO,2026-07-27T14:03:17-04:00,2479903002.240677
2026-01-28,CEG,2026-07-27T14:03:17-04:00,104321432958.48631
2026-01-28,CELC,2026-07-27T14:03:17-04:00,5299447236.78653
2026-01-28,CELH,2026-07-27T14:03:17-04:00,13897205321.935083
2026-01-28,CENTA,2026-07-27T14:03:17-04:00,1846663134.8751163
2026-01-28,CENX,2026-07-27T14:03:17-04:00,4573756481.0
2026-01-28,CERT,2026-07-27T14:03:17-04:00,1497169589.0420322
2026-01-28,CEVA,2026-07-27T14:03:17-04:00,608170796.7338848
2026-01-28,CF,2026-07-27T14:03:17-04:00,15091020013.93866
2026-01-28,CFFN,2026-07-27T14:03:17-04:00,933211952.9650664
2026-01-28,CFG,2026-07-27T14:03:17-04:00,27023270351.307297
2026-01-28,CFR,2026-07-27T14:03:17-04:00,8696135436.194153
2026-01-28,CG,2026-07-27T14:03:17-04:00,21897615400.930733
2026-01-28,CGNX,2026-07-27T14:03:17-04:00,6544703685.582836
2026-01-28,CHCO,2026-07-27T14:03:17-04:00,1734801602.3858566
2026-01-28,CHCT,2026-07-27T14:03:17-04:00,474333919.4956055
2026-01-28,CHD,2026-07-27T14:03:17-04:00,22285324327.85821
2026-01-28,CHDN,2026-07-27T14:03:17-04:00,6935294959.401215
2026-01-28,CHE,2026-07-27T14:03:17-04:00,6303132353.624573
2026-01-28,CHEF,2026-07-27T14:03:17-04:00,2591689870.278656
2026-01-28,CHH,2026-07-27T14:03:17-04:00,4625410852.916153
2026-01-28,CHKP,2026-07-27T14:03:17-04:00,19349615682.9971
2026-01-28,CHRD,2026-07-27T14:03:17-04:00,5620455502.005432
2026-01-28,CHRW,2026-07-27T14:03:17-04:00,21770319017.629578
2026-01-28,CHTR,2026-07-27T14:03:17-04:00,24970197634.37592
2026-01-28,CHWY,2026-07-27T14:03:17-04:00,12873255304.03126
2026-01-28,CI,2026-07-27T14:03:17-04:00,72759731066.40527
2026-01-28,CIEN,2026-07-27T14:03:17-04:00,36293683663.82611
2026-01-28,CIM,2026-07-27T14:03:17-04:00,1071821664.77777
2026-01-28,CINF,2026-07-27T14:03:17-04:00,24770024290.354065
2026-01-28,CL,2026-07-27T14:03:17-04:00,68698769275.0
2026-01-28,CLB,2026-07-27T14:03:17-04:00,882542092.1291351
2026-01-28,CLBK,2026-07-27T14:03:17-04:00,764537321.8989282
2026-01-28,CLF,2026-07-27T14:03:17-04:00,8004390034.063076
2026-01-28,CLFD,2026-07-27T14:03:17-04:00,414432273.965683
2026-01-28,CLH,2026-07-27T14:03:17-04:00,13872073731.85254
2026-01-28,CLSK,2026-07-27T14:03:17-04:00,3439842306.66949
2026-01-28,CLX,2026-07-27T14:03:17-04:00,13271465607.454576
2026-01-28,CMC,2026-07-27T14:03:17-04:00,8334148686.191437
2026-01-28,CMCO,2026-07-27T14:03:17-04:00,596111415.75
2026-01-28,CMCSA,2026-07-27T14:03:17-04:00,111968487048.306
2026-01-28,CME,2026-07-27T14:03:17-04:00,102838525354.77055
2026-01-28,CMG,2026-07-27T14:03:17-04:00,52509056395.39719
2026-01-28,CMI,2026-07-27T14:03:17-04:00,79765627136.56458
2026-01-28,CMP,2026-07-27T14:03:17-04:00,1083124930.4471283
2026-01-28,CMPR,2026-07-27T14:03:17-04:00,1922178781.7907715
2026-01-28,CMRE,2026-07-27T14:03:17-04:00,1990664905.510929
2026-01-28,CMS,2026-07-27T14:03:21-04:00,21850160055.71022
2026-01-28,CNA,2026-07-27T14:03:21-04:00,12783582638.41867
2026-01-28,CNC,2026-07-27T14:03:21-04:00,20594604949.99695
2026-01-28,CNH,2026-07-27T14:03:21-04:00,13458824035.04999
2026-01-28,CNK,2026-07-27T14:03:21-04:00,2763033268.8162003
2026-01-28,CNM,2026-07-27T14:03:21-04:00,10897862689.823357
2026-01-28,CNMD,2026-07-27T14:03:21-04:00,1198150097.731987
2026-01-28,CNNE,2026-07-27T14:03:21-04:00,750063884.4952698
2026-01-28,CNO,2026-07-27T14:03:21-04:00,3975178491.6529655
2026-01-28,CNOB,2026-07-27T14:03:21-04:00,1400105575.677662
2026-01-28,CNP,2026-07-27T14:03:21-04:00,25977629180.38876
2026-01-28,CNR,2026-07-27T14:03:21-04:00,4833690537.784332
2026-01-28,CNS,2026-07-27T14:03:21-04:00,3261932285.8656654
2026-01-28,CNX,2026-07-27T14:03:21-04:00,5301675937.505547
2026-01-28,CNXC,2026-07-27T14:03:21-04:00,2242360461.1587524
2026-01-28,CNXN,2026-07-27T14:03:21-04:00,1469515578.638382
2026-01-28,COCO,2026-07-27T14:03:21-04:00,3084887031.584625
2026-01-28,COF,2026-07-27T14:03:21-04:00,138850579214.586
2026-01-28,COHR,2026-07-27T14:03:21-04:00,34752949440.62105
2026-01-28,COHU,2026-07-27T14:03:21-04:00,1353618956.142908
2026-01-28,COIN,2026-07-27T14:03:21-04:00,56474392124.98865
2026-01-28,COKE,2026-07-27T14:03:21-04:00,9958789412.0
2026-01-28,COLB,2026-07-27T14:03:21-04:00,8662543191.106567
2026-01-28,COLD,2026-07-27T14:03:21-04:00,3512354566.3779907
2026-01-28,COLL,2026-07-27T14:03:21-04:00,1416803934.6730957
2026-01-28,COLM,2026-07-27T14:03:21-04:00,2951011322.340744
2026-01-28,COO,2026-07-27T14:03:21-04:00,16000142709.948347
2026-01-28,COP,2026-07-27T14:03:21-04:00,126630260149.99612
2026-01-28,COR,2026-07-27T14:03:21-04:00,68189172343.25012
2026-01-28,CORT,2026-07-27T14:03:21-04:00,4831293613.865501
2026-01-28,COST,2026-07-27T14:03:21-04:00,426545675679.3128
2026-01-28,COUR,2026-07-27T14:03:21-04:00,1037675446.7165694
2026-01-28,CPAY,2026-07-27T14:03:21-04:00,22429953968.15039
2026-01-28,CPB,2026-07-27T14:03:21-04:00,8043661793.624973
2026-01-28,CPF,2026-07-27T14:03:21-04:00,854068551.2816467
2026-01-28,CPK,2026-07-27T14:03:21-04:00,2976438545.31192
2026-01-28,CPNG,2026-07-27T14:03:21-04:00,37135744308.17786
2026-01-28,CPRI,2026-07-27T14:03:21-04:00,2745061234.198929
2026-01-28,CPRT,2026-07-27T14:03:21-04:00,39320877290.125565
2026-01-28,CPS,2026-07-27T14:03:21-04:00,553272987.131567
2026-01-28,CPT,2026-07-27T14:03:21-04:00,11456749626.59546
2026-01-28,CR,2026-07-27T14:03:21-04:00,10498184839.57045
2026-01-28,CRAI,2026-07-27T14:03:21-04:00,1229513562.987503
2026-01-28,CRBG,2026-07-27T14:03:21-04:00,15323075581.867138
2026-01-28,CRC,2026-07-27T14:03:21-04:00,4544191144.675434
2026-01-28,CRDO,2026-07-27T14:03:21-04:00,23420709347.03311
2026-01-28,CRGY,2026-07-27T14:03:21-04:00,3037536987.25
2026-01-28,CRH,2026-07-27T14:03:21-04:00,81859997226.8437
2026-01-28,CRI,2026-07-27T14:03:21-04:00,1203873035.5479736
2026-01-28,CRK,2026-07-27T14:03:21-04:00,6567627413.891552
2026-01-28,CRL,2026-07-27T14:03:24-04:00,10673851590.789915
2026-01-28,CRM,2026-07-27T14:03:24-04:00,217017926391.6016
2026-01-28,CRNX,2026-07-27T14:03:24-04:00,5260907648.835869
2026-01-28,CROX,2026-07-27T14:03:24-04:00,4526140690.341057
2026-01-28,CRS,2026-07-27T14:03:24-04:00,16530789272.724
2026-01-28,CRSP,2026-07-27T14:03:24-04:00,5116669378.895046
2026-01-28,CRUS,2026-07-27T14:03:24-04:00,6707062696.124054
2026-01-28,CRVL,2026-07-27T14:03:24-04:00,3442572142.497101
2026-01-28,CRWD,2026-07-27T14:03:24-04:00,29570516919.76868
2026-01-28,CSCO,2026-07-27T14:03:24-04:00,311978423077.1449
2026-01-28,CSGP,2026-07-27T14:03:24-04:00,27633244679.795486
2026-01-28,CSIQ,2026-07-27T14:03:24-04:00,1455976612.7112694
2026-01-28,CSL,2026-07-27T14:03:24-04:00,14578428900.847656
2026-01-28,CSR,2026-07-27T14:03:24-04:00,1133848440.9365845
2026-01-28,CSTM,2026-07-27T14:03:24-04:00,3219165218.0260696
2026-01-28,CSV,2026-07-27T14:03:24-04:00,656574560.1126289
2026-01-28,CSW,2026-07-27T14:03:24-04:00,5040068457.664215
2026-01-28,CSX,2026-07-27T14:03:24-04:00,69686676774.58267
2026-01-28,CTAS,2026-07-27T14:03:24-04:00,76017102282.15973
2026-01-28,CTBI,2026-07-27T14:03:24-04:00,1089487087.662964
2026-01-28,CTMX,2026-07-27T14:03:24-04:00,999668846.6586185
2026-01-28,CTO,2026-07-27T14:03:24-04:00,572819797.7952576
2026-01-28,CTRE,2026-07-27T14:03:24-04:00,8154927861.658775
2026-01-28,CTS,2026-07-27T14:03:24-04:00,1486801529.7999992
2026-01-28,CTSH,2026-07-27T14:03:24-04:00,40683383125.86612
2026-01-28,CTVA,2026-07-27T14:03:24-04:00,49608257072.44873
2026-01-28,CUBE,2026-07-27T14:03:24-04:00,8497579606.564362
2026-01-28,CUBI,2026-07-27T14:03:24-04:00,2615970544.7703323
2026-01-28,CUZ,2026-07-27T14:03:24-04:00,4169577670.65271
2026-01-28,CVBF,2026-07-27T14:03:24-04:00,2624282911.3742523
2026-01-28,CVCO,2026-07-27T14:03:24-04:00,4878141377.188843
2026-01-28,CVI,2026-07-27T14:03:24-04:00,2210667849.000372
2026-01-28,CVLG,2026-07-27T14:03:24-04:00,636198311.6452599
2026-01-28,CVLT,2026-07-27T14:03:24-04:00,3994700383.159943
2026-01-28,CVNA,2026-07-27T14:03:24-04:00,17779617372.865494
2026-01-28,CVS,2026-07-27T14:03:24-04:00,93976085314.9498
2026-01-28,CVX,2026-07-27T14:03:24-04:00,342378751596.6802
2026-01-28,CW,2026-07-27T14:03:24-04:00,25035597798.48816
2026-01-28,CWEN,2026-07-27T14:03:24-04:00,7529437409.766975
2026-01-28,CWH,2026-07-27T14:03:24-04:00,870679024.592617
2026-01-28,CWK,2026-07-27T14:03:24-04:00,3828423337.470224
2026-01-28,CWST,2026-07-27T14:03:24-04:00,6628067218.486755
2026-01-28,CWT,2026-07-27T14:03:24-04:00,2599374230.769581
2026-01-28,CXM,2026-07-27T14:03:24-04:00,1620727955.8664818
2026-01-28,CXT,2026-07-27T14:03:24-04:00,2879141000.412369
2026-01-28,CXW,2026-07-27T14:03:24-04:00,1977397166.047768
2026-01-28,CYD,2026-07-27T14:03:24-04:00,1725842858.0
2026-01-28,CYRX,2026-07-27T14:03:24-04:00,489673867.7501602
2026-01-28,CYTK,2026-07-27T14:03:24-04:00,7964337400.43541
2026-01-28,CZR,2026-07-27T14:03:24-04:00,4426060092.736456
2026-01-28,D,2026-07-27T14:03:26-04:00,51841074264.889046
2026-01-28,DAKT,2026-07-27T14:03:26-04:00,1069039641.6866533
2026-01-28,DAL,2026-07-27T14:03:26-04:00,42984540213.05054
2026-01-28,DAN,2026-07-27T14:03:26-04:00,3405809174.330082
2026-01-28,DAR,2026-07-27T14:03:26-04:00,6963351402.051842
2026-01-28,DASH,2026-07-27T14:03:26-04:00,89070155514.90372
2026-01-28,DAVE,2026-07-27T14:03:26-04:00,2361728892.7377625
2026-01-28,DBI,2026-07-27T14:03:26-04:00,323130970.28079987
2026-01-28,DBX,2026-07-27T14:03:26-04:00,6859856788.712376
2026-01-28,DCI,2026-07-27T14:03:26-04:00,11785852276.0
2026-01-28,DCO,2026-07-27T14:03:26-04:00,1660805339.290558
2026-01-28,DCOM,2026-07-27T14:03:26-04:00,1458170194.481964
2026-01-28,DD,2026-07-27T14:03:26-04:00,56096605874.63776
2026-01-28,DDOG,2026-07-27T14:03:26-04:00,49290279623.31024
2026-01-28,DDS,2026-07-27T14:03:26-04:00,9426015658.239258
2026-01-28,DE,2026-07-27T14:03:26-04:00,142316803841.7915
2026-01-28,DEA,2026-07-27T14:03:26-04:00,1161799710.9698565
2026-01-28,DECK,2026-07-27T14:03:26-04:00,14481279503.497215
2026-01-28,DEI,2026-07-27T14:03:26-04:00,2100657388.073881
2026-01-28,DELL,2026-07-27T14:03:26-04:00,78627885382.35114
2026-01-28,DFH,2026-07-27T14:03:26-04:00,1711809464.4652405
2026-01-28,DFIN,2026-07-27T14:03:26-04:00,1428628639.707779
2026-01-28,DG,2026-07-27T14:03:26-04:00,31926039571.99113
2026-01-28,DGICA,2026-07-27T14:03:26-04:00,665410742.1689415
2026-01-28,DGII,2026-07-27T14:03:26-04:00,1687761064.1567688
2026-01-28,DGX,2026-07-27T14:03:26-04:00,20434616222.604507
2026-01-28,DHC,2026-07-27T14:03:26-04:00,1346337094.8642397
2026-01-28,DHI,2026-07-27T14:03:26-04:00,43714417088.44083
2026-01-28,DHR,2026-07-27T14:03:26-04:00,160782219435.66473
2026-01-28,DHT,2026-07-27T14:03:26-04:00,2222247769.487915
2026-01-28,DIN,2026-07-27T14:03:26-04:00,523665936.4165077
2026-01-28,DINO,2026-07-27T14:03:26-04:00,9498080116.838684
2026-01-28,DIOD,2026-07-27T14:03:26-04:00,2785635224.040203
2026-01-28,DIS,2026-07-27T14:03:26-04:00,195596241718.70465
2026-01-28,DK,2026-07-27T14:03:26-04:00,1724569513.2792645
2026-01-28,DKNG,2026-07-27T14:03:26-04:00,14992908358.707314
2026-01-28,DKS,2026-07-27T14:03:26-04:00,18504803927.12805
2026-01-28,DLB,2026-07-27T14:03:26-04:00,5844005339.132618
2026-01-28,DLR,2026-07-27T14:03:26-04:00,57075282279.78992
2026-01-28,DLTR,2026-07-27T14:03:26-04:00,24292569670.96977
2026-01-28,DLX,2026-07-27T14:03:26-04:00,1075683152.4309387
2026-01-28,DNLI,2026-07-27T14:03:26-04:00,3254340350.4278755
2026-01-28,DNOW,2026-07-27T14:03:26-04:00,2762643171.0072727
2026-01-28,DOC,2026-07-27T14:03:26-04:00,11918389199.34768
2026-01-28,DOCN,2026-07-27T14:03:26-04:00,5511486787.6465225
2026-01-28,DOCS,2026-07-27T14:03:26-04:00,7291746162.186253
2026-01-28,DOCU,2026-07-27T14:03:26-04:00,11258332109.659197
2026-01-28,DOMO,2026-07-27T14:03:26-04:00,262912513.08551407
2026-01-28,DORM,2026-07-27T14:03:26-04:00,3742701356.259064
2026-01-28,DOV,2026-07-27T14:03:26-04:00,28253563938.0
2026-01-28,DOW,2026-07-27T14:03:30-04:00,19745118637.80524
2026-01-28,DOX,2026-07-27T14:03:30-04:00,8999545406.433105
2026-01-28,DPZ,2026-07-27T14:03:30-04:00,13761873940.003784
2026-01-28,DRH,2026-07-27T14:03:30-04:00,1846129301.9697075
2026-01-28,DRI,2026-07-27T14:03:30-04:00,22855654429.5
2026-01-28,DRS,2026-07-27T14:03:30-04:00,11302271060.837952
2026-01-28,DRVN,2026-07-27T14:03:30-04:00,2516149566.767153
2026-01-28,DSGR,2026-07-27T14:03:30-04:00,1296628155.063057
2026-01-28,DT,2026-07-27T14:03:30-04:00,12256229197.362017
2026-01-28,DTE,2026-07-27T14:03:30-04:00,28361191611.6814
2026-01-28,DTM,2026-07-27T14:03:30-04:00,12639085368.522644
2026-01-28,DUK,2026-07-27T14:03:30-04:00,93505983912.4964
2026-01-28,DUOL,2026-07-27T14:03:30-04:00,6601266720.674698
2026-01-28,DV,2026-07-27T14:03:30-04:00,1795003361.323491
2026-01-28,DVA,2026-07-27T14:03:30-04:00,7570419803.619385
2026-01-28,DVN,2026-07-27T14:03:30-04:00,25284085162.35352
2026-01-28,DX,2026-07-27T14:03:30-04:00,2921931891.002246
2026-01-28,DXC,2026-07-27T14:03:30-04:00,2582950848.2960587
2026-01-28,DXCM,2026-07-27T14:03:30-04:00,28768510553.11258
2026-01-28,DXPE,2026-07-27T14:03:30-04:00,2014963435.1810915
2026-01-28,DY,2026-07-27T14:03:30-04:00,11087534436.152344
2026-01-28,EAF,2026-07-27T14:03:30-04:00,443331290.66991806
2026-01-28,EAT,2026-07-27T14:03:30-04:00,6959705647.121338
2026-01-28,EBAY,2026-07-27T14:03:30-04:00,43492689163.20801
2026-01-28,EBC,2026-07-27T14:03:30-04:00,4483249642.439232
2026-01-28,EBF,2026-07-27T14:03:30-04:00,486452662.2476311
2026-01-28,EBS,2026-07-27T14:03:30-04:00,624741383.035183
2026-01-28,ECL,2026-07-27T14:03:30-04:00,79829065307.96729
2026-01-28,ECPG,2026-07-27T14:03:30-04:00,1240564678.918682
2026-01-28,ECVT,2026-07-27T14:03:30-04:00,1227704733.5336113
2026-01-28,ED,2026-07-27T14:03:30-04:00,37963207359.588806
2026-01-28,EE,2026-07-27T14:03:30-04:00,4135903334.099236
2026-01-28,EEFT,2026-07-27T14:03:30-04:00,3040671317.0889816
2026-01-28,EFSC,2026-07-27T14:03:30-04:00,2076682126.579666
2026-01-28,EFX,2026-07-27T14:03:30-04:00,25296118260.98114
2026-01-28,EG,2026-07-27T14:03:30-04:00,13639090978.50824
2026-01-28,EGBN,2026-07-27T14:03:30-04:00,784792742.8742828
2026-01-28,EGP,2026-07-27T14:03:30-04:00,9472612797.753906
2026-01-28,EGY,2026-07-27T14:03:30-04:00,509822848.1400213
2026-01-28,EHC,2026-07-27T14:03:30-04:00,9639270032.215273
2026-01-28,EIG,2026-07-27T14:03:30-04:00,1026280939.3758392
2026-01-28,EIX,2026-07-27T14:03:30-04:00,23955916998.0
2026-01-28,EL,2026-07-27T14:03:30-04:00,41304491698.55896
2026-01-28,ELAN,2026-07-27T14:03:30-04:00,11984347385.74442
2026-01-28,ELF,2026-07-27T14:03:30-04:00,5067932744.83667
2026-01-28,ELS,2026-07-27T14:03:30-04:00,12562890223.699036
2026-01-28,ELV,2026-07-27T14:03:30-04:00,76977204938.6293
2026-01-28,EME,2026-07-27T14:03:30-04:00,32560450087.4834
2026-01-28,EMN,2026-07-27T14:03:30-04:00,7926881329.213715
2026-01-28,EMR,2026-07-27T14:03:30-04:00,83456875613.45412
2026-01-28,ENOV,2026-07-27T14:03:33-04:00,1227284063.901558
2026-01-28,ENPH,2026-07-27T14:03:33-04:00,5295892582.970856
2026-01-28,ENR,2026-07-27T14:03:33-04:00,1443411414.4847715
2026-01-28,ENS,2026-07-27T14:03:33-04:00,6782263828.675995
2026-01-28,ENSG,2026-07-27T14:03:33-04:00,9951477896.17241
2026-01-28,ENTA,2026-07-27T14:03:33-04:00,367084292.2303124
2026-01-28,ENTG,2026-07-27T14:03:33-04:00,18290540231.32324
2026-01-28,ENVA,2026-07-27T14:03:33-04:00,3946046995.293732
2026-01-28,ENVX,2026-07-27T14:03:33-04:00,1567169656.0841808
2026-01-28,EOG,2026-07-27T14:03:33-04:00,60616187211.45636
2026-01-28,EOLS,2026-07-27T14:03:33-04:00,311134975.56339264
2026-01-28,EPAC,2026-07-27T14:03:33-04:00,2087472993.243424
2026-01-28,EPAM,2026-07-27T14:03:33-04:00,12161420638.44696
2026-01-28,EPC,2026-07-27T14:03:33-04:00,877776903.2989578
2026-01-28,EPR,2026-07-27T14:03:33-04:00,3936455687.79047
2026-01-28,EPRT,2026-07-27T14:03:33-04:00,5859615741.031546
2026-01-28,EQBK,2026-07-27T14:03:33-04:00,956445778.654312
2026-01-28,EQH,2026-07-27T14:03:33-04:00,13811626768.412552
2026-01-28,EQIX,2026-07-27T14:03:33-04:00,80134569956.82104
2026-01-28,EQR,2026-07-27T14:03:33-04:00,23912820383.41942
2026-01-28,EQT,2026-07-27T14:03:33-04:00,34923002627.7661
2026-01-28,ERIE,2026-07-27T14:03:33-04:00,14302847803.739594
2026-01-28,ERII,2026-07-27T14:03:33-04:00,779356334.6064262
2026-01-28,ES,2026-07-27T14:03:33-04:00,26225721807.9932
2026-01-28,ESAB,2026-07-27T14:03:33-04:00,7139609508.962418
2026-01-28,ESE,2026-07-27T14:03:33-04:00,5771536462.910156
2026-01-28,ESI,2026-07-27T14:03:33-04:00,7233377281.754974
2026-01-28,ESNT,2026-07-27T14:03:33-04:00,6119931707.410233
2026-01-28,ESQ,2026-07-27T14:03:33-04:00,900061809.9638824
2026-01-28,ESRT,2026-07-27T14:03:33-04:00,1936336117.6954784
2026-01-28,ESS,2026-07-27T14:03:33-04:00,16954928211.467651
2026-01-28,ESTC,2026-07-27T14:03:33-04:00,7798271428.694023
2026-01-28,ETD,2026-07-27T14:03:33-04:00,614529101.2929916
2026-01-28,ETN,2026-07-27T14:03:33-04:00,135211678851.31836
2026-01-28,ETR,2026-07-27T14:03:33-04:00,43087670797.11615
2026-01-28,ETSY,2026-07-27T14:03:33-04:00,5668018867.815094
2026-01-28,EVCM,2026-07-27T14:03:33-04:00,2149965972.0628786
2026-01-28,EVEX,2026-07-27T14:03:33-04:00,1424565801.7070618
2026-01-28,EVR,2026-07-27T14:03:33-04:00,14047118248.77301
2026-01-28,EVRG,2026-07-27T14:03:33-04:00,17645914488.878906
2026-01-28,EVTC,2026-07-27T14:03:33-04:00,1838255722.640522
2026-01-28,EW,2026-07-27T14:03:33-04:00,48060006358.3374
2026-01-28,EWBC,2026-07-27T14:03:33-04:00,15694389920.362206
2026-01-28,EWTX,2026-07-27T14:03:33-04:00,3036306719.428482
2026-01-28,EXC,2026-07-27T14:03:33-04:00,45207029628.96986
2026-01-28,EXE,2026-07-27T14:03:33-04:00,26117689845.22348
2026-01-28,EXEL,2026-07-27T14:03:33-04:00,11484179547.442957
2026-01-28,EXLS,2026-07-27T14:03:33-04:00,6424992830.280396
2026-01-28,EXP,2026-07-27T14:03:33-04:00,7071350960.743561
2026-01-28,EXPD,2026-07-27T14:03:33-04:00,21724464490.43213
2026-01-28,EXPE,2026-07-27T14:03:36-04:00,32878654546.23999
2026-01-28,EXPO,2026-07-27T14:03:36-04:00,3711328303.2679367
2026-01-28,EXR,2026-07-27T14:03:36-04:00,30394857202.288788
2026-01-28,EXTR,2026-07-27T14:03:36-04:00,2008451615.791462
2026-01-28,EYE,2026-07-27T14:03:36-04:00,2040634891.0349653
2026-01-28,EYPT,2026-07-27T14:03:36-04:00,1245119785.6419182
2026-01-28,EZPW,2026-07-27T14:03:36-04:00,1277600926.3839607
2026-01-28,F,2026-07-27T14:03:36-04:00,55065768966.14754
2026-01-28,FA,2026-07-27T14:03:36-04:00,2247824081.212166
2026-01-28,FAF,2026-07-27T14:03:36-04:00,6502239139.9383545
2026-01-28,FANG,2026-07-27T14:03:36-04:00,46395941849.488144
2026-01-28,FAST,2026-07-27T14:03:36-04:00,50078265746.00232
2026-01-28,FBIN,2026-07-27T14:03:36-04:00,6593193215.36161
2026-01-28,FBK,2026-07-27T14:03:36-04:00,3051638627.53273
2026-01-28,FBNC,2026-07-27T14:03:36-04:00,2355281661.9637794
2026-01-28,FBP,2026-07-27T14:03:36-04:00,3455659764.5740585
2026-01-28,FBRX,2026-07-27T14:03:36-04:00,373929014.52864647
2026-01-28,FCBC,2026-07-27T14:03:36-04:00,615014577.0155945
2026-01-28,FCF,2026-07-27T14:03:36-04:00,1839882990.278389
2026-01-28,FCFS,2026-07-27T14:03:36-04:00,7367623966.625793
2026-01-28,FCN,2026-07-27T14:03:36-04:00,5799878747.788742
2026-01-28,FCNCA,2026-07-27T14:03:36-04:00,24264881712.423096
2026-01-28,FCPT,2026-07-27T14:03:36-04:00,2539603471.813908
2026-01-28,FCX,2026-07-27T14:03:36-04:00,91368269429.5394
2026-01-28,FDS,2026-07-27T14:03:36-04:00,10098143380.816406
2026-01-28,FDX,2026-07-27T14:03:36-04:00,59825452941.00891
2026-01-28,FE,2026-07-27T14:03:36-04:00,27387123874.40523
2026-01-28,FELE,2026-07-27T14:03:36-04:00,4369139161.961884
2026-01-28,FERG,2026-07-27T14:03:36-04:00,50542656156.23007
2026-01-28,FET,2026-07-27T14:03:36-04:00,518982859.0370407
2026-01-28,FFBC,2026-07-27T14:03:36-04:00,2842694356.535427
2026-01-28,FFIN,2026-07-27T14:03:36-04:00,4485215102.256966
2026-01-28,FFIV,2026-07-27T14:03:36-04:00,16979593755.398254
2026-01-28,FG,2026-07-27T14:03:36-04:00,3840183894.67733
2026-01-28,FHB,2026-07-27T14:03:36-04:00,3366189991.964981
2026-01-28,FHI,2026-07-27T14:03:36-04:00,4103703080.225273
2026-01-28,FHN,2026-07-27T14:03:36-04:00,11915937740.86689
2026-01-28,FIBK,2026-07-27T14:03:36-04:00,3774770204.288482
2026-01-28,FICO,2026-07-27T14:03:36-04:00,36621658904.36816
2026-01-28,FIS,2026-07-27T14:03:36-04:00,29352451524.2522
2026-01-28,FISI,2026-07-27T14:03:36-04:00,643573541.797451
2026-01-28,FISV,2026-07-27T14:03:36-04:00,35306375447.03526
2026-01-28,FITB,2026-07-27T14:03:36-04:00,32854927711.982727
2026-01-28,FIVE,2026-07-27T14:03:36-04:00,10227226599.70436
2026-01-28,FIVN,2026-07-27T14:03:36-04:00,1429007305.8444672
2026-01-28,FIX,2026-07-27T14:03:36-04:00,41245784352.3772
2026-01-28,FIZZ,2026-07-27T14:03:36-04:00,3104840488.032875
2026-01-28,FLEX,2026-07-27T14:03:36-04:00,24782097258.7828
2026-01-28,FLG,2026-07-27T14:03:36-04:00,5379880873.921891
2026-01-28,FLO,2026-07-27T14:03:36-04:00,2339854716.88838
2026-01-28,FLR,2026-07-27T14:03:39-04:00,7562659124.815796
2026-01-28,FLS,2026-07-27T14:03:39-04:00,10057154609.357864
2026-01-28,FLYW,2026-07-27T14:03:39-04:00,1614496385.4711552
2026-01-28,FMBH,2026-07-27T14:03:39-04:00,1009593720.2040024
2026-01-28,FMC,2026-07-27T14:03:39-04:00,2001219530.5238688
2026-01-28,FN,2026-07-27T14:03:39-04:00,17949432210.0
2026-01-28,FNB,2026-07-27T14:03:39-04:00,6170693161.148083
2026-01-28,FND,2026-07-27T14:03:39-04:00,7469654690.75544
2026-01-28,FNF,2026-07-27T14:03:39-04:00,14739010710.554604
2026-01-28,FOR,2026-07-27T14:03:39-04:00,1281462589.9310305
2026-01-28,FORM,2026-07-27T14:03:39-04:00,5623865623.913406
2026-01-28,FOUR,2026-07-27T14:03:39-04:00,5315381494.793335
2026-01-28,FOXA,2026-07-27T14:03:39-04:00,31582084900.978867
2026-01-28,FOXF,2026-07-27T14:03:39-04:00,787119549.1208096
2026-01-28,FPI,2026-07-27T14:03:39-04:00,491801524.3334522
2026-01-28,FR,2026-07-27T14:03:39-04:00,7763026806.537163
2026-01-28,FRME,2026-07-27T14:03:39-04:00,2189255330.353592
2026-01-28,FRPT,2026-07-27T14:03:39-04:00,3489796095.5
2026-01-28,FRSH,2026-07-27T14:03:39-04:00,3322286783.828783
2026-01-28,FRT,2026-07-27T14:03:39-04:00,8664299910.670975
2026-01-28,FSK,2026-07-27T14:03:39-04:00,3890122864.4131794
2026-01-28,FSLR,2026-07-27T14:03:39-04:00,26763723839.78415
2026-01-28,FSS,2026-07-27T14:03:39-04:00,6626310709.91922
2026-01-28,FTAI,2026-07-27T14:03:39-04:00,28275252881.13327
2026-01-28,FTDR,2026-07-27T14:03:39-04:00,4357122893.473431
2026-01-28,FTI,2026-07-27T14:03:39-04:00,22708660133.25
2026-01-28,FTK,2026-07-27T14:03:39-04:00,512786444.3273907
2026-01-28,FTNT,2026-07-27T14:03:39-04:00,62895117391.71501
2026-01-28,FTV,2026-07-27T14:03:39-04:00,17864158757.869854
2026-01-28,FUL,2026-07-27T14:03:39-04:00,3238611618.6712418
2026-01-28,FULT,2026-07-27T14:03:39-04:00,3633881722.8490906
2026-01-28,FUN,2026-07-27T14:03:39-04:00,1770727467.4687843
2026-01-28,FWONK,2026-07-27T14:03:39-04:00,22012274177.86801
2026-01-28,FWRD,2026-07-27T14:03:39-04:00,856826578.664051
2026-01-28,G,2026-07-27T14:03:39-04:00,7803813790.547974
2026-01-28,GABC,2026-07-27T14:03:39-04:00,1525324233.1627731
2026-01-28,GAP,2026-07-27T14:03:39-04:00,10034448374.94774
2026-01-28,GATX,2026-07-27T14:03:39-04:00,6424682497.599365
2026-01-28,GBCI,2026-07-27T14:03:39-04:00,6363414900.527344
2026-01-28,GBTG,2026-07-27T14:03:39-04:00,3626210767.214976
2026-01-28,GBX,2026-07-27T14:03:39-04:00,1540205786.4754562
2026-01-28,GCMG,2026-07-27T14:03:39-04:00,597132004.6113586
2026-01-28,GCO,2026-07-27T14:03:39-04:00,331635448.5873699
2026-01-28,GD,2026-07-27T14:03:39-04:00,96346557274.1388
2026-01-28,GDDY,2026-07-27T14:03:39-04:00,14308705799.043564
2026-01-28,GE,2026-07-27T14:03:39-04:00,308511984277.81177
2026-01-28,GEF,2026-07-27T14:03:39-04:00,4201577757.85334
2026-01-28,GEHC,2026-07-27T14:03:39-04:00,36187108027.94173
2026-01-28,GEN,2026-07-27T14:03:39-04:00,15288392857.15046
2026-01-28,GEO,2026-07-27T14:03:39-04:00,2271630478.817657
2026-01-28,GFF,2026-07-27T14:03:42-04:00,3790610869.543839
2026-01-28,GFS,2026-07-27T14:03:42-04:00,25444665780.691795
2026-01-28,GGG,2026-07-27T14:03:42-04:00,14395903569.518097
2026-01-28,GH,2026-07-27T14:03:42-04:00,14251120652.309809
2026-01-28,GHC,2026-07-27T14:03:42-04:00,4986554624.300171
2026-01-28,GHM,2026-07-27T14:03:42-04:00,760586189.2930298
2026-01-28,GIC,2026-07-27T14:03:42-04:00,1155974185.771717
2026-01-28,GIII,2026-07-27T14:03:42-04:00,1187521248.1913643
2026-01-28,GILD,2026-07-27T14:03:42-04:00,173365543957.89688
2026-01-28,GIS,2026-07-27T14:03:42-04:00,23664364478.16836
2026-01-28,GKOS,2026-07-27T14:03:42-04:00,7118461815.821533
2026-01-28,GL,2026-07-27T14:03:42-04:00,11223040160.003174
2026-01-28,GLNG,2026-07-27T14:03:42-04:00,4186645257.507324
2026-01-28,GLOB,2026-07-27T14:03:42-04:00,3072746133.0
2026-01-28,GLPI,2026-07-27T14:03:42-04:00,12673113209.290833
2026-01-28,GLW,2026-07-27T14:03:42-04:00,89405541048.29749
2026-01-28,GM,2026-07-27T14:03:42-04:00,79199926133.03339
2026-01-28,GME,2026-07-27T14:03:42-04:00,10590943833.756714
2026-01-28,GMED,2026-07-27T14:03:42-04:00,12402307239.307203
2026-01-28,GNL,2026-07-27T14:03:42-04:00,2074891962.1434288
2026-01-28,GNRC,2026-07-27T14:03:42-04:00,10221003667.766266
2026-01-28,GNTX,2026-07-27T14:03:42-04:00,5173364101.077164
2026-01-28,GNW,2026-07-27T14:03:42-04:00,3353245198.5636234
2026-01-28,GO,2026-07-27T14:03:42-04:00,927396804.7818089
2026-01-28,GOGO,2026-07-27T14:03:42-04:00,607698707.5738621
2026-01-28,GOLF,2026-07-27T14:03:42-04:00,5554054647.622017
2026-01-28,GOOD,2026-07-27T14:03:42-04:00,549796005.9556942
2026-01-28,GOOG,2026-07-27T14:03:42-04:00,4059516083352.516
2026-01-28,GPC,2026-07-27T14:03:42-04:00,19478252804.344177
2026-01-28,GPI,2026-07-27T14:03:42-04:00,5006902931.224701
2026-01-28,GPK,2026-07-27T14:03:42-04:00,4396331005.483967
2026-01-28,GPN,2026-07-27T14:03:42-04:00,20163647219.739647
2026-01-28,GPOR,2026-07-27T14:03:42-04:00,3839797257.239898
2026-01-28,GPRE,2026-07-27T14:03:42-04:00,833132072.3719635
2026-01-28,GPRO,2026-07-27T14:03:42-04:00,194868500.0698626
2026-01-28,GRBK,2026-07-27T14:03:42-04:00,3022982193.0199738
2026-01-28,GRC,2026-07-27T14:03:42-04:00,1387739331.2452316
2026-01-28,GRMN,2026-07-27T14:03:42-04:00,39361161051.17714
2026-01-28,GRND,2026-07-27T14:03:42-04:00,2230780329.129901
2026-01-28,GRPN,2026-07-27T14:03:42-04:00,631291889.1419659
2026-01-28,GS,2026-07-27T14:03:42-04:00,283592146394.26483
2026-01-28,GSAT,2026-07-27T14:03:42-04:00,8567935252.780121
2026-01-28,GSBC,2026-07-27T14:03:42-04:00,665649274.6508064
2026-01-28,GSHD,2026-07-27T14:03:42-04:00,2351510723.013626
2026-01-28,GSIT,2026-07-27T14:03:42-04:00,276647365.1890893
2026-01-28,GSM,2026-07-27T14:03:42-04:00,918758079.6846336
2026-01-28,GT,2026-07-27T14:03:42-04:00,2704220535.469138
2026-01-28,GTES,2026-07-27T14:03:42-04:00,5930117540.89724
2026-01-28,GTLB,2026-07-27T14:03:42-04:00,6268689743.041992
2026-01-28,GTM,2026-07-27T14:03:42-04:00,2776867322.464199
2026-01-28,GTN,2026-07-27T14:03:45-04:00,471291653.8703919
2026-01-28,GTX,2026-07-27T14:03:45-04:00,3656578703.228104
2026-01-28,GTY,2026-07-27T14:03:45-04:00,1663008090.3453293
2026-01-28,GVA,2026-07-27T14:03:45-04:00,5238137841.647728
2026-01-28,GWRE,2026-07-27T14:03:45-04:00,13831769951.006348
2026-01-28,GWW,2026-07-27T14:03:45-04:00,51180979869.55176
2026-01-28,GXO,2026-07-27T14:03:45-04:00,6590234044.752609
2026-01-28,H,2026-07-27T14:03:45-04:00,15101906368.076475
2026-01-28,HAE,2026-07-27T14:03:45-04:00,3182589479.799744
2026-01-28,HAFC,2026-07-27T14:03:45-04:00,746221776.8906021
2026-01-28,HAIN,2026-07-27T14:03:45-04:00,115926036.44885112
2026-01-28,HAL,2026-07-27T14:03:45-04:00,28442806676.467026
2026-01-28,HALO,2026-07-27T14:03:45-04:00,8564589725.326538
2026-01-28,HAS,2026-07-27T14:03:45-04:00,12613491241.792854
2026-01-28,HASI,2026-07-27T14:03:45-04:00,4364861492.372894
2026-01-28,HAYW,2026-07-27T14:03:45-04:00,3534870630.246479
2026-01-28,HBAN,2026-07-27T14:03:45-04:00,26866140932.08438
2026-01-28,HBNC,2026-07-27T14:03:45-04:00,883500736.5
2026-01-28,HCA,2026-07-27T14:03:45-04:00,114944629575.72935
2026-01-28,HCC,2026-07-27T14:03:45-04:00,4736045161.522339
2026-01-28,HCI,2026-07-27T14:03:45-04:00,2015285753.5
2026-01-28,HCKT,2026-07-27T14:03:45-04:00,505447079.3109131
2026-01-28,HCSG,2026-07-27T14:03:45-04:00,1343255993.5034752
2026-01-28,HD,2026-07-27T14:03:45-04:00,373615448168.2602
2026-01-28,HE,2026-07-27T14:03:45-04:00,2727403553.724743
2026-01-28,HEI,2026-07-27T14:03:45-04:00,46142349533.5741
2026-01-28,HELE,2026-07-27T14:03:45-04:00,399378090.6081677
2026-01-28,HFWA,2026-07-27T14:03:45-04:00,855880225.9120941
2026-01-28,HGV,2026-07-27T14:03:45-04:00,3887683473.241821
2026-01-28,HHH,2026-07-27T14:03:45-04:00,4769733055.771103
2026-01-28,HIFS,2026-07-27T14:03:45-04:00,656529925.819397
2026-01-28,HIG,2026-07-27T14:03:45-04:00,36443900775.62831
2026-01-28,HII,2026-07-27T14:03:45-04:00,16692914184.085691
2026-01-28,HIMS,2026-07-27T14:03:45-04:00,6526682913.748203
2026-01-28,HIW,2026-07-27T14:03:45-04:00,2853787066.3947773
2026-01-28,HL,2026-07-27T14:03:45-04:00,18219983195.1713
2026-01-28,HLF,2026-07-27T14:03:45-04:00,1703593749.1540527
2026-01-28,HLI,2026-07-27T14:03:45-04:00,12693343855.140472
2026-01-28,HLIO,2026-07-27T14:03:45-04:00,2123503489.1274872
2026-01-28,HLIT,2026-07-27T14:03:45-04:00,1142145616.6204183
2026-01-28,HLMN,2026-07-27T14:03:45-04:00,1847926838.4933813
2026-01-28,HLNE,2026-07-27T14:03:45-04:00,8345496813.731384
2026-01-28,HLT,2026-07-27T14:03:45-04:00,69690260377.2265
2026-01-28,HLX,2026-07-27T14:03:45-04:00,1111931724.1039624
2026-01-28,HMN,2026-07-27T14:03:45-04:00,1756834589.5838928
2026-01-28,HNI,2026-07-27T14:03:45-04:00,3360195183.875793
2026-01-28,HNRG,2026-07-27T14:03:45-04:00,856224159.6624069
2026-01-28,HOG,2026-07-27T14:03:45-04:00,2416470297.5487995
2026-01-28,HOMB,2026-07-27T14:03:45-04:00,5560717472.899132
2026-01-28,HON,2026-07-27T14:03:45-04:00,153106584715.21317
2026-01-28,HOOD,2026-07-27T14:03:48-04:00,92976130426.65332
2026-01-28,HOPE,2026-07-27T14:03:48-04:00,1507651492.1430302
2026-01-28,HOV,2026-07-27T14:03:48-04:00,670985758.7064514
2026-01-28,HP,2026-07-27T14:03:48-04:00,3365149707.7697525
2026-01-28,HPE,2026-07-27T14:03:48-04:00,28972713920.60839
2026-01-28,HPP,2026-07-27T14:03:48-04:00,3850783089.956045
2026-01-28,HPQ,2026-07-27T14:03:48-04:00,17806069567.47908
2026-01-28,HQY,2026-07-27T14:03:48-04:00,7164482781.249084
2026-01-28,HR,2026-07-27T14:03:48-04:00,5813613834.069294
2026-01-28,HRB,2026-07-27T14:03:48-04:00,4993242256.5445175
2026-01-28,HRI,2026-07-27T14:03:48-04:00,5221348996.384888
2026-01-28,HRL,2026-07-27T14:03:48-04:00,13532639666.84928
2026-01-28,HRMY,2026-07-27T14:03:48-04:00,2121849837.5085068
2026-01-28,HRTG,2026-07-27T14:03:48-04:00,797771879.1019249
2026-01-28,HSIC,2026-07-27T14:03:48-04:00,9104831618.96907
2026-01-28,HST,2026-07-27T14:03:48-04:00,12844870644.771976
2026-01-28,HSTM,2026-07-27T14:03:48-04:00,644985291.5895023
2026-01-28,HSY,2026-07-27T14:03:48-04:00,38934743424.0
2026-01-28,HTB,2026-07-27T14:03:48-04:00,732300455.3747559
2026-01-28,HTH,2026-07-27T14:03:48-04:00,2294523983.840332
2026-01-28,HTLD,2026-07-27T14:03:48-04:00,778347761.6219454
2026-01-28,HTO,2026-07-27T14:03:48-04:00,1835368802.042347
2026-01-28,HTZ,2026-07-27T14:03:48-04:00,1617167194.779489
2026-01-28,HUBB,2026-07-27T14:03:48-04:00,25814000972.825684
2026-01-28,HUBG,2026-07-27T14:03:48-04:00,2909766610.199066
2026-01-28,HUBS,2026-07-27T14:03:48-04:00,16709511340.228271
2026-01-28,HUM,2026-07-27T14:03:48-04:00,23334177262.000305
2026-01-28,HUN,2026-07-27T14:03:48-04:00,1982511674.0975304
2026-01-28,HURN,2026-07-27T14:03:48-04:00,2928671608.4865723
2026-01-28,HWC,2026-07-27T14:03:48-04:00,5626327123.2201
2026-01-28,HWKN,2026-07-27T14:03:48-04:00,3211874246.25
2026-01-28,HWM,2026-07-27T14:03:48-04:00,84863098526.00098
2026-01-28,HXL,2026-07-27T14:03:48-04:00,6386779618.481636
2026-01-28,HY,2026-07-27T14:03:48-04:00,557373150.8319244
2026-01-28,HZO,2026-07-27T14:03:48-04:00,587415266.8280945
2026-01-28,IART,2026-07-27T14:03:48-04:00,847669414.9961824
2026-01-28,IBCP,2026-07-27T14:03:48-04:00,706009414.2586098
2026-01-28,IBKR,2026-07-27T14:03:48-04:00,128260281677.05235
2026-01-28,IBM,2026-07-27T14:03:48-04:00,274961711620.06256
2026-01-28,IBOC,2026-07-27T14:03:48-04:00,4259469328.55996
2026-01-28,IBP,2026-07-27T14:03:48-04:00,7929675713.217682
2026-01-28,IBRX,2026-07-27T14:03:48-04:00,6057535944.7836
2026-01-28,ICE,2026-07-27T14:03:48-04:00,98708638864.6773
2026-01-28,ICFI,2026-07-27T14:03:48-04:00,1703664543.6343994
2026-01-28,ICHR,2026-07-27T14:03:48-04:00,1061785024.423605
2026-01-28,ICLR,2026-07-27T14:03:48-04:00,14490503831.220093
2026-01-28,ICUI,2026-07-27T14:03:48-04:00,3685224574.664917
2026-01-28,IDA,2026-07-27T14:03:48-04:00,7152885726.265869
2026-01-28,IDCC,2026-07-27T14:03:48-04:00,8564320009.58725
2026-01-28,IDT,2026-07-27T14:03:48-04:00,1195497192.6117785
2026-01-28,IDXX,2026-07-27T14:03:52-04:00,55022427470.26416
2026-01-28,IDYA,2026-07-27T14:03:52-04:00,2949974762.9683228
2026-01-28,IESC,2026-07-27T14:03:52-04:00,9466356444.99887
2026-01-28,IEX,2026-07-27T14:03:52-04:00,14786422314.48288
2026-01-28,IFF,2026-07-27T14:03:52-04:00,18493676775.67133
2026-01-28,IIIN,2026-07-27T14:03:52-04:00,622235905.9158325
2026-01-28,IIIV,2026-07-27T14:03:52-04:00,889433794.4178276
2026-01-28,IIPR,2026-07-27T14:03:52-04:00,1341179600.6038666
2026-01-28,ILMN,2026-07-27T14:03:52-04:00,23033482093.811035
2026-01-28,IMAX,2026-07-27T14:03:52-04:00,1856601122.040276
2026-01-28,IMKTA,2026-07-27T14:03:52-04:00,1355818506.7103882
2026-01-28,IMVT,2026-07-27T14:03:52-04:00,5250478186.019926
2026-01-28,INCY,2026-07-27T14:03:52-04:00,19863931149.45293
2026-01-28,INDB,2026-07-27T14:03:52-04:00,3943871582.047806
2026-01-28,INGR,2026-07-27T14:03:52-04:00,7473864444.635468
2026-01-28,INN,2026-07-27T14:03:52-04:00,485287185.25072575
2026-01-28,INSM,2026-07-27T14:03:52-04:00,33247200952.238205
2026-01-28,INSP,2026-07-27T14:03:52-04:00,2425389800.347557
2026-01-28,INSW,2026-07-27T14:03:52-04:00,2946877711.9229927
2026-01-28,INTA,2026-07-27T14:03:52-04:00,2990316556.5
2026-01-28,INTC,2026-07-27T14:03:52-04:00,243664801912.85
2026-01-28,INTU,2026-07-27T14:03:52-04:00,149974083398.4375
2026-01-28,INVA,2026-07-27T14:03:52-04:00,1461735105.0557327
2026-01-28,INVH,2026-07-27T14:03:52-04:00,16067269076.452888
2026-01-28,INVX,2026-07-27T14:03:52-04:00,1734223211.0424538
2026-01-28,IONQ,2026-07-27T14:03:52-04:00,16226004997.506124
2026-01-28,IONS,2026-07-27T14:03:52-04:00,13268941977.976028
2026-01-28,IOSP,2026-07-27T14:03:52-04:00,1968276393.9093552
2026-01-28,IP,2026-07-27T14:03:52-04:00,21908310658.624783
2026-01-28,IPAR,2026-07-27T14:03:52-04:00,3053844626.222351
2026-01-28,IPGP,2026-07-27T14:03:52-04:00,3902809322.995972
2026-01-28,IPI,2026-07-27T14:03:52-04:00,448325251.2848511
2026-01-28,IQV,2026-07-27T14:03:52-04:00,40831127064.51416
2026-01-28,IR,2026-07-27T14:03:52-04:00,33882826989.0
2026-01-28,IRDM,2026-07-27T14:03:52-04:00,2248554000.2809467
2026-01-28,IRM,2026-07-27T14:03:52-04:00,27265174018.392723
2026-01-28,IRON,2026-07-27T14:03:52-04:00,3020390542.2630463
2026-01-28,IRT,2026-07-27T14:03:52-04:00,4028698165.873289
2026-01-28,IRTC,2026-07-27T14:03:52-04:00,4892315808.165009
2026-01-28,IRWD,2026-07-27T14:03:52-04:00,779230712.9243021
2026-01-28,ISRG,2026-07-27T14:03:52-04:00,187139067837.5989
2026-01-28,IT,2026-07-27T14:03:52-04:00,17114774630.521774
2026-01-28,ITGR,2026-07-27T14:03:52-04:00,3009800846.864395
2026-01-28,ITIC,2026-07-27T14:03:52-04:00,474441736.4208374
2026-01-28,ITRI,2026-07-27T14:03:52-04:00,4543953974.977592
2026-01-28,ITRN,2026-07-27T14:03:52-04:00,896404742.1196747
2026-01-28,ITT,2026-07-27T14:03:52-04:00,15551732530.5
2026-01-28,ITW,2026-07-27T14:03:52-04:00,75279875000.0
2026-01-28,IVR,2026-07-27T14:03:52-04:00,634962855.868206
2026-01-28,IVT,2026-07-27T14:03:52-04:00,2216809451.346779
2026-01-28,IVZ,2026-07-27T14:03:55-04:00,12266760086.294746
2026-01-28,J,2026-07-27T14:03:55-04:00,16233010083.006315
2026-01-28,JACK,2026-07-27T14:03:55-04:00,397536645.34781456
2026-01-28,JANX,2026-07-27T14:03:55-04:00,839061896.1777163
2026-01-28,JAZZ,2026-07-27T14:03:55-04:00,10051158060.0885
2026-01-28,JBGS,2026-07-27T14:03:55-04:00,1053497682.2379836
2026-01-28,JBHT,2026-07-27T14:03:55-04:00,19525474003.353333
2026-01-28,JBL,2026-07-27T14:03:55-04:00,26024208993.60352
2026-01-28,JBLU,2026-07-27T14:03:55-04:00,1833102014.925537
2026-01-28,JBSS,2026-07-27T14:03:55-04:00,863305355.1529083
2026-01-28,JBTM,2026-07-27T14:03:55-04:00,8182892362.795959
2026-01-28,JCI,2026-07-27T14:03:55-04:00,71452607580.92552
2026-01-28,JJSF,2026-07-27T14:03:55-04:00,1811099830.4124296
2026-01-28,JKHY,2026-07-27T14:03:55-04:00,13065929074.974731
2026-01-28,JLL,2026-07-27T14:03:55-04:00,16885249060.116331
2026-01-28,JNJ,2026-07-27T14:03:55-04:00,548644683568.47406
2026-01-28,JOBY,2026-07-27T14:03:55-04:00,12190540918.664696
2026-01-28,JOE,2026-07-27T14:03:55-04:00,3743766252.760925
2026-01-28,JPM,2026-07-27T14:03:55-04:00,818774800860.2532
2026-01-28,JXN,2026-07-27T14:03:55-04:00,8078176332.655319
2026-01-28,KAI,2026-07-27T14:03:55-04:00,3724953090.1208496
2026-01-28,KALU,2026-07-27T14:03:55-04:00,1998393264.483948
2026-01-28,KBH,2026-07-27T14:03:55-04:00,3753113603.111534
2026-01-28,KBR,2026-07-27T14:03:55-04:00,5560804990.100327
2026-01-28,KD,2026-07-27T14:03:55-04:00,5478112241.648853
2026-01-28,KDP,2026-07-27T14:03:55-04:00,36287754024.93
2026-01-28,KE,2026-07-27T14:03:55-04:00,708450203.9439888
2026-01-28,KELYA,2026-07-27T14:03:55-04:00,351269704.81116295
2026-01-28,KEX,2026-07-27T14:03:55-04:00,7149654272.4609375
2026-01-28,KEY,2026-07-27T14:03:55-04:00,23492164721.25435
2026-01-28,KEYS,2026-07-27T14:03:55-04:00,38057493852.0
2026-01-28,KFRC,2026-07-27T14:03:55-04:00,605025447.2961426
2026-01-28,KFY,2026-07-27T14:03:55-04:00,3476141841.1577
2026-01-28,KHC,2026-07-27T14:03:55-04:00,27448973509.15028
2026-01-28,KIDS,2026-07-27T14:03:55-04:00,434339347.9470062
2026-01-28,KIM,2026-07-27T14:03:55-04:00,13868955809.044674
2026-01-28,KKR,2026-07-27T14:03:55-04:00,108119905795.72142
2026-01-28,KLAC,2026-07-27T14:03:55-04:00,21427707045.06772
2026-01-28,KLIC,2026-07-27T14:03:55-04:00,3054857427.98996
2026-01-28,KMB,2026-07-27T14:03:55-04:00,33036641070.497223
2026-01-28,KMI,2026-07-27T14:03:55-04:00,66898544248.35701
2026-01-28,KMPR,2026-07-27T14:03:55-04:00,2408068040.1765213
2026-01-28,KMT,2026-07-27T14:03:55-04:00,2614049013.6439133
2026-01-28,KMX,2026-07-27T14:03:55-04:00,6895843084.839348
2026-01-28,KN,2026-07-27T14:03:55-04:00,2088786551.7091827
2026-01-28,KNF,2026-07-27T14:03:55-04:00,3906427673.440247
2026-01-28,KNSA,2026-07-27T14:03:55-04:00,3280440356.99588
2026-01-28,KNSL,2026-07-27T14:03:55-04:00,9080942162.200928
2026-01-28,KNX,2026-07-27T14:03:55-04:00,9021178180.458069
2026-01-28,KO,2026-07-27T14:03:55-04:00,314425918924.1199
2026-01-28,KODK,2026-07-27T14:03:58-04:00,712395987.1292114
2026-01-28,KOP,2026-07-27T14:03:58-04:00,576482034.2074738
2026-01-28,KR,2026-07-27T14:03:58-04:00,40966766925.42666
2026-01-28,KRC,2026-07-27T14:03:58-04:00,4100934173.810974
2026-01-28,KREF,2026-07-27T14:03:58-04:00,551679483.7465439
2026-01-28,KRG,2026-07-27T14:03:58-04:00,5096372564.335373
2026-01-28,KRNT,2026-07-27T14:03:58-04:00,595806349.2737198
2026-01-28,KRNY,2026-07-27T14:03:58-04:00,477527161.20782375
2026-01-28,KRO,2026-07-27T14:03:58-04:00,623587902.9178562
2026-01-28,KRYS,2026-07-27T14:03:58-04:00,7913713016.482086
2026-01-28,KSS,2026-07-27T14:03:58-04:00,1931897791.985796
2026-01-28,KTB,2026-07-27T14:03:58-04:00,3195520792.311264
2026-01-28,KTOS,2026-07-27T14:03:58-04:00,19023282261.20343
2026-01-28,KURA,2026-07-27T14:03:58-04:00,699620841.4005451
2026-01-28,KWR,2026-07-27T14:03:58-04:00,2631110125.6484985
2026-01-28,KYMR,2026-07-27T14:03:58-04:00,5692731125.44519
2026-01-28,L,2026-07-27T14:03:58-04:00,21325507163.537903
2026-01-28,LAB,2026-07-27T14:03:58-04:00,549928521.8487413
2026-01-28,LAD,2026-07-27T14:03:58-04:00,7987232262.69165
2026-01-28,LADR,2026-07-27T14:03:58-04:00,1412267604.3554993
2026-01-28,LAMR,2026-07-27T14:03:58-04:00,12875169222.023666
2026-01-28,LAND,2026-07-27T14:03:58-04:00,363351621.75
2026-01-28,LASR,2026-07-27T14:03:58-04:00,2335140578.612011
2026-01-28,LAUR,2026-07-27T14:03:58-04:00,5035603995.699005
2026-01-28,LAZ,2026-07-27T14:03:58-04:00,4991521852.448822
2026-01-28,LBRT,2026-07-27T14:03:58-04:00,3530879430.029022
2026-01-28,LBTYK,2026-07-27T14:03:58-04:00,3652085456.089829
2026-01-28,LCID,2026-07-27T14:03:58-04:00,3536677816.405819
2026-01-28,LCII,2026-07-27T14:03:58-04:00,3583790090.630432
2026-01-28,LDOS,2026-07-27T14:03:58-04:00,24090390765.555344
2026-01-28,LE,2026-07-27T14:03:58-04:00,536476737.7639694
2026-01-28,LEA,2026-07-27T14:03:58-04:00,6349083294.443268
2026-01-28,LECO,2026-07-27T14:03:58-04:00,14175692281.77588
2026-01-28,LEN,2026-07-27T14:03:58-04:00,27361911665.818657
2026-01-28,LEVI,2026-07-27T14:03:58-04:00,8099046135.595655
2026-01-28,LFST,2026-07-27T14:03:58-04:00,2761901958.0020423
2026-01-28,LFUS,2026-07-27T14:03:58-04:00,7825355139.75
2026-01-28,LGIH,2026-07-27T14:03:58-04:00,1151185532.6511383
2026-01-28,LGND,2026-07-27T14:03:58-04:00,3743856802.425537
2026-01-28,LH,2026-07-27T14:03:58-04:00,22274124710.083008
2026-01-28,LHX,2026-07-27T14:03:58-04:00,67410253795.82794
2026-01-28,LII,2026-07-27T14:03:58-04:00,17122735401.679443
2026-01-28,LILAK,2026-07-27T14:03:58-04:00,1001331080.0
2026-01-28,LIN,2026-07-27T14:03:58-04:00,211712653698.0
2026-01-28,LIND,2026-07-27T14:03:58-04:00,899708053.6397762
2026-01-28,LITE,2026-07-27T14:03:58-04:00,27301347150.0
2026-01-28,LIVN,2026-07-27T14:03:58-04:00,3489839222.237858
2026-01-28,LKFN,2026-07-27T14:03:58-04:00,1483985276.5576286
2026-01-28,LKQ,2026-07-27T14:03:58-04:00,8380039184.920349
2026-01-28,LLY,2026-07-27T14:03:58-04:00,917792418921.1244
2026-01-28,LMAT,2026-07-27T14:04:01-04:00,1929670594.2542725
2026-01-28,LMB,2026-07-27T14:04:01-04:00,950143254.2728882
2026-01-28,LMND,2026-07-27T14:04:01-04:00,6879738163.171204
2026-01-28,LMT,2026-07-27T14:04:01-04:00,139441678556.98438
2026-01-28,LNC,2026-07-27T14:04:01-04:00,7770406506.517601
2026-01-28,LNG,2026-07-27T14:04:01-04:00,45720554880.66614
2026-01-28,LNN,2026-07-27T14:04:01-04:00,1309062769.4110107
2026-01-28,LNT,2026-07-27T14:04:01-04:00,17032377982.265924
2026-01-28,LNTH,2026-07-27T14:04:01-04:00,4508691854.18866
2026-01-28,LOB,2026-07-27T14:04:01-04:00,1763501383.835884
2026-01-28,LOPE,2026-07-27T14:04:01-04:00,4913295614.513123
2026-01-28,LOVE,2026-07-27T14:04:01-04:00,197769440.2768116
2026-01-28,LOW,2026-07-27T14:04:01-04:00,151131549077.24716
2026-01-28,LPLA,2026-07-27T14:04:01-04:00,29365803023.289124
2026-01-28,LPX,2026-07-27T14:04:01-04:00,6158571277.483498
2026-01-28,LQDA,2026-07-27T14:04:01-04:00,3645980679.255543
2026-01-28,LQDT,2026-07-27T14:04:01-04:00,976844406.2366638
2026-01-28,LRCX,2026-07-27T14:04:01-04:00,302118120743.0191
2026-01-28,LRN,2026-07-27T14:04:01-04:00,3629401015.25
2026-01-28,LSCC,2026-07-27T14:04:01-04:00,11614219996.833435
2026-01-28,LSTR,2026-07-27T14:04:01-04:00,5319664121.002441
2026-01-28,LTC,2026-07-27T14:04:01-04:00,1678400268.0
2026-01-28,LTH,2026-07-27T14:04:01-04:00,6386034210.5950165
2026-01-28,LULU,2026-07-27T14:04:01-04:00,21387555549.460785
2026-01-28,LUMN,2026-07-27T14:04:01-04:00,9399450569.863323
2026-01-28,LUV,2026-07-27T14:04:01-04:00,21459170151.14914
2026-01-28,LVS,2026-07-27T14:04:01-04:00,42052146812.63042
2026-01-28,LW,2026-07-27T14:04:01-04:00,6336357481.178009
2026-01-28,LXP,2026-07-27T14:04:01-04:00,2852639578.115387
2026-01-28,LXU,2026-07-27T14:04:01-04:00,679875501.8276758
2026-01-28,LYB,2026-07-27T14:04:01-04:00,16244928885.991331
2026-01-28,LYFT,2026-07-27T14:04:01-04:00,6990794230.490261
2026-01-28,LYTS,2026-07-27T14:04:01-04:00,669427703.9297218
2026-01-28,LYV,2026-07-27T14:04:01-04:00,34257829926.451447
2026-01-28,LZ,2026-07-27T14:04:01-04:00,1679924110.6722565
2026-01-28,LZB,2026-07-27T14:04:01-04:00,1531574300.1586533
2026-01-28,M,2026-07-27T14:04:01-04:00,5322979963.891628
2026-01-28,MA,2026-07-27T14:04:01-04:00,471324647042.5697
2026-01-28,MAA,2026-07-27T14:04:01-04:00,15899359917.414871
2026-01-28,MAC,2026-07-27T14:04:01-04:00,4799451341.818132
2026-01-28,MAGN,2026-07-27T14:04:01-04:00,470276001.3580322
2026-01-28,MAN,2026-07-27T14:04:01-04:00,1340766290.4136658
2026-01-28,MANH,2026-07-27T14:04:01-04:00,9743909200.2529
2026-01-28,MANU,2026-07-27T14:04:01-04:00,3072780189.1172104
2026-01-28,MAR,2026-07-27T14:04:01-04:00,84713849804.9466
2026-01-28,MARA,2026-07-27T14:04:01-04:00,3921771697.330236
2026-01-28,MAS,2026-07-27T14:04:01-04:00,13918495224.099825
2026-01-28,MAT,2026-07-27T14:04:01-04:00,6556770122.909546
2026-01-28,MATV,2026-07-27T14:04:01-04:00,672577712.6295948
2026-01-28,MATW,2026-07-27T14:04:01-04:00,805854218.0921478
2026-01-28,MATX,2026-07-27T14:04:04-04:00,5053182673.667252
2026-01-28,MBIN,2026-07-27T14:04:04-04:00,1603828903.11071
2026-01-28,MBUU,2026-07-27T14:04:04-04:00,613530870.7689457
2026-01-28,MBWM,2026-07-27T14:04:04-04:00,858540087.6730347
2026-01-28,MC,2026-07-27T14:04:04-04:00,5407752002.190323
2026-01-28,MCB,2026-07-27T14:04:04-04:00,918478912.7116088
2026-01-28,MCD,2026-07-27T14:04:04-04:00,223215458244.2084
2026-01-28,MCHB,2026-07-27T14:04:04-04:00,3300507674.877262
2026-01-28,MCHP,2026-07-27T14:04:04-04:00,43387071173.79486
2026-01-28,MCK,2026-07-27T14:04:04-04:00,102818627160.93433
2026-01-28,MCO,2026-07-27T14:04:04-04:00,92660260754.26538
2026-01-28,MCRI,2026-07-27T14:04:04-04:00,1649368167.514351
2026-01-28,MCS,2026-07-27T14:04:04-04:00,465908829.3432684
2026-01-28,MCY,2026-07-27T14:04:04-04:00,4724650052.132675
2026-01-28,MD,2026-07-27T14:04:04-04:00,1800030172.6039965
2026-01-28,MDB,2026-07-27T14:04:04-04:00,33455269725.88623
2026-01-28,MDGL,2026-07-27T14:04:04-04:00,11277128680.86731
2026-01-28,MDLZ,2026-07-27T14:04:04-04:00,74699468042.4388
2026-01-28,MDT,2026-07-27T14:04:04-04:00,129274869023.75005
2026-01-28,MDU,2026-07-27T14:04:04-04:00,4208711861.685488
2026-01-28,MEDP,2026-07-27T14:04:04-04:00,16842061457.459167
2026-01-28,MELI,2026-07-27T14:04:04-04:00,115011632036.09668
2026-01-28,MET,2026-07-27T14:04:04-04:00,50714888298.68892
2026-01-28,META,2026-07-27T14:04:04-04:00,1685552370712.7554
2026-01-28,MFA,2026-07-27T14:04:04-04:00,1025660319.4709988
2026-01-28,MGEE,2026-07-27T14:04:04-04:00,2856476347.5898743
2026-01-28,MGM,2026-07-27T14:04:04-04:00,8957335910.0
2026-01-28,MGNI,2026-07-27T14:04:04-04:00,2134607284.022418
2026-01-28,MGPI,2026-07-27T14:04:04-04:00,520433069.9723911
2026-01-28,MGRC,2026-07-27T14:04:04-04:00,2889408569.3544083
2026-01-28,MGY,2026-07-27T14:04:04-04:00,4812343046.95804
2026-01-28,MHK,2026-07-27T14:04:04-04:00,7439674890.411919
2026-01-28,MHO,2026-07-27T14:04:04-04:00,3493074259.3476105
2026-01-28,MIDD,2026-07-27T14:04:04-04:00,6083517319.024567
2026-01-28,MIR,2026-07-27T14:04:04-04:00,6202115623.196362
2026-01-28,MIRM,2026-07-27T14:04:04-04:00,6038893672.930435
2026-01-28,MITK,2026-07-27T14:04:04-04:00,478922416.7145252
2026-01-28,MKC,2026-07-27T14:04:04-04:00,16605589628.3817
2026-01-28,MKL,2026-07-27T14:04:04-04:00,25437859614.583862
2026-01-28,MKSI,2026-07-27T14:04:04-04:00,15855354542.684969
2026-01-28,MKTX,2026-07-27T14:04:04-04:00,6298037485.659851
2026-01-28,MLAB,2026-07-27T14:04:04-04:00,435930296.5421753
2026-01-28,MLI,2026-07-27T14:04:04-04:00,7466221447.996956
2026-01-28,MLKN,2026-07-27T14:04:04-04:00,1312743059.3854752
2026-01-28,MLM,2026-07-27T14:04:04-04:00,39213512415.01611
2026-01-28,MLR,2026-07-27T14:04:04-04:00,459356152.8183708
2026-01-28,MMI,2026-07-27T14:04:04-04:00,1031469992.05233
2026-01-28,MMM,2026-07-27T14:04:04-04:00,82839235437.99615
2026-01-28,MMS,2026-07-27T14:04:04-04:00,5170659568.980713
2026-01-28,MMSI,2026-07-27T14:04:04-04:00,4772864964.0
2026-01-28,MMYT,2026-07-27T14:04:07-04:00,5734533118.315018
2026-01-28,MNKD,2026-07-27T14:04:07-04:00,1731876343.8416944
2026-01-28,MNRO,2026-07-27T14:04:07-04:00,601894160.096817
2026-01-28,MNST,2026-07-27T14:04:07-04:00,79060555009.74072
2026-01-28,MO,2026-07-27T14:04:07-04:00,106051517720.33711
2026-01-28,MOD,2026-07-27T14:04:07-04:00,7734074317.858643
2026-01-28,MOG/A,2026-07-27T14:04:07-04:00,9584652435.98053
2026-01-28,MOH,2026-07-27T14:04:07-04:00,10135400000.0
2026-01-28,MORN,2026-07-27T14:04:07-04:00,8629565452.232483
2026-01-28,MOS,2026-07-27T14:04:07-04:00,8931857465.049606
2026-01-28,MOV,2026-07-27T14:04:07-04:00,493233630.32092667
2026-01-28,MP,2026-07-27T14:04:07-04:00,11876215044.435158
2026-01-28,MPC,2026-07-27T14:04:07-04:00,52294531681.05656
2026-01-28,MPWR,2026-07-27T14:04:07-04:00,55657395863.52539
2026-01-28,MQ,2026-07-27T14:04:07-04:00,7727532559.127665
2026-01-28,MRCY,2026-07-27T14:04:07-04:00,6011215400.967834
2026-01-28,MRK,2026-07-27T14:04:07-04:00,267013029174.11472
2026-01-28,MRNA,2026-07-27T14:04:07-04:00,17700233412.693893
2026-01-28,MRSH,2026-07-27T14:04:07-04:00,87597568380.97797
2026-01-28,MRTN,2026-07-27T14:04:07-04:00,1015744498.6097574
2026-01-28,MRVL,2026-07-27T14:04:07-04:00,72088804367.82837
2026-01-28,MS,2026-07-27T14:04:07-04:00,289794654129.85547
2026-01-28,MSA,2026-07-27T14:04:07-04:00,6882149234.786957
2026-01-28,MSBI,2026-07-27T14:04:07-04:00,492672378.0741272
2026-01-28,MSCI,2026-07-27T14:04:07-04:00,47569562281.56006
2026-01-28,MSEX,2026-07-27T14:04:07-04:00,946598197.1930962
2026-01-28,MSFT,2026-07-27T14:04:07-04:00,3580035959412.528
2026-01-28,MSGE,2026-07-27T14:04:07-04:00,2841459485.913013
2026-01-28,MSGS,2026-07-27T14:04:07-04:00,6882193364.706055
2026-01-28,MSI,2026-07-27T14:04:07-04:00,67487903144.407166
2026-01-28,MSM,2026-07-27T14:04:07-04:00,4658460255.687996
2026-01-28,MSTR,2026-07-27T14:04:07-04:00,45846658275.690216
2026-01-28,MTB,2026-07-27T14:04:07-04:00,33893246429.6108
2026-01-28,MTCH,2026-07-27T14:04:07-04:00,7547113616.945961
2026-01-28,MTD,2026-07-27T14:04:07-04:00,28872438727.34375
2026-01-28,MTDR,2026-07-27T14:04:07-04:00,5472774765.061951
2026-01-28,MTG,2026-07-27T14:04:07-04:00,6092723383.2300415
2026-01-28,MTH,2026-07-27T14:04:07-04:00,4922581717.73513
2026-01-28,MTN,2026-07-27T14:04:07-04:00,4780698244.618195
2026-01-28,MTRN,2026-07-27T14:04:07-04:00,2803481263.3285217
2026-01-28,MTSI,2026-07-27T14:04:07-04:00,16971214088.75
2026-01-28,MTUS,2026-07-27T14:04:07-04:00,805577667.6933174
2026-01-28,MTW,2026-07-27T14:04:07-04:00,450480956.6344547
2026-01-28,MTX,2026-07-27T14:04:07-04:00,2079295101.9924624
2026-01-28,MTZ,2026-07-27T14:04:07-04:00,19312721986.25
2026-01-28,MU,2026-07-27T14:04:07-04:00,489911669754.16736
2026-01-28,MUR,2026-07-27T14:04:07-04:00,4484853389.670107
2026-01-28,MUSA,2026-07-27T14:04:07-04:00,8136357609.298096
2026-01-28,MUX,2026-07-27T14:04:07-04:00,1720295840.1699104
2026-01-28,MWA,2026-07-27T14:04:07-04:00,4176379516.768005
2026-01-28,MXL,2026-07-27T14:04:11-04:00,1672315989.4318542
2026-01-28,MYE,2026-07-27T14:04:11-04:00,751935526.9706783
2026-01-28,MYGN,2026-07-27T14:04:11-04:00,533182470.2829828
2026-01-28,MYRG,2026-07-27T14:04:11-04:00,3904768940.07193
2026-01-28,MZTI,2026-07-27T14:04:11-04:00,4578353486.38916
2026-01-28,NABL,2026-07-27T14:04:11-04:00,1197415019.442874
2026-01-28,NAGE,2026-07-27T14:04:11-04:00,481231034.9139943
2026-01-28,NAT,2026-07-27T14:04:11-04:00,887235294.2764702
2026-01-28,NAVI,2026-07-27T14:04:11-04:00,975418534.3129244
2026-01-28,NBHC,2026-07-27T14:04:11-04:00,1507900315.409546
2026-01-28,NBIS,2026-07-27T14:04:11-04:00,25288999382.305466
2026-01-28,NBIX,2026-07-27T14:04:11-04:00,13426369657.813171
2026-01-28,NBN,2026-07-27T14:04:11-04:00,980042358.0606918
2026-01-28,NBR,2026-07-27T14:04:11-04:00,963014380.3118593
2026-01-28,NBTB,2026-07-27T14:04:11-04:00,2233035889.3570786
2026-01-28,NCLH,2026-07-27T14:04:11-04:00,9464803613.11068
2026-01-28,NCNO,2026-07-27T14:04:11-04:00,2690375892.5842285
2026-01-28,NDAQ,2026-07-27T14:04:11-04:00,56639327812.49477
2026-01-28,NDSN,2026-07-27T14:04:11-04:00,15180647077.32788
2026-01-28,NE,2026-07-27T14:04:11-04:00,5499273242.1134
2026-01-28,NEE,2026-07-27T14:04:11-04:00,182374129392.318
2026-01-28,NEM,2026-07-27T14:04:11-04:00,144940437993.49747
2026-01-28,NEO,2026-07-27T14:04:11-04:00,1601820991.1872587
2026-01-28,NEOG,2026-07-27T14:04:11-04:00,2251393986.3295765
2026-01-28,NET,2026-07-27T14:04:11-04:00,64759983495.55725
2026-01-28,NEU,2026-07-27T14:04:11-04:00,6122694724.389038
2026-01-28,NEXA,2026-07-27T14:04:11-04:00,1870033186.283604
2026-01-28,NEXT,2026-07-27T14:04:11-04:00,1390207392.0
2026-01-28,NFE,2026-07-27T14:04:11-04:00,386991828.3905606
2026-01-28,NFG,2026-07-27T14:04:11-04:00,7895448092.3359375
2026-01-28,NFLX,2026-07-27T14:04:11-04:00,359033535778.796
2026-01-28,NGVC,2026-07-27T14:04:11-04:00,597248134.4491425
2026-01-28,NGVT,2026-07-27T14:04:11-04:00,2415891381.25
2026-01-28,NHC,2026-07-27T14:04:11-04:00,2158016482.9514465
2026-01-28,NHI,2026-07-27T14:04:11-04:00,3731523948.8887024
2026-01-28,NI,2026-07-27T14:04:11-04:00,20978398877.08464
2026-01-28,NIC,2026-07-27T14:04:11-04:00,2096856377.1322632
2026-01-28,NJR,2026-07-27T14:04:11-04:00,4906324432.863007
2026-01-28,NKE,2026-07-27T14:04:11-04:00,92139065425.2544
2026-01-28,NKTR,2026-07-27T14:04:11-04:00,730466457.8861198
2026-01-28,NLY,2026-07-27T14:04:11-04:00,16563506939.5
2026-01-28,NMIH,2026-07-27T14:04:11-04:00,2950919595.821228
2026-01-28,NMRK,2026-07-27T14:04:11-04:00,4379411519.688927
2026-01-28,NN,2026-07-27T14:04:11-04:00,2019739676.5201416
2026-01-28,NNI,2026-07-27T14:04:11-04:00,4660268916.61618
2026-01-28,NNN,2026-07-27T14:04:11-04:00,7857023913.692684
2026-01-28,NOC,2026-07-27T14:04:11-04:00,98352680468.58533
2026-01-28,NOG,2026-07-27T14:04:11-04:00,2377608603.65213
2026-01-28,NOMD,2026-07-27T14:04:11-04:00,1844891924.442793
2026-01-28,NOV,2026-07-27T14:04:11-04:00,6825683554.39831
2026-01-28,NOVT,2026-07-27T14:04:14-04:00,4999975170.299057
2026-01-28,NOW,2026-07-27T14:04:14-04:00,136767628563.63464
2026-01-28,NPK,2026-07-27T14:04:14-04:00,873323519.8751984
2026-01-28,NPKI,2026-07-27T14:04:14-04:00,1149127938.6321695
2026-01-28,NPO,2026-07-27T14:04:14-04:00,4927905830.679993
2026-01-28,NRG,2026-07-27T14:04:14-04:00,30003051971.3908
2026-01-28,NRIM,2026-07-27T14:04:14-04:00,499944126.0658722
2026-01-28,NSA,2026-07-27T14:04:14-04:00,4643107440.551659
2026-01-28,NSIT,2026-07-27T14:04:14-04:00,2649524708.272949
2026-01-28,NSP,2026-07-27T14:04:14-04:00,1536067215.7651672
2026-01-28,NSSC,2026-07-27T14:04:14-04:00,1373433057.3786163
2026-01-28,NTAP,2026-07-27T14:04:14-04:00,19828094746.222183
2026-01-28,NTB,2026-07-27T14:04:14-04:00,2121252335.2465897
2026-01-28,NTCT,2026-07-27T14:04:14-04:00,2026476379.07824
2026-01-28,NTGR,2026-07-27T14:04:14-04:00,621363293.1531773
2026-01-28,NTLA,2026-07-27T14:04:14-04:00,1600769541.9715118
2026-01-28,NTNX,2026-07-27T14:04:14-04:00,11297308494.641968
2026-01-28,NTRA,2026-07-27T14:04:14-04:00,32900229860.24414
2026-01-28,NTRS,2026-07-27T14:04:14-04:00,28414884842.5
2026-01-28,NU,2026-07-27T14:04:14-04:00,90903001409.90428
2026-01-28,NUE,2026-07-27T14:04:14-04:00,39633740889.40912
2026-01-28,NUS,2026-07-27T14:04:14-04:00,492375786.19667816
2026-01-28,NVAX,2026-07-27T14:04:14-04:00,1499865649.4638634
2026-01-28,NVCR,2026-07-27T14:04:14-04:00,1408733312.4364529
2026-01-28,NVDA,2026-07-27T14:04:14-04:00,4662937544021.606
2026-01-28,NVR,2026-07-27T14:04:14-04:00,21071652368.1875
2026-01-28,NVST,2026-07-27T14:04:14-04:00,4001655804.921341
2026-01-28,NVT,2026-07-27T14:04:14-04:00,18419192878.715134
2026-01-28,NWBI,2026-07-27T14:04:14-04:00,1833654976.0678823
2026-01-28,NWL,2026-07-27T14:04:14-04:00,1806751976.013184
2026-01-28,NWN,2026-07-27T14:04:14-04:00,1918455531.907776
2026-01-28,NWPX,2026-07-27T14:04:14-04:00,638604375.1806564
2026-01-28,NWSA,2026-07-27T14:04:14-04:00,15566283162.787804
2026-01-28,NX,2026-07-27T14:04:14-04:00,842757570.9313755
2026-01-28,NXPI,2026-07-27T14:04:14-04:00,60515065930.092926
2026-01-28,NXRT,2026-07-27T14:04:14-04:00,1520957983.717083
2026-01-28,NXST,2026-07-27T14:04:14-04:00,6286922996.791443
2026-01-28,NYT,2026-07-27T14:04:14-04:00,11815761935.421638
2026-01-28,O,2026-07-27T14:04:14-04:00,55150613083.43636
2026-01-28,OBK,2026-07-27T14:04:14-04:00,1261494474.1520882
2026-01-28,OC,2026-07-27T14:04:14-04:00,10082974763.108894
2026-01-28,OCFC,2026-07-27T14:04:14-04:00,1046230046.5986824
2026-01-28,OCUL,2026-07-27T14:04:14-04:00,2190127955.2701874
2026-01-28,ODC,2026-07-27T14:04:14-04:00,837871410.8872948
2026-01-28,ODFL,2026-07-27T14:04:14-04:00,36300241051.9129
2026-01-28,OEC,2026-07-27T14:04:14-04:00,353743164.8097067
2026-01-28,OFG,2026-07-27T14:04:14-04:00,1658430430.478897
2026-01-28,OFIX,2026-07-27T14:04:14-04:00,520339532.855464
2026-01-28,OGE,2026-07-27T14:04:14-04:00,8968958000.138302
2026-01-28,OGN,2026-07-27T14:04:14-04:00,2311248176.9380493
2026-01-28,OGS,2026-07-27T14:04:17-04:00,4680525316.58178
2026-01-28,OHI,2026-07-27T14:04:17-04:00,13109375193.653109
2026-01-28,OI,2026-07-27T14:04:17-04:00,2315721011.5680017
2026-01-28,OII,2026-07-27T14:04:17-04:00,2973159410.635233
2026-01-28,OIS,2026-07-27T14:04:17-04:00,508372362.6928358
2026-01-28,OKE,2026-07-27T14:04:17-04:00,49914460320.10391
2026-01-28,OKTA,2026-07-27T14:04:17-04:00,16081869874.935402
2026-01-28,OLED,2026-07-27T14:04:17-04:00,5611411119.315033
2026-01-28,OLLI,2026-07-27T14:04:17-04:00,6552156321.973251
2026-01-28,OLN,2026-07-27T14:04:17-04:00,2606948502.400635
2026-01-28,OMC,2026-07-27T14:04:17-04:00,24289141586.972706
2026-01-28,OMCL,2026-07-27T14:04:17-04:00,2252615711.094063
2026-01-28,OMER,2026-07-27T14:04:17-04:00,837334450.5410166
2026-01-28,OMF,2026-07-27T14:04:17-04:00,7732516825.413528
2026-01-28,ON,2026-07-27T14:04:17-04:00,26554681490.29896
2026-01-28,ONB,2026-07-27T14:04:17-04:00,9288674388.881683
2026-01-28,ONTO,2026-07-27T14:04:17-04:00,10610831844.27127
2026-01-28,OPCH,2026-07-27T14:04:17-04:00,5634884681.314087
2026-01-28,OPLN,2026-07-27T14:04:17-04:00,3203991584.4374084
2026-01-28,OPY,2026-07-27T14:04:17-04:00,790934877.0306168
2026-01-28,ORA,2026-07-27T14:04:17-04:00,7778245996.436523
2026-01-28,ORC,2026-07-27T14:04:17-04:00,1525438106.6072617
2026-01-28,ORCL,2026-07-27T14:04:17-04:00,496476872768.0969
2026-01-28,ORI,2026-07-27T14:04:17-04:00,9662922311.210632
2026-01-28,ORLY,2026-07-27T14:04:17-04:00,85762301541.82724
2026-01-28,ORN,2026-07-27T14:04:17-04:00,480806792.5105076
2026-01-28,ORRF,2026-07-27T14:04:17-04:00,674072472.9494476
2026-01-28,OSBC,2026-07-27T14:04:17-04:00,1027576572.2950288
2026-01-28,OSCR,2026-07-27T14:04:17-04:00,4281923218.775916
2026-01-28,OSG,2026-07-27T14:04:17-04:00,266809982.0
2026-01-28,OSIS,2026-07-27T14:04:17-04:00,4607625202.169312
2026-01-28,OSK,2026-07-27T14:04:17-04:00,9354285982.456146
2026-01-28,OSPN,2026-07-27T14:04:17-04:00,447631608.3357468
2026-01-28,OSW,2026-07-27T14:04:17-04:00,1989245528.1369493
2026-01-28,OTIS,2026-07-27T14:04:17-04:00,34773304779.130325
2026-01-28,OTTR,2026-07-27T14:04:17-04:00,3627760853.61145
2026-01-28,OUT,2026-07-27T14:04:17-04:00,4082195462.032032
2026-01-28,OVV,2026-07-27T14:04:17-04:00,10829335600.513916
2026-01-28,OWL,2026-07-27T14:04:17-04:00,22666592980.5
2026-01-28,OXM,2026-07-27T14:04:17-04:00,549719608.8005486
2026-01-28,OXY,2026-07-27T14:04:17-04:00,44166985560.19418
2026-01-28,OZK,2026-07-27T14:04:17-04:00,5235883294.643974
2026-01-28,PAG,2026-07-27T14:04:17-04:00,10528133582.381714
2026-01-28,PAGS,2026-07-27T14:04:17-04:00,3493702459.6181107
2026-01-28,PAHC,2026-07-27T14:04:17-04:00,1572703959.4753113
2026-01-28,PANW,2026-07-27T14:04:17-04:00,128066783828.73537
2026-01-28,PAR,2026-07-27T14:04:17-04:00,1158873932.6315002
2026-01-28,PARR,2026-07-27T14:04:17-04:00,1841524342.170765
2026-01-28,PATH,2026-07-27T14:04:17-04:00,7545317857.648266
2026-01-28,PATK,2026-07-27T14:04:17-04:00,4315245855.984924
2026-01-28,PAX,2026-07-27T14:04:20-04:00,2463789097.9837875
2026-01-28,PAY,2026-07-27T14:04:20-04:00,3560915237.174515
2026-01-28,PAYC,2026-07-27T14:04:20-04:00,7856233008.736999
2026-01-28,PAYO,2026-07-27T14:04:20-04:00,2269987995.924736
2026-01-28,PAYX,2026-07-27T14:04:20-04:00,36776214157.01828
2026-01-28,PB,2026-07-27T14:04:20-04:00,6542384305.421631
2026-01-28,PBF,2026-07-27T14:04:20-04:00,3811382531.9692383
2026-01-28,PBH,2026-07-27T14:04:20-04:00,3107875036.894867
2026-01-28,PBI,2026-07-27T14:04:20-04:00,1743605969.1779137
2026-01-28,PCAR,2026-07-27T14:04:20-04:00,64631647136.3028
2026-01-28,PCG,2026-07-27T14:04:20-04:00,32814803315.99903
2026-01-28,PCOR,2026-07-27T14:04:20-04:00,9670225410.61409
2026-01-28,PCRX,2026-07-27T14:04:20-04:00,876773548.3951092
2026-01-28,PCT,2026-07-27T14:04:20-04:00,2045251227.7402115
2026-01-28,PCTY,2026-07-27T14:04:20-04:00,7760689577.991943
2026-01-28,PCVX,2026-07-27T14:04:20-04:00,6724654590.487026
2026-01-28,PD,2026-07-27T14:04:20-04:00,1003331328.382408
2026-01-28,PDFS,2026-07-27T14:04:20-04:00,1361616530.9648056
2026-01-28,PDM,2026-07-27T14:04:20-04:00,998644666.560402
2026-01-28,PEB,2026-07-27T14:04:20-04:00,1341075394.0657568
2026-01-28,PEBO,2026-07-27T14:04:20-04:00,1123215214.7529602
2026-01-28,PECO,2026-07-27T14:04:20-04:00,4877791279.644012
2026-01-28,PEG,2026-07-27T14:04:20-04:00,40656089821.90296
2026-01-28,PEGA,2026-07-27T14:04:20-04:00,8442830606.05162
2026-01-28,PENG,2026-07-27T14:04:20-04:00,1036486279.6698036
2026-01-28,PENN,2026-07-27T14:04:20-04:00,1934562473.75
2026-01-28,PEP,2026-07-27T14:04:20-04:00,203307964794.0
2026-01-28,PFBC,2026-07-27T14:04:20-04:00,1023755060.3876038
2026-01-28,PFE,2026-07-27T14:04:20-04:00,147032400765.0005
2026-01-28,PFG,2026-07-27T14:04:20-04:00,20951372649.935333
2026-01-28,PFGC,2026-07-27T14:04:20-04:00,15270365567.7426
2026-01-28,PFS,2026-07-27T14:04:20-04:00,2902468589.967512
2026-01-28,PFSI,2026-07-27T14:04:20-04:00,7637885146.499542
2026-01-28,PG,2026-07-27T14:04:20-04:00,344294312552.28613
2026-01-28,PGC,2026-07-27T14:04:20-04:00,515507988.64675903
2026-01-28,PGEN,2026-07-27T14:04:20-04:00,1578057279.0373335
2026-01-28,PGNY,2026-07-27T14:04:20-04:00,2114771931.816845
2026-01-28,PGR,2026-07-27T14:04:20-04:00,124708191220.09276
2026-01-28,PH,2026-07-27T14:04:20-04:00,115948540239.27393
2026-01-28,PHM,2026-07-27T14:04:20-04:00,24320871284.665146
2026-01-28,PHR,2026-07-27T14:04:20-04:00,883807454.7809334
2026-01-28,PI,2026-07-27T14:04:20-04:00,4864431292.411377
2026-01-28,PII,2026-07-27T14:04:20-04:00,3652766882.345032
2026-01-28,PINS,2026-07-27T14:04:20-04:00,15339213217.678375
2026-01-28,PIPR,2026-07-27T14:04:20-04:00,1470650271.385002
2026-01-28,PJT,2026-07-27T14:04:20-04:00,7102623149.674957
2026-01-28,PK,2026-07-27T14:04:20-04:00,2145071720.566864
2026-01-28,PKE,2026-07-27T14:04:20-04:00,465466653.44174194
2026-01-28,PKG,2026-07-27T14:04:20-04:00,19580283023.54869
2026-01-28,PLAB,2026-07-27T14:04:20-04:00,2122783116.4270592
2026-01-28,PLAY,2026-07-27T14:04:23-04:00,666554669.4869518
2026-01-28,PLD,2026-07-27T14:04:23-04:00,118086859158.7906
2026-01-28,PLMR,2026-07-27T14:04:23-04:00,3205980798.4633484
2026-01-28,PLNT,2026-07-27T14:04:23-04:00,7718320504.925629
2026-01-28,PLOW,2026-07-27T14:04:23-04:00,852512523.0
2026-01-28,PLPC,2026-07-27T14:04:23-04:00,1221807010.824646
2026-01-28,PLSE,2026-07-27T14:04:23-04:00,918250694.8256396
2026-01-28,PLTR,2026-07-27T14:04:23-04:00,375033722331.6409
2026-01-28,PLUS,2026-07-27T14:04:23-04:00,2240542092.7274017
2026-01-28,PLXS,2026-07-27T14:04:23-04:00,4842153116.16806
2026-01-28,PM,2026-07-27T14:04:23-04:00,278000108483.3286
2026-01-28,PMT,2026-07-27T14:04:23-04:00,1172983782.0869598
2026-01-28,PNC,2026-07-27T14:04:23-04:00,89511048539.4764
2026-01-28,PNFP,2026-07-27T14:04:23-04:00,14091199320.749916
2026-01-28,PNR,2026-07-27T14:04:23-04:00,17240649893.352905
2026-01-28,PNW,2026-07-27T14:04:23-04:00,11212596614.846613
2026-01-28,PODD,2026-07-27T14:04:23-04:00,18175353396.283875
2026-01-28,POOL,2026-07-27T14:04:23-04:00,9645959117.82788
2026-01-28,POR,2026-07-27T14:04:23-04:00,5616573407.688904
2026-01-28,POST,2026-07-27T14:04:23-04:00,5100217744.169144
2026-01-28,POWI,2026-07-27T14:04:23-04:00,2623590442.58852
2026-01-28,POWL,2026-07-27T14:04:23-04:00,1794525332.1363068
2026-01-28,PPC,2026-07-27T14:04:23-04:00,10228793437.101776
2026-01-28,PPG,2026-07-27T14:04:23-04:00,25720771793.36548
2026-01-28,PPL,2026-07-27T14:04:23-04:00,27148428360.276203
2026-01-28,PR,2026-07-27T14:04:23-04:00,11576112855.44342
2026-01-28,PRAA,2026-07-27T14:04:23-04:00,506395114.61054325
2026-01-28,PRCT,2026-07-27T14:04:23-04:00,1677475267.359188
2026-01-28,PRDO,2026-07-27T14:04:23-04:00,2064868009.666596
2026-01-28,PRG,2026-07-27T14:04:23-04:00,1284836382.9459648
2026-01-28,PRGO,2026-07-27T14:04:23-04:00,1919854899.300304
2026-01-28,PRGS,2026-07-27T14:04:23-04:00,1776802591.382824
2026-01-28,PRI,2026-07-27T14:04:23-04:00,8403607772.040405
2026-01-28,PRIM,2026-07-27T14:04:23-04:00,8057844768.459839
2026-01-28,PRK,2026-07-27T14:04:23-04:00,2553228054.6669617
2026-01-28,PRKS,2026-07-27T14:04:23-04:00,2058470763.9339104
2026-01-28,PRLB,2026-07-27T14:04:23-04:00,1238144964.4519958
2026-01-28,PRM,2026-07-27T14:04:23-04:00,3917019931.9658966
2026-01-28,PRMB,2026-07-27T14:04:23-04:00,6935453201.636604
2026-01-28,PRSU,2026-07-27T14:04:23-04:00,978600891.243164
2026-01-28,PRTA,2026-07-27T14:04:23-04:00,492006053.96105766
2026-01-28,PRU,2026-07-27T14:04:23-04:00,37900736283.2157
2026-01-28,PRVA,2026-07-27T14:04:23-04:00,2800744871.635632
2026-01-28,PSA,2026-07-27T14:04:23-04:00,48052298443.781006
2026-01-28,PSKY,2026-07-27T14:04:23-04:00,12509914674.089935
2026-01-28,PSMT,2026-07-27T14:04:23-04:00,4375923120.0
2026-01-28,PSN,2026-07-27T14:04:23-04:00,7658185810.077324
2026-01-28,PSX,2026-07-27T14:04:23-04:00,57417976311.17363
2026-01-28,PTC,2026-07-27T14:04:23-04:00,19339868375.9426
2026-01-28,PTCT,2026-07-27T14:04:23-04:00,6069795735.489769
2026-01-28,PTEN,2026-07-27T14:04:27-04:00,2823277760.274052
2026-01-28,PTGX,2026-07-27T14:04:27-04:00,5111280985.707871
2026-01-28,PTN,2026-07-27T14:04:27-04:00,28860342.549037933
2026-01-28,PTON,2026-07-27T14:04:27-04:00,2439989860.2322083
2026-01-28,PUMP,2026-07-27T14:04:27-04:00,1108450033.5935783
2026-01-28,PVH,2026-07-27T14:04:27-04:00,2946374291.0625114
2026-01-28,PVLA,2026-07-27T14:04:27-04:00,931650117.0633698
2026-01-28,PWP,2026-07-27T14:04:27-04:00,2031110653.30204
2026-01-28,PWR,2026-07-27T14:04:27-04:00,71766493913.33377
2026-01-28,PYPL,2026-07-27T14:04:27-04:00,51666865891.75011
2026-01-28,PZZA,2026-07-27T14:04:27-04:00,1170910015.340393
2026-01-28,QBTS,2026-07-27T14:04:27-04:00,9303204286.012863
2026-01-28,QCOM,2026-07-27T14:04:27-04:00,163541696731.56738
2026-01-28,QCRH,2026-07-27T14:04:27-04:00,1506891020.9987564
2026-01-28,QDEL,2026-07-27T14:04:27-04:00,1819886018.7931824
2026-01-28,QGEN,2026-07-27T14:04:27-04:00,11121883710.2524
2026-01-28,QLYS,2026-07-27T14:04:27-04:00,4789562272.634705
2026-01-28,QNST,2026-07-27T14:04:27-04:00,793954521.2605953
2026-01-28,QS,2026-07-27T14:04:27-04:00,5971010399.995308
2026-01-28,QTWO,2026-07-27T14:04:27-04:00,4070077796.4582825
2026-01-28,QURE,2026-07-27T14:04:27-04:00,1433954110.7748604
2026-01-28,R,2026-07-27T14:04:27-04:00,7775919139.853027
2026-01-28,RAMP,2026-07-27T14:04:27-04:00,1628982523.9347038
2026-01-28,RARE,2026-07-27T14:04:27-04:00,2357911837.8845806
2026-01-28,RBC,2026-07-27T14:04:27-04:00,16088643791.78186
2026-01-28,RBCAA,2026-07-27T14:04:27-04:00,1372695447.156319
2026-01-28,RBLX,2026-07-27T14:04:27-04:00,52833930630.84268
2026-01-28,RCL,2026-07-27T14:04:27-04:00,79523104299.70789
2026-01-28,RCUS,2026-07-27T14:04:27-04:00,2684909347.2973824
2026-01-28,RDN,2026-07-27T14:04:27-04:00,4463009417.394093
2026-01-28,RDNT,2026-07-27T14:04:27-04:00,5538061223.296814
2026-01-28,RDWR,2026-07-27T14:04:27-04:00,1088465088.523548
2026-01-28,REG,2026-07-27T14:04:27-04:00,12962632965.133774
2026-01-28,REGN,2026-07-27T14:04:27-04:00,79610348578.10681
2026-01-28,RELY,2026-07-27T14:04:27-04:00,2845115049.139776
2026-01-28,REPL,2026-07-27T14:04:27-04:00,577342948.713315
2026-01-28,RES,2026-07-27T14:04:27-04:00,1400917198.7103343
2026-01-28,REX,2026-07-27T14:04:27-04:00,1110734435.9581451
2026-01-28,REXR,2026-07-27T14:04:27-04:00,9523799537.377487
2026-01-28,REYN,2026-07-27T14:04:27-04:00,4745036069.751865
2026-01-28,REZI,2026-07-27T14:04:27-04:00,4991496255.804688
2026-01-28,RF,2026-07-27T14:04:27-04:00,24429779741.62294
2026-01-28,RGA,2026-07-27T14:04:27-04:00,13003284934.803818
2026-01-28,RGEN,2026-07-27T14:04:27-04:00,9009334549.235731
2026-01-28,RGLD,2026-07-27T14:04:27-04:00,25421539835.055145
2026-01-28,RGNX,2026-07-27T14:04:27-04:00,557360188.4467049
2026-01-28,RGP,2026-07-27T14:04:27-04:00,142049125.29196548
2026-01-28,RGR,2026-07-27T14:04:27-04:00,606399410.5183907
2026-01-28,RGTI,2026-07-27T14:04:27-04:00,7263874052.316975
2026-01-28,RH,2026-07-27T14:04:27-04:00,3840978387.7549896
2026-01-28,RHI,2026-07-27T14:04:30-04:00,2741856991.5704384
2026-01-28,RHP,2026-07-27T14:04:30-04:00,5889621049.020493
2026-01-28,RIG,2026-07-27T14:04:30-04:00,5364018542.300057
2026-01-28,RIGL,2026-07-27T14:04:30-04:00,639834876.0
2026-01-28,RILY,2026-07-27T14:04:30-04:00,287918386.39125824
2026-01-28,RIOT,2026-07-27T14:04:30-04:00,6525215830.633629
2026-01-28,RITM,2026-07-27T14:04:30-04:00,6594940161.590748
2026-01-28,RIVN,2026-07-27T14:04:30-04:00,18633879114.17563
2026-01-28,RJF,2026-07-27T14:04:30-04:00,33236158218.585754
2026-01-28,RKLB,2026-07-27T14:04:30-04:00,47310226250.79842
2026-01-28,RKT,2026-07-27T14:04:30-04:00,58457877293.62608
2026-01-28,RL,2026-07-27T14:04:30-04:00,21405545275.226074
2026-01-28,RLI,2026-07-27T14:04:30-04:00,5235265377.941132
2026-01-28,RLJ,2026-07-27T14:04:30-04:00,1103999725.533559
2026-01-28,RMBS,2026-07-27T14:04:30-04:00,13395982813.337708
2026-01-28,RMD,2026-07-27T14:04:30-04:00,37618433467.86151
2026-01-28,RNG,2026-07-27T14:04:30-04:00,2336381665.026909
2026-01-28,RNR,2026-07-27T14:04:30-04:00,12962035048.330627
2026-01-28,RNST,2026-07-27T14:04:30-04:00,3644069854.7088776
2026-01-28,ROAD,2026-07-27T14:04:30-04:00,6407293084.197212
2026-01-28,ROCK,2026-07-27T14:04:30-04:00,1508743739.324295
2026-01-28,ROG,2026-07-27T14:04:30-04:00,1740769112.9176023
2026-01-28,ROIV,2026-07-27T14:04:30-04:00,15238221178.526402
2026-01-28,ROK,2026-07-27T14:04:30-04:00,46648527770.2623
2026-01-28,ROKU,2026-07-27T14:04:30-04:00,14899288046.556854
2026-01-28,ROL,2026-07-27T14:04:30-04:00,30230690251.66298
2026-01-28,ROOT,2026-07-27T14:04:30-04:00,1020334558.388878
2026-01-28,ROP,2026-07-27T14:04:30-04:00,38789300483.89661
2026-01-28,ROST,2026-07-27T14:04:30-04:00,60505092343.114044
2026-01-28,RPD,2026-07-27T14:04:30-04:00,820474105.7947464
2026-01-28,RPM,2026-07-27T14:04:30-04:00,13700169715.803764
2026-01-28,RPRX,2026-07-27T14:04:30-04:00,23566073333.604664
2026-01-28,RRC,2026-07-27T14:04:30-04:00,8751140972.915833
2026-01-28,RRR,2026-07-27T14:04:30-04:00,6302839283.508305
2026-01-28,RRX,2026-07-27T14:04:30-04:00,10405917710.709366
2026-01-28,RS,2026-07-27T14:04:30-04:00,17138131477.426758
2026-01-28,RSG,2026-07-27T14:04:30-04:00,67938164337.614136
2026-01-28,RSI,2026-07-27T14:04:30-04:00,3843836431.0
2026-01-28,RTX,2026-07-27T14:04:30-04:00,267430380553.08475
2026-01-28,RUM,2026-07-27T14:04:30-04:00,2020864937.094544
2026-01-28,RUN,2026-07-27T14:04:30-04:00,4968015459.253227
2026-01-28,RUSHA,2026-07-27T14:04:30-04:00,4913178050.340515
2026-01-28,RUSHB,2026-07-27T14:04:30-04:00,4463784441.33831
2026-01-28,RVLV,2026-07-27T14:04:30-04:00,2036592326.2762983
2026-01-28,RVMD,2026-07-27T14:04:30-04:00,18815816974.62913
2026-01-28,RVTY,2026-07-27T14:04:30-04:00,12899145496.597136
2026-01-28,RWT,2026-07-27T14:04:30-04:00,757249522.153194
2026-01-28,RXO,2026-07-27T14:04:30-04:00,2396033393.803711
2026-01-28,RXRX,2026-07-27T14:04:30-04:00,2330044414.424721
2026-01-28,RYAM,2026-07-27T14:04:30-04:00,571557690.3975763
2026-01-28,RYAN,2026-07-27T14:04:33-04:00,12574056369.44934
2026-01-28,RYN,2026-07-27T14:04:33-04:00,3666548890.8053513
2026-01-28,RYTM,2026-07-27T14:04:33-04:00,6851790747.322632
2026-01-28,S,2026-07-27T14:04:33-04:00,5074244184.139786
2026-01-28,SABR,2026-07-27T14:04:33-04:00,477810724.7036629
2026-01-28,SAFE,2026-07-27T14:04:33-04:00,980909118.594574
2026-01-28,SAFT,2026-07-27T14:04:33-04:00,1131510416.9613647
2026-01-28,SAH,2026-07-27T14:04:33-04:00,2108454628.8716888
2026-01-28,SAIA,2026-07-27T14:04:33-04:00,9321460676.57898
2026-01-28,SAIC,2026-07-27T14:04:33-04:00,4765578343.998001
2026-01-28,SAM,2026-07-27T14:04:33-04:00,2322978790.944672
2026-01-28,SANM,2026-07-27T14:04:33-04:00,8336327448.532562
2026-01-28,SB,2026-07-27T14:04:33-04:00,557689733.2324076
2026-01-28,SBAC,2026-07-27T14:04:33-04:00,19624642470.24536
2026-01-28,SBCF,2026-07-27T14:04:33-04:00,3283112814.786518
2026-01-28,SBGI,2026-07-27T14:04:33-04:00,990900625.7475252
2026-01-28,SBH,2026-07-27T14:04:33-04:00,1471049396.509984
2026-01-28,SBLK,2026-07-27T14:04:33-04:00,2589177560.4432507
2026-01-28,SBRA,2026-07-27T14:04:33-04:00,4600501657.088703
2026-01-28,SBSI,2026-07-27T14:04:33-04:00,970985881.801117
2026-01-28,SBUX,2026-07-27T14:04:33-04:00,108412183895.22237
2026-01-28,SCCO,2026-07-27T14:04:33-04:00,159445562882.0473
2026-01-28,SCHL,2026-07-27T14:04:33-04:00,887915124.5209427
2026-01-28,SCHW,2026-07-27T14:04:33-04:00,187820743186.84387
2026-01-28,SCI,2026-07-27T14:04:33-04:00,11189275713.320044
2026-01-28,SCL,2026-07-27T14:04:33-04:00,1269379097.6402855
2026-01-28,SCSC,2026-07-27T14:04:33-04:00,914682513.8858832
2026-01-28,SD,2026-07-27T14:04:33-04:00,569993063.0
2026-01-28,SDGR,2026-07-27T14:04:33-04:00,1073294700.2293168
2026-01-28,SDRL,2026-07-27T14:04:33-04:00,2324061506.767025
2026-01-28,SEB,2026-07-27T14:04:33-04:00,4735953400.02832
2026-01-28,SEDG,2026-07-27T14:04:33-04:00,2140841780.1761816
2026-01-28,SEI,2026-07-27T14:04:33-04:00,3859692793.418976
2026-01-28,SEIC,2026-07-27T14:04:33-04:00,10644117563.463127
2026-01-28,SENEA,2026-07-27T14:04:33-04:00,780160384.6294403
2026-01-28,SF,2026-07-27T14:04:33-04:00,8598914307.290192
2026-01-28,SFBS,2026-07-27T14:04:33-04:00,4384199004.991493
2026-01-28,SFIX,2026-07-27T14:04:33-04:00,692466788.5628586
2026-01-28,SFL,2026-07-27T14:04:33-04:00,1164636635.2400017
2026-01-28,SFM,2026-07-27T14:04:33-04:00,6856468374.92392
2026-01-28,SFNC,2026-07-27T14:04:33-04:00,2879332341.7737885
2026-01-28,SG,2026-07-27T14:04:33-04:00,762325610.8133883
2026-01-28,SGHC,2026-07-27T14:04:33-04:00,5005811977.814566
2026-01-28,SGI,2026-07-27T14:04:33-04:00,18839212664.5
2026-01-28,SGRY,2026-07-27T14:04:33-04:00,1920725467.489973
2026-01-28,SHAK,2026-07-27T14:04:33-04:00,3751467242.120865
2026-01-28,SHBI,2026-07-27T14:04:33-04:00,614049535.77285
2026-01-28,SHC,2026-07-27T14:04:33-04:00,5190396212.87788
2026-01-28,SHEN,2026-07-27T14:04:33-04:00,606075452.4658022
2026-01-28,SHO,2026-07-27T14:04:33-04:00,1661652553.75
2026-01-28,SHOO,2026-07-27T14:04:36-04:00,3152627842.0831146
2026-01-28,SHW,2026-07-27T14:04:36-04:00,87166928795.40979
2026-01-28,SIBN,2026-07-27T14:04:36-04:00,726369582.0285301
2026-01-28,SIG,2026-07-27T14:04:36-04:00,3755420004.820198
2026-01-28,SIGA,2026-07-27T14:04:36-04:00,477647389.8035088
2026-01-28,SIGI,2026-07-27T14:04:36-04:00,4951389484.980354
2026-01-28,SIRI,2026-07-27T14:04:36-04:00,6781952679.009933
2026-01-28,SITC,2026-07-27T14:04:36-04:00,316143879.76986504
2026-01-28,SITE,2026-07-27T14:04:36-04:00,6440718245.505127
2026-01-28,SITM,2026-07-27T14:04:36-04:00,9425459378.155518
2026-01-28,SJM,2026-07-27T14:04:36-04:00,11027925703.84105
2026-01-28,SKT,2026-07-27T14:04:36-04:00,3699818386.49556
2026-01-28,SKWD,2026-07-27T14:04:36-04:00,1986618010.8420904
2026-01-28,SKY,2026-07-27T14:04:36-04:00,4754304914.351669
2026-01-28,SKYW,2026-07-27T14:04:36-04:00,3936072432.9471207
2026-01-28,SLAB,2026-07-27T14:04:36-04:00,4738708534.5466
2026-01-28,SLB,2026-07-27T14:04:36-04:00,73076848074.76366
2026-01-28,SLDB,2026-07-27T14:04:36-04:00,510312080.3101988
2026-01-28,SLG,2026-07-27T14:04:36-04:00,3305143723.119358
2026-01-28,SLGN,2026-07-27T14:04:36-04:00,4534371125.061047
2026-01-28,SLM,2026-07-27T14:04:36-04:00,5354129370.896816
2026-01-28,SLP,2026-07-27T14:04:36-04:00,375330880.27231216
2026-01-28,SLVM,2026-07-27T14:04:36-04:00,1996826533.337822
2026-01-28,SM,2026-07-27T14:04:36-04:00,2197149456.6991653
2026-01-28,SMBC,2026-07-27T14:04:36-04:00,675918182.0797539
2026-01-28,SMBK,2026-07-27T14:04:36-04:00,665846268.7153244
2026-01-28,SMCI,2026-07-27T14:04:36-04:00,18631468514.386604
2026-01-28,SMG,2026-07-27T14:04:36-04:00,3642848912.9440575
2026-01-28,SMMT,2026-07-27T14:04:36-04:00,11643081549.904062
2026-01-28,SMP,2026-07-27T14:04:36-04:00,869407998.87043
2026-01-28,SMPL,2026-07-27T14:04:36-04:00,1826834072.5328293
2026-01-28,SMR,2026-07-27T14:04:36-04:00,5792634381.884529
2026-01-28,SMTC,2026-07-27T14:04:36-04:00,7548492421.249016
2026-01-28,SNA,2026-07-27T14:04:36-04:00,19304099088.02594
2026-01-28,SNAP,2026-07-27T14:04:36-04:00,13187480677.546652
2026-01-28,SNDR,2026-07-27T14:04:36-04:00,5295800544.038429
2026-01-28,SNDX,2026-07-27T14:04:36-04:00,1786099854.589241
2026-01-28,SNEX,2026-07-27T14:04:36-04:00,2508899000.608216
2026-01-28,SNOW,2026-07-27T14:04:36-04:00,73915200000.0
2026-01-28,SNPS,2026-07-27T14:04:36-04:00,97830565805.81366
2026-01-28,SNX,2026-07-27T14:04:36-04:00,12738302902.22168
2026-01-28,SO,2026-07-27T14:04:36-04:00,97260592798.37318
2026-01-28,SOC,2026-07-27T14:04:36-04:00,1471362174.1014633
2026-01-28,SOFI,2026-07-27T14:04:36-04:00,31085980000.44716
2026-01-28,SON,2026-07-27T14:04:36-04:00,4681122706.67878
2026-01-28,SONO,2026-07-27T14:04:36-04:00,1761114575.6025925
2026-01-28,SOUN,2026-07-27T14:04:36-04:00,4070728716.8107615
2026-01-28,SPB,2026-07-27T14:04:36-04:00,1465863724.689293
2026-01-28,SPG,2026-07-27T14:04:36-04:00,69315556799.22005
2026-01-28,SPGI,2026-07-27T14:04:36-04:00,152540245544.4336
2026-01-28,SPNT,2026-07-27T14:04:39-04:00,2352646778.302002
2026-01-28,SPOT,2026-07-27T14:04:39-04:00,104738287943.85468
2026-01-28,SPSC,2026-07-27T14:04:39-04:00,3418612258.9088364
2026-01-28,SPXC,2026-07-27T14:04:39-04:00,10532249815.31668
2026-01-28,SR,2026-07-27T14:04:39-04:00,4962881354.601311
2026-01-28,SRCE,2026-07-27T14:04:39-04:00,1591432269.5380783
2026-01-28,SRE,2026-07-27T14:04:39-04:00,56639701595.64963
2026-01-28,SRI,2026-07-27T14:04:39-04:00,188834108.5274334
2026-01-28,SRPT,2026-07-27T14:04:39-04:00,2233014899.0076046
2026-01-28,SRRK,2026-07-27T14:04:39-04:00,4399581729.365719
2026-01-28,SSB,2026-07-27T14:04:39-04:00,10149036223.839417
2026-01-28,SSD,2026-07-27T14:04:39-04:00,7385406159.953018
2026-01-28,SSNC,2026-07-27T14:04:39-04:00,20690373003.6409
2026-01-28,SSTI,2026-07-27T14:04:39-04:00,90306238.38807867
2026-01-28,ST,2026-07-27T14:04:39-04:00,5006977966.348324
2026-01-28,STAA,2026-07-27T14:04:39-04:00,945357981.1183834
2026-01-28,STAG,2026-07-27T14:04:39-04:00,6987151604.862366
2026-01-28,STBA,2026-07-27T14:04:39-04:00,1593495972.5093842
2026-01-28,STC,2026-07-27T14:04:39-04:00,2038214963.2864685
2026-01-28,STE,2026-07-27T14:04:39-04:00,25692258299.2865
2026-01-28,STEP,2026-07-27T14:04:39-04:00,9100988266.142578
2026-01-28,STGW,2026-07-27T14:04:39-04:00,1627241721.7512646
2026-01-28,STLD,2026-07-27T14:04:39-04:00,25669537122.97241
2026-01-28,STNE,2026-07-27T14:04:39-04:00,4545239766.6085205
2026-01-28,STRA,2026-07-27T14:04:39-04:00,2015043424.439392
2026-01-28,STRL,2026-07-27T14:04:39-04:00,11474299865.466888
2026-01-28,STRT,2026-07-27T14:04:39-04:00,326534829.3703232
2026-01-28,STT,2026-07-27T14:04:39-04:00,35757579250.07147
2026-01-28,STWD,2026-07-27T14:04:39-04:00,6914750477.6646
2026-01-28,STX,2026-07-27T14:04:39-04:00,96502067282.47742
2026-01-28,STZ,2026-07-27T14:04:39-04:00,27461567852.386185
2026-01-28,SUI,2026-07-27T14:04:39-04:00,15949052565.566528
2026-01-28,SUPN,2026-07-27T14:04:39-04:00,2806187710.256386
2026-01-28,SVRA,2026-07-27T14:04:39-04:00,1141454637.615888
2026-01-28,SWBI,2026-07-27T14:04:39-04:00,492100838.3703184
2026-01-28,SWK,2026-07-27T14:04:39-04:00,12285475297.21286
2026-01-28,SWKS,2026-07-27T14:04:39-04:00,8288143373.61969
2026-01-28,SWX,2026-07-27T14:04:39-04:00,5914749188.050232
2026-01-28,SXC,2026-07-27T14:04:39-04:00,662084294.9137979
2026-01-28,SXI,2026-07-27T14:04:39-04:00,2933040748.357483
2026-01-28,SXT,2026-07-27T14:04:39-04:00,4038334063.2843018
2026-01-28,SYBT,2026-07-27T14:04:39-04:00,1993879478.672928
2026-01-28,SYF,2026-07-27T14:04:39-04:00,26443761355.667023
2026-01-28,SYK,2026-07-27T14:04:39-04:00,136842648828.75684
2026-01-28,SYNA,2026-07-27T14:04:39-04:00,3367300084.308975
2026-01-28,SYRE,2026-07-27T14:04:39-04:00,2571403140.841522
2026-01-28,SYY,2026-07-27T14:04:39-04:00,39995203144.09866
2026-01-28,T,2026-07-27T14:04:39-04:00,172109776321.47552
2026-01-28,TALO,2026-07-27T14:04:39-04:00,2059218025.557325
2026-01-28,TAP,2026-07-27T14:04:39-04:00,9440862367.14655
2026-01-28,TARS,2026-07-27T14:04:43-04:00,2724383571.854439
2026-01-28,TBBK,2026-07-27T14:04:43-04:00,3092829920.7839203
2026-01-28,TBPH,2026-07-27T14:04:43-04:00,964296396.7239972
2026-01-28,TCBI,2026-07-27T14:04:43-04:00,4512781473.183853
2026-01-28,TCBK,2026-07-27T14:04:43-04:00,1587543880.2006073
2026-01-28,TCMD,2026-07-27T14:04:43-04:00,639467693.9152336
2026-01-28,TDAY,2026-07-27T14:04:43-04:00,857644001.2764931
2026-01-28,TDC,2026-07-27T14:04:43-04:00,2805705050.468445
2026-01-28,TDG,2026-07-27T14:04:43-04:00,79718037511.32617
2026-01-28,TDOC,2026-07-27T14:04:43-04:00,1018697304.0795612
2026-01-28,TDS,2026-07-27T14:04:43-04:00,5041184843.414307
2026-01-28,TDW,2026-07-27T14:04:43-04:00,3021370005.3435745
2026-01-28,TDY,2026-07-27T14:04:43-04:00,29124166631.343567
2026-01-28,TEAM,2026-07-27T14:04:43-04:00,35473054740.98703
2026-01-28,TECH,2026-07-27T14:04:43-04:00,10215080297.157898
2026-01-28,TECX,2026-07-27T14:04:43-04:00,370395198.3352661
2026-01-28,TEL,2026-07-27T14:04:43-04:00,65097366206.1089
2026-01-28,TEN,2026-07-27T14:04:43-04:00,817663154.1715698
2026-01-28,TENB,2026-07-27T14:04:43-04:00,2721003623.110691
2026-01-28,TER,2026-07-27T14:04:43-04:00,39844737615.72455
2026-01-28,TEX,2026-07-27T14:04:43-04:00,3854695709.034496
2026-01-28,TFC,2026-07-27T14:04:43-04:00,64358883663.18747
2026-01-28,TFIN,2026-07-27T14:04:43-04:00,1504824170.94738
2026-01-28,TFSL,2026-07-27T14:04:43-04:00,3968162014.2079687
2026-01-28,TFX,2026-07-27T14:04:43-04:00,4654997075.562378
2026-01-28,TGLS,2026-07-27T14:04:43-04:00,2278177261.968796
2026-01-28,TGT,2026-07-27T14:04:43-04:00,46230568448.55869
2026-01-28,TGTX,2026-07-27T14:04:43-04:00,4811998875.023306
2026-01-28,THC,2026-07-27T14:04:43-04:00,16749582741.775513
2026-01-28,THFF,2026-07-27T14:04:43-04:00,740428294.1752052
2026-01-28,THG,2026-07-27T14:04:43-04:00,6128908429.324707
2026-01-28,THO,2026-07-27T14:04:43-04:00,5911061598.675728
2026-01-28,THRM,2026-07-27T14:04:43-04:00,1100126361.8666077
2026-01-28,TILE,2026-07-27T14:04:43-04:00,1835217110.1294024
2026-01-28,TJX,2026-07-27T14:04:43-04:00,164481210538.16705
2026-01-28,TK,2026-07-27T14:04:43-04:00,855248358.1607122
2026-01-28,TKO,2026-07-27T14:04:43-04:00,16006836744.739014
2026-01-28,TKR,2026-07-27T14:04:43-04:00,6505832025.485992
2026-01-28,TLN,2026-07-27T14:04:43-04:00,16683825129.414032
2026-01-28,TLRY,2026-07-27T14:04:43-04:00,914579279.4890348
2026-01-28,TMDX,2026-07-27T14:04:43-04:00,4818238269.475174
2026-01-28,TMHC,2026-07-27T14:04:43-04:00,5981749425.300056
2026-01-28,TMO,2026-07-27T14:04:43-04:00,228438021371.22803
2026-01-28,TMP,2026-07-27T14:04:43-04:00,1083568182.875061
2026-01-28,TMUS,2026-07-27T14:04:43-04:00,209609296013.75
2026-01-28,TNC,2026-07-27T14:04:43-04:00,1394788560.0803604
2026-01-28,TNDM,2026-07-27T14:04:43-04:00,1295703121.8732758
2026-01-28,TNET,2026-07-27T14:04:43-04:00,2805096809.847294
2026-01-28,TNK,2026-07-27T14:04:43-04:00,2187352653.362732
2026-01-28,TNL,2026-07-27T14:04:43-04:00,4523216611.372147
2026-01-28,TOL,2026-07-27T14:04:46-04:00,13774485491.867064
2026-01-28,TOST,2026-07-27T14:04:46-04:00,18733680358.88672
2026-01-28,TOWN,2026-07-27T14:04:46-04:00,3324529886.653328
2026-01-28,TPB,2026-07-27T14:04:46-04:00,2374118498.190468
2026-01-28,TPC,2026-07-27T14:04:46-04:00,4186758881.376343
2026-01-28,TPG,2026-07-27T14:04:46-04:00,22758612314.3938
2026-01-28,TPL,2026-07-27T14:04:46-04:00,24457905510.02689
2026-01-28,TPR,2026-07-27T14:04:46-04:00,26082694134.0
2026-01-28,TR,2026-07-27T14:04:46-04:00,2633896211.9930267
2026-01-28,TREE,2026-07-27T14:04:46-04:00,791670003.2740173
2026-01-28,TREX,2026-07-27T14:04:46-04:00,4501483415.40625
2026-01-28,TRGP,2026-07-27T14:04:46-04:00,43281538243.501465
2026-01-28,TRIP,2026-07-27T14:04:46-04:00,1520977517.1481953
2026-01-28,TRMB,2026-07-27T14:04:46-04:00,16674494343.957596
2026-01-28,TRMK,2026-07-27T14:04:46-04:00,2542036425.874832
2026-01-28,TRN,2026-07-27T14:04:46-04:00,2275571625.012995
2026-01-28,TRNO,2026-07-27T14:04:46-04:00,6192930459.262859
2026-01-28,TROW,2026-07-27T14:04:46-04:00,23125029220.5
2026-01-28,TROX,2026-07-27T14:04:46-04:00,1035346735.1056024
2026-01-28,TRS,2026-07-27T14:04:46-04:00,1393740095.8022232
2026-01-28,TRST,2026-07-27T14:04:46-04:00,779520269.1915398
2026-01-28,TRTX,2026-07-27T14:04:46-04:00,726962892.75
2026-01-28,TRU,2026-07-27T14:04:46-04:00,15811915643.310549
2026-01-28,TRUP,2026-07-27T14:04:46-04:00,1356854324.6484833
2026-01-28,TRV,2026-07-27T14:04:46-04:00,62912808036.73947
2026-01-28,TSCO,2026-07-27T14:04:46-04:00,29136173905.78804
2026-01-28,TSLA,2026-07-27T14:04:46-04:00,1434957909374.955
2026-01-28,TSN,2026-07-27T14:04:46-04:00,22807472746.47798
2026-01-28,TT,2026-07-27T14:04:46-04:00,87715557234.05194
2026-01-28,TTC,2026-07-27T14:04:46-04:00,8812401266.03698
2026-01-28,TTD,2026-07-27T14:04:46-04:00,15582609645.367186
2026-01-28,TTEK,2026-07-27T14:04:46-04:00,9689520758.18151
2026-01-28,TTI,2026-07-27T14:04:46-04:00,1523375118.3782902
2026-01-28,TTMI,2026-07-27T14:04:46-04:00,10125377522.011757
2026-01-28,TTWO,2026-07-27T14:04:46-04:00,44934515012.39941
2026-01-28,TVTX,2026-07-27T14:04:46-04:00,2709222122.9957714
2026-01-28,TW,2026-07-27T14:04:46-04:00,22665494110.448555
2026-01-28,TWI,2026-07-27T14:04:46-04:00,549343343.2182236
2026-01-28,TWLO,2026-07-27T14:04:46-04:00,20845489940.66844
2026-01-28,TWST,2026-07-27T14:04:46-04:00,2574106059.684208
2026-01-28,TXN,2026-07-27T14:04:46-04:00,196528180374.2201
2026-01-28,TXRH,2026-07-27T14:04:46-04:00,12077398912.75
2026-01-28,TXT,2026-07-27T14:04:46-04:00,15466437716.20182
2026-01-28,TYL,2026-07-27T14:04:46-04:00,18131890015.08069
2026-01-28,U,2026-07-27T14:04:46-04:00,17184979709.585682
2026-01-28,UAA,2026-07-27T14:04:46-04:00,2573008500.105432
2026-01-28,UAL,2026-07-27T14:04:46-04:00,33963353611.553925
2026-01-28,UBER,2026-07-27T14:04:46-04:00,166374699425.6029
2026-01-28,UBSI,2026-07-27T14:04:46-04:00,5817940443.733509
2026-01-28,UCB,2026-07-27T14:04:46-04:00,4160892836.735664
2026-01-28,UCTT,2026-07-27T14:04:49-04:00,2057396782.14624
2026-01-28,UDR,2026-07-27T14:04:49-04:00,13715496752.845345
2026-01-28,UE,2026-07-27T14:04:49-04:00,2537106481.3850746
2026-01-28,UEC,2026-07-27T14:04:49-04:00,9735220581.249847
2026-01-28,UFCS,2026-07-27T14:04:49-04:00,890705221.4968224
2026-01-28,UFPI,2026-07-27T14:04:49-04:00,5973113105.605225
2026-01-28,UFPT,2026-07-27T14:04:49-04:00,1881065044.5269773
2026-01-28,UGI,2026-07-27T14:04:49-04:00,8727584180.177986
2026-01-28,UHAL,2026-07-27T14:04:49-04:00,10671057171.740112
2026-01-28,UHS,2026-07-27T14:04:49-04:00,12919927318.71382
2026-01-28,UHT,2026-07-27T14:04:49-04:00,529991814.7851219
2026-01-28,UI,2026-07-27T14:04:49-04:00,33561578023.883057
2026-01-28,ULTA,2026-07-27T14:04:49-04:00,28616293911.86798
2026-01-28,UMBF,2026-07-27T14:04:49-04:00,9468508193.754272
2026-01-28,UMH,2026-07-27T14:04:49-04:00,1307438490.8051682
2026-01-28,UNFI,2026-07-27T14:04:49-04:00,2279459264.6725426
2026-01-28,UNH,2026-07-27T14:04:49-04:00,266334661100.5597
2026-01-28,UNIT,2026-07-27T14:04:49-04:00,1756916965.9537196
2026-01-28,UNM,2026-07-27T14:04:49-04:00,12993197311.81643
2026-01-28,UNP,2026-07-27T14:04:49-04:00,135068670016.59344
2026-01-28,UPBD,2026-07-27T14:04:49-04:00,1094997364.374287
2026-01-28,UPS,2026-07-27T14:04:49-04:00,87977584027.23262
2026-01-28,UPST,2026-07-27T14:04:49-04:00,4199371170.928436
2026-01-28,UPWK,2026-07-27T14:04:49-04:00,2719760965.6412373
2026-01-28,URBN,2026-07-27T14:04:49-04:00,6243871987.507263
2026-01-28,URGN,2026-07-27T14:04:49-04:00,997965563.1550598
2026-01-28,URI,2026-07-27T14:04:49-04:00,58112348455.26306
2026-01-28,USB,2026-07-27T14:04:49-04:00,86675702610.01587
2026-01-28,USFD,2026-07-27T14:04:49-04:00,18867129994.58077
2026-01-28,USLM,2026-07-27T14:04:49-04:00,3511780350.840843
2026-01-28,USNA,2026-07-27T14:04:49-04:00,390661929.43190575
2026-01-28,USPH,2026-07-27T14:04:49-04:00,1254491973.6795044
2026-01-28,UTHR,2026-07-27T14:04:49-04:00,21134232147.821594
2026-01-28,UTI,2026-07-27T14:04:49-04:00,1518995106.7791748
2026-01-28,UTL,2026-07-27T14:04:49-04:00,882482673.1106148
2026-01-28,UTZ,2026-07-27T14:04:49-04:00,896975183.5
2026-01-28,UVE,2026-07-27T14:04:49-04:00,838229327.6026726
2026-01-28,UVSP,2026-07-27T14:04:49-04:00,951658309.7394104
2026-01-28,UVV,2026-07-27T14:04:49-04:00,1379635156.010666
2026-01-28,UWMC,2026-07-27T14:04:49-04:00,9503503593.574762
2026-01-28,V,2026-07-27T14:04:49-04:00,631037795560.2235
2026-01-28,VAC,2026-07-27T14:04:49-04:00,1881962653.698269
2026-01-28,VAL,2026-07-27T14:04:49-04:00,4050622022.144188
2026-01-28,VC,2026-07-27T14:04:49-04:00,2483837446.3519897
2026-01-28,VCEL,2026-07-27T14:04:49-04:00,1830779779.78492
2026-01-28,VCTR,2026-07-27T14:04:49-04:00,4633430582.213974
2026-01-28,VCYT,2026-07-27T14:04:49-04:00,3041812140.8541603
2026-01-28,VEEV,2026-07-27T14:04:49-04:00,35833601474.4265
2026-01-28,VERX,2026-07-27T14:04:49-04:00,3153867921.3061066
2026-01-28,VFC,2026-07-27T14:04:49-04:00,7466750363.859467
2026-01-28,VHC,2026-07-27T14:04:53-04:00,82560014.7341423
2026-01-28,VIAV,2026-07-27T14:04:53-04:00,4693872115.9684925
2026-01-28,VICI,2026-07-27T14:04:53-04:00,29809148512.72931
2026-01-28,VICR,2026-07-27T14:04:53-04:00,7479506401.891113
2026-01-28,VIRT,2026-07-27T14:04:53-04:00,7996056132.691841
2026-01-28,VISN,2026-07-27T14:04:53-04:00,4162900407.363899
2026-01-28,VITL,2026-07-27T14:04:53-04:00,1218314648.2077026
2026-01-28,VKTX,2026-07-27T14:04:53-04:00,3437435203.7920227
2026-01-28,VLO,2026-07-27T14:04:53-04:00,57166135442.147446
2026-01-28,VLY,2026-07-27T14:04:53-04:00,6867776913.94994
2026-01-28,VMC,2026-07-27T14:04:53-04:00,39603597607.28348
2026-01-28,VMI,2026-07-27T14:04:53-04:00,8782445568.549683
2026-01-28,VNO,2026-07-27T14:04:53-04:00,6513413403.273716
2026-01-28,VNT,2026-07-27T14:04:53-04:00,5413230223.846436
2026-01-28,VOYA,2026-07-27T14:04:53-04:00,7308468624.643738
2026-01-28,VPG,2026-07-27T14:04:53-04:00,589192987.266407
2026-01-28,VRDN,2026-07-27T14:04:53-04:00,3208760207.0169373
2026-01-28,VREX,2026-07-27T14:04:53-04:00,586033640.1708069
2026-01-28,VRNS,2026-07-27T14:04:53-04:00,3938949042.2902985
2026-01-28,VRRM,2026-07-27T14:04:53-04:00,3165758652.8276024
2026-01-28,VRSK,2026-07-27T14:04:53-04:00,30601770146.609497
2026-01-28,VRSN,2026-07-27T14:04:53-04:00,23679078579.0
2026-01-28,VRT,2026-07-27T14:04:53-04:00,74081869426.63292
2026-01-28,VRTS,2026-07-27T14:04:53-04:00,1122919831.25
2026-01-28,VRTX,2026-07-27T14:04:53-04:00,122531656958.3406
2026-01-28,VSAT,2026-07-27T14:04:53-04:00,6435859845.115723
2026-01-28,VSEC,2026-07-27T14:04:53-04:00,4819270002.802444
2026-01-28,VSH,2026-07-27T14:04:53-04:00,2612788433.7174416
2026-01-28,VST,2026-07-27T14:04:53-04:00,56123053956.79733
2026-01-28,VSTM,2026-07-27T14:04:53-04:00,469242355.4366112
2026-01-28,VTOL,2026-07-27T14:04:53-04:00,1276818044.128418
2026-01-28,VTR,2026-07-27T14:04:53-04:00,35662115137.97351
2026-01-28,VTRS,2026-07-27T14:04:53-04:00,14973440631.566015
2026-01-28,VVV,2026-07-27T14:04:53-04:00,4178626511.2555847
2026-01-28,VVX,2026-07-27T14:04:53-04:00,2116541163.0638504
2026-01-28,VYX,2026-07-27T14:04:53-04:00,1380820341.2928286
2026-01-28,VZ,2026-07-27T14:04:53-04:00,166169327878.11453
2026-01-28,W,2026-07-27T14:04:53-04:00,14166446342.098206
2026-01-28,WAB,2026-07-27T14:04:53-04:00,39130390199.196014
2026-01-28,WABC,2026-07-27T14:04:53-04:00,1245655205.13311
2026-01-28,WAFD,2026-07-27T14:04:53-04:00,2442524872.775463
2026-01-28,WAL,2026-07-27T14:04:53-04:00,9759559311.825714
2026-01-28,WASH,2026-07-27T14:04:53-04:00,578295920.889988
2026-01-28,WAT,2026-07-27T14:04:53-04:00,22927642387.649963
2026-01-28,WBS,2026-07-27T14:04:53-04:00,10408062991.172424
2026-01-28,WCC,2026-07-27T14:04:53-04:00,14175448285.472715
2026-01-28,WD,2026-07-27T14:04:53-04:00,2187918863.76828
2026-01-28,WDAY,2026-07-27T14:04:53-04:00,50495038696.28906
2026-01-28,WDC,2026-07-27T14:04:53-04:00,95879915044.3158
2026-01-28,WDFC,2026-07-27T14:04:53-04:00,2965166405.866944
2026-01-28,WEC,2026-07-27T14:04:56-04:00,35795379787.89578
2026-01-28,WELL,2026-07-27T14:04:56-04:00,126243181905.02556
2026-01-28,WEN,2026-07-27T14:04:56-04:00,1513086920.7842226
2026-01-28,WERN,2026-07-27T14:04:56-04:00,2053974892.1625824
2026-01-28,WEX,2026-07-27T14:04:56-04:00,5303748795.863342
2026-01-28,WFC,2026-07-27T14:04:56-04:00,276333608400.3697
2026-01-28,WFRD,2026-07-27T14:04:56-04:00,6568592758.258423
2026-01-28,WGO,2026-07-27T14:04:56-04:00,1301253082.0845032
2026-01-28,WGS,2026-07-27T14:04:56-04:00,2754318407.5629425
2026-01-28,WH,2026-07-27T14:04:56-04:00,5558735087.420776
2026-01-28,WHD,2026-07-27T14:04:56-04:00,3772438907.079151
2026-01-28,WHR,2026-07-27T14:04:56-04:00,4540741156.236862
2026-01-28,WINA,2026-07-27T14:04:56-04:00,1638582100.0
2026-01-28,WING,2026-07-27T14:04:56-04:00,7614808056.666138
2026-01-28,WIX,2026-07-27T14:04:56-04:00,5181046797.142265
2026-01-28,WK,2026-07-27T14:04:56-04:00,4562649154.596764
2026-01-28,WKC,2026-07-27T14:04:56-04:00,1429527203.857212
2026-01-28,WLDN,2026-07-27T14:04:56-04:00,1967044272.5226133
2026-01-28,WLFC,2026-07-27T14:04:56-04:00,1350960418.9163208
2026-01-28,WLK,2026-07-27T14:04:56-04:00,10503005333.447266
2026-01-28,WLY,2026-07-27T14:04:56-04:00,1648231267.919098
2026-01-28,WM,2026-07-27T14:04:56-04:00,93304011470.50534
2026-01-28,WMB,2026-07-27T14:04:56-04:00,81723964343.52147
2026-01-28,WMG,2026-07-27T14:04:56-04:00,15588507390.11238
2026-01-28,WMK,2026-07-27T14:04:56-04:00,1702428417.9145205
2026-01-28,WMS,2026-07-27T14:04:56-04:00,11818646402.014269
2026-01-28,WMT,2026-07-27T14:04:56-04:00,929395252858.419
2026-01-28,WNC,2026-07-27T14:04:56-04:00,402013347.1866455
2026-01-28,WOR,2026-07-27T14:04:56-04:00,2672973298.763428
2026-01-28,WPC,2026-07-27T14:04:56-04:00,14879947463.98877
2026-01-28,WRB,2026-07-27T14:04:56-04:00,25716032216.410446
2026-01-28,WRBY,2026-07-27T14:04:56-04:00,3099321408.334791
2026-01-28,WRLD,2026-07-27T14:04:56-04:00,582250557.3525009
2026-01-28,WSBC,2026-07-27T14:04:56-04:00,3294355328.8232155
2026-01-28,WSC,2026-07-27T14:04:56-04:00,3685199638.2463207
2026-01-28,WSFS,2026-07-27T14:04:56-04:00,3402484343.4713364
2026-01-28,WSM,2026-07-27T14:04:56-04:00,24559000012.648407
2026-01-28,WSO,2026-07-27T14:04:56-04:00,15663528083.46753
2026-01-28,WST,2026-07-27T14:04:56-04:00,16970731412.769226
2026-01-28,WT,2026-07-27T14:04:56-04:00,2494936654.439408
2026-01-28,WTFC,2026-07-27T14:04:56-04:00,9728775494.475817
2026-01-28,WTM,2026-07-27T14:04:56-04:00,5187171060.742676
2026-01-28,WTS,2026-07-27T14:04:56-04:00,9791417262.25409
2026-01-28,WTTR,2026-07-27T14:04:56-04:00,1392133199.7288475
2026-01-28,WTW,2026-07-27T14:04:56-04:00,30662259015.511475
2026-01-28,WU,2026-07-27T14:04:56-04:00,3016514453.820896
2026-01-28,WULF,2026-07-27T14:04:56-04:00,6326283078.166984
2026-01-28,WVE,2026-07-27T14:04:56-04:00,2364723543.8058624
2026-01-28,WWD,2026-07-27T14:04:56-04:00,19555353227.196533
2026-01-28,WWW,2026-07-27T14:04:56-04:00,1413126525.5190372
2026-01-28,WY,2026-07-27T14:04:59-04:00,18795360999.530792
2026-01-28,WYNN,2026-07-27T14:04:59-04:00,11736870646.579926
2026-01-28,XEL,2026-07-27T14:04:59-04:00,44962939409.39529
2026-01-28,XENE,2026-07-27T14:04:59-04:00,3241686518.70615
2026-01-28,XERS,2026-07-27T14:04:59-04:00,1188017883.9219627
2026-01-28,XHR,2026-07-27T14:04:59-04:00,1475323900.0316849
2026-01-28,XMTR,2026-07-27T14:04:59-04:00,3324435585.475891
2026-01-28,XNCR,2026-07-27T14:04:59-04:00,881919319.3909321
2026-01-28,XOM,2026-07-27T14:04:59-04:00,586537533092.9984
2026-01-28,XP,2026-07-27T14:04:59-04:00,10584186882.081032
2026-01-28,XPO,2026-07-27T14:04:59-04:00,17455873208.186096
2026-01-28,XPRO,2026-07-27T14:04:59-04:00,1791694755.0
2026-01-28,XRAY,2026-07-27T14:04:59-04:00,2456484822.1253386
2026-01-28,XYL,2026-07-27T14:04:59-04:00,32994928457.97206
2026-01-28,XYZ,2026-07-27T14:04:59-04:00,39147485224.12109
2026-01-28,YELP,2026-07-27T14:04:59-04:00,1734168040.0
2026-01-28,YETI,2026-07-27T14:04:59-04:00,3774489788.430664
2026-01-28,YORW,2026-07-27T14:04:59-04:00,471436646.5974426
2026-01-28,YOU,2026-07-27T14:04:59-04:00,4514025475.280857
2026-01-28,YUM,2026-07-27T14:04:59-04:00,42725218682.246704
2026-01-28,YUMC,2026-07-27T14:04:59-04:00,17688176155.180504
2026-01-28,Z,2026-07-27T14:04:59-04:00,15970501379.947891
2026-01-28,ZBH,2026-07-27T14:04:59-04:00,16986140897.609367
2026-01-28,ZBRA,2026-07-27T14:04:59-04:00,12011150039.726074
2026-01-28,ZD,2026-07-27T14:04:59-04:00,1611004135.6992798
2026-01-28,ZETA,2026-07-27T14:04:59-04:00,4994560896.546501
2026-01-28,ZION,2026-07-27T14:04:59-04:00,8612599760.360718
2026-01-28,ZM,2026-07-27T14:04:59-04:00,28797622969.423462
2026-01-28,ZS,2026-07-27T14:04:59-04:00,34118864464.932495
2026-01-28,ZTS,2026-07-27T14:04:59-04:00,54037360876.20886
2026-01-28,ZUMZ,2026-07-27T14:04:59-04:00,415603660.31890106
2026-01-28,ZWS,2026-07-27T14:04:59-04:00,7732548915.214851
2026-01-28,ZYME,2026-07-27T14:04:59-04:00,1698915048.6813068
