ticker,weight,beta,beta_contribution,component_contribution,percentage_contribution
MPWR,-0.002020431556748411,2.1924561808655616,-0.0044297076546088825,0.00020462485256871494,0.01733624524433489
SMR,-0.0013721399120191534,2.2639511835539965,-0.003106457777817439,0.000202214656002131,0.01713204835309304
POOL,-0.0018489776736932651,0.7122965401305384,-0.0013170203997503245,0.00019901585497461815,0.016861039243472934
IQV,-0.00224208033391056,1.049758426621174,-0.0023536427236842254,0.00019274250169286852,0.01632954764002636
HRI,-0.0013277573317909345,1.6436201254391118,-0.002182328672230916,0.0001885163871131426,0.015971502378832172
WWW,-0.0011059597354123583,1.7715170554284652,-0.0019592265339001456,0.00018049299932713103,0.015291744194024254
ALGN,-0.0017272944030757656,1.2535632956500207,-0.002165272864477492,0.00017766910872158497,0.015052498279041957
CRL,-0.0014209132340479802,1.3976360236773606,-0.001985919522425358,0.00017601362127180894,0.014912241921771777
FERG,-0.0022840516571481684,0.9586040404062339,-0.002189501147038788,0.00016213890972420028,0.013736747356648144
WSM,-0.0017583439014252939,1.3999004767820395,-0.0024615064659520604,0.0001600272234995912,0.013557840885565347
DHI,-0.0012682870333855702,0.5691101709550098,-0.0007217950503900842,0.00015196552956961993,0.012874837324168446
KTOS,-0.001306397646638573,1.0754807188045503,-0.0014050054800514252,0.0001498229349571568,0.012693312229857734
CAH,0.002184620383267865,0.3440869919812158,0.0007516994562994904,0.00014306929191044399,0.012121129473556454
RVTY,-0.0015405203582419646,1.1466627205362105,-0.0017664572650231487,0.00014250741961773536,0.012073526478416249
MTH,-0.0011499196769696551,0.826153185710628,-0.0009500098044398169,0.00014166947450197499,0.012002534016622117
FOR,-0.0012261730772510798,0.8041762818465689,-0.000986059306164139,0.00014087541566689004,0.011935259692263884
MUR,-0.001130823753669865,1.572435050648919,-0.001778146906376875,0.00013264590082169605,0.0112380379921272
PFSI,-0.00159100322486616,0.6199352077151511,-0.0009863189146828782,0.0001312025167844125,0.011115751479330799
UHS,0.0019524952147995105,0.667660300777097,0.001303603542378884,0.00012766099883302617,0.010815706675526577
WMS,-0.0011099627448446915,1.0925165314006124,-0.0012126526479816254,0.0001275368534284272,0.010805188817343332
TW,0.0018834065894989985,0.4288814340878267,0.0008077581190747932,0.00012538040530001398,0.010622490024202826
PM,0.002078445626990059,0.10050561821755502,0.00020889546267220967,0.0001234309831707713,0.010457330906465962
CAMT,-0.0012876375028237272,1.8805582636777283,-0.0024214773465565144,0.00012194925755910215,0.010331796015340837
AMKR,-0.0013469526507236145,2.0323987538503414,-0.0027375448888260884,0.00011960235517635683,0.010132961539659913
TPG,-0.0022333865277754956,1.568252763160299,-0.0035025145933889066,0.0001180178539527126,0.009998719283852688
HOOD,-0.001834578816165425,2.5401218598979134,-0.004660053754647431,0.00011654562186629322,0.009873988704031382
BX,-0.002047768375133531,1.513222784123723,-0.0030987297618600743,0.00011593222707731381,0.009822020615307783
HAL,-0.0017937982766037675,1.2622763779631723,-0.002264269191387984,0.00011459200524201281,0.009708474219907018
FTDR,-0.0015142436113097413,0.8445680511711665,-0.0012788817758022577,0.00011308439153882048,0.009580746035553237
EQT,0.001410952516634003,0.7454805720744906,0.0010518376892702588,0.00011247185174346725,0.009528850383676872
LITE,0.0012208811677210689,2.2992121213813634,0.0028070647795905147,0.0001123683788375466,0.009520083942794126
LHX,-0.002285617173897859,0.44860285214605544,-0.0010253343831245862,0.00011216222362024605,0.009502618041850734
SGI,-0.0022887013294306045,0.9927401859328213,-0.0022720857833236335,0.00011102002573354807,0.00940584864931222
NOC,-0.0022759699287638433,0.07818785289396055,-0.00017795320198126525,0.00011044904352355482,0.009357473842936875
AVTR,-0.0006553699188767158,1.158894384999946,-0.0007595045190840961,0.00011030320404171578,0.00934511801718194
W,-0.000675959472678142,2.4960850655967786,-0.001687252344700584,0.00010928468805161502,0.009258827213459875
JOBY,-0.0006526133880048742,1.887581693840735,-0.0012318610843533814,0.00010609910202526999,0.008988937706362499
YETI,-0.001173590931122427,1.391117091293317,-0.0016326024024712461,0.00010491285952968579,0.008888436762491111
SAIA,-0.000807374330452376,1.5121344892023487,-0.0012208585707736918,0.00010305566583440453,0.008731091430467883
BXP,-0.001867985834397518,0.8983512264809507,-0.0016781073653800522,0.00010138303986112136,0.008589383061660903
TMO,-0.0015803875614214997,0.8893385164998062,-0.001405499529369343,0.00010093357488885635,0.00855130344967776
RIOT,-0.0004942154993020775,2.2821923310640315,-0.0011278948224001826,0.0001002676682484089,0.008494886447130373
CLH,-0.0020587265811156195,0.7634228947199393,-0.0015716790059921702,9.985361946363246e-05,0.008459807368582995
SPSC,-0.0010248650166819412,1.0138419798617653,-0.0010390511776038804,9.927349454614295e-05,0.008410657972917237
BG,-0.0020056730252753624,0.45664858496266303,-0.0009158877488897778,9.832477258210123e-05,0.008330280264975865
EXP,-0.001261113608587583,1.0426423218825678,-0.0013148904210154614,9.805467020259089e-05,0.008307396626778998
PLTR,-0.0018506864014298555,2.000594291195785,-0.0037024726494942397,9.798152691197858e-05,0.008301199774304263
NVST,-0.0011986811868009472,1.2745078119079698,-0.0015277285365649235,9.678438769716177e-05,0.008199775637601683
QS,-0.000369540312835297,1.6785204393448956,-0.0006202809682559529,9.619478850666172e-05,0.008149823561722055
OKTA,-0.0014309015706608702,1.1228917884332759,-0.001606747623751368,9.52805873800467e-05,0.008072370531287626
MSTR,-0.0005689412278175247,2.003594192998941,-0.00113992734021288,9.398869012533402e-05,0.007962918295368916
MTSI,-0.0013429183777687026,1.7241907793126805,-0.00231544748431834,9.255310922445279e-05,0.007841292880599697
CRS,0.0014082601645077828,1.4800204553465213,0.0020842538499211754,9.161253847861148e-05,0.00776160576090305
WDC,0.0011104216420415717,1.777751548463348,0.0019740537935866173,9.131443542909065e-05,0.007736349847412085
TTEK,-0.0009718621915111781,0.4897286881398502,-0.0004759487961014891,8.980306391118267e-05,0.007608303293140497
NXPI,-0.0013931843709406385,1.8093790080352534,-0.002520798555102791,8.853285956989904e-05,0.0075006889261929775
RUM,-0.0008009381721099821,1.8912480325723526,-0.0015147727422151,8.843286315105819e-05,0.007492217020562658
SOUN,-0.00046522573165069656,2.7198648426562126,-0.0012653511114157432,8.735381840446422e-05,0.007400798094065045
IEX,-0.001803013220900854,0.8848742294298395,-0.0015954399344964563,8.727982856613457e-05,0.007394529520298128
VRSN,0.002422069975842186,0.4197520740481151,0.0010166688958494255,8.684471801704592e-05,0.0073576660450520555
MOD,-0.0007640293854273442,1.9659168285448838,-0.0015020182263144211,8.64299550404085e-05,0.007322526458677316
ESAB,-0.0014112713700996382,1.0686898457723666,-0.0015082113828547388,8.583680020752743e-05,0.007272273141342681
L,0.002533197900979631,0.5275354310832501,0.0013363516467124737,8.533888925035921e-05,0.007230089084250147
HD,-0.0019730126257684363,0.6212076165548926,-0.0012256504706863207,8.48427999954689e-05,0.0071880593655825695
MTW,-0.0007292638491398868,1.4367240438389555,-0.00104775090636182,8.404115571654619e-05,0.007120142386566273
PDFS,-0.0006308644337110175,1.5414674522250313,-0.0009724569913319093,8.258576902187848e-05,0.006996838983546698
MAN,-0.0009401126021223234,0.9475401610970035,-0.0008907944464643094,8.191157548156198e-05,0.006939719897519998
CNMD,-0.0007785279140301323,0.9414873929603632,-0.000732974216127099,8.179240962025181e-05,0.006929623916653101
EXEL,0.001398859605347936,0.5961749841080536,0.0008339651029877039,8.17610099889592e-05,0.0069269636742542075
PK,-0.0010631963779448243,1.295639996960608,-0.0013775197518889617,8.130441489684078e-05,0.006888279983612738
AVAV,-0.0005238181140201822,1.2113091946582093,-0.0006345056978411689,8.066180239914797e-05,0.00683383650953211
JBTM,-0.0012232304601018911,1.1171382139579957,-0.001366517491457244,8.01589053254263e-05,0.006791230018222509
AVT,-0.0014045071976853554,1.1118852479422614,-0.0015616508337350722,7.909800977333255e-05,0.006701348729420872
IONQ,-0.0005288758699645615,2.4413442534374665,-0.001291168065919723,7.833920258256017e-05,0.006637060998056582
RVMD,-0.0012069857754407065,1.0395890271716468,-0.0012547691681004198,7.82265565558762e-05,0.0066275173912078615
TRV,0.0016309443091873262,0.44158670368624675,0.0007202033213898742,7.768966210535166e-05,0.006582030571069579
CRDO,-0.0006159308034784855,2.5869855296253212,-0.0015934040758493393,7.530902734643816e-05,0.006380338217967684
BEAM,-0.0007812225469498579,1.658014572809634,-0.001295278367450323,7.5264199251887e-05,0.006376540288091526
NOV,-0.0009403436601588223,1.404362728093958,-0.0013205835879265013,7.3790965609952e-05,0.006251724854393349
CRSP,-0.0006253498486555682,1.272969995571458,-0.0007960515940736906,7.307007366851496e-05,0.006190649382208363
SDRL,-0.0011375715564673147,1.4156211741149665,-0.0016103703824060498,7.305884404106102e-05,0.0061896979846967695
RMD,-0.0023892394813647974,0.6311042956059024,-0.001507859299920542,7.300975967485216e-05,0.006185539454588733
LOW,-0.0013940310810879994,0.6490502648485392,-0.0009047962423872614,7.256898378232797e-05,0.006148195999604329
JJSF,-0.0009716026158443075,0.10002372605263374,-9.718331387923335e-05,7.186384613179935e-05,0.006088455263876869
KLIC,-0.0006522584193555764,1.567900638550729,-0.0010226763922076974,7.162400955458796e-05,0.006068135807716468
ROCK,-0.0007650373827280555,1.1893124355269475,-0.0009098684729214652,7.130243208495426e-05,0.006040891092284111
WLDN,-0.000795355531024269,1.0335944868842837,-0.0008220750919796064,7.050204327719525e-05,0.00597308047940916
ZBRA,-0.0015498597573534768,1.6890591558923922,-0.0026178048135070513,6.953300496042583e-05,0.005890981527596694
QDEL,-0.0006336322654380925,1.6209880483484325,-0.0010271103293230895,6.921061165338672e-05,0.005863667692713977
HP,-0.0007403056791211576,1.5450217947069675,-0.0011437884089875313,6.857794107677977e-05,0.005810066518969699
SMG,-0.0008666426409307797,0.9775329363359164,-0.0008471717255429784,6.835538003253064e-05,0.00579121068207353
ENOV,-0.0007970050502310195,1.422258932744284,-0.0011335475521333743,6.751472080678972e-05,0.005719988275208445
WELL,0.0015192964332614205,0.2995134794088983,0.00045504976097965707,6.690065456990286e-05,0.005667963300014576
MANH,-0.0013025634620341727,1.2796949016406498,-0.0016668838214285249,6.671259998435555e-05,0.005652030922429722
ASTS,-0.0003431291315076015,2.198162097854624,-0.0007542534515497844,6.586920572409587e-05,0.005580576797723065
KHC,-0.002058702894262748,0.23802920396197935,-0.0004900314111155849,6.534856049351739e-05,0.005536466645464942
TMP,-0.001586155259694029,0.9013803456994167,-0.0014297291763159519,6.423714321807266e-05,0.005442305050653628
CAT,-0.0017622318761988938,1.143192120471746,-0.0020145695953147167,6.404841785174062e-05,0.0054263158431185335
FBK,-0.0013381666885294644,0.9926478143485795,-0.0013283282386028492,6.382611732764396e-05,0.005407482078034258
TREE,-0.00042262419002498785,1.2421652653310535,-0.0005249690891377106,6.379735082699152e-05,0.005405044919967328
ABT,0.0020871775534029675,0.23355271250418014,0.00048746597907510134,6.300867976553755e-05,0.005338227059053369
WMB,0.0016862831850288672,0.5665180087790902,0.000955309792220216,6.278881984522954e-05,0.005319600067023749
LUMN,-0.0007229833961554175,1.9341405000489829,-0.001398351467367151,6.212144422780593e-05,0.005263058609676285
GE,0.001552796571747731,1.0870781851396363,0.0016880112791065724,6.194766407786074e-05,0.00524833559211401
FLS,0.0022902948711909137,1.4971303465223955,0.003428869954144518,6.154677995190473e-05,0.005214371850980462
UEC,-0.0006576695016583009,1.0520663072089793,-0.0006919119239736183,6.134421868160935e-05,0.0051972104367399045
COIN,-0.0004695197654012373,2.093511421009228,-0.0009829449912570635,6.133264345144978e-05,0.005196229759044665
OVV,-0.0017836166310935691,1.4381803065264827,-0.0025651623132318816,6.09997420799672e-05,0.005168025658976911
DHR,-0.0011750643303129191,0.9436758015589265,-0.001108879773791347,6.098940515312456e-05,0.005167149892927151
FUL,-0.0008244191382109047,0.9872922980414448,-0.0008139426655135916,6.072829067227003e-05,0.005145027728292133
ENTG,-0.0005605764858249388,2.352978208969182,-0.0013190242556066025,6.0397441021915945e-05,0.005116997454327172
TSLA,-0.0009448350704490079,2.2067012554548215,-0.0020849687361575706,6.0095463786190665e-05,0.005091413311682613
AGNC,-0.0013375248381588029,0.6547420699253101,-0.00087573378111261,5.914485284570974e-05,0.005010875565708717
PDM,-0.0012163378389440443,0.9058530790259244,-0.0011018233765432014,5.9122703130776375e-05,0.005008998995559214
CSTM,-0.0006388903328470965,1.5008927193577823,-0.0009589058490382773,5.8739849945471915e-05,0.004976562873408391
SITM,-0.00046895333175557113,2.547755877755467,-0.001194778607373266,5.8665699331936e-05,0.004970280678429925
WDAY,0.0013301515507742586,0.9653317016558541,0.0012840374599690882,5.839074025576578e-05,0.004946985570739905
CB,0.0011471895619212075,0.2476519846980716,0.00028410377183469833,5.822997746844678e-05,0.004933365411349984
AROC,0.0019286215415030355,1.229193447005577,0.002370648960569326,5.818413024678929e-05,0.00492948113889506
SHW,-0.0013381675140452503,0.701303736500836,-0.000938461877663969,5.7893252442323016e-05,0.004904837363268306
EW,0.001728399581217505,0.5269071925443495,0.0009107061709341448,5.741181727197391e-05,0.00486404916927502
AMPL,-0.000957580199663509,1.4559948037536963,-0.001394231794887496,5.725222361264444e-05,0.004850528060852242
ICLR,-0.0005366963438656944,0.9842868432648524,-0.0005282631500953521,5.648862932203905e-05,0.004785834756383453
CMCO,-0.0003077165471074734,1.5403710018624288,-0.00047399764595758607,5.6225698624626734e-05,0.004763558718085157
BMRN,0.001881384716905141,0.7394783485214919,0.0013912432633905881,5.6207844949448664e-05,0.004762046117403889
AER,0.0009659478650233907,0.807941402688221,0.0007804292729906906,5.5902521092959324e-05,0.004736178442052637
CHWY,0.0008130598877174436,0.7163733626144466,0.0005824544457710695,5.5572795660183385e-05,0.004708243414150889
T,0.0009652105776777817,0.11883496348861336,0.0001147007637571626,5.512737614922516e-05,0.0046705065421060316
PSMT,-0.001121159299472265,0.3976192733631209,-0.00044579454598046766,5.512464927396577e-05,0.00467027551553397
CMPR,-0.000470449266796383,0.9962051846112003,-0.0004686639986790946,5.503437632369235e-05,0.004662627402486
RGEN,-0.0008703616858668148,1.4549967199093883,-0.001266373398071021,5.4875535537138126e-05,0.0046491700790184986
GWW,-0.0023597569259973254,0.6542922415978941,-0.001543970648736946,5.482340139572509e-05,0.004644753165580109
VNO,-0.0010113658144798245,1.1950646036937749,-0.0012086474862707632,5.455847589147558e-05,0.004622308123076749
NLY,-0.001827026584052483,0.702514147642021,-0.0012835120234149435,5.409088898475362e-05,0.00458269318292548
SCHW,0.0017962649348288455,0.8503682770167759,0.0015274867176960567,5.391464417459802e-05,0.004567761354198212
VC,-0.0008502142558018166,1.0085111412733276,-0.000857450549445543,5.3124810808685845e-05,0.004500845020420945
STX,0.0005595219526959115,1.5120939844945542,0.0008460497788641343,5.3057817423554656e-05,0.004495169200793941
FMC,-0.0006747154482249635,1.08511623009853,-0.0007321446835671123,5.276735746524981e-05,0.004470560825967421
FLR,-0.0009381093667539115,1.476675653056342,-0.0013852832617896038,5.267277051133986e-05,0.004462547221513648
CDNS,-0.0016569017271230683,1.291772737389433,-0.002140340479631045,5.253653674754792e-05,0.004451005212270842
SPOT,0.0008166048046494152,0.9622367411896142,0.0007857671460656348,5.236854852511451e-05,0.00443677289891444
CCEP,0.0014851645271428105,0.17778267838564601,0.0002640365274788003,5.222747496329184e-05,0.004424820851865667
ZD,-0.0006001911596401737,1.2880714578072174,-0.0007730891019607229,5.2190738960667295e-05,0.004421708500932723
NEM,0.0009149194615866085,0.5128764464772056,0.000469240642271378,5.2072649546413894e-05,0.004411703718910611
SON,-0.001173469763526885,0.6528769739610525,-0.0007661313882462245,5.154318403626806e-05,0.004366846294130194
ASIX,-0.0008547165380909103,1.1530402342424426,-0.0009855225572912329,5.145012097112769e-05,0.004358961796718418
CRUS,-0.001101855637972885,1.3549064991025301,-0.0014929113649622264,5.09143908497886e-05,0.004313573620982566
BAH,-0.0009037100202634849,0.3533859316839135,-0.00031935840748289996,5.076667987023686e-05,0.004301059238029352
URI,-0.0006223643892360487,1.2919016804876602,-0.0008040336003297276,5.0374095269358546e-05,0.004267798650009183
FNF,0.0011864484269586385,0.5830136722827418,0.0006917156543752382,5.0370364364550474e-05,0.0042674825599549986
KKR,-0.0017195459059160738,1.770968916008626,-0.0030452623490272598,5.028055169418643e-05,0.0042598734427830905
HUBS,0.0010140397335856462,1.4240312036328313,0.0014440242223494834,5.012998340790218e-05,0.004247116982830767
CRM,0.001956418742835937,1.0188939174288412,0.0019933831570193164,5.000943968413773e-05,0.004236904266576547
UI,-0.0008832197458363521,1.4676371915843998,-0.001296246147331151,4.9974834131935296e-05,0.004233972411856722
GTX,-0.0009610783943006221,0.9387616624540458,-0.0009022235511823169,4.980595087870517e-05,0.0042196642696203076
PEP,-0.002003803678608652,0.1408426309497036,-0.00028222098200193687,4.965694623137204e-05,0.0042070402844284534
AOS,-0.0008628785265065948,0.5826962305996235,-0.0005027960648607501,4.963397161536302e-05,0.0042050938269355
HLT,-0.002532574298719286,0.922896851788388,-0.0023373048472082134,4.9445893669303935e-05,0.004189159470199257
HTB,-0.0010977876806654641,0.688650900437014,-0.0007559924747789331,4.901646464410457e-05,0.0041527773455333795
SLAB,-0.0006076389849283706,1.830261036548525,-0.001112137958402293,4.891119287672493e-05,0.004143858501347603
UBSI,-0.0012733696262849411,0.8045823310976192,-0.0010245307022652421,4.878386139471955e-05,0.004133070712026514
MELI,0.0014774563233499727,0.8784128910300717,0.00129781668036451,4.8646262952294794e-05,0.0041214130843573
MLM,-0.0020159339242629085,0.676141492162991,-0.001363056571653117,4.835651264267213e-05,0.0040968648324505395
ARW,-0.0008935230771019479,1.0196277127158688,-0.0009110608913643041,4.823102179287242e-05,0.004086232985337456
GABC,-0.0014014517625023165,0.5872666621056876,-0.0008230258986668681,4.769207603352595e-05,0.004040572374027854
EXC,0.001751448152682241,0.005348538994216114,9.367688740968744e-06,4.7562525941828584e-05,0.004029596619456022
ORCL,-0.0005871585513450537,1.388994212159013,-0.0008155598294379503,4.738874975753088e-05,0.004014873937871691
PRGS,-0.0010690988870511629,0.760438757948802,-0.0008129842297936329,4.700324330585299e-05,0.003982213025447493
FWONK,0.0013078392171633909,0.5668635740385113,0.0007413664129089684,4.68165834040936e-05,0.003966398808388509
LCID,-0.00028966897991733844,1.2797878961376297,-0.00037071485438474385,4.6781492313551564e-05,0.0039634258178456155
ROL,0.0014081658102890954,0.2741217647982078,0.0003860088970449452,4.6339700167358626e-05,0.003925996263726084
TDW,-0.00039214760707874445,1.2389066936083817,-0.0004858342952923661,4.6263563239618825e-05,0.003919545784056201
PJT,-0.0013536364783373247,0.9846258759417768,-0.0013328255031896303,4.6048681512776893e-05,0.0039013405549831242
BAC,0.0017756270308420838,0.9763031582348459,0.0017335502780582886,4.595856176966821e-05,0.0038937054219664053
KRC,-0.0009500251919119556,0.8894993764400343,-0.0008450468158080084,4.581215101473277e-05,0.0038813011967605907
SKWD,0.0006758681219008554,0.5982400075988287,0.00040433135038177385,4.561081464758848e-05,0.003864243558875453
LII,-0.0006226971271527414,0.9968226883064697,-0.0006207186242891113,4.4889411401971744e-05,0.0038031247679315666
NWBI,-0.0013777892054939532,0.638891435504958,-0.0008802577233212672,4.485246294360411e-05,0.0037999944173039645
SMCI,-0.00040373238176769836,1.9755995455817668,-0.0007976135099569092,4.461234022280282e-05,0.0037796507184604906
SIRI,-0.0009493029988888944,0.9659352127720369,-0.0009169651942168769,4.449573981546875e-05,0.003769772088217109
QBTS,-0.0002251110136637516,2.192663944235592,-0.0004935928031108337,4.442626783322564e-05,0.003763886276661682
PRAA,-0.0005180581692750099,1.5516607313597395,-0.0008038505178241495,4.4396826284493884e-05,0.0037613919271103956
WAT,-0.0007613002462925038,1.0045347266892704,-0.0007647525348379145,4.408605226816136e-05,0.0037350625028245636
RH,-0.00029902633296812956,2.743022368602583,-0.0008202359201327833,4.384827763795021e-05,0.0037149177391241853
ALL,0.0007911115568386101,0.47514555154724075,0.0003758931370094777,4.381992259815009e-05,0.0037125154408807555
APLD,-0.00026767534046001114,2.0279175678165764,-0.0005428235253901398,4.3776079363391336e-05,0.0037088009503848988
STZ,-0.0009685546104319751,0.4159599461739397,-0.00040287992362180553,4.376151825395819e-05,0.0037075673027561103
CERT,-0.00033825427644764783,0.9119893208521418,-0.00030848428785282294,4.371060715099581e-05,0.003703254007691821
CWEN,0.0014972883021662114,0.5557775634046697,0.0008321592442922518,4.3067077037583885e-05,0.003648732791289345
TKR,-0.0008053980783851443,1.2877861027532405,-0.0010371804525285539,4.3021439164211846e-05,0.003644866255258772
ADAM,-0.0007603544541326156,0.8305463826912216,-0.0006315096414430023,4.292869287329336e-05,0.003637008595621239
HLNE,-0.0008139401058098793,1.4437626620170831,-0.0011751363338865376,4.284081338905135e-05,0.003629563262018599
VISN,-0.0007751577077587163,2.5730567352210865,-0.0019945247608071036,4.265142369271203e-05,0.003613517771056615
WULF,-0.00022731437708528178,2.5718580437876235,-0.000584620309175355,4.218338299941657e-05,0.0035738643851582733
AXSM,0.0007468005411599251,0.5689653647132092,0.0004249036422690788,4.208155151285926e-05,0.0035652370087551066
RRC,0.0011389852179442548,0.8954365105385929,0.0010198889491110422,4.1566850770431584e-05,0.003521630485959099
RHP,-0.0010058962256559742,0.9483590611130209,-0.0009539508001402312,4.150772841883558e-05,0.0035166215167463004
NTAP,-0.001417846168142985,1.2704508998222754,-0.0018013039401268206,4.108145625506971e-05,0.0034805068479799696
ARE,-0.0008810750787726771,0.7777207291893788,-0.0006852303527336758,4.103911480200515e-05,0.003476919591568473
ADNT,-0.00034585254938944,1.3825943500365496,-0.0004781737807315764,4.097126272803226e-05,0.003471171022027851
VRNS,-0.0005065294399507742,0.77814788437677,-0.0003941548120722451,4.048333479394032e-05,0.003429832747518214
DCI,-0.001349545696706993,0.8640482243975693,-0.001166072562983058,4.042828047848512e-05,0.0034251684308308273
IONS,0.001734206417988912,0.7120217252954462,0.0012347926457549007,4.014249703540044e-05,0.003400956260149249
DY,0.001143954650812951,1.0007296367544813,0.001144789322171644,4.002815597318363e-05,0.003391269046346993
PPL,0.0016058200295263217,0.19501836425056215,0.0003131643954390127,3.9375360551778336e-05,0.00333596285368371
CVX,-0.0017782075658929256,0.6737188911749031,-0.0011980120295722054,3.9083187352513384e-05,0.003311209329501802
BH/A,-0.0007767558309927136,0.42645857418740546,-0.00033125418417690594,3.907443847289218e-05,0.003310468106132195
CSX,-0.0010558054987617688,0.7134878135696016,-0.0007533043568662971,3.825911281667219e-05,0.003241392012232596
RTX,0.0016992800564502731,0.5681580233424715,0.0009654595979780705,3.801368444422854e-05,0.0032205988074913866
KYMR,-0.000887801325723947,1.4482568005481125,-0.0012857643075153361,3.7796735134227826e-05,0.003202218408451155
CIM,-0.0010621894563384161,0.8782006405446404,-0.0009328154609361604,3.766290324431736e-05,0.0031908798909843113
BAX,-0.0006533521433371531,0.9256384733975664,-0.0006047678805496304,3.753530848620708e-05,0.003180069796361281
ICUI,-0.00041397887186703626,0.9670724857026379,-0.00040034757664482863,3.675192866068283e-05,0.0031137002200157487
GME,-0.00044988927322233476,0.693960878944748,-0.0003122055554731853,3.623831585138363e-05,0.003070185869188531
ELF,-0.0004189940451741348,1.6261248186487578,-0.0006813366157236994,3.621290332644787e-05,0.0030680328669552555
VMI,-0.0012274983279374255,1.0517850381757676,-0.001291064375710356,3.611402789725606e-05,0.0030596559339112475
WWD,0.0011221421831410488,1.1503901052896466,0.001290901264213585,3.6093414166928226e-05,0.0030579094955882494
LLY,0.0009477712544381632,0.6606907167307247,0.000626183669391528,3.59965330715431e-05,0.003049701526673172
CECO,-0.000794226561290156,1.0124476280354968,-0.0008041127981010076,3.583591334549514e-05,0.003036093487733179
LEN,-0.0003042043287418132,0.6924548020443184,-0.00021064774823993703,3.526322165159593e-05,0.0029875738503079246
GSM,-0.0004044660279475841,0.8736830086028364,-0.0003533750961748842,3.514117871996254e-05,0.0029772341180291997
SBUX,-0.0013059686190509724,1.0536222507280764,-0.0013759975957847233,3.508376752000822e-05,0.0029723701211603662
AEE,0.0012756919134840926,0.2129662488934219,0.0002716793215583789,3.5057800436060633e-05,0.0029701701355283943
RRX,-0.000648055420986823,1.566674407016549,-0.001015291842388391,3.491802616272627e-05,0.0029583281669162994
TECH,-0.00029197001728845605,1.1989290015546161,-0.0003500513213115326,3.4774673996541984e-05,0.002946183071742961
GOLF,-0.000538053569615046,0.9387061662939583,-0.0005050742035941193,3.469846508810407e-05,0.0029397264937178692
BCPC,-0.001365117694620443,0.5331736973682094,-0.0007278448485835478,3.4226685910045396e-05,0.0028997563755756984
NOG,-0.0004351617039745532,1.6647470627633703,-0.0007244341685187407,3.416623750991799e-05,0.002894635060759432
DOV,-0.002055962041534076,1.078903793876254,-0.002218185246676683,3.413326890417341e-05,0.002891841891565285
FBNC,-0.0008155539028585423,0.8557298853438949,-0.0006978938477849064,3.34801759485342e-05,0.002836510491179759
TFIN,-0.0004425033095538344,1.236633360820223,-0.0005472143548676297,3.3232187410299e-05,0.0028155003838410825
HON,-0.0016374044379221034,0.7964580099169551,-0.001304123880056629,3.3036628256474954e-05,0.002798932203544753
PH,-0.0011360482500135318,1.3020120591452322,-0.001479148521288456,3.3029765807637334e-05,0.0027983508025344055
CUBE,-0.001083417152828604,0.5086534733512278,-0.0005510838978745674,3.3001578339265446e-05,0.0027959627012926567
RELY,0.0007868972770253581,0.9692768864660959,0.0007627213426437881,3.290312992857876e-05,0.0027876219461490156
CNX,0.0017650967655622133,0.4361477183107938,0.0007698429268977214,3.2765269011734826e-05,0.002775942081098348
AMBA,-0.00042649219638777474,2.169120154714368,-0.0009251128190131205,3.25026991269831e-05,0.0027536966116028768
PBF,-0.0003991870216682035,1.262135738892937,-0.0005038282065496689,3.2445438083482175e-05,0.0027488453363026526
CSW,-0.00036415330994150837,1.3005398383010693,-0.00047359588682812845,3.226071748784347e-05,0.0027331954213120147
TEAM,0.000567076364734713,1.4086290956798415,0.0007988002668376708,3.225877185945559e-05,0.0027330305836079766
MATX,-0.0010621570721706974,1.2260883509328067,-0.0013022984130493884,3.2246797047126416e-05,0.0027320160524760663
RS,-0.002275506241218846,0.7201288128650929,-0.0016386576081560374,3.2006815338552775e-05,0.002711684300483282
AAP,-0.0003483907515055758,1.0511322101670155,-0.00036620474063180336,3.192908701406403e-05,0.0027050989943542742
CC,-0.0002388845174886769,2.15894979118512,-0.0005157396791495371,3.175028889106162e-05,0.0026899508436253414
ON,-0.0003780531080599235,1.9485846513917657,-0.0007366684837765196,3.166576410878132e-05,0.0026827897273853517
VTR,0.0008205524557657151,0.2359299753263406,0.00019359292064277336,3.1614019634062015e-05,0.00267840582732379
NRG,0.0012002207312027215,1.656913145883403,0.0019886615074915797,3.159241108780543e-05,0.0026765751061158076
PVH,-0.00037156544633613767,1.3763190750131462,-0.0005113926114081998,3.1428168587763735e-05,0.0026626601381902508
SKY,-0.0005299224036454701,0.8101308354898936,-0.0004293064796101173,3.1309662687803796e-05,0.0026526200706284858
BURL,-0.0008619709581870597,1.1036567505592847,-0.0009513200667892034,3.1126594001963434e-05,0.00263711010888901
LEVI,-0.0008122769499573078,1.4971281222914106,-0.0012160826648701783,3.10009855031044e-05,0.002626468294301695
CARR,-0.0005551036167026656,1.0681344565855166,-0.0005929252999753567,3.095841280679478e-05,0.0026228614464791004
IBKR,-0.0012778939583970475,1.6528145375459218,-0.0021121217118807434,3.0937927476724896e-05,0.002621125886494355
DBI,-0.0003854585246871081,2.004184512885256,-0.0007725300055375011,3.090717517544473e-05,0.0026185204872472543
RKT,-0.00026995689229611174,0.7323297578962815,-0.00019769746557764405,3.0737398287290194e-05,0.0026041366343920462
DDS,-0.0003605740760137129,1.0824919043629153,-0.00039031851820798267,3.058615992546275e-05,0.0025913234042390203
MZTI,-0.0004767176606913761,0.23691170210148668,-0.0001129399924162329,3.053828864208879e-05,0.0025872676490445072
PODD,0.000787555104810529,0.8158525892682316,0.0006425288714510836,3.040692589130897e-05,0.0025761383222061424
PBH,-0.0007617534603246432,0.4953446722333189,-0.00037733051812710686,3.0143087001317157e-05,0.0025537853399340833
SHC,-0.0005456962415385199,1.2602942407526387,-0.0006877378304113575,3.0077512286366163e-05,0.0025482297130102424
TCBI,-0.000984215543367357,1.0824660918566882,-0.0010653799527734697,3.0067770739210635e-05,0.0025474043887721183
OSW,-0.0009941736804785176,1.3869565404043342,-0.0013788756884375289,3.003485174405853e-05,0.0025446154226910684
BRK/B,0.0008312478406034897,0.4780690568567287,0.0003973938711715027,2.9977259190845074e-05,0.0025397360611950325
H,-0.0005431043822662419,1.2470501742538918,-0.0006772784145431691,2.9947654876575768e-05,0.00253722792180717
IBP,-0.00022152925179967474,0.9620789639555193,-0.00021312863305727244,2.993578767631431e-05,0.0025362225077945827
SBH,-0.00035371427617031376,0.9234125994076252,-0.00032662421920601605,2.961461085728133e-05,0.002509011736318614
ABNB,-0.001646372553385099,1.2544888005221002,-0.00206535592970858,2.9525781353104274e-05,0.0025014859150412154
CROX,-0.0005054050534654861,1.1693493343961034,-0.0005909950628702931,2.937739957832386e-05,0.0024889147009140404
ISRG,0.0006988026621286537,1.1923570952877112,0.0008332223123950414,2.9260634009091742e-05,0.0024790220778094126
MTD,-0.00048621505371732575,1.1452562284649677,-0.0005568408186431962,2.9210920055072137e-05,0.0024748102077059996
MDLZ,-0.0011624739714673565,0.08126554579325215,-9.446908176174415e-05,2.9134842008548544e-05,0.002468364716575835
TTWO,0.0008112034729736815,0.5878103486936307,0.00047683379631014393,2.901023331157256e-05,0.0024578076072939736
AAL,-0.0005926679938517412,1.8222028930945686,-0.0010799613330411968,2.8974366346376077e-05,0.002454768883028516
UNM,0.0007808178910127345,0.8317722942635901,0.00064946268860972,2.881779081253078e-05,0.0024415034765056538
PCRX,0.00039513797255185464,0.24665679009417213,9.746346395395956e-05,2.879108390191678e-05,0.0024392408112120165
VRRM,-0.0006120157124871225,0.620227195312294,-0.00037958878884294326,2.8715519388909562e-05,0.002432838827714817
PHM,-0.00026447387620896995,0.7465493749258257,-0.00019744280696801673,2.8600252981423476e-05,0.0024230732167270647
BALL,-0.0008140546744887743,0.4600519921478893,-0.00037450747471586216,2.8578177203511352e-05,0.0024212029106765545
DT,0.0008545178864306349,1.0226835574908877,0.000873901392034476,2.828172725882523e-05,0.002396087051682729
CRI,-0.00025138535059051996,1.3487230733002662,-0.000339049222631111,2.809428927093267e-05,0.0023802069135400814
AZO,0.000824406826170868,0.1393268699399041,0.00011486202264747764,2.79379172589504e-05,0.002366958749814884
MNRO,-0.0003358227553187262,0.7394787887871329,-0.0002483338043502493,2.785660359388192e-05,0.002360069686137394
EPC,-0.0007067917981690061,0.631410399334105,-0.00044627569152796227,2.7778903389076887e-05,0.0023534867623667697
JOE,-0.0005425877890589708,0.6905401455332891,-0.00037467865082136726,2.7586401046161707e-05,0.002337177561480402
HELE,-0.0003057851689867839,1.3108072525448504,-0.000400825417228529,2.75738540865287e-05,0.0023361145568329307
TSCO,-0.000895249003572884,0.5464160177894468,-0.0004891783954622655,2.7540180275697657e-05,0.002333261641189743
DX,-0.0014225580206307178,0.5173905031648616,-0.0007360180100753366,2.7223061646628096e-05,0.002306394688050456
TXRH,-0.0015477753308172806,0.7137392308605065,-0.001104707974162392,2.7137941007007834e-05,0.002299183089531083
SLB,-0.0004174734099667705,1.142403907256648,-0.0004769232547217951,2.6875377208323617e-05,0.002276938135659973
PNR,-0.0007788435021702372,1.0892895510920626,-0.0008483860888499876,2.6684296563635368e-05,0.0022607493840192173
KRYS,-0.0008785205356091199,0.8128334074356666,-0.0007140908404613678,2.6630675397048497e-05,0.002256206486699718
KMI,0.0006704467364598149,0.5300810205771049,0.000355391090305208,2.661807399388138e-05,0.002255138869482232
SNDR,-0.00031758394704053196,0.9783444638517065,-0.00031070649639527797,2.6574131592370057e-05,0.0022514159773718056
APD,-0.0007516444759740239,0.8329464676591869,-0.0006260796111981037,2.657151294930935e-05,0.0022511941204578583
ATO,0.0012822289362049812,0.1653632958829698,0.00021203360296736992,2.65171208216169e-05,0.0022465859057019264
STT,0.0023506191750155754,1.1072912220796134,0.0026028199789467693,2.634051973192486e-05,0.0022316238922275864
NOW,0.0010132361276184723,1.2682587741034164,0.0012850456090906963,2.63225137045122e-05,0.002230098383946537
AJG,0.0006735492744537185,0.3208965454590201,0.00021613963536862768,2.6319067826508024e-05,0.0022298064419589802
FOUR,-0.0005592303777572856,1.2870997326526203,-0.0007197852697026261,2.6270890615311227e-05,0.002225724767919824
UTZ,-0.0006478467568347223,0.20603139691908146,-0.00013347677230015432,2.6233826008327236e-05,0.002222584576938655
CPF,-0.0012417077604900677,0.7498320128689914,-0.000931072229443315,2.6223965818142225e-05,0.0022217492010150695
CR,-0.001021111301755128,1.1514896176142786,-0.0011757990623996305,2.6131458572492432e-05,0.0022139117937923854
TOWN,-0.0011494102613350335,0.6948520606689912,-0.0007986700886427317,2.6114619986442872e-05,0.002212485193583963
UTHR,0.0007504077985804682,0.39235984007822217,0.00029442988384448325,2.5964608239270203e-05,0.0021997758847885256
CLSK,-0.00010548171470542414,2.0793693600309875,-0.000219335445601989,2.5961187261334593e-05,0.002199486052386827
STLD,-0.0016827322064163932,1.2129327578628897,-0.0020410410158733412,2.5911278003657228e-05,0.0021952576357492787
HLI,-0.0015540387543292696,0.9649948653926813,-0.0014996394185489838,2.5843139667755703e-05,0.002189484813499679
INN,-0.00040227016273600147,1.6306280615068764,-0.0006559530156642618,2.580269292788903e-05,0.0021860580811508944
ULTA,-0.0013686930181534358,0.874768281303563,-0.0011972892391222674,2.5756978531624563e-05,0.002182185061940917
CNH,-0.00046148533821860794,1.1035544201659544,-0.0005092741848329252,2.566891606249033e-05,0.0021747242254757074
CVLT,0.0009782100925094033,1.3916924974689189,0.0013613676466937136,2.545521672121067e-05,0.00215661917057905
AMCR,-0.000740542878764336,0.512083739295098,-0.0003792199664659976,2.539359963857701e-05,0.0021513988425379154
NWSA,0.002478630615651464,0.7914266024536358,0.001961654206882602,2.5262672061409866e-05,0.0021403063845176753
RSI,-0.0007744720405804912,1.2217364037747653,-0.0009462006856829135,2.5062592152726445e-05,0.0021233551964197628
TGT,-0.00041504240108058174,0.9753475262305616,-0.000404810579174738,2.4894728695503243e-05,0.002109133453432771
HCA,0.0006421216285419766,0.30953836513810945,0.0001987612791187038,2.4614449362573832e-05,0.0020853876024689876
LADR,-0.0014782453222760784,0.5782543306564755,-0.0008548017593788196,2.4301427150641108e-05,0.002058867706352422
ROK,-0.0007393466370315702,1.1945805876369247,-0.0008832091401325572,2.4112156923540516e-05,0.0020428323370740744
FSS,-0.0005565666750267536,0.9972279410936576,-0.0005550238394182723,2.410137092828196e-05,0.0020419185250094146
EBS,-0.00024924133932411816,1.5368153368993427,-0.00038303791286263805,2.3608835326757832e-05,0.0020001898792833487
TSN,0.002192819913897103,0.27612700835373016,0.0006054968026828911,2.3539333134224975e-05,0.001994301508249024
EAT,0.0010386797741455426,1.0700221493647317,0.0011114103644328877,2.3494792216238264e-05,0.001990527908571702
BDC,-0.0006110149938904043,1.334778888493658,-0.0008155699143979931,2.3447161722094952e-05,0.0019864925535441396
KR,0.000722266575468073,-0.22842353947275984,-0.00016498268761128645,2.32708826711263e-05,0.001971557823863614
SUPN,-0.00042759241800029494,0.4233304681234001,-0.0001810128984780814,2.3224942945514514e-05,0.0019676657142803176
BANR,-0.0009504657301167867,0.7843213923656799,-0.0007454706048410607,2.3184328417841445e-05,0.001964224766597842
FTV,-0.0012953351042390674,0.9681715912090696,-0.0012541066490201038,2.3183073828782834e-05,0.0019641184751902838
BOOT,-0.00032138341682551807,1.4971973440982802,-0.0004811743981083962,2.3176233763374743e-05,0.001963538970550875
GNL,-0.0012700145655738528,0.45893202223972535,-0.0005828503528527145,2.3126354159552052e-05,0.001959313066249881
KMB,0.001468039170262892,0.05828293210763025,8.556162729177397e-05,2.310682977756228e-05,0.0019576589197951868
VVX,-0.00032284760640054525,0.8633047441683859,-0.0002787158702489985,2.3096664358051418e-05,0.0019567976842050834
PAHC,-0.0004186178194418962,1.129094701396219,-0.0004726591618418841,2.2965021576990613e-05,0.0019456446326159564
CTMX,-0.0004255463711965143,2.1433032253154476,-0.0009120749099067738,2.2769826276236968e-05,0.0019291072787123267
PSX,-0.0006559419359321532,1.1091353688235104,-0.0007275284010369162,2.2709216719143264e-05,0.0019239723103410037
BSY,-0.000980804342421423,0.7952988740914039,-0.0007800325892317175,2.2656338295492857e-05,0.0019194923397556642
GOOG,-0.0005148329817357715,1.0113292656682793,-0.0005206656613606484,2.2573767194693532e-05,0.0019124967434945937
ALGM,-0.0002634860101557136,1.9349258271206247,-0.0005098258861352575,2.2410054162647373e-05,0.0018986266332043846
CDP,-0.000636757357715439,0.41847527745309376,-0.0002664672119402672,2.2217593940775686e-05,0.0018823210009008683
PWR,-0.0019893856372804586,1.1443434371892067,-0.0022765403980603604,2.2203216426338745e-05,0.0018811029078239336
AAON,-0.0001544501303515126,1.5155549874583765,-0.0002340776653678313,2.2074746859735907e-05,0.0018702186975967702
CPT,0.0014896374601177894,0.5173695828397493,0.0007706931113236044,2.2056330380366565e-05,0.001868658414967968
NKTR,-0.0003149473629589285,2.076747178348577,-0.0006540660473532798,2.2037470996884732e-05,0.0018670606085769374
ITGR,-0.0005638235630003897,0.7350786708983952,-0.000414454675311524,2.1931019819858137e-05,0.0018580418423405074
PFBC,-0.0008459679761765503,0.6832910188298302,-0.0005780423203390845,2.186343672626724e-05,0.0018523160613801075
CASY,-0.0014561410949548497,0.4926566638214401,-0.0007173776138937551,2.1788027181045496e-05,0.0018459272070776276
VRDN,-0.0003117990090640142,0.8931960527868846,-0.00027849764415883955,2.1766132765849927e-05,0.0018440722664555729
PGR,0.0003549004185967747,0.2991972663155867,0.00010618523505841239,2.1588940326675975e-05,0.0018290601526170058
GL,0.0008061706997255966,0.7398439035347042,0.0005964404774002893,2.1560059798822127e-05,0.0018266133339272183
RNST,-0.0004445499908162647,1.0607297079581228,-0.0004715473819313226,2.1558050999642517e-05,0.0018264431442616563
BZH,-0.00014605166328117815,1.0597182100123113,-0.0001547736071816509,2.14813695993812e-05,0.0018199465357416195
DLR,-0.0006681504039922771,0.7691260402992687,-0.0005138918745469368,2.1382062334332306e-05,0.0018115330166611175
FLYW,-0.0007353771050389719,0.8995124034135783,-0.000661480827168925,2.1328819652807374e-05,0.0018070221853872268
CIEN,0.0011310188768984663,1.855345281649337,0.002098430536709902,2.1297001361860802e-05,0.0018043264732673114
CLX,-0.0010166283554393452,0.22983067999179327,-0.0002336523862295632,2.1259466427575665e-05,0.001801146435174047
VSAT,-0.00028361056782761127,1.8015348154543136,-0.0005109343119722088,2.1142915781191773e-05,0.001791272020782382
ORI,0.0004913479528098221,0.43708575138505307,0.0002147611891453887,2.1117645513226633e-05,0.001789131070857022
TWST,-0.00020094850145469865,1.6671807019596971,-0.00033501746371299374,2.1096330754954474e-05,0.0017873252399811964
AGCO,-0.0003078505292932808,1.1196662339414822,-0.00034468984275069965,2.106920438536923e-05,0.0017850270372467053
BAP,0.0011527085447236875,0.5819970471737584,0.0006708729692811464,2.1058377280246592e-05,0.001784109742268427
FANG,-0.0006291386046024751,1.167417882286568,-0.0007344676574497479,2.1007893010383367e-05,0.0017798326093965233
EWTX,0.00034352601873223037,1.0769041350835762,0.00036994459008153694,2.0851135942792482e-05,0.0017665518229552685
PFGC,-0.0007161410916614305,0.7671638680288817,-0.0005493975699334089,2.0545618262153544e-05,0.0017406677264169051
MLI,-0.0005756731057599499,1.045766940020109,-0.0006020199022624555,2.046543507534068e-05,0.0017338744392203101
CLB,-0.0001896963193398972,1.6092916272374473,-0.00030527669843145763,2.0420240976313188e-05,0.0017300455006798452
MSA,-0.0008482466357874289,0.7762454817418042,-0.0006584476184326774,2.0356222551404012e-05,0.001724621725901516
CPNG,0.0009165106313782707,1.0052420050094872,0.0009213149846992039,2.0194352619479274e-05,0.0017109077669062924
TWI,-0.00023013886587892125,1.5908567620335767,-0.00036611797099022025,2.011011824316276e-05,0.001703771254466601
NMIH,0.0014911871536583317,0.6372294652826448,0.0009502283925620478,1.9975822747786364e-05,0.0016923934593755924
OGE,0.0008529603776188473,0.27787075721678367,0.00023701274600486282,1.9884480897834485e-05,0.0016846547869125042
BLDR,-0.00014041712401336096,1.106208560319061,-0.0001553306245989631,1.9684775789372626e-05,0.0016677353526728207
GBCI,-0.00041732550560824887,1.0992129872535126,-0.00045872961567672575,1.9654553966167716e-05,0.001665174896637133
C,0.0011389316057003594,1.2403538138669854,0.0014126781608640904,1.9645792874836776e-05,0.0016644326386659504
TCMD,-0.0003466433801216455,0.5753684902684436,-0.0001994476782821414,1.9457927946677167e-05,0.00164851632925143
WRBY,-0.00025866433421271076,1.714835935386661,-0.00044356689551082175,1.941108422250366e-05,0.0016445476310203233
PPG,-0.0004815375210746399,0.9919622166241785,-0.0004776670267929119,1.935759492530416e-05,0.0016400159059509736
NDSN,-0.0003388157209941936,1.0598607543459617,-0.00035909748563717696,1.9321199992389257e-05,0.0016369324511567814
FISV,-0.0007626803803750441,0.7042523460730211,-0.000537119447182989,1.90253920188567e-05,0.0016118709813010214
BEN,-0.000456897210912628,1.069448616782383,-0.0004886280902222387,1.901669099111519e-05,0.0016111338120426886
FTAI,0.00025252530463953276,1.8967916043581599,0.0004789878777282524,1.8996507894718272e-05,0.001609423857926487
DRVN,-0.0009314067356146676,0.734618548028322,-0.0006842286637410463,1.8992628161795214e-05,0.0016090951588432997
GOGO,-0.0002988736541991323,1.4864591938235427,-0.0004442634910759385,1.892953850663e-05,0.00160375007137912
NCLH,-0.0006442348733176684,1.7914826819512961,-0.00115413561865769,1.879349674518813e-05,0.0015922243289767616
ABBV,0.0012212455990843205,0.419396544137931,0.0005121861837996212,1.8742771938360233e-05,0.001587926817310408
EHC,0.0005702596624030968,0.4814043303341287,0.00027452547089572917,1.87188389129602e-05,0.0015858991613704506
BE,-0.000347089414986085,1.8573133645978188,-0.0006446538091640942,1.871536231248356e-05,0.0015856046165108062
CTAS,0.001097136900726461,0.613051990333463,0.0006726019606586439,1.8624937170905587e-05,0.0015779436094973838
FND,-0.00014034684688821376,1.3114315858631662,-0.00018405528798550515,1.8623459846477263e-05,0.0015778184474837117
CDZI,-0.00025144097885758604,1.2152193064225483,-0.0003055559319335223,1.8611930186924792e-05,0.0015768416306255629
FA,-0.00017243935852654554,1.1448268426954595,-0.0001974132063783755,1.8562921579461947e-05,0.00157268951895685
CDRE,-0.0002667275416752081,0.8348248289907787,-0.00022267077436613638,1.8549470028776044e-05,0.0015715498754644787
CZR,-0.00024297805122419422,1.5549261036066404,-0.000377812914451971,1.8448158858855876e-05,0.0015629665813744475
BY,-0.0005711852326420574,0.7977071538365739,-0.0004556385462443769,1.8412804959068245e-05,0.001559971325082907
QGEN,-0.0006392120231356774,0.4416948167805223,-0.00028233663744282,1.8379046866459042e-05,0.0015571112689112961
DEA,-0.00026855917029977995,0.6369847025503182,-0.0001710680832105656,1.8121178745618314e-05,0.0015352641426826313
SNA,-0.00041110093767949624,0.7229990847908074,-0.00029722560169891853,1.802052391107843e-05,0.0015267364546979795
AMD,-0.00025783891939734307,2.02025433107484,-0.0005209001936321389,1.801552512333415e-05,0.0015263129469511377
CAG,-0.0005399647335971106,0.09243732626623323,-4.991289625177582e-05,1.7986765460676703e-05,0.001523876368213438
TWLO,0.0009704019600666972,1.5279859692882298,0.0014827605795517105,1.7970289790166055e-05,0.0015224805149680874
SXC,-0.00034839812064989397,0.750312505485014,-0.0002614074668110922,1.7925640453919037e-05,0.0015186977298691211
FAF,0.001185171892984785,0.6628425354684865,0.0007855823425120205,1.7915412464536806e-05,0.0015178311932287235
EME,-0.0015724235095303683,1.3180566082935725,-0.0020725431977726733,1.773702714954876e-05,0.001502718016457675
VICR,-0.0005040226573055564,1.576990382475344,-0.0007948388831205285,1.7545896055741544e-05,0.0014865249906621052
A,-0.00029337588435843963,1.0842486344329607,-0.0003180924019912004,1.740563047702685e-05,0.0014746413976311954
GTN,-0.0004066896389073238,1.3120279511113861,-0.0005335881736738056,1.736925965072936e-05,0.0014715599852000215
BNL,-0.0015317621693684766,0.3849915701621333,-0.0005897155227001254,1.7367660598739114e-05,0.0014714245101728517
ETN,-0.00044319081684142576,1.3328469996105716,-0.0005907055504820527,1.7311563565336576e-05,0.0014666718522413356
SXI,-0.00026301908492843974,1.180172897170682,-0.0003104079954711784,1.7288547010887535e-05,0.0014647218416360785
LASR,-0.00036450298050211516,2.0088690325896557,-0.0007322387498173302,1.7281370595106563e-05,0.0014641138406899937
SYNA,-0.00018919435354274568,2.070548442692037,-0.0003917360740940587,1.722780794011988e-05,0.0014595759005955713
LFUS,-0.00039520682390771565,1.5542309294403316,-0.0006142426692432503,1.7182534188043716e-05,0.001455740213682321
OXM,-0.00012488095054704,1.4716701954891633,-0.00018378357290443488,1.715396917473517e-05,0.0014533201260443428
DGX,-0.002299432128195831,0.25292190702055645,-0.0005815767589276261,1.713043160966411e-05,0.001451325974330101
EE,-0.0004721703245559176,0.5718126425155221,-0.000269992961001731,1.7058123571662724e-05,0.0014451998862025225
WGS,-0.0007144281680417342,1.6355781463545218,-0.0011685030987891565,1.6930727602916413e-05,0.0014344066334299444
PTON,-0.0004696591650922747,2.017229883659271,-0.0009474105029585997,1.690973129687783e-05,0.0014326277824930195
TROW,-0.0003577825692744434,1.166520589639066,-0.0004173607336726037,1.687922441824563e-05,0.0014300431759656702
DAKT,-0.00022911406648402967,1.1709944814113524,-0.00026829130746651247,1.675483636914317e-05,0.0014195047604328823
CRNX,-0.0006055651432498439,1.041768040792762,-0.0006308584128557782,1.6733255867070858e-05,0.0014176764151868136
MO,0.0012475073767253698,-0.006239220189485125,-7.783473211396552e-06,1.67166158960579e-05,0.0014162666420594638
FBIN,-0.00017640723248993123,1.253644819141563,-0.0002211520130701035,1.6699641538064565e-05,0.0014148285389681556
TRNO,-0.00044200762524542755,0.7849786369465399,-0.00034696654318513276,1.6662868344003697e-05,0.0014117130370989842
HEI,0.000601438633158403,0.6807413739107737,0.0004094241614592691,1.6610567336678144e-05,0.0014072819864316805
META,-0.0007296520340265458,1.4153455033439324,-0.0010327097253652255,1.660206635833608e-05,0.0014065617657766391
GFS,-0.0003564616793531118,1.5909412686024276,-0.0005671095963581914,1.632428981966228e-05,0.0013830279567738721
SSB,-0.0005828077137704441,1.0157064133892728,-0.0005919615326493797,1.6315363746105277e-05,0.0013822717211636293
ELAN,-0.0002565879302850232,1.3127446210277147,-0.0003368344253022984,1.6259324731526613e-05,0.0013775239787081504
INTU,0.0006931397433116666,0.9193693709384726,0.0006372514497809014,1.6179792588405574e-05,0.0013707858492940273
TPL,-0.00032186331965335417,1.3188143307307925,-0.0004244779584954294,1.6152276279268645e-05,0.0013684546100656127
WM,0.0005957746601159773,0.2042489978185405,0.00012168637725436996,1.609965101668009e-05,0.001363996087814625
CWST,0.0015069590387658508,0.4369225531402741,0.0006584243906953888,1.6070587196777866e-05,0.0013615337402393568
STE,-0.0009660778886991841,0.5419720074813954,-0.0005235871727216849,1.5967632482271324e-05,0.0013528112016164078
LSTR,-0.00022563422752666345,0.7766197454685294,-0.00017523199635074562,1.587581836222327e-05,0.0013450325174435684
HFWA,-0.0010442140032505787,0.781519839947544,-0.0008160739606913766,1.5734123179409847e-05,0.0013330278053650614
ICFI,-0.00018835117015482855,0.2684593590292206,-5.0564634412168936e-05,1.5698304600264307e-05,0.0013299931804669827
BWXT,-0.0005548671661672114,1.1349548535014644,-0.0006297491832900801,1.5694815698185872e-05,0.0013296975933899198
GT,-0.0003373628400695659,0.8951455328387198,-0.00030198883923405535,1.5673601660128834e-05,0.0013279002957412582
IT,0.0011309011395360894,0.8921489054197053,0.0010089322137750195,1.565650665307298e-05,0.0013264519710091763
TRTX,-0.00037373736232191375,0.6287891402482698,-0.00023500199473305226,1.561118625682092e-05,0.001322612332303842
CHH,-0.00036120479446299166,0.7996794510013595,-0.0002888480517352241,1.550219147997007e-05,0.0013133780669733225
DRS,-0.00029408043476005175,0.8885480316880151,-0.0002613045914639997,1.549107589238207e-05,0.0013124363311575536
WLFC,-0.0005581070715327756,1.2780869923399774,-0.0007133093884589978,1.5256596598617846e-05,0.0012925707552493193
NNI,-0.001340098024284842,0.6802749866192387,-0.0009116351655388391,1.51114071540826e-05,0.001280270002013558
EQR,0.0012253584323642548,0.6347887106708233,0.0007778436993901266,1.5011024321236793e-05,0.0012717653585810034
KURA,-0.0002280286412347749,0.9342633034005555,-0.00021303879162994094,1.4917934157013413e-05,0.001263878565278269
ABCB,-0.00043578170201260115,1.014987097777572,-0.0004423128049903407,1.4823772685105239e-05,0.001255901008549086
CNC,0.0002753546780717964,0.14654607522010216,4.035214736491649e-05,1.4639526002655677e-05,0.00124029124447447
COKE,0.00036354139898931044,0.35405083118056263,0.00012871213448070992,1.4615366220838092e-05,0.0012382443772568205
FICO,0.0019143404957518207,0.9816712935547365,0.0018792531107689053,1.4554016653627887e-05,0.0012330467136815579
COLB,-0.00040106229850093425,1.1353880542377457,-0.00045536134272309366,1.4534702791188347e-05,0.0012314104028832164
OHI,0.0007377539839716258,0.13473768868640776,9.940326661952597e-05,1.450033867819814e-05,0.0012284990033981406
MORN,0.001080788360169669,0.8527839825133716,0.0009216790020395867,1.4317578893910442e-05,0.0012130152124439147
OGN,-0.00039938861133100565,0.9116962933493539,-0.0003641211165564236,1.4141142699189407e-05,0.001198067169216204
RGA,0.0004956687386564082,0.8770978913272198,0.00043475000547235843,1.4139624783994905e-05,0.001197938568267973
WAL,-0.0003171512842686473,1.502651713343377,-0.0004765679206953353,1.4089193443537222e-05,0.0011936659196859472
VLY,-0.0003604519432936653,1.070281870845081,-0.00038578518021808913,1.4077849054304282e-05,0.0011927047993165463
DAL,-0.0002626211143879965,1.8949955225278452,-0.0004976658358865264,1.4076414018631087e-05,0.0011925832200946065
DOC,-0.0008339898056032869,0.4619242311744281,-0.0003852400997606091,1.4042113554619337e-05,0.0011896772130840332
AAMI,-0.0008301139669896854,1.0321491976643558,-0.0008568014649983793,1.3960021662654926e-05,0.0011827222163971643
CBU,-0.0004868382100838909,0.8480109705410879,-0.00041284414302972635,1.3951291941352743e-05,0.0011819826161603918
CXW,0.0007929206298805448,0.5535143949002665,0.00043889298265226796,1.390697035897569e-05,0.0011782275990544048
CTS,-0.00026523552573765985,1.1600161006847196,-0.0003076774803292618,1.3793702848498333e-05,0.0011686313387995987
VEEV,-0.0005459752813551545,0.6507411742182521,-0.0003552885956831938,1.3769088480414256e-05,0.0011665459580832138
CHEF,0.00034063467633839255,0.7271798252274999,0.0002477026644061783,1.3710136861746168e-05,0.0011615514537209575
SBSI,-0.0003554879813225832,0.6400731251897381,-0.00022753830317253707,1.3688682698042287e-05,0.0011597338121255522
BELFB,-0.00022048670974537178,1.546964201330464,-0.0003410850468452309,1.364807071018469e-05,0.001156293079621553
PEG,0.0015744013661668956,0.46878473943999727,0.0007380553342125239,1.3603452949048811e-05,0.001152512969632005
LNT,0.000528290957672336,0.23319787816553592,0.0001231963303832277,1.3588700669242587e-05,0.001151263125649599
ORLY,0.0006942143520543329,0.15056812949072274,0.00010452655645443497,1.3339047620241587e-05,0.001130111997479457
MRSH,0.0005920669944241872,0.34819846101659563,0.0002061568162772233,1.3296719359147634e-05,0.0011265258587192857
ALNY,0.00024622956334736836,0.8876659200396544,0.0002185695918897041,1.3228026418209625e-05,0.0011207060491716843
AUB,-0.0003343664525092216,1.2324285233925094,-0.0004120827533379316,1.3210033689457862e-05,0.0011191816675809848
UNP,-0.0007119043339470707,0.7019144119928329,-0.0004996959119576075,1.3197168443092771e-05,0.0011180916970162454
MAA,0.0008907853013863786,0.44348315274791106,0.00039504827388032933,1.3195543881683488e-05,0.0011179540607777717
EQH,0.0023225314323496006,1.3319400349376154,0.003093472597147437,1.3042441710955477e-05,0.0011049829248387024
KEYS,-0.0014071540383400925,1.3290689216479608,-0.00187020470032924,1.2996584481145592e-05,0.0011010978044721867
LVS,0.0003915324319715776,1.0642642271393392,0.00041669396111221693,1.2994917266734639e-05,0.0011009565545822522
OZK,-0.0002785699952073323,1.0105934676022608,-0.0002815210174265231,1.2994704221029297e-05,0.0011009385049047585
PMT,-0.0003078007123432899,0.5769720438258348,-0.0001775924060917558,1.2980529879896487e-05,0.0010997376250948502
VRTX,-0.0012517718776666777,0.4273193838275873,-0.0005349063874572267,1.2854901807220468e-05,0.001089094152172844
MS,0.0010454293928050193,1.3061519115304798,0.0013654895997824248,1.2847855126569595e-05,0.0010884971426581712
SCI,0.0010927177493794441,0.281178050176336,0.0003072482461635863,1.2841692645835028e-05,0.0010879750444086828
REYN,-0.0005133932592762769,0.2654083223903727,-0.0001362588436710423,1.2827389266643881e-05,0.0010867632322247394
TILE,-0.00044060227785317006,0.9360464609617486,-0.00041242420287614486,1.2823241849070165e-05,0.0010864118543383974
NAVI,-0.0003860071290357538,1.068103878728765,-0.0004122957117400436,1.274292968548425e-05,0.001079607639959985
BANF,-0.0004741965892498126,0.7793162998080339,-0.00036954913131575406,1.2721636077492839e-05,0.0010778036009801554
COLM,-0.00020747025889964883,1.0618983762062761,-0.0002203123310366328,1.2677454432294265e-05,0.0010740604396444451
DV,-0.000498975245404819,0.8025341996648558,-0.00040044469922353147,1.2614010077127395e-05,0.0010686853012546829
BEPC,-0.0005970306539306127,0.8130619734047358,-0.0004854229216679439,1.2589537187825351e-05,0.00106661190691645
PYPL,-0.0009821750132883405,1.2365571678614362,-0.0012145155527760988,1.2479659191918507e-05,0.0010573028134212824
JCI,0.0006305703281605416,1.0873924424706476,0.0006856774092880091,1.2428017792358487e-05,0.0010529276461026763
JNJ,0.0012061498848292436,0.07601979797462606,9.169127057183759e-05,1.2422497386864349e-05,0.0010524599458097102
EG,0.000301614099694703,0.46368428361944536,0.0001398537177464623,1.2277664584600657e-05,0.0010401894080526973
ATEC,0.00045296654255569814,0.6915221293991725,0.00031323638805469726,1.2209316266427104e-05,0.001034398795666078
PANW,-0.0015055998547576302,1.143655283867964,-0.0017218872292844027,1.2171740433624335e-05,0.001031215292564908
CAC,-0.0005481138639445416,0.7987245411272264,-0.00043779199446457496,1.2129144744833327e-05,0.0010276064967712285
AMP,0.002186577812710763,1.150610052916634,0.002515898412789469,1.2064825149297604e-05,0.0010221572061878705
VIRT,0.0008569168858959167,0.7968974405480047,0.0006828748731328226,1.2057530703916343e-05,0.0010215392055273277
CCBG,-0.0003517592821764977,0.5657108240212804,-0.0001989940333772006,1.2014309228924338e-05,0.0010178773918185962
FAST,-0.00039491763143419773,0.6384079673651557,-0.0002521185623605679,1.1987850612342727e-05,0.001015635762514401
XMTR,0.00028511404220880453,1.5881555081873884,0.00045280543659548446,1.191087442240799e-05,0.0010091141787970225
PG,0.0013792321615226813,0.13647581445896861,0.00018823183257181167,1.1882656785539279e-05,0.0010067235216171607
SMP,-0.0002822170524166594,0.7681429905248432,-0.0002167830506204392,1.1875893257533246e-05,0.001006150501386443
MBWM,-0.0003757973490256578,0.7610557909344363,-0.00028600274869378643,1.1835463146544812e-05,0.0010027251778709828
OCUL,-0.0003381927171768382,1.1495024616282041,-0.00038875336089950655,1.1808561564735405e-05,0.0010004460196267426
WMT,0.0006817609085830105,0.5752492259505799,0.00039218243494574086,1.1758308749270384e-05,0.0009961884960552727
NEO,-0.0001084176845140353,1.0915384551247556,-0.00011834207186265322,1.1682349085472032e-05,0.0009897530345570498
AGX,0.0002610144975618248,1.5027525134773525,0.0003922401922650605,1.1661265201650151e-05,0.000987966763847257
LKFN,-0.0004334999517856696,0.6976686294159958,-0.0003024393172142084,1.1608146381629469e-05,0.0009834664263789184
WING,-0.0002604567660483156,0.9522431125787567,-0.0002480181615940451,1.1568425330300163e-05,0.0009801011758799527
CHRD,-0.00025756608684172243,1.2595688540869725,-0.000324422220854894,1.1529802853633223e-05,0.0009768289989227727
GIS,-0.00038295678537272584,0.04578269952021613,-1.7532795433947405e-05,1.1420104711943656e-05,0.0009675351430528486
EPAM,-0.0005078601939084697,1.2710699343492058,-0.0006455258233298136,1.1314409496018907e-05,0.00095858042342118
PUMP,0.000674429578852533,2.0534517925049665,0.0013849086276131034,1.130468232926378e-05,0.0009577563175206379
WEX,-0.00017385055018363893,1.473462483587147,-0.00025616226344657656,1.1240357244160509e-05,0.0009523065618496422
ILMN,-0.0001982518458566471,1.1249698943183621,-0.0002230273580817725,1.122402796936494e-05,0.0009509231115552892
PRM,-0.0008037500623912383,0.9565477427946725,-0.0007688253079514162,1.1208724228879953e-05,0.0009496265466714402
MC,-0.0002798585712074813,1.4605416651530785,-0.0004087451035987361,1.1208163131161816e-05,0.0009495790092998767
PSKY,-0.000565458629220289,0.4503962386047146,-0.0002546804396873961,1.1184393330720938e-05,0.0009475651821196539
CMP,-0.00028353011726490334,0.6649939751013011,-0.0001885458197409261,1.1159284298579727e-05,0.0009454378924303345
EXE,0.00012357061889491596,0.5262543452495118,6.502957513862095e-05,1.0942423009046104e-05,0.000927064950668067
ELS,-0.0012363200938173221,0.17776342587588648,-0.00021977249535616456,1.0931748048207002e-05,0.0009261605456715224
TT,-0.0005828852753623473,0.8910611236804772,-0.0005193864084411775,1.0896191720393022e-05,0.0009231481392544469
ROST,-0.00037531979195104293,0.7046534212761637,-0.00026447037547096036,1.084925189783395e-05,0.0009191712993672374
VCTR,-0.0003507991694221614,1.3099386516539993,-0.000459525390994209,1.0826424716655882e-05,0.0009172373328613509
SMTC,-0.0001613520924849467,2.3213702782146663,-0.0003745579518222993,1.0719618829111364e-05,0.0009081885148083784
AFL,0.00026750136114294857,0.4654679947461055,0.00012451332216306205,1.0699609063280996e-05,0.000906493245620094
CELH,-0.00033322440593410937,0.8223102478855858,-0.0002740138438452046,1.0594603283647436e-05,0.0008975969364721684
FCF,-0.00039360544539443325,0.6822147261523372,-0.000268523431141832,1.0444518563903608e-05,0.0008848814452879658
REGN,0.0006725534679949366,0.5713032858804643,0.000384232006195809,1.034673011031285e-05,0.0008765966030890235
RJF,-0.0007774082098154298,0.996201103163666,-0.0007744549162266219,1.0239247275832953e-05,0.000867490432676639
NSA,-0.0004373176775597497,0.5868082140176747,-0.00025662160532719403,1.013872039926924e-05,0.0008589735855592036
HTH,-0.0004914929834920148,0.5919039343009515,-0.0002909166306102361,1.0123464993924986e-05,0.0008576811157295142
MUSA,0.0011226797251234454,0.19170292180859982,0.00021522098356144018,1.0119766974893072e-05,0.0008573678118270277
WINA,-0.00016869164096368434,0.523363323714779,-8.8287017897654e-05,1.0096299643675755e-05,0.0008553796104716874
AEP,0.00030696619885207466,0.09051015322596875,2.778355769329447e-05,1.0020883516653834e-05,0.0008489901985453385
CF,-0.0006916255689204524,0.38612575450315584,-0.00026705444463308406,1.0014220568812097e-05,0.0008484256996763861
RNR,0.0003049190499825974,0.36497473857230134,0.00011128775055311297,9.944024934223733e-06,0.0008424785787815919
DTM,0.0002162967061239729,0.6481162460318213,0.00014018540920211737,9.94394347817945e-06,0.0008424716776552497
DNOW,-0.0002829975684367858,1.118498771341387,-0.000316532432589145,9.914024987910567e-06,0.0008399369206199701
CCNE,-0.00032336983448369124,0.7601363110502758,-0.00024580515308937135,9.89667941074613e-06,0.0008384673670645132
ACN,-0.0005511828250010069,0.8094654008083358,-0.00044616342635811083,9.892448662204675e-06,0.0008381089292043948
SHO,-0.00021020337994929583,1.0775631089762887,-0.0002265074076154873,9.835061920660304e-06,0.0008332470045031789
HXL,-0.00028510259725877176,1.0701720579720042,-0.00030510883324158327,9.808905797483164e-06,0.0008310310030725236
THFF,-0.00046097698562722403,0.7689764477989419,-0.0003544804449246866,9.722295090106548e-06,0.0008236931628980897
PSN,-0.00011221641426636249,0.6901860884778033,-7.745020802550548e-05,9.693377472695303e-06,0.0008212432019034698
CYD,0.00014430083836862836,0.5480734246865503,7.90874546698345e-05,9.598714751003865e-06,0.0008132231782448679
DG,0.00043093358273801576,-0.06880034213140492,-2.964837792828757e-05,9.53909875513379e-06,0.0008081723864572878
KIM,-0.00031063093343951465,0.7271820758406742,-0.00022588524699887255,9.51007146275327e-06,0.0008057131335700135
IIPR,-0.00010411671107846953,0.7507456642609106,-7.816516941926693e-05,9.371418167194613e-06,0.0007939661365382968
STEP,-0.00020905003750991435,1.6534610828767633,-0.00034565610139657095,9.35570010746351e-06,0.0007926344696618504
MP,-7.590093534679524e-05,0.9654076520464963,-7.327534378128251e-05,9.353886360072087e-06,0.0007924808051915074
CNR,-0.0002463648442579802,0.5589241447987953,-0.00013769925988537998,9.338973124541203e-06,0.0007912173247036565
UCTT,-5.361381064639275e-05,2.2769791260238046,-0.00012207752770842912,9.300695446765599e-06,0.0007879743598292962
NRIM,-0.0002768666962699581,0.7502592460213209,-0.0002077217987919128,9.2939832534839e-06,0.0007874056887837308
AIN,-0.00011694655019349297,1.1119510626029128,-0.00013003884075539937,9.212425881975443e-06,0.0007804959777872177
ORRF,-0.00027438009662772325,0.7203797901296842,-0.00019765787642444176,9.170513610102992e-06,0.0007769450825034493
TPR,0.0007480488243463423,1.315618337634777,0.0009841467507561842,9.076010443926144e-06,0.0007689385767215682
TARS,-0.0009712890973850633,0.5386135990994182,-0.0005231495165085942,9.06483784947407e-06,0.0007679920111651112
NXST,-0.0007297606979187311,0.8371143395920931,-0.0006108931446985036,9.023631116261683e-06,0.0007645008905914363
MATW,-0.00011409373772890244,0.9490152025638102,-0.00010827669162205659,8.98166256793351e-06,0.0007609452274487024
SONO,-0.00011322971907170787,1.550590568113523,-0.00017557293442273413,8.969119888323917e-06,0.000759882585413762
EYPT,-0.0003652668898313884,0.9798249032971286,-0.00035789759500668306,8.90510475619991e-06,0.0007544590896070754
FUN,-0.0002367272281219268,1.602388735690343,-0.0003793290437737737,8.89745108907976e-06,0.0007538106549299197
OFG,-0.0003126902331974803,0.8177663272982004,-0.0002557075435839213,8.843508280949903e-06,0.0007492405074665599
BFST,-0.0003926901250525483,0.8494586792548807,-0.0003335740349835716,8.826659423275385e-06,0.0007478130370245995
CBSH,-0.0005522154413651008,0.7450746315865089,-0.0004114417165314839,8.817241044283446e-06,0.0007470150922688249
OLLI,-0.0007487749549057905,0.7866491648347759,-0.000589023192925837,8.796289006836009e-06,0.0007452399918594781
WAFD,-0.000430524056442987,0.8277182256259288,-0.0003563526080882664,8.76549487299733e-06,0.0007426310484705761
MTB,-0.0005611042637317537,0.9377915326124908,-0.0005261988274404045,8.746079169160394e-06,0.0007409861094561644
BRC,-0.00041666819730785444,0.6592827097176948,-0.0002747021381743094,8.671027048631495e-06,0.0007346275369208002
AFG,0.00045157532361862665,0.4914863809322954,0.00022194312152364892,8.66911377224814e-06,0.0007344654401462117
AWI,-0.00025216847616141427,0.859504106518806,-0.0002167398407953252,8.651147253515351e-06,0.0007329432791231074
WOR,-0.0001695827342901505,0.818341468926606,-0.00013877658388359207,8.650108719198407e-06,0.0007328552923248901
TRUP,-0.00021714541896650742,1.3017288011635073,-0.0002826644459094192,8.606376561546707e-06,0.0007291502125137309
LUV,0.0004146993626882782,1.3482781065471288,0.0005591300715116527,8.591236633805088e-06,0.0007278675261879236
ZUMZ,-0.00010423028461310901,1.557221527905977,-0.00016230964305930044,8.526678891979132e-06,0.0007223980593530513
NABL,-0.00016685742385523064,1.0422359038122566,-0.0001739047979595411,8.518999201014427e-06,0.0007217474198813863
ARI,-0.0005491455979981198,0.6890503003617776,-0.0003783889392429524,8.518242750533754e-06,0.000721683331815428
FCN,-0.0006702753336959141,0.3348990948455211,-0.00022447460255204125,8.496863773697914e-06,0.0007198720602086489
NBIX,0.00036887495316403294,0.8311971061433949,0.0003066077935987245,8.437517052781052e-06,0.0007148440819579801
INDB,-0.0002895541318602124,1.0464468598204986,-0.00030300301203316986,8.426321409840837e-06,0.0007138955636854286
HWC,-0.00021668457348625496,1.0965409384501914,-0.00023760350555829748,8.394476485257884e-06,0.0007111975951081658
FELE,-0.0002542934000765618,0.8559900941133999,-0.00021767263146395255,8.38132401030567e-06,0.0007100832899371212
ALKT,-0.00036534184711110683,1.2381642625493894,-0.00045235321870675535,8.29436601211817e-06,0.0007027160265592347
PCT,-6.50536596241957e-05,2.204375054560983,-0.000143402664483478,8.213678637453717e-06,0.0006958800235139312
CPAY,-0.0004731813898075296,1.4491540544187724,-0.0006857127295150911,8.150644889116744e-06,0.0006905396725931041
XENE,-0.0004822079416801794,0.8816500629693573,-0.00042513866214665433,8.093272451364334e-06,0.000685678959739043
RKLB,-0.00010394969422092242,2.1795788442283532,-0.00022656655438792883,8.065699440443938e-06,0.0006833429166170073
COUR,0.0003293846642945473,0.9568549697098947,0.0003151733529764629,8.062928096712337e-06,0.0006831081225830263
NTCT,-0.00043437236861500455,0.9134117152062002,-0.0003967608102548112,8.053793855649917e-06,0.0006823342505865844
GPN,-0.0002443292112411007,1.2813337585405582,-0.00031306726656080955,8.035732383960913e-06,0.0006808040449505459
GH,-0.0006756497702227313,0.9863069135609236,-0.0006663980395165293,8.029880279182176e-06,0.0006803082424008256
TRGP,0.00018840407345025354,1.0104308940769926,0.00019036929638408705,7.991244930240395e-06,0.0006770349748776137
BGC,0.00034095327924282706,1.0138091463863914,0.00034566155298681144,7.990706930339814e-06,0.000676989394401436
USLM,-0.0001361546941678778,1.1127878360171517,-0.00015151128748664986,7.986700719492534e-06,0.0006766499798441273
LMT,-0.0006758022846500793,0.2304131283614782,-0.00015571371856005895,7.979654041548164e-06,0.000676052970558755
FET,-0.00018397659635153188,1.4718828207852397,-0.0002707919915963602,7.976196840037842e-06,0.0006757600692200874
ALRM,-0.00020544561835300767,0.8736349431842217,-0.00017948447111727715,7.963678422135706e-06,0.0006746994826877179
JLL,-0.0004948235420061081,1.1157956244765068,-0.0005521219430583824,7.928659541719968e-06,0.0006717326099376671
HRTG,0.00017669723079837067,0.3181734766385382,5.622037223551978e-05,7.928268316955898e-06,0.0006716994645578639
PTGX,0.00027307451705536857,-0.10780226192626041,-2.943805061298991e-05,7.882101080994076e-06,0.000667788079822139
KRNT,-0.00013401682049801855,1.5955441382290048,-0.00021382975236970223,7.879858954486072e-06,0.000667598122177583
ZETA,0.00040179044779610365,2.0065338396924943,0.0008062061299680826,7.85952935356081e-06,0.0006658757558914963
BFAM,0.0004338569478469915,0.7092095700539423,0.00030769549944748047,7.853913207223629e-06,0.0006653999442341771
AIV,0.0017859704342545431,0.5465076461518016,0.0009760464981211612,7.801450352722693e-06,0.0006609551815358598
UAA,-0.00021115485998832794,1.2237853421001152,-0.00025840822256691787,7.758799527256261e-06,0.0006573417144477841
DOCS,-0.00025674386257103194,1.1958506711520545,-0.0003070273203697394,7.716892041154795e-06,0.0006537912246245375
MNST,0.00022984307756951936,0.32283881341881326,7.420226643507189e-05,7.6292811018421006e-06,0.0006463686427096581
AXTI,0.0003458474536534793,1.6260077319865878,0.0005623506337284304,7.602904552219307e-06,0.0006441339662897615
VPG,-0.00017174256655321164,1.809254250791435,-0.0003107259685782291,7.590027559588373e-06,0.0006430430005568263
GIII,-0.00022634293109876052,0.9416068689589194,-0.00021312605866288833,7.55136847565553e-06,0.0006397677221555578
INGR,-0.00044045107952252676,0.3039542280164975,-0.00013387696785530258,7.54372156478211e-06,0.0006391198598817478
BRX,-0.001452256689904149,0.6805482090616656,-0.0009883306894120914,7.491753211223599e-06,0.000634716992336946
ESE,-0.00022466429134543298,0.9358960725083664,-0.0002102624279030661,7.455859379419229e-06,0.0006316759918763079
PEB,-0.00013566612164272115,1.669448427459561,-0.00022648759343597832,7.455781176254574e-06,0.0006316693663407275
SF,0.0006926769202325584,1.4069795074036062,0.000974582232018652,7.4469911478671654e-06,0.0006309246567616326
RUSHA,-0.00018658095764850452,0.9388513815968581,-0.00017517178986796333,7.43973637218614e-06,0.0006303100170010168
FOXA,0.0005708400219196789,0.8192716073392732,0.0004676730222917213,7.36960893942614e-06,0.0006243686743076863
NBIS,-9.450987492673824e-05,2.4655925174276048,-0.0002330228404423846,7.3370950464399545e-06,0.0006216140293289329
ABEO,0.00022369426523680193,0.6898156818699097,0.00015430781210471297,7.303881735773501e-06,0.0006188001282222891
MTDR,-0.00012570208573272162,1.4127261985002015,-0.00017758262972073424,7.298484944989484e-06,0.0006183429008259606
FFBC,-0.00021960353444227168,0.8400117322537831,-0.00018446954537590596,7.228780942943529e-06,0.0006124374320678366
KFRC,-8.994629343402179e-05,0.5746697564300659,-5.1689414539516536e-05,7.218170022614816e-06,0.0006115384527171984
NVDA,-0.00019528287452504623,1.7599725157364932,-0.0003436924919580995,7.153881043373211e-06,0.0006060917560102764
EXLS,0.0003082558505208002,0.7466558931640359,0.0002301610473936476,7.126028225940697e-06,0.0006037320070956444
BUSE,-0.0002624954031240348,0.8091777692620699,-0.00021240544474145426,7.087149649787614e-06,0.0006004381328546645
SM,-9.710168583297051e-05,1.68474018693153,-0.00016359111234160543,7.049718081257914e-06,0.0005972668521242699
OBK,-0.00020609370458625286,0.8376394394010511,-0.00017263221517371469,7.021177308459092e-06,0.0005948488181929464
MGEE,0.0008280080598062201,0.2739045095945431,0.00022679514156155183,6.940957478968884e-06,0.0005880524265521315
SNDX,0.0003178440897285413,1.0147672156671401,0.0003225377619500885,6.868131296159691e-06,0.0005818824401133388
APA,-8.460278581006715e-05,1.6150344614536971,-0.0001366364146182443,6.857141417410162e-06,0.0005809513546131386
MTX,-0.000143690972566959,0.9052690840098534,-0.00013007899511617593,6.847051034797492e-06,0.0005800964763059023
TNK,-0.0009398763956295875,0.4845133135530102,-0.00045538262677675143,6.845744774569552e-06,0.0005799858072088684
CRBG,0.0003805974834136182,1.3992907966011527,0.0005325665557502358,6.831122889980721e-06,0.0005787470105818496
TENB,-0.0002553712256050577,0.8712823324670838,-0.00022250043709015252,6.793910741229973e-06,0.0005755943195537888
BBIO,0.0004174130905486111,1.0109675230961173,0.00042199107825982465,6.790857628346234e-06,0.0005753356534482464
ASMB,-0.0002357573653773334,0.9961062588864252,-0.0002348393872309356,6.782021443402198e-06,0.0005745870333891915
EBAY,-0.00026422621118254595,0.5786056482775819,-0.00015288277821320624,6.768584977700458e-06,0.000573448667928211
ARES,-0.00028515163163070573,1.6130772233162651,-0.00045997160217496125,6.748053213423557e-06,0.0005717091739403841
BBT,-0.00021547636500328412,0.7998910430951364,-0.00017235761436482528,6.735820655714144e-06,0.0005706728060810858
WKC,-0.00015507736668989684,0.7416290118240516,-0.00011500987421450429,6.723784043633947e-06,0.000569653039145087
CPB,-0.00017624517436122948,0.15879094209374964,-2.79861372762968e-05,6.719048328715361e-06,0.0005692518194779486
SBRA,0.00047002406290487536,0.10824784903377103,5.0879093803566645e-05,6.6123190240420685e-06,0.0005602094896859103
THG,0.0001074588746393526,0.4086459979721778,4.391263906796539e-05,6.611806936172392e-06,0.0005601661045311555
DHC,-0.0001854340169135397,0.8069859402037932,-0.00014964264448473892,6.533967845981677e-06,0.0005535714141003391
EFSC,-0.00025062885613624005,0.7689851860321069,-0.0001927298775609407,6.50264128176119e-06,0.0005509173620965317
COHU,-8.680668669284959e-05,1.6280475381362354,-0.00014132541256405728,6.479842746292188e-06,0.0005489858225149965
ETR,0.00016684595313998785,0.4688530805278709,7.82262391032921e-05,6.425366706044878e-06,0.0005443704985120117
SIBN,0.00021787509515587504,0.8146014396967676,0.00017748136618804604,6.393012664395313e-06,0.0005416293964726397
EPR,-0.0005609525544832983,0.5790845337588812,-0.00032483894847381423,6.390921675239152e-06,0.0005414522435004597
JBL,-0.001571634645945579,1.422340377846426,-0.002235399416150769,6.362214041774326e-06,0.0005390200727847175
GM,0.0008990396967600114,0.8905300055356729,0.0008006218261324826,6.2516887488206835e-06,0.0005296561389306766
ALHC,0.00010020713841496078,0.05464787164726703,5.476106838240698e-06,6.245692371456981e-06,0.0005291481133059797
BIIB,-0.0004403888358689533,0.6119068362902023,-0.0002694769392940964,6.240108010191165e-06,0.000528674994546348
FHB,-0.00031710692740787434,0.8865111627390792,-0.0002811188309289714,6.208221963769362e-06,0.0005259735420409394
NDAQ,0.00023360259063333883,0.887343413240545,0.00020728572011442065,6.170082557447316e-06,0.0005227422918131584
MGRC,-0.00022446737094519422,0.7945125117196881,-0.00017834213468878119,6.112820294856124e-06,0.0005178909132290587
HUM,0.000651639888841119,0.3572744036265995,0.00023281425266501437,6.111889139475421e-06,0.0005178120237987778
PCVX,-0.00014975069072000903,0.7708478064861722,-0.00011543499146130815,6.1052315524029765e-06,0.0005172479791054058
NBTB,-0.0002897513350989126,0.7489451770483376,-0.00021700786496564728,6.101886889115168e-06,0.0005169646122401923
CMS,0.00028445917829749275,0.10932096346793542,3.109735143877913e-05,6.08355960850863e-06,0.0005154118867170304
ETD,-6.108348565595104e-05,0.8975293922443526,-5.482422375695237e-05,6.057253476081437e-06,0.0005131831761891407
KEX,-0.00038405805189764824,1.0517681976528468,-0.000403940045038453,5.976798925198109e-06,0.0005063668984612542
OC,-6.748556963027522e-05,1.2141255553179355,-8.193595470330511e-05,5.9496198355751115e-06,0.000504064229174962
UBER,-0.00021567548926157084,1.1273441722131816,-0.00024314050590825852,5.922788696893031e-06,0.0005017910390197188
AD,0.0002146606258989896,0.5178547372665246,0.00011116302202638899,5.873225131107143e-06,0.0004975919101218282
EXTR,-0.00017885985577608733,1.5004550609210394,-0.00026837117579483745,5.845725770259808e-06,0.0004952621067879357
STRA,-0.00016886087604759672,0.5640416895675748,-9.524457382774728e-05,5.800916360497382e-06,0.0004914657599261367
PCG,0.0008169225122964125,0.5294355886742547,0.0004325078511989022,5.761537319987686e-06,0.00048812948529872597
MTG,0.0004919113775407489,0.6839883618816235,0.0003364616573150297,5.725150698914201e-06,0.00048504673470111325
AWK,0.0007310894609704767,-0.22002946892332198,-0.00016086122583277172,5.723232412368647e-06,0.00048488421345511035
PRK,-0.00011428354757433709,0.8022529785071878,-9.168431643587983e-05,5.701696451567115e-06,0.0004830596418386085
SBCF,-0.0001448978823444203,0.9823834406693159,-0.00014234528020320934,5.699446167427928e-06,0.0004828689930624865
ADUS,-0.0007435882929657648,0.46132812856347755,-0.00034303819561560715,5.680093813020695e-06,0.0004812294211441809
VOYA,0.001343168931997471,1.2238311291110215,0.00164381195063331,5.606874507795939e-06,0.00047502612855258365
BKR,-0.00037623747708384793,1.1416890800607469,-0.0004295462190962347,5.5509816993243955e-06,0.00047029077298412007
DPZ,-0.00044968590661223447,0.5230720005557724,-0.00023521810679339773,5.532884425958846e-06,0.00046875753415520714
GSIT,0.00019985733886204902,1.7964260680615984,0.00035902893342520524,5.529099161637154e-06,0.0004684368386493988
COR,0.00011265127678003586,-0.02705034132206494,-3.0472554872663788e-06,5.511959120205902e-06,0.000466984698510896
OWL,-0.0003089918613565412,1.6877775142664995,-0.000521509515688922,5.508680837639676e-06,0.00046670695555917297
CSV,-0.00046229802201020386,0.4703223243986083,-0.00021742908027671807,5.485492297315455e-06,0.00046474237395106237
IFF,-0.00014783250170485727,0.7436334506398008,-0.00010993319335949724,5.439602870875877e-06,0.00046085452581877726
PRLB,-0.00013084542306687937,1.3139876661207948,-0.0001719292720782368,5.434935710927656e-06,0.0004604591142720311
MMSI,0.0002589464250264034,0.8648174388998755,0.00022394138410361284,5.428990191501712e-06,0.00045995539743813135
PTEN,-6.208211608562394e-05,1.9464372024756287,-0.00012083894035746908,5.404565826992167e-06,0.0004578861142217522
AMR,-5.8718674360442924e-05,0.865144009292045,-5.08001093565076e-05,5.282894326163904e-06,0.000447577850337253
CNXN,-0.00017054629950545163,0.6239875990223797,-0.00010641877595055842,5.281205096698818e-06,0.00044743473528591356
RLJ,-0.00011084001651231315,1.2226820750333809,-0.00013552210138600924,5.2648353917719995e-06,0.0004460478596663286
FHN,0.0007810534418496936,1.1724926975260153,0.000915779456946326,5.259377035746031e-06,0.00044558541633400993
D,0.00158664369812561,0.3219792929834615,0.0005108664161391487,5.247103686095744e-06,0.00044454559249621194
APLE,-9.714509027175643e-05,1.054422659442797,-0.000102431984436156,5.219226689351119e-06,0.00044218379505971513
RYN,-0.00014277849255970337,0.4989103100212886,-7.123366198733386e-05,5.177667241409479e-06,0.0004386627917568856
KD,-0.00020374200167258023,1.3304166250599105,-0.00027106174624818484,5.177363818528699e-06,0.00043863708513617016
HSY,-0.0005522886547465804,0.09100687891392584,-5.0262066728057034e-05,5.172782775445278e-06,0.0004382489695902231
XOM,-0.00029561995054096127,0.5275929768535765,-0.00015596700972321281,5.147916169558357e-06,0.0004361422187599195
KOP,-7.132632252378078e-05,1.0431713604171413,-7.440557690068418e-05,5.1360152354390645e-06,0.000435133946744381
GNTX,-0.00012189488102715636,0.641156284145209,-7.815366897569391e-05,5.115962901368082e-06,0.00043343507108576984
BBY,-0.00019800683216423783,1.4463234876704814,-0.0002863819320783641,5.1092042470293505e-06,0.00043286246376233344
HL,0.0005052936625772963,0.865033895888837,0.000437096145507178,5.097781716814345e-06,0.0004318947231255911
JBGS,-7.870421310814404e-05,0.6466299211132199,-5.089249911339723e-05,5.089970568535484e-06,0.0004312329463154809
DDOG,-0.0004622365101117494,1.2578831535903134,-0.0005814395190439481,5.03327111398045e-06,0.0004264292500046625
MSEX,-0.00021530884356953692,-0.12761649856868168,2.7476960727216317e-05,5.001733600605613e-06,0.00042375732594754405
LPX,-4.57446827285408e-05,0.9766314197744757,-4.4675694440307736e-05,4.997758030371571e-06,0.00042342050732703805
ALSN,-0.0002070954891912017,1.0288720864195895,-0.00021307476805223723,4.949049445232727e-06,0.000419293814176762
MKC,0.0012834842104460522,0.2918662782257808,0.00037460575966444406,4.895015436853422e-06,0.00041471594003762973
MTZ,0.0008433443789313657,1.5445916479318476,0.0013026226840276585,4.88877406660903e-06,0.00041418715810396335
ANET,-0.0006251623989445354,1.5743861731278617,-0.0009842470368577206,4.823606191458622e-06,0.00040866599949845975
PBI,-0.00020363646279293902,1.0569322688925809,-0.00021522994864900066,4.780773344709818e-06,0.00040503711118685586
AMN,-7.024430217340193e-05,0.8688299579934571,-6.1030354106596506e-05,4.667020920125199e-06,0.000395399767995249
OLED,-5.8463814601713794e-05,1.6097375949209183,-9.411140030686523e-05,4.607125072356861e-06,0.0003903252665698634
IDYA,-0.00014859940349026455,0.9917857017309399,-0.0001473787636673911,4.600114997122026e-06,0.000389731358342555
ACLS,-4.662515698093281e-05,1.6675541739021011,-7.77499751323952e-05,4.5948918330857165e-06,0.0003892888409672306
CYRX,-3.36394336436586e-05,1.536492670906196,-5.168674324691675e-05,4.571043693732174e-06,0.0003872683767505722
ESNT,0.0011486814627192676,0.5273733638891543,0.0006057840070313743,4.5563903480160016e-06,0.0003860269146710807
CUBI,-0.0001324299013131991,1.302532698718315,-0.00017249427674848137,4.550883878909315e-06,0.0003855603950979912
WTTR,-7.248543053026732e-05,1.2462745763621794,-9.033674922653908e-05,4.519920791451731e-06,0.00038293713760532565
SPNT,6.847921007486728e-05,0.5730874136935518,3.924457339358311e-05,4.5130852800701386e-06,0.000382358018792561
GRPN,-0.00012186247122929237,1.097575206837331,-0.00013375322706519888,4.493801547939497e-06,0.00038072426069697186
DOCN,-0.00013693431109086895,2.044306687319334,-0.00027993572788652946,4.426759500839426e-06,0.0003750443183262436
CFR,-0.00012594305370830646,0.9875934589243061,-0.00012438053603927603,4.421350361356586e-06,0.0003745860447223379
GSAT,0.00038066225463686876,1.3735057256017633,0.0005228417862642156,4.357822398116287e-06,0.00036920382288182574
CHCO,-0.00012119878608443592,0.4946138115339069,-5.9946593538505486e-05,4.352483671780128e-06,0.0003687515148268941
INCY,-0.00020280143806232907,0.5694451104053025,-0.00011548428728775711,4.317785290360073e-06,0.0003658117954217082
ROIV,0.0012078651533531826,0.7357649398930844,0.0008887048319558556,4.2956737398779005e-06,0.0003639384586442867
ENVA,0.0002478470960299037,1.3498388680053863,0.0003345536435434275,4.29328590536201e-06,0.0003637361563127238
GS,0.0004889071109135732,1.31924537557745,0.0006449884451596628,4.286741290704977e-06,0.00036318168287853575
CAAP,0.00020349260143708337,0.8632638364625599,0.00017566780380832322,4.224511728626632e-06,0.00035790946429855913
LYV,-0.00029820159052440997,0.9172239687736135,-0.00027351764635540326,4.208702841454595e-06,0.0003565701023314568
IRDM,-0.0004626068705283451,0.9383077616776172,-0.00043406761722213875,4.181356830297833e-06,0.000354253291103902
AVB,0.0007105447692363257,0.6109440997856666,0.0004341031343985012,4.170168241026178e-06,0.00035330537043289556
HASI,-0.00012891141913941393,0.7190850440523835,-9.269827351072074e-05,4.137416232914347e-06,0.00035053055184295674
MMM,0.0014775966086541805,1.0752247471908134,0.0015887484399901945,4.1026331490952965e-06,0.00034758365627347154
FCNCA,-0.0012561609820965491,1.1646765088656952,-0.0014630211872015118,4.098810159035749e-06,0.00034725976456429256
TDOC,-8.36732806684824e-05,1.4455095976641879,-0.00012095053027434066,4.077814710731822e-06,0.00034548098629644063
INSP,-6.797181870075871e-05,1.078184582214294,-7.328616694822326e-05,4.076889255053088e-06,0.00034540257975682493
BHE,-0.0001060183384790224,1.2478846757137427,-0.00013229865993260467,4.0125166894898315e-06,0.00033994880144200913
ADMA,9.059624540034689e-05,1.1034193634160836,9.996565142753806e-05,3.980175177400619e-06,0.00033720876093318124
BKD,0.00019488702581332276,0.8653910995911726,0.00016865349756464462,3.974329019164283e-06,0.00033671346218696333
KELYA,-5.021034313532547e-05,0.6972005060394582,-3.500667664236375e-05,3.950231031711273e-06,0.0003346718303170516
ONB,-0.00020256978209415733,1.220233768988082,-0.0002471824886878481,3.941036491608253e-06,0.00033389284965984473
MYGN,-0.00011696471956748868,1.2885659707925272,-0.00015071675741795676,3.932208958249894e-06,0.00033314496258121304
DIN,-5.090838831664123e-05,1.0151565305753847,-5.1679982860705954e-05,3.921337790546346e-06,0.00033222393452897426
BDX,-0.00030639072070439127,0.5584023799543001,-0.00017108930763724532,3.915116512230474e-06,0.0003316968548254911
HTO,-0.0003737744049437996,0.024721712742002206,-9.240343469333422e-06,3.890808757883108e-06,0.0003296374510658061
ENSG,0.0002940529153546984,0.47937545328784487,0.00014096174958877082,3.856560426064162e-06,0.0003267358608035811
NPO,-6.602439917702384e-05,1.43203665127842,-9.454935950013488e-05,3.8560216682204186e-06,0.00032669021611287426
FTK,-0.00012417333921789443,1.747673727954483,-0.00021701448266349415,3.81917883400795e-06,0.0003235688141844881
COLD,-0.00011055980122711101,0.8747291990170708,-9.670988637087737e-05,3.7346728016841404e-06,0.0003164092864800061
MTCH,-0.00021049821753788342,0.8639894593024029,-0.00018186824115467548,3.6604806789086507e-06,0.0003101235747519951
NHC,0.0006220360583408331,0.47583080484238643,0.0002959839182813043,3.653596491650201e-06,0.0003095403320171942
STGW,-5.810250293202761e-05,1.083076876382392,-6.292947738561923e-05,3.5648098500849804e-06,0.0003020181421498679
SAFT,0.00024627217815578756,0.23462785503808808,5.778231291625033e-05,3.563516069997774e-06,0.0003019085303964446
OMF,0.0009324136619451263,1.4760619738429746,0.001376300350288879,3.5483846418672875e-06,0.0003006265641754595
STBA,-0.00013947025143833493,0.7698278482050008,-0.00010736808355338381,3.542301259645056e-06,0.00030011116731727867
CRWD,-0.00019945030522406593,1.4877383416008734,-0.00029672986632583987,3.5389695366202657e-06,0.0002998288967781976
STAG,-0.00019959364224567724,0.6649507444157375,-0.00013271994099191148,3.523082551247237e-06,0.00029848291816825576
ANGI,-4.451314604107776e-05,1.1572967722723964,-5.151492023702909e-05,3.4891396575719547e-06,0.00029560720526403036
HPE,0.000255651049067404,1.6031550258797487,0.000409848264183839,3.4780139010097577e-06,0.0002946646079115106
MRCY,-5.603237027961644e-05,0.790373781249183,-4.4286516370254785e-05,3.475544437737945e-06,0.0002944553898211144
BCSF,-0.0002260900939411774,0.7725860450761315,-0.00017467405150890528,3.431742634134516e-06,0.0002907444094593412
INVH,0.0006117436363327229,0.3923895507730923,0.0002400418106488951,3.3886018523778635e-06,0.0002870894322501848
IBCP,-0.00011888277692666206,0.6860540631300779,-8.156001214672317e-05,3.3560050117631523e-06,0.00028432775977495423
EZPW,0.00026263114111950604,0.286325073953135,7.519788090343881e-05,3.3201205917425214e-06,0.00028128755670030827
ERIE,-0.00048288639871585387,0.32691938440261314,-0.00015786492420458175,3.3118535089262525e-06,0.0002805871521631324
EGP,-0.00017884920046606876,0.658538684128824,-0.00011777911713241718,3.2737590338809133e-06,0.00027735970860703543
DRI,-0.0008570755338067639,0.5903239220310337,-0.0005059521905936506,3.246025533499825e-06,0.000275010068482413
CHRW,-0.0008966650924722007,0.6757391698097812,-0.0006059117251845756,3.2385776439599307e-06,0.0002743790677120009
NBHC,-0.00011475880198781954,0.7848540172877689,-9.006890675927177e-05,3.2282591606844845e-06,0.00027350486423980715
IRTC,0.00013806866028697248,0.7526041261051767,0.00010391104341778944,3.2163704365463847e-06,0.0002724976266793983
ADP,0.0006342025618071342,0.558209853543759,0.0003540181191434371,3.2153398752406157e-06,0.00027241031537135403
RHI,-7.655932682793923e-05,1.034872586456733,-7.922914857181582e-05,3.197922552177804e-06,0.0002709346833534137
MBUU,-3.0028012195996872e-05,1.34283255818811,-4.032259243445425e-05,3.1641859745884552e-06,0.0002680764499792585
ADTN,0.0007608395103369047,1.691322510843863,0.001286824990972229,3.1545796761782736e-06,0.00026726258429755575
JBSS,-9.711608969805632e-05,0.13851314120800598,-1.3451854645916251e-05,3.151610788318934e-06,0.00026701105391213907
POST,-0.00013006249602831246,0.14401322294597338,-1.8730719237435138e-05,3.1448166868379495e-06,0.00026643544343271457
HE,-0.00012181344263298465,0.6145596936701463,-7.486163198943298e-05,3.126863811883351e-06,0.0002649144383390186
JPM,0.00013512299279675458,0.9680973475948896,0.00013081221092562149,3.1192142336889825e-06,0.0002642663500842024
BJ,0.0007197414939153273,-0.021408762868484508,-1.5408774969842028e-05,3.1149078119112614e-06,0.000263901501029325
PGEN,-0.00018020171694474687,1.7096011862625093,-0.0003080730690552802,3.113043262883233e-06,0.0002637435325381363
VST,-0.0003145039027117226,1.8886904817679093,-0.000594000527530491,3.0829242761084513e-06,0.00026119178901977185
CATY,-7.800660531796e-05,0.929937588633069,-7.254127444683525e-05,3.070489480803354e-06,0.0002601382871686227
PCTY,0.00040235956954555636,0.8318175024224154,0.00033468973221514284,3.0643562119051567e-06,0.0002596186638069741
PAYX,-0.0005856251953917024,0.5823474810429216,-0.00034103735737162663,3.0522447993934982e-06,0.0002585925596220638
YELP,-5.87196158775589e-05,0.8304390092060651,-4.8763059630320735e-05,3.0247364425011075e-06,0.0002562619941244294
AVNS,-5.9063969003056255e-05,0.8220820766059382,-4.8555430290621254e-05,2.999707501567627e-06,0.0002541414899296465
SMMT,-4.667873737527235e-05,1.5118190778014258,-7.056980569161918e-05,2.9966655746367976e-06,0.000253883771521417
ITIC,-0.0003131692872655292,0.8454117302807682,-0.000264756989017946,2.96620196157913e-06,0.0002513028305439817
AES,-0.00038235892669919174,1.1394223793441138,-0.00043566831802305467,2.957661710492775e-06,0.0002505792826199507
PKG,-9.455637394026084e-05,0.7964656682959491,-7.531090556197151e-05,2.9519247419378776e-06,0.0002500932346517874
TBPH,6.622948882750562e-05,0.47476726915819273,3.144359354837788e-05,2.9113290961586057e-06,0.00024665388668282417
ES,0.0006100464750658553,0.40354680745376004,0.0002461823074112457,2.8460988087190434e-06,0.00024112744037772075
BPRN,-0.00023517530837976694,0.33922913619462414,-7.977831671597268e-05,2.8171952377891186e-06,0.0002386786694303602
AGYS,-4.300109135613712e-05,0.9941594657748142,-4.274994201035126e-05,2.765097369758709e-06,0.00023426482914877037
SCSC,-5.421653073783163e-05,1.0008946375130083,-5.426503488005486e-05,2.7605047409315295e-06,0.00023387573203439394
AMH,0.0005957588584400097,0.4536528405043383,0.00027026769838693236,2.7578968158283477e-06,0.00023365478316821243
MEDP,-2.160560084579855e-05,0.9990000135578939,-2.1583995537879198e-05,2.7425800894102938e-06,0.00023235711808896895
SLM,0.00030166012490749476,1.1187288869779002,0.000337475895783376,2.6983534317512175e-06,0.00022861014320351355
ENR,-3.459746286978084e-05,0.7214101207777732,-2.495895986749312e-05,2.6309835622172396e-06,0.00022290242703092557
TVTX,3.312840040277635e-05,1.2034954680293268,3.9869879747802263e-05,2.5465454677211037e-06,0.000215748655161217
F,-6.903576628381618e-05,0.8699240180479317,-6.00558711946353e-05,2.5411708659316736e-06,0.00021529330766289242
TGTX,-0.00015818716524409476,0.4725030351169028,-7.474391569437381e-05,2.504279129716778e-06,0.000212167762654639
VSTM,-8.279199976595656e-05,1.2124934251982624,-0.00010038475537523841,2.5032223485916586e-06,0.00021207822994869115
KREF,-5.966607981416703e-05,0.7713004955818101,-4.602047693009087e-05,2.4516403339075e-06,0.00020770809384090258
FFIN,-6.81344188893461e-05,0.8129780337344524,-5.5391785898300124e-05,2.447616695404791e-06,0.0002073672027761963
BLK,-0.00010187396289642249,1.1013619852721406,-0.00011220011002314426,2.44154579255596e-06,0.00020685286319661606
GKOS,-0.0010333563034938436,1.3914198681794838,-0.0014378324915898426,2.439616595857241e-06,0.0002066894176196311
RCL,-0.000894396550086218,1.5616255962695995,-0.001396712545829863,2.429075722381152e-06,0.00020579637278476864
ZWS,-9.888829828138103e-05,0.8853094945700071,-8.754674937037754e-05,2.4278918290676415e-06,0.0002056960708685131
DOX,-0.00011273241102767306,0.5841284300109745,-6.585020626494653e-05,2.4206922613947463e-06,0.0002050861084457493
TREX,-1.5084346176185048e-05,1.2910264825286757,-1.947429038508506e-05,2.405703102899324e-06,0.00020381619560563824
SCCO,-0.00014309387500261735,1.2459154320535695,-0.00017828286709810546,2.3985398136081124e-06,0.0002032093067632047
MARA,-9.642347094267609e-06,2.1268432125075343,-2.050776047008481e-05,2.360688238835795e-06,0.00020000244222598133
ANAB,-0.00021262496477577762,0.4582273337049933,-9.74305706883227e-05,2.3468607780786743e-06,0.00019883095084659787
OTTR,-8.779010912851165e-05,0.4378916030605616,-3.844255161914561e-05,2.343772114588831e-06,0.00019856927281939357
IRT,0.0003575316373917553,0.5712723598132704,0.00020424794220069055,2.3430939487020664e-06,0.00019851181718787226
SR,0.00010826337347460393,0.17312087157410883,1.8742649575476688e-05,2.3409873100582755e-06,0.00019833333835838753
BA,0.00025771297971958476,1.2241668771448186,0.00031548369358301006,2.324859395885872e-06,0.00019696694775694053
BCRX,4.339976708896404e-05,0.796602560520031,3.4572365589041727e-05,2.2481004995303137e-06,0.00019046377360580668
IMAX,0.00023932049108361939,0.6405822903524069,0.00015330446830660768,2.2353766070857635e-06,0.00018938577884069284
ABUS,7.846203468865162e-05,0.8436717268885753,6.619620030096601e-05,2.228159784853564e-06,0.00018877435457559697
AKR,-0.00014297849129796573,0.7930766950819196,-0.00011339290934638965,2.2245766304559663e-06,0.00018847078224503555
SMBK,-0.00018859114955930924,0.7547526079157026,-0.00014233966195970898,2.2057827918152794e-06,0.00018687852894995745
URGN,-0.0001505020878304145,1.0756954843702558,-0.0001618944162674725,2.192074123398917e-06,0.00018571710190599895
OSPN,-6.133173300442113e-05,1.0486859388036065,-6.43177260041935e-05,2.1788699662252092e-06,0.00018459841810911621
SUI,-0.0002724291665909053,0.4296355514846161,-0.00011704525522877796,2.1734913156779817e-06,0.00018414272759156776
CRC,-0.00021269645269857346,1.2647958347913482,-0.00026901758744805074,2.170903028070298e-06,0.00018392344245505383
JAZZ,0.0003533227542516026,0.7816011646993907,0.0002761574762378492,2.159952941136725e-06,0.00018299572820067967
SGRY,0.0003088688344402795,0.6747794061245447,0.00020841832867399214,2.1486951480843417e-06,0.00018204194444071067
MLR,-3.5505183375137225e-05,0.96209205177801,-3.415925472214027e-05,2.143689554659798e-06,0.00018161786010241075
SEI,-2.3076754411075084e-05,2.136034113547701,-4.9292734652018766e-05,2.134569187664046e-06,0.0001808451635458984
SIG,-3.049153164325813e-05,1.532805616261045,-4.6737590951187436e-05,2.095495788290084e-06,0.00017753478347439964
HWM,5.613231966514059e-05,1.1668066905255958,6.549556614000751e-05,2.095461366138337e-06,0.00017753186715774977
TRMK,-8.38767870866838e-05,0.896621076394986,-7.52056951222155e-05,2.0795185954751304e-06,0.0001761811623014141
GTLB,-3.5740044404231546e-05,1.443005290512004,-5.157307315844007e-05,2.0713378727237025e-06,0.00017548807436945315
ECVT,-6.497164666455387e-05,1.1858596548386622,-7.704725448792736e-05,2.047066507813134e-06,0.00017343175359891985
NSIT,-3.824803147975945e-05,0.8894047661802578,-3.401798149511059e-05,2.0463701916614505e-06,0.00017337276023901446
FIBK,-5.5018873605138324e-05,1.1338442727563416,-6.238283473069114e-05,2.0347975273196215e-06,0.00017239229992521682
CORT,-5.3373955668710175e-05,1.2832925239691793,-6.849439828431816e-05,2.0155559878184574e-06,0.00017076211647739384
GLNG,0.00027401591389939167,1.0360072922288466,0.00028388248498652154,2.012016318390497e-06,0.0001704622282843583
FIZZ,-5.734463791135659e-05,0.09952781536977248,-5.707386534487954e-06,2.009761297974732e-06,0.00017027117824098414
BRZE,6.367671720544047e-05,1.3407509706961005,8.537462040393539e-05,1.9937488606718173e-06,0.0001689145710813057
ITRN,8.472819447752319e-05,0.9030925670297302,7.651740265050063e-05,1.9899200814882557e-06,0.00016859018890543904
AYI,0.00033368623283989724,1.1933086483672641,0.000398190667488942,1.9736307320486114e-06,0.00016721012117069744
APEI,-0.0003078311211310738,0.7514845201767757,-0.00023133032235866393,1.952822454636523e-06,0.00016544720041205215
RDNT,-6.949571039655918e-05,1.0903203390958174,-7.577258652528112e-05,1.9348276476332936e-06,0.00016392264274754412
TDS,9.161244940282842e-05,0.7673356722427201,7.029750044832153e-05,1.8942647647399488e-06,0.0001604860705187621
AVNT,-4.437132150032573e-05,1.3781483283629745,-6.115026255293002e-05,1.8829049494345026e-06,0.00015952364322025284
SBGI,0.0003873163804303155,0.8971986106652289,0.0003474997184099643,1.8775983163426825e-06,0.0001590740541720672
RPRX,0.00010006918595564243,0.3657413350321817,3.659943766700031e-05,1.8697451761117173e-06,0.00015840871971599743
CDW,-0.00017346017522196867,1.1435233377587846,-0.00019835575853804923,1.8591917370111454e-06,0.00015751461029516237
FCPT,-0.0002139528713240233,0.21421404236251415,-4.583170944138587e-05,1.8257035215589195e-06,0.0001546774186804246
REG,0.0006000495374264255,0.5359278676685651,0.0003215832690884531,1.8093533863309738e-06,0.00015329220104663536
MCY,7.029494978450277e-05,0.6229800129613646,4.379234872786801e-05,1.7791079451324221e-06,0.0001507297440451569
RNG,-0.00015778123236618238,1.3741804487359668,-0.00021681988469507435,1.7633998184851452e-06,0.00014939891872033564
AMRX,-0.0007661187705122992,0.8589306805423003,-0.0006580429169323595,1.7286090835747708e-06,0.0001464513749344001
QCRH,-7.365519187868597e-05,0.7189536533107879,-5.295466928648835e-05,1.7278301504721e-06,0.00014638538209370985
GEHC,-0.0001624368801192171,1.3215702608185915,-0.00021467175002571202,1.716955250175288e-06,0.0001454640378083674
AWR,-0.0002583252026327781,-0.0327266435115133,8.454116816602363e-06,1.7125600050433785e-06,0.00014509166345325254
SGHC,5.0358680752640485e-05,1.0090546643583331,5.0814661704384095e-05,1.652042272206526e-06,0.0001399644746249136
MTN,-8.256398829028166e-05,0.8147564963615932,-6.72695458250295e-05,1.6443358490976953e-06,0.00013931157035011917
EBF,-8.839481233716633e-05,0.4757291407170967,-4.2051988117009155e-05,1.6413059261578767e-06,0.00013905486894510047
OTIS,0.00021948618450993033,0.42245202989121017,9.272238417929676e-05,1.625050456084671e-06,0.0001376776715411028
PEBO,-9.37582122018435e-05,0.6659314302727912,-6.243654035139351e-05,1.6229216683487827e-06,0.00013749731619423653
CCK,-0.0009230560395366227,0.5659220834352737,-0.0005223777970220779,1.6146463591801655e-06,0.0001367962147032939
WAB,-0.0006441141794521092,1.0866969484850424,-0.0006999569132865541,1.5974393232175125e-06,0.00013533839864804972
CASH,-0.00015131734268253877,0.7857870130571053,-0.00011890320273025057,1.5780500926385826e-06,0.00013369570250339443
HMN,4.5481430161671596e-05,0.3904674778953188,1.775901932629999e-05,1.5610052729437497e-06,0.00013225162974944652
WD,-1.972228356957998e-05,0.9181831224687066,-1.8108667910130215e-05,1.4922436099393322e-06,0.00012642599792472676
UMBF,-3.9013620680145674e-05,1.1214030118836231,-4.3749991735200564e-05,1.4906674492051401e-06,0.00012629246229262035
HWKN,-2.2838823874619518e-05,0.781570807529912,-1.785015801871981e-05,1.4435231318506826e-06,0.00012229829717888292
MCHB,-0.0002605185787424124,0.823540213159238,-0.00021454752586946802,1.427912524156693e-06,0.00012097573386363154
RMBS,-2.6868748773467482e-05,2.213853915379414,-5.948348467348681e-05,1.3904997296493395e-06,0.00011780604370765412
DFH,-9.611829817326718e-06,0.9609510332410578,-9.236497794297319e-06,1.3894040444578942e-06,0.00011771321496788457
IPI,5.293265852858599e-05,0.8527384456408663,4.5137712957305164e-05,1.3817526893597938e-06,0.00011706497617006984
BKH,5.7339309645340084e-05,0.2529433830622643,1.4503598964147045e-05,1.376455920870963e-06,0.00011661622287166978
PVLA,-9.801005239164262e-05,0.7484281245526571,-7.335347969878475e-05,1.3306105043204268e-06,0.00011273210334917978
ACIW,0.000490393830370344,1.0350268192442358,0.0005075707664252145,1.2746722906261478e-06,0.00010799290095533381
DD,0.0009530233125975164,1.3499457911416914,0.0012865298097009298,1.2628928162426743e-06,0.00010699491926250555
MHK,-1.3173007079449126e-05,1.1181223022328999,-1.4729033003003944e-05,1.2497421233222756e-06,0.0001058807650689214
USFD,0.00036430518375028917,0.7701578221945987,0.0002805724869313258,1.249734721592901e-06,0.00010588013797893669
DAR,-3.171726902315385e-05,0.9541484378481009,-3.026298269125021e-05,1.2476084850689515e-06,0.00010569999877607876
TDAY,-4.214078344874155e-05,1.1088067421301748,-4.6725984806612314e-05,1.239509021263874e-06,0.00010501379527191113
LMND,0.0001944839060126857,2.1210681279299037,0.0004125136144388226,1.2379608509778014e-06,0.00010488263104907884
ODFL,-1.6353042715310077e-05,1.167251997623921,-1.9088121776674998e-05,1.2303594647184684e-06,0.00010423862571573616
DEI,-1.833850061940942e-05,1.026614963395016,-1.882657914211448e-05,1.2168435041905458e-06,0.00010309352528691052
PRGO,-1.7920839120103525e-05,0.6854789896925073,-1.2284358694490527e-05,1.183406460811301e-06,0.00010026066907716252
REXR,-3.334717716184452e-05,0.8842903930982736,-2.948858840116526e-05,1.1742743440554716e-06,9.948697705641547e-05
STWD,-9.401634210984408e-05,0.673372624708055,-6.330803105195614e-05,1.1616460007892863e-06,9.841707741742261e-05
STNE,0.00047507334844962843,0.9664824880871238,0.000459150071833478,1.150068086360348e-06,9.743617230527063e-05
POWL,-1.246502466953517e-05,1.551070835232641,-1.933413622537139e-05,1.143820397673821e-06,9.690685505997895e-05
CCC,-2.660802197541196e-05,0.7213339799906263,-1.9193270391201956e-05,1.1272837819401173e-06,9.550583840793497e-05
USPH,-3.62000596928849e-05,0.7880772987662743,-2.8528445257946614e-05,1.1072019091554888e-06,9.38044601677579e-05
BROS,-0.00010875930084811757,1.6429961583100627,-0.00017869111347394552,1.0967950280307308e-06,9.292276744498925e-05
HSTM,-7.23065796075584e-05,0.5205492187424917,-3.763913352465631e-05,1.0880787452800321e-06,9.218430575038968e-05
LZ,-0.0003153026377743006,1.0688943566129216,-0.00033702521014211814,1.085816065027023e-06,9.199260674959258e-05
LYFT,-7.594322390951326e-05,1.3571913549583368,-0.00010306948695765665,1.069724400630345e-06,9.062928730491925e-05
MCK,2.5225857618761116e-05,0.15282546210307865,3.855153347533635e-06,1.0563296833097406e-06,8.949445885405666e-05
KNSL,-0.0005232898291960448,0.5239823691682415,-0.00027419464446378796,1.0522213504588062e-06,8.914639230712909e-05
VKTX,-9.30278300482936e-06,1.4300016396705262,-1.330299495040509e-05,1.0453643693678952e-06,8.856545453571209e-05
CPRT,-0.0001988247002492525,0.5776375434037924,-0.00011484861141997359,1.0157821865862123e-06,8.605919017374376e-05
PIPR,-2.9489624450964507e-05,1.4348300244651797,-4.231259857244637e-05,1.0017578792777432e-06,8.487102154305462e-05
SRCE,-4.2683412670882374e-05,0.6933034945038775,-2.9592559162073835e-05,9.89862661921163e-07,8.386323386360305e-05
HIMS,-3.069311344979367e-05,2.1554839567220307,-6.615851362287944e-05,9.886244489378765e-07,8.375832987137774e-05
MAT,0.000662576550425373,1.1883186063104296,0.0007873520429754514,9.70422191651187e-07,8.221619658521416e-05
EMR,-2.3786637838128437e-05,1.2539309285750393,-2.9826800872042558e-05,9.68902375362585e-07,8.208743457231695e-05
OMER,-7.217644704062953e-05,1.243562226872677,-8.975590320960308e-05,9.647591814165523e-07,8.173641452054126e-05
ITRI,-3.0069151634206313e-05,1.0123797945433406,-3.044140155353034e-05,9.495209877391679e-07,8.044540289924712e-05
WDFC,-0.00012163580376852871,0.13334344590605596,-1.6219337220048447e-05,8.562264669905239e-07,7.254129608451867e-05
CMCSA,-0.0008099689580569054,0.5827954387921436,-0.0004720462143187895,8.549477822608147e-07,7.243296324133689e-05
WSFS,-3.5141813157785086e-05,0.922108175438022,-3.2404553212509084e-05,8.522092796619879e-07,7.220095157677348e-05
FLO,-1.9964969980481343e-05,0.2820504613909922,-5.6311289946520715e-06,8.416340685915792e-07,7.130499758914314e-05
EGY,-8.267498914039987e-06,1.0268316033879532,-8.489329165911841e-06,8.182974814935138e-07,6.932787314888491e-05
AVPT,0.00026769401575442285,1.0847284534210866,0.00029037531569937506,8.163184844321545e-07,6.916020838107758e-05
MSGE,-0.00013373060144615165,0.9840483197746724,-0.00013159737365554193,7.997944659434472e-07,6.776025899396217e-05
TNET,-2.8497511665937567e-05,0.7216645378086479,-2.0565643585095387e-05,7.99554803832386e-07,6.77399543189387e-05
IBM,-4.4470796564155e-05,0.7407243034295424,-3.29405998079406e-05,7.793917308808806e-07,6.603169663088817e-05
RXO,-6.24387072115533e-06,2.028371078087673,-1.2664886786109894e-05,7.681142505478852e-07,6.50762449233527e-05
DCOM,-2.535240993738729e-05,0.8850707971447666,-2.243867767282427e-05,7.522120107786245e-07,6.372897392907531e-05
VSEC,-2.4321881404284702e-05,1.1775543212527948,-2.8640336548613444e-05,7.492851681767837e-07,6.348100570576264e-05
WT,-1.4366912384893575e-05,1.1590134934799365,-1.665144531373567e-05,7.48193709335847e-07,6.33885350312427e-05
TOST,3.115653328358189e-05,1.4523990879142268,4.525172052364359e-05,7.384111777023424e-07,6.255973850247331e-05
TCBK,-2.6039226452365526e-05,0.7702557635421882,-2.0056864253114752e-05,7.378341252691469e-07,6.251084941409945e-05
XRAY,-8.788310825536988e-06,1.114106624856107,-9.7911153120254e-06,7.23872480309424e-07,6.132798966858145e-05
NJR,3.920940112098429e-05,0.08337310321485043,3.2690094466522955e-06,7.1676059694496e-07,6.0725456043717626e-05
BBBY,-3.0490992439027356e-06,2.2550545893357783,-6.8758852433031154e-06,6.857873823358705e-07,5.8101340557607374e-05
ROP,5.6331102569768454e-05,0.5902807074420136,3.325116307587155e-05,6.806306537883042e-07,5.7664451735761796e-05
ROOT,0.0002949827877791593,1.9970126155947685,0.0005890843485782954,6.735909314016265e-07,5.7068031739776724e-05
CTBI,-2.2261868182826966e-05,0.6483549501018606,-1.4433592434850976e-05,6.68032509585892e-07,5.6597110624577993e-05
EVTC,7.458064695886333e-05,0.7146254856162663,5.329723105055302e-05,6.642440374630557e-07,5.627614334715131e-05
AKAM,-1.670727602062555e-05,1.1973340602985552,-2.000419063430428e-05,6.618483088269164e-07,5.607317220921957e-05
DKNG,-9.285757361113141e-05,1.1531594120653137,-0.00010707958499122389,6.587426083444807e-07,5.581005077238983e-05
CTVA,3.4858797517121235e-05,0.6294276695667729,2.1941091685101628e-05,6.504034753973123e-07,5.51035419975152e-05
SRI,-6.567653915303352e-06,2.0243580212017247,-1.3295282883921253e-05,6.46947301695554e-07,5.4810727736937625e-05
MGNI,-9.465922159676282e-05,1.793149137351217,-0.00016973810154857294,6.41095514203043e-07,5.431495206836954e-05
LIN,-8.937341321188981e-05,0.590611949355803,-5.278500579765592e-05,6.373767230024952e-07,5.3999888304335684e-05
LIVN,-7.112612576129183e-05,0.9356653249531557,-6.655024957309813e-05,6.349901228159033e-07,5.3797690547731125e-05
CDNA,0.0001250089199779447,1.252989646080105,0.0001566348824000211,6.343334081489234e-07,5.374205230839022e-05
GNW,7.224749982658872e-05,0.913589355812146,6.600454682561131e-05,6.283605386040191e-07,5.323601831524118e-05
APG,0.0001459228860858554,1.073950995868008,0.0001567140288318383,5.719260744653649e-07,4.845477254641753e-05
SSD,-5.961091475971969e-06,0.8421699531795468,-5.020252129218309e-06,5.649109674279569e-07,4.786043801427694e-05
VYX,-5.987663234842084e-06,1.433931599778009,-8.58589952126908e-06,5.551865303377786e-07,4.703656337665527e-05
VNT,-2.0864494717881036e-05,1.2232603704788763,-2.5522709538449714e-05,5.543717546954312e-07,4.6967533881080674e-05
APO,-0.0001782939521373853,1.6207336700711414,-0.0002889670113991129,5.504939068830308e-07,4.6638994508408896e-05
DUOL,-0.00011798651522512334,1.4508686751012938,-0.00017118293902449334,5.433664094158631e-07,4.603513802412529e-05
CPK,-0.00032847291665502576,0.12255609937262708,-4.025635941478999e-05,5.43135368976717e-07,4.6015563795168665e-05
TDY,-0.0007864702105651448,0.8059358107052749,-0.0006338445067473682,5.319708453289563e-07,4.506968201412372e-05
ACHR,-2.9336407117686165e-06,2.2546686410050363,-6.614387716800394e-06,5.291221876943222e-07,4.482833778466567e-05
BILL,3.5664880597638614e-05,1.6826276764534036,6.0010715170992735e-05,5.147896364886579e-07,4.36140540866728e-05
CNO,2.013478499386413e-05,0.9574505674203725,1.9278061317262412e-05,5.136969958980334e-07,4.352148329184904e-05
SLDB,0.00029579645759813974,1.5031580434839142,0.00044462882447269235,4.953291692747548e-07,4.1965322625394074e-05
NVCR,-7.442765466597853e-06,1.2551051237173123,-9.341453071753238e-06,4.920390576067629e-07,4.168657748744265e-05
ACIC,2.6343553636008987e-05,0.3939780179639798,1.0378781047642614e-05,4.794513902473568e-07,4.062012399629845e-05
DLTR,3.2911003825423557e-05,0.669567724146507,2.2036145930765837e-05,4.764284352900604e-07,4.036401293332447e-05
HR,0.0009073934009777811,0.294861646723701,0.0002675555124385281,4.6938294483167526e-07,3.976710425424713e-05
PTCT,5.7814662488871046e-05,0.9207828821624061,5.323475155774943e-05,4.651879003952347e-07,3.941169132053912e-05
MSFT,-7.399870127395037e-05,0.8551974996971736,-6.328350431032042e-05,4.5000245083211783e-07,3.812514829085866e-05
AUR,-3.25739005772415e-06,2.2012540339685267,-7.170343004774257e-06,4.42855043122757e-07,3.7519604969237355e-05
SMBC,-1.4558207440970179e-05,0.8049045242060303,-1.1717967033566791e-05,4.3927422343794246e-07,3.7216230440423265e-05
CWT,-3.3914288356641036e-05,-0.005780647345016129,1.9604654094692842e-07,4.195179003649648e-07,3.554243345232555e-05
KAI,-4.330238424251478e-06,1.341199792780686,-5.807714877297047e-06,4.1420144804736825e-07,3.509201249880665e-05
PATK,-5.5308529106364855e-06,0.8997862984485676,-4.9765856677250896e-06,4.037139644898529e-07,3.420349096944862e-05
TK,9.48294024426835e-05,0.4828239227851604,4.578590408274912e-05,4.003979526990299e-07,3.392255151895099e-05
BGS,-4.3912721098598275e-06,0.16928796802007734,-7.43389532501408e-07,3.9936212482633916e-07,3.383479401634825e-05
CAR,-6.9795147724735165e-06,1.4191386250780746,-9.904898997920178e-06,3.914250107825701e-07,3.316234512332423e-05
POWI,-3.0982298462591733e-06,1.6628725340189592,-5.1519613154221616e-06,3.88113266143041e-07,3.2881767194803995e-05
QLYS,-0.00011119299902794906,0.8759151426518422,-9.739563160545216e-05,3.8564663917937146e-07,3.2672789402362564e-05
SENEA,0.00013922537805891171,0.10870224173682336,1.5134110701660444e-05,3.828469693198501e-07,3.2435595519612976e-05
RPM,-6.8527935971762856e-06,0.8672124760127378,-5.9428281030114825e-06,3.8191040353413796e-07,3.2356247708510184e-05
PRSU,-7.963543378758472e-06,1.225050506541703,-9.755742850014892e-06,3.8101395292113397e-07,3.228029853869342e-05
RGP,-3.6614989669909086e-05,1.1853976381801088,-4.340332227669931e-05,3.783369861763109e-07,3.2053500320311825e-05
ADBE,-0.00021754713159177294,0.839000803349376,-0.0001825222181718499,3.679226344763125e-07,3.1171174674792795e-05
SWKS,-5.076672831048807e-06,1.72728152434497,-8.768843186214678e-06,3.676040441489922e-07,3.114418303630136e-05
UFPI,-3.4826424064539794e-06,0.7325738430647888,-2.551292731716396e-06,3.618442744648836e-07,3.065620330880927e-05
GRC,-8.268409834165087e-06,0.9390947029225338,-7.764819876857019e-06,3.542519548719347e-07,3.0012966122395013e-05
NEOG,-5.307185746194338e-06,-0.1317876671852758,6.994216288098989e-07,3.4917337515435985e-07,2.9582698232783626e-05
HNRG,0.0004254072987400451,1.3806601723680993,0.0005873429144050783,3.4438100274713526e-07,2.9176678424774576e-05
NSP,-5.043053695521894e-06,0.8258114685995802,-4.164611578525476e-06,3.2005134797323903e-07,2.711541921517476e-05
DGII,-4.937947241774727e-06,1.308837074420394,-6.462968421566688e-06,3.194808832584852e-07,2.706708825207784e-05
SLGN,-5.965643981485838e-06,0.6696757068010993,-3.995046849825253e-06,3.1533140713312375e-07,2.6715535960937534e-05
MET,1.8885039403453593e-05,1.1026738848719584,2.0824039764966184e-05,3.048884198493005e-07,2.583078424889887e-05
HNI,-5.317942515570935e-06,0.7772344906596617,-4.133288342447135e-06,3.030667278416949e-07,2.567644669406598e-05
HUBB,-6.581411945749709e-06,1.1300887856207398,-7.437579833442119e-06,3.002104203736159e-07,2.5434454354727755e-05
POR,1.4572268916900672e-05,0.23750899204489348,3.4610449022602102e-06,2.969125444547295e-07,2.5155051413210663e-05
ADEA,4.251713659849788e-05,1.3675436456234051,5.814403998537809e-05,2.91443611430764e-07,2.4691711975512253e-05
MGY,-5.333285241499191e-06,1.1713756059122387,-6.2472802312639146e-06,2.903033262541034e-07,2.4595104631766316e-05
GOOD,-3.21738085103663e-05,0.49072097274875554,-1.578836260923914e-05,2.8900286348703745e-07,2.4484926707736236e-05
RYTM,8.296835601208012e-06,0.6667776688517756,5.532144701019898e-06,2.8698126773549494e-07,2.4313652889851004e-05
TFSL,-9.115836789478566e-06,0.5925980571254011,-5.402027170517253e-06,2.815100415563946e-07,2.3850119171256105e-05
AZZ,-7.124883579634205e-06,1.123130264671381,-8.00217238054734e-06,2.8120056454896024e-07,2.3823899632275314e-05
UMH,0.0009400459975622393,0.39668940625662774,0.00037290628862688405,2.69611007074607e-07,2.28420080969779e-05
BF/B,-4.153172639553344e-06,0.5720845241537664,-2.3759657932273166e-06,2.6960552529798885e-07,2.2841543669404056e-05
ENVX,-1.294728283375837e-06,2.467035910520618,-3.194141169454905e-06,2.678616092628055e-07,2.2693795457532703e-05
ATEN,-7.586279931139669e-05,1.0351776717976569,-7.853147596722452e-05,2.641787463723993e-07,2.238177561503629e-05
PGNY,2.1330005527739847e-05,0.5503423475697224,1.1738805315811503e-05,2.5999467588706235e-07,2.2027292417405026e-05
UVE,4.004465668369313e-06,0.46056380523496376,1.8443119461569433e-06,2.5447954631242406e-07,2.15600391113673e-05
SHAK,-8.362523174508409e-06,1.5991085750097027,-1.3372582517073757e-05,2.543049704387448e-07,2.154524867842695e-05
DBX,0.00014528998644368105,0.8186033234107257,0.0001189348657610966,2.5050263500083825e-07,2.1223106871968526e-05
DGICA,4.973522314343307e-06,0.269287719732234,1.339308483066892e-06,2.494500054334246e-07,2.1133925894667674e-05
YOU,3.013888386953971e-05,0.7159539280404454,2.1578052293151775e-05,2.427089223706201e-07,2.0562807246457692e-05
SEB,0.00010282589064939264,0.3663960991576576,3.767500522634932e-05,2.3867002683981543e-07,2.0220623574438846e-05
DHT,0.00014341769705039338,0.41534952260267616,5.956847200265613e-05,2.2153289417233694e-07,1.876872987248325e-05
QURE,1.6088674616466516e-06,0.95003214885446,1.5284758118101888e-06,2.2074535233174889e-07,1.87020076815215e-05
ASO,-2.4114465700741116e-06,1.6785630395400202,-4.047765084351957e-06,2.1179501788510206e-07,1.7943716637994506e-05
OPY,0.00019381309584180133,0.9489966249302929,0.00018392797382116085,2.0947639191165172e-07,1.7747277798816253e-05
CAKE,-5.667858868306217e-06,0.9746054195450574,-5.5239259702677545e-06,2.077007664858848e-07,1.7596843101091378e-05
BLBD,-3.5625936026023402e-06,0.8182244247988556,-2.9150011012813828e-06,2.0766648816760431e-07,1.7593938970313448e-05
MDU,-0.00046060914278551346,0.47593951531054407,-0.00021922209216494246,2.0704667356144652e-07,1.7541426981258923e-05
UHAL,-2.860332510006852e-06,0.8132041948727252,-2.3260343958684034e-06,2.0692656474671973e-07,1.753125111140748e-05
LTH,6.08863218497278e-05,1.0743401249715558,6.541261862509493e-05,2.0390148857530162e-07,1.7274960334739052e-05
INVX,-2.9328314439512065e-06,1.2799118752456726,-3.7537657932070626e-06,2.035228331051005e-07,1.724287985178642e-05
GNRC,-2.266550013615375e-06,1.3513028405640888,-3.0627954716790302e-06,2.0285470728473965e-07,1.718627483567794e-05
FWRD,-1.8802491966847435e-06,2.5440690967664463,-4.7834838755055915e-06,2.0200609449799247e-07,1.7114378586498786e-05
HTLD,-2.4837432091729277e-06,0.8290332563781809,-2.0591057207078255e-06,1.948590610321047e-07,1.6508866971566815e-05
BHB,-6.517714056384901e-06,0.7636159994195726,-4.977030733097352e-06,1.933748099452688e-07,1.638311811690647e-05
DFIN,-1.7450304673136867e-06,1.024467162731802,-1.7877264117294032e-06,1.9335581983973685e-07,1.63815092354701e-05
XPRO,-1.4036452033015371e-06,1.7008478004707093,-2.387386856676681e-06,1.9299873546346976e-07,1.6351256300686396e-05
BKNG,1.686640172626131e-05,0.9590744603091307,1.6176135132971055e-05,1.8249246027188687e-07,1.5461142704809334e-05
TJX,-0.000393018554236316,0.4287679576427439,-0.00016851376281560917,1.7844754698956512e-07,1.5118449196302838e-05
DTE,7.250155059888535e-06,0.2700731113464491,1.958071934768298e-06,1.7043682253685549e-07,1.4439763875562881e-05
ESRT,-1.0149906662586772e-05,0.8282636149094235,-8.406798383347361e-06,1.698904221674417e-07,1.4393471694105735e-05
NWL,-1.547766153617357e-06,1.651003344311859,-2.555367095834959e-06,1.5522430869966075e-07,1.3150927904009115e-05
THC,2.5530385679070183e-06,0.9799627488461372,2.5018826929163673e-06,1.5424741802275702e-07,1.3068163683831997e-05
CEVA,-1.991256809688218e-06,2.1846416152309516,-4.3501824930569e-06,1.5326211923344095e-07,1.2984687110795525e-05
NFE,-7.355092904583362e-07,2.198695003677762,-1.6171606020893196e-06,1.38879779279153e-07,1.1766185205944047e-05
RXRX,-9.890192136284162e-07,2.3661223676725855,-2.340140483424147e-06,1.3331845269931977e-07,1.1295017993058941e-05
AI,-1.0024062179754505e-06,1.8421253945091958,-1.8465579497464976e-06,1.3178328624038447e-07,1.1164955481644095e-05
ORA,-0.00016767844660271907,0.49843621614476286,-8.357701045369096e-05,1.2874465936605115e-07,1.090751666109917e-05
NIC,-4.430252872397869e-06,0.7333977344872353,-3.249137419822164e-06,1.2851636120692303e-07,1.0888174763837955e-05
SG,-9.31694507506029e-07,1.4774363317598003,-1.3765193154904612e-06,1.2805610005318526e-07,1.0849180476792792e-05
ASUR,-1.459755903987372e-06,0.966593261303568,-1.4109902199422919e-06,1.274155132628067e-07,1.0794908624870238e-05
CNNE,-8.649213914307456e-06,0.8791238542233991,-7.603730272348623e-06,1.2403450747200495e-07,1.0508462746835103e-05
LOB,-1.7517070654898813e-06,1.1864302160820406,-2.078278192221597e-06,1.2247014214718266e-07,1.0375926446466868e-05
BBW,-1.8111898925534237e-06,1.446176239829882,-2.6192997884307986e-06,1.2241894721543502e-07,1.0371589104834595e-05
IIIV,-3.8944357569729885e-06,0.7856609823742565,-3.0597062226168293e-06,1.1993317099288392e-07,1.0160988947152327e-05
ERII,-5.657776618750491e-06,0.8748890639270265,-4.949926889886834e-06,1.1827474807477577e-07,1.0020483890868934e-05
AVGO,-2.2343133237464076e-06,1.7653224760044135,-3.944283528845659e-06,1.1796112548350173e-07,9.993913129359576e-06
AXS,2.087562251014113e-06,0.49829460663821906,1.0402210107018725e-06,1.1741499528265966e-07,9.947643837148571e-06
LZB,-1.7188634331994038e-06,0.8945442871884052,-1.5375994646255756e-06,1.155221274594925e-07,9.787276118439932e-06
PWP,-1.8807550141942773e-06,1.5909164791673132,-2.9921241453582296e-06,1.1371829361079958e-07,9.634451544159681e-06
RES,-2.063013826498683e-06,1.2046995909864986,-2.4853119129824546e-06,1.1221442902583303e-07,9.507040992938906e-06
PZZA,-1.423135497743215e-06,0.7935263207479606,-1.129295475449991e-06,1.1195826749338312e-07,9.485338452446053e-06
AXGN,1.0576401586639445e-06,0.7026487172374501,7.431495007840338e-07,1.0871212427755356e-07,9.210318413670671e-06
IVR,-9.413891581953436e-06,0.7072737460463783,-6.658198364042672e-06,1.0788129669328683e-07,9.139928964022712e-06
RGTI,-4.288897122117384e-07,2.3636755976335486,-1.0137561468309614e-06,1.0731480143292559e-07,9.091934301399423e-06
KE,0.00028788267494705977,1.1951515702760953,0.0003440634310182612,1.0468531308185104e-07,8.869158551782e-06
HCI,2.140166037127857e-06,0.2872062144938024,6.146689859116943e-07,1.0396224320063253e-07,8.807898559986103e-06
WHD,-1.5168782589872395e-06,1.451760720651075,-2.2021442744072627e-06,1.0159550734597385e-07,8.607383751106058e-06
EYE,-3.820689467852857e-06,1.2408216300431594,-4.740794133389913e-06,9.999072885070375e-08,8.471423562460376e-06
DXPE,0.00012191238356072731,1.471335512928697,0.00017937401939868274,9.951366778971842e-08,8.431005952155748e-06
IOSP,-1.928941533204387e-06,0.7378208388359844,-1.4232132600944306e-06,9.845419346142743e-08,8.341245072405515e-06
LNC,4.349627600212835e-06,1.4395253650692517,6.261399259111674e-06,9.787867678351035e-08,8.2924860964291e-06
ACHC,-4.740493980846535e-05,0.6681887954034664,-3.16754496267923e-05,9.770866737527971e-08,8.278082543986999e-06
AORT,2.749561080239249e-06,0.7033353833367836,1.9338635963779727e-06,9.679503860044857e-08,8.200678004392109e-06
SDGR,-2.1669400972751655e-06,1.3072047392867487,-2.8326343649085846e-06,9.597740559472576e-08,8.131406427019495e-06
JACK,-7.778283376132512e-07,1.0843381929373312,-8.434289740230012e-07,9.268484130940816e-08,7.852453498201447e-06
SOFI,-1.8459892882308814e-06,2.31020976028885,-4.2646224710596494e-06,8.825714570409602e-08,7.477329871147503e-06
AXP,-1.6625436992230597e-05,1.3155145295742967,-2.1871003923801345e-05,8.78905844483433e-08,7.446274035323912e-06
ABR,-9.347293402071124e-07,0.8812541800740802,-8.237341382954048e-07,8.756935696426914e-08,7.419058971399747e-06
CABO,-1.9117103318640343e-06,0.7076445135108543,-1.3528113277655985e-06,8.673603819542103e-08,7.348458463386642e-06
APAM,-1.801478427909957e-06,1.12194763295541,-2.021164458013809e-06,8.479308639152215e-08,7.1838475251380605e-06
CSIQ,1.2256351616023894e-06,2.1042173351390705,2.579002753599724e-06,8.34515285657479e-08,7.070187941831731e-06
MLAB,-7.967455265705114e-07,1.4665735335819723,-1.1684859022681442e-06,8.294508380880364e-08,7.0272808833836626e-06
ORC,-3.5770596424972888e-06,0.6288438798877308,-2.2494120641778144e-06,8.120756393460386e-08,6.880074567640964e-06
EVCM,-1.1783592395267133e-06,1.1037155856349525,-1.3005734581425838e-06,7.909317769006874e-08,6.700939345226084e-06
IPGP,-9.348305615939143e-07,1.6531746809948376,-1.545438215447244e-06,7.841857346179456e-08,6.643785464857133e-06
LAZ,-2.3548975939040003e-06,1.7094240560273277,-4.025518596500371e-06,7.693127737954575e-08,6.517778631820343e-06
NVAX,-5.371659235270408e-07,1.3229249486343113,-7.106302017901129e-07,7.606891842451642e-08,6.444717778530216e-06
BATRK,2.0466122121818812e-05,0.49203321051472254,1.0070011774384895e-05,7.575450850882813e-08,6.418080313250711e-06
VVV,-1.7653302112670291e-06,0.6733515833907111,-1.1886878929641127e-06,7.492630340008825e-08,6.347913045211244e-06
BMI,-7.710667590082605e-05,0.9083976994108527,-7.004352699752862e-05,7.006681634653616e-08,5.936207144073164e-06
MYRG,7.588302718803677e-06,1.3407417549075071,1.017395430397825e-05,6.750355829824973e-08,5.719042564151542e-06
BLFS,-9.556359751287248e-07,1.322385034848708,-1.2637187122732778e-06,6.6615389746115e-08,5.643795067843914e-06
FRPT,-1.1751557318488272e-06,1.078296584870415,-1.2671664123434833e-06,6.599499875148644e-08,5.591234245953298e-06
MRTN,-1.1198543520415561e-06,0.6778012880192806,-7.590387222077637e-07,6.576081601066601e-08,5.5713937946303575e-06
UPST,-9.264678664626772e-07,2.4262185463277435,-2.2478135201884426e-06,6.54096546504073e-08,5.5416426701439766e-06
UFCS,1.575484258521063e-06,0.5590372312096697,8.807543576980346e-07,6.468100761871565e-08,5.479910170501876e-06
ESQ,-2.157363407962772e-06,0.6471616406382578,-1.3961628425501307e-06,6.358671280788774e-08,5.3871992266846044e-06
BAND,-3.061980572236647e-06,1.2542097597801807,-3.840365917956505e-06,6.319677093995984e-08,5.354162536524195e-06
EOLS,-6.199427348190595e-06,1.1833668274964064,-7.336196673322765e-06,6.217957304835006e-08,5.267983404861555e-06
MBIN,-1.2582428100383017e-06,0.9159349652124398,-1.1524685844412344e-06,5.940255264061457e-08,5.0327084310122344e-06
CBRL,-7.109608386083723e-07,0.958446835161303,-6.814181656878204e-07,5.9168672299830995e-08,5.012893599652535e-06
CXT,-8.517771981400871e-07,1.1726011275764083,-9.987949029829398e-07,5.7744081337778945e-08,4.892199275473589e-06
SIGA,-1.0166698954924828e-06,0.6280145100607457,-6.384834463112212e-07,5.732348156936617e-08,4.856565183898786e-06
UPWK,-7.767324768557884e-06,1.1203080002720718,-8.701796078926816e-06,5.622354101340526e-08,4.7633759207523405e-06
SO,4.216195816147631e-06,0.03380262506863154,1.4251848638917132e-07,5.573107803501686e-08,4.721653427810141e-06
TRIP,-2.106277058298492e-06,1.776785944317234,-3.742403472022612e-06,5.4242395387358656e-08,4.595529122053479e-06
RIGL,4.701972031353599e-07,0.8758957062050358,4.1184371129587875e-07,5.3067291395654924e-08,4.495971855514061e-06
LE,-8.384239246078376e-07,1.3209748811390627,-1.1075369441529847e-06,5.206096593525757e-08,4.410713858950773e-06
VZ,1.3511088209324675e-06,0.08629743160564075,1.1659722106619753e-07,5.1701561587884757e-08,4.380264371365472e-06
LCII,-9.892889797510067e-07,0.9256261519698227,-9.157117515130762e-07,5.062160442872002e-08,4.2887681433676145e-06
UGI,2.028787626348813e-06,0.4375279576897786,8.876513067426898e-07,5.015928163641537e-08,4.249599189993549e-06
PENG,-6.477687667530979e-07,1.7898281726346086,-1.1593947880874712e-06,4.80620065608618e-08,4.071913661582878e-06
PLPC,-8.461796130010142e-07,1.0969512820925862,-9.28217811362071e-07,4.7122875923736394e-08,3.992348550906954e-06
JANX,-8.321519225543747e-07,1.1891312491622033,-9.895378551598127e-07,4.406246449445683e-08,3.733064097329941e-06
PLAY,-6.329318390394098e-07,0.9924909522324314,-6.281791236264478e-07,4.1778481691178835e-08,3.5395602999445566e-06
SNOW,-2.859084848684296e-05,1.3924803022331516,-3.9812193342061326e-05,4.1575299843908725e-08,3.5223463091254857e-06
VITL,-6.715416944637466e-07,0.5650341012380292,-3.794439577751863e-07,4.07766389822486e-08,3.4546820914560206e-06
OGS,2.1462356671559208e-06,0.15984349524233923,3.430618106519762e-07,4.054902100614295e-08,3.4353978207222806e-06
BBWI,-1.1761673540045846e-06,1.6450320838080474,-1.9348330332651594e-06,4.039568945326544e-08,3.4224072510480198e-06
PLSE,-5.129883739670402e-07,0.8847184029842677,-4.5385025496561616e-07,3.86859242687189e-08,3.277552370629374e-06
SSTI,-9.650102811603232e-07,1.1083961879454776,-1.0696137169662957e-06,3.829505032522244e-08,3.2444367130784445e-06
JKHY,-1.8129096913808035e-06,0.37850060009078934,-6.861874060980418e-07,3.708955535384739e-08,3.14230465921391e-06
LAND,-9.399559925058605e-07,0.4553649040216695,-4.280229703120243e-07,3.7008520743580065e-08,3.1354392376424927e-06
DOMO,-6.72991640341193e-07,1.4699690913092656,-9.892769100110757e-07,3.6865157365416724e-08,3.1232931925668515e-06
KNX,-5.573981222392983e-07,1.1221030976361543,-6.254581595812924e-07,3.504336204763859e-08,2.9689468850801943e-06
FPI,-1.135331962639022e-06,0.46942766718025875,-5.329562346968208e-07,3.458355700180192e-08,2.929991240449832e-06
AGIO,3.118219450018664e-05,0.9075561474084295,2.8299592308329707e-05,3.389679295538839e-08,2.8718071548700092e-06
HTZ,-2.164512229506385e-06,0.8472827559048219,-1.8339538870058605e-06,3.034191732667983e-08,2.570630660721013e-06
XERS,1.687638384781159e-06,0.9016693559018912,1.5216918154009357e-06,2.8744654987060926e-08,2.4353072564933927e-06
CRVL,-2.1131559416727425e-06,0.5577364862289331,-1.1785841697623477e-06,2.7420673967320023e-08,2.323136816935641e-06
TMUS,6.649999423668308e-07,0.2538862164262417,1.6883431929118346e-07,2.6496578551508337e-08,2.2448455216380804e-06
NOVT,-9.073483569332584e-07,1.5960105165332046,-1.4481375198246041e-06,2.5747296126827263e-08,2.1813647483670092e-06
YORW,-1.81172950841012e-06,-0.07495669830872162,1.358012621789059e-07,2.102001458279582e-08,1.7808595743494668e-06
LAB,-1.0385881638252492e-07,1.477041949750825,-1.5340382864845753e-07,2.0639901647854566e-08,1.748655611937459e-06
CCRN,-1.4770881562756688e-06,0.37412567637595295,-5.526166055335439e-07,2.062584602930027e-08,1.7474647905525723e-06
NWN,9.420129965746077e-07,0.09222254051421276,8.687483174151673e-08,1.9677933061062385e-08,1.667155622426775e-06
BWIN,-8.130661792138434e-07,0.8634851055464482,-7.02070535574713e-07,1.888832984255638e-08,1.6002587872188454e-06
CASS,-1.0612482656803898e-06,0.5931873927243342,-6.295190917521719e-07,1.8390185570741193e-08,1.5580549632217155e-06
HCKT,-6.769369397356959e-07,0.6033006231914548,-4.083964776038616e-07,1.808934166952013e-08,1.5325668390454042e-06
LAUR,1.0409485860435978e-06,0.685434466483879,7.135020387119416e-07,1.7116960608101176e-08,1.4501846829187686e-06
AMZN,-8.069290746928997e-07,1.335701585094831,-1.0778164441264114e-06,1.3327486421385734e-08,1.129132508545598e-06
SSNC,-0.0008355884943984374,0.8191523798508088,-0.0006844743037624342,1.3137190147327509e-08,1.1130102104242165e-06
HAIN,-1.1832487155265415e-07,0.5842038833464703,-6.912584945753285e-08,1.2148489047343743e-08,1.0292453865160046e-06
AMC,-1.0780410331569616e-07,0.9443834957466327,-1.018084159451083e-07,1.1210458162773778e-08,9.497734491754296e-07
HURN,1.1397493680232388e-06,0.7371349234812083,8.401490631855657e-07,1.0750396964638854e-08,9.107961027869146e-07
IDT,3.1156634517832003e-06,0.6281200754194705,1.9570107623157514e-06,1.0647817987557417e-08,9.021053974240379e-07
CMG,-7.86427042325674e-07,0.9157581438226463,-7.201769685320929e-07,9.606121523782256e-09,8.138506955172977e-07
LXRX,-1.1343540721020063e-07,0.8412343936652635,-9.542576600464539e-08,8.743203099624509e-09,7.407424428331324e-07
GPRO,-1.0170070991259366e-07,1.6660797661292577,-1.6944149498635352e-07,8.30040798872344e-09,7.032279154469948e-07
LMB,-1.449639859300311e-06,1.1340654802863195,-1.6439865232795998e-06,6.7752839044795e-09,5.740162150079398e-07
AKBA,-1.0935524002958322e-07,1.0328501803514052,-1.1294757938692623e-07,5.436730378669588e-09,4.6061116227458635e-07
SABR,-1.095912813670655e-07,1.854303370500255,-2.0321548241639135e-07,4.917609581816402e-09,4.1663016322824997e-07
AMT,0.00042499109027059525,0.027272658388342013,1.1590636823038968e-05,2.4926183594556744e-09,2.1117983782318943e-07
CVNA,2.7051175722097583e-07,2.419826351264408,6.545914784501573e-07,2.3741512175175137e-09,2.0114305392204668e-07
UVV,7.632948746786632e-07,0.15713707413414602,1.199419233085948e-07,2.1553023088826737e-09,1.8260171691473201e-07
INSM,5.289718278006598e-07,0.5713797993942815,3.0224381685396746e-07,2.046698257027188e-09,1.734005546225666e-07
NTRA,1.5588264392262936e-06,1.1635082266806025,1.813707386007023e-06,1.2131155868707692e-09,1.0277768833897895e-07
IIIN,3.3524816592286093e-06,0.8221308743744089,2.7561786778257856e-06,1.192450226851259e-09,1.0102687584057827e-07
IMVT,-8.767302830947991e-07,1.0095202518752595,-8.850769762165292e-07,4.5047925586874667e-10,3.816554421024463e-08
FBRX,4.93497995913847e-07,0.8092599182666936,3.993681478380169e-07,3.099723283725619e-10,2.6261503606067017e-08
DAN,1.5592310675073005e-06,1.5797973521388051,2.463269111820596e-06,7.483012454915141e-11,6.339764571913752e-09
MDGL,1.6499726641563898e-06,0.7714086634220225,1.2728032075397544e-06,-9.18127473465e-10,-7.778567874694388e-08
TMDX,-4.51769019341395e-07,1.1540166402044947,-5.21348965848836e-07,-1.3159123249931182e-09,-1.1148684287243555e-07
TEN,1.8323662968134542e-06,0.759780805232057,1.3921967404730086e-06,-4.100543150055739e-09,-3.4740658718603985e-07
PTN,-9.920540382899309e-08,-0.18586625117626407,1.843893650612234e-08,-4.466011424647598e-09,-3.7836982336098465e-07
CSCO,-1.0563925462219665e-06,0.8554115596790558,-9.036503955970614e-07,-5.55932361758262e-09,-4.709975177363696e-07
DAVE,5.519691622317017e-07,2.1849795664543903,1.2060413407892166e-06,-6.419950875757512e-09,-5.439116580491606e-07
WIX,-5.856558044097705e-07,1.1864588887944945,-6.948565349160622e-07,-6.512675398583969e-09,-5.517674734484341e-07
MCS,8.650293146020848e-07,0.890578933405955,7.70376884363209e-07,-6.9073229605061945e-09,-5.852028398405248e-07
NEXA,4.677355932963984e-07,0.5801060825214551,2.7133626268302226e-07,-7.432673830312616e-09,-6.297116636904058e-07
ZYME,4.558323203106631e-07,0.706121217996515,3.2187287321994296e-07,-8.000864079539525e-09,-6.77849929313491e-07
GTM,1.0287924309944638e-05,1.7034512041011467,1.7524977053476652e-05,-9.284545101592173e-09,-7.866060688265542e-07
CMRE,9.61908041498738e-07,0.8832756122313566,8.49629914265063e-07,-9.686101767976253e-09,-8.206267889910037e-07
GVA,3.6642604329681267e-06,0.785160755951176,2.877033491551238e-06,-1.0835163409826098e-08,-9.179776932135372e-07
IDCC,-0.00014089838067885344,0.8925220078623675,-0.00012575490562804646,-1.094992173035699e-08,-9.277002580123729e-07
CPS,6.346853011491966e-07,1.411267869505261,8.957109727591316e-07,-1.2540587128229509e-08,-1.0624647555454142e-06
KODK,2.542382999014345e-06,1.7106581285304023,4.349148143101392e-06,-1.3020518033942966e-08,-1.1031255050943493e-06
MITK,4.1896918919430765e-06,0.9954027624084094,4.1704308828802535e-06,-1.3182905819915412e-08,-1.1168833377669837e-06
ARDX,3.189511073236183e-06,0.6366913944398442,2.0307342528000693e-06,-1.3953679299666836e-08,-1.182184878147143e-06
STRT,-0.00014433651616115937,1.311863513190776,-0.00018934980917289577,-1.3982488589470366e-08,-1.1846256614003962e-06
ARQT,6.843891697814273e-07,1.1414164392628479,7.811730492419734e-07,-1.5650208111095668e-08,-1.3259183453667886e-06
SB,7.894281844098164e-07,0.8193942695921426,6.468529305599328e-07,-1.6157193880216302e-08,-1.368871239497337e-06
WTFC,9.946842636128863e-07,1.18785700596487,1.1815426712555748e-06,-1.6657339213909837e-08,-1.4112445976396922e-06
MCD,-1.0621924583648528e-06,0.16867264281218108,-1.7916280912756734e-07,-1.958964344695425e-08,-1.6596755417645676e-06
OPLN,1.418144996522063e-06,0.8839119224570141,1.2535152701986124e-06,-1.9611712298110134e-08,-1.66154526096581e-06
PAYO,-4.460297781259102e-06,1.5061323520624093,-6.717798788186516e-06,-2.1912084435728182e-08,-1.8564375970157009e-06
COHR,7.154793270988081e-07,2.45328377312128,1.7552738231752386e-06,-2.4989543460784495e-08,-2.117166358542124e-06
NEXT,-5.529807618766666e-07,1.0950250850846126,-6.055278058241508e-07,-2.4995330129268066e-08,-2.1176566171921343e-06
SITC,1.0731178464412704e-06,0.8201648607502706,8.801335490951348e-07,-2.5440866266216483e-08,-2.1554033700346685e-06
BRBR,-2.6836040463198757e-06,0.8534647533326853,-2.290361465434989e-06,-2.6589433640749488e-08,-2.2527123988969345e-06
TTI,6.150599934052092e-07,1.5029840876160634,9.244253830172703e-07,-2.839072215081366e-08,-2.4053213267679448e-06
RDN,3.8829037223311914e-05,0.6074983595925134,2.358857641771863e-05,-2.8667610343218793e-08,-2.428779873217888e-06
FHI,-3.5932452625433465e-06,0.7315989674558202,-2.6288145238922298e-06,-2.9438023025612234e-08,-2.494050846091691e-06
CRAI,1.2742263217568164e-06,0.6367485245036331,8.113617302623445e-07,-3.1584475813612795e-08,-2.675902813098818e-06
RCUS,9.22320297949256e-07,1.3539159103677947,1.2487441258486627e-06,-3.237812834237918e-08,-2.7431427143364264e-06
YUMC,-1.4998156956416727e-06,0.6347372432541099,-9.519888800408404e-07,-3.4027154677687536e-08,-2.8828516724830053e-06
CHCT,1.5965663734320788e-05,0.39788687547513735,6.352528058135611e-06,-4.0978086407705524e-08,-3.4717491384335537e-06
TAP,1.9439133970405245e-06,0.2549549809679708,4.956104031458504e-07,-4.96056099186817e-08,-4.202690964707181e-06
OUT,1.5581520158802486e-06,1.2504780981093375,1.9484349693831634e-06,-4.979644243790666e-08,-4.2188586946400205e-06
OSCR,2.806548592375665e-06,1.0269425007509556,2.8821640299333396e-06,-5.0180717534909145e-08,-4.251415284122173e-06
UVSP,3.0172334933057483e-06,0.806647649232811,2.433844304561584e-06,-5.0976257219270676e-08,-4.318815069126592e-06
UHT,6.966498749204219e-06,0.28770436494831864,2.004292098553056e-06,-5.4066274414295134e-08,-4.580607785063513e-06
ACMR,5.879488051963933e-07,1.8129061576410823,1.0658960093182585e-06,-5.8369732701556613e-08,-4.945205766834456e-06
PLAB,1.0491426560433585e-06,1.709041995316171,1.7930288582556488e-06,-6.291189320692275e-08,-5.330027099491087e-06
BOX,-0.00020079534793308564,0.5214273347511846,-0.00010470018310318563,-6.549694853704837e-08,-5.549038390693769e-06
SPB,1.0741631833326751e-06,0.9006550308923097,9.674504750678722e-07,-6.690526900840683e-08,-5.66835424489036e-06
NAGE,-1.0705213551489275e-06,1.5613520021351637,-1.6714606611902266e-06,-6.709470601575747e-08,-5.684403744140118e-06
VTRS,1.5890399362369862e-06,0.8537082396965642,1.3565764867724181e-06,-6.797036134967086e-08,-5.758591094443204e-06
EIX,7.770392905976607e-06,0.60553457669313,4.705241579059846e-06,-6.817603028673658e-08,-5.776015796708612e-06
PARR,1.018086226324935e-06,0.9175185894030516,9.341130382683304e-07,-7.017986959415608e-08,-5.945785251530807e-06
TFX,9.9598956928678e-05,0.8023790559560262,7.991611703463757e-05,-7.062840048342918e-08,-5.983785726050327e-06
MOH,0.00036153398858921823,0.13215325698050673,4.7777894101218546e-05,-7.372318511681408e-08,-6.245982349330692e-06
LNTH,-2.0534776128777004e-05,0.485615972557551,-9.972015281027627e-06,-7.784476706577325e-08,-6.595171387537992e-06
PEGA,1.4290467122489913e-05,1.3577133349901291,1.9402357775442574e-05,-7.97088486993089e-08,-6.753100280088237e-06
ADT,9.333805475409246e-06,0.6609601315533663,6.169273294920026e-06,-8.358985177658679e-08,-7.081906973396001e-06
PHR,0.00036088805626578805,1.017032134619733,0.0003670347502227608,-8.527423260917661e-08,-7.224611238455048e-06
MMS,1.2738216934758095e-06,0.4118294097053674,5.245972360940342e-07,-8.726707252802846e-08,-7.393448802085372e-06
AMRC,6.340783201377561e-07,1.5876012924770675,1.0066635605823893e-06,-8.971865857645084e-08,-7.6011522967465e-06
CCI,-4.127447106398333e-05,0.14894351111196422,-6.1475646395588465e-06,-9.005753562260018e-08,-7.62986266846319e-06
ACT,-0.00015623350684776147,0.40600090557799334,-6.343094526181679e-05,-9.356975202569932e-08,-7.927424983846438e-06
OCFC,3.6038672694521793e-06,0.9092291797374548,3.276741281286666e-06,-1.0258061286230665e-07,-8.690843949651381e-06
ACAD,5.169100415314804e-06,0.8480335286101698,4.383570464939707e-06,-1.0326077710794336e-07,-8.74846888631359e-06
MA,-3.633642230496567e-06,0.7633391905575041,-2.7737015190028133e-06,-1.0363996620083175e-07,-8.780594578895739e-06
FTI,4.039636029045371e-05,1.289365771086226,5.2085684234977854e-05,-1.0439916671580261e-07,-8.844915633508303e-06
GBX,1.700182279549949e-06,1.04062889353507,1.7692588043759967e-06,-1.049479295243446e-07,-8.891407965746682e-06
DRH,2.507381252214367e-06,1.0987528463453007,2.7549922877433802e-06,-1.0584762828169612e-07,-8.96763232514228e-06
KRNY,2.6005506089020157e-06,0.7902467630022301,2.0550767007082964e-06,-1.0719859081657891e-07,-9.082088695063288e-06
FIX,1.1553618864438717e-05,1.6806007796570335,1.9417020871435918e-05,-1.0888214781131856e-07,-9.224723162857569e-06
NVRI,4.210733244310868e-06,1.7321700324311102,7.29370594035671e-06,-1.1492914416002173e-07,-9.73703733377438e-06
AMSF,-8.497101439671958e-06,0.2509507964024114,-2.1323543733977545e-06,-1.1581804230118683e-07,-9.812346642389748e-06
NTGR,6.557369222974022e-06,1.4694506210914682,9.635730277425256e-06,-1.235249871645671e-07,-1.0465295121320283e-05
CTO,3.5173711735549325e-05,0.4597782124035932,1.6172106305370157e-05,-1.2966309501322072e-07,-1.098532844896655e-05
KSS,7.069143435536875e-07,2.080435034245399,1.4706893665396798e-06,-1.3579450609151952e-07,-1.1504794412229858e-05
DASH,-5.51989373064456e-06,1.3023052585789257,-7.188586632215255e-06,-1.3682640777511697e-07,-1.1592219279885562e-05
UE,6.68291040825022e-06,0.7001219203494294,4.678852068547334e-06,-1.4229470767411095e-07,-1.2055505077912937e-05
TFC,-0.0015610325783507518,1.087981286930712,-0.0016983742335348183,-1.4351938935792286e-07,-1.21592626701618e-05
HUN,1.7877878783881346e-06,1.4663707674187114,2.6215598832138787e-06,-1.5408107749395222e-07,-1.3054070966524043e-05
VICI,3.1341354074917766e-05,0.338484887136469,1.0608574696752652e-05,-1.5675367666510006e-07,-1.328049915493418e-05
FDX,5.2536973052267084e-06,1.0874799260741073,5.713290357103677e-06,-1.58275550205213e-07,-1.3409435462479726e-05
OIS,2.2277717195775576e-06,1.825169974951168,4.066062053618291e-06,-1.609713610867788e-07,-1.3637830195516746e-05
KALU,3.3078359914183357e-06,1.1944353277060111,3.950996166407498e-06,-1.7105091317383159e-07,-1.4491790917983314e-05
HCC,2.710108279243871e-06,0.6232924637068658,1.6891900662822869e-06,-1.7170391483879795e-07,-1.4547114584032209e-05
NGVC,-3.500716540502063e-06,0.3722636202094547,-1.3031894126944162e-06,-1.718923714205485e-07,-1.456308101957571e-05
ROKU,1.2519708041258458e-05,1.7948910405002134,2.247151179293328e-05,-1.725129826610582e-07,-1.4615660501157762e-05
NNN,0.0002775129417313765,0.27130740105413775,7.529131498002814e-05,-1.7508723380143098e-07,-1.4833756438820197e-05
XHR,5.222446253627193e-06,1.2731374040257046,6.648891666006692e-06,-1.8072647758099351e-07,-1.5311524959739503e-05
HAFC,6.7196317368092205e-06,0.7541414339870894,5.067552713862462e-06,-1.8367104838431933e-07,-1.5560995153339874e-05
ECL,-0.00013977956578195477,0.5518361546907731,-7.713541808545987e-05,-1.855786582650445e-07,-1.572261184998068e-05
BRSL,0.00013071023007699172,0.9027067784421484,0.00011799301070223321,-1.8615883168252005e-07,-1.5771765354666642e-05
PLNT,1.9340400476400486e-05,0.47403578056043233,9.168041836181862e-06,-1.9103941652627663e-07,-1.6185258704692314e-05
MSBI,3.390248620535145e-06,0.6986596239791352,2.3686298264188663e-06,-2.1112274951303917e-07,-1.78867606562465e-05
MCRI,6.481498294500888e-06,0.6797592979089936,4.405858730068263e-06,-2.1184310963774992e-07,-1.794779107180676e-05
Z,3.188094731148334e-06,1.0866727810487276,3.464415767743756e-06,-2.1997635459904253e-07,-1.8636856586142907e-05
PRTA,-4.916619360783434e-05,0.5196847970563281,-2.5550923347119522e-05,-2.281487922952468e-07,-1.9329242590906758e-05
DLX,2.136524228239074e-06,0.8991114489686398,1.920973394608639e-06,-2.3019348976583558e-07,-1.9502473634719946e-05
SAIC,4.117665022182679e-06,0.3801367163459803,1.5652756605452216e-06,-2.3143676309020903e-07,-1.960780634961996e-05
ATEX,-1.3993525443687114e-05,0.6490435177869357,-9.082406980211674e-06,-2.320450270607229e-07,-1.965933974467802e-05
CFFN,7.119050103899564e-06,0.7786496635655329,5.5432459683075674e-06,-2.392910576573034e-07,-2.0273238603459555e-05
CUZ,1.234099023451361e-05,0.7657624748762936,9.450267224405313e-06,-2.4752321807328853e-07,-2.0970684441883795e-05
XP,-0.00012644548239167022,0.7611677599757851,-9.62462245911252e-05,-2.560258097284365e-07,-2.1691041780182093e-05
SHBI,9.787040957118195e-06,0.8911997408318,8.722208364493947e-06,-2.6028680954596655e-07,-2.2052042591644917e-05
KN,4.740817799884297e-06,1.4365705230327932,6.8105191063829604e-06,-2.62841507069622e-07,-2.2268481906025428e-05
NOMD,1.7857983986575934e-05,0.13664565068783865,2.4402158418186714e-06,-2.6327206332010716e-07,-2.23049595315738e-05
AAT,7.064287767531692e-06,0.6898722049728289,4.873455778749671e-06,-2.6943490389283397e-07,-2.2827088267303253e-05
COLL,-0.0007582713127440003,0.49760452429003976,-0.0003773192358607623,-2.738912565937244e-07,-2.3204639783397552e-05
KMT,3.7108620185251007e-06,0.9959367065151667,3.6957836970621124e-06,-2.843685205982229e-07,-2.4092295490861694e-05
MTRN,3.2639993743571155e-06,1.070766257819604,3.494980395605897e-06,-2.912799064206411e-07,-2.467784254485615e-05
MRK,1.9707243864646626e-05,0.4078092745943935,8.036796824696351e-06,-2.945879070338924e-07,-2.4958103271643855e-05
ONTO,2.7252824057672717e-06,2.2613235592462413,6.162745309760806e-06,-2.9651361006753724e-07,-2.5121252858020786e-05
HLIT,0.0006679466959995755,1.1450331843566373,0.0007648211323008886,-3.046820006310814e-07,-2.5813295981245808e-05
CVCO,4.977332587572191e-06,0.8252800897622872,4.107693484648334e-06,-3.093345821818166e-07,-2.6207472415683197e-05
CCL,0.00014799625537218367,1.784130935944104,0.0002640446976133967,-3.105791539840465e-07,-2.6312915140341468e-05
CVI,1.633287804254394e-05,0.8900535905740062,1.4537136746173582e-05,-3.1323028387685843e-07,-2.6537524406612976e-05
TMHC,4.316042076515087e-06,0.6927956975994689,2.99013538126793e-06,-3.467652105879571e-07,-2.937867349684469e-05
CACI,6.2778610853787e-06,0.3797648994882649,2.3841112840901315e-06,-3.4684297192134524e-07,-2.9385261599556654e-05
APTV,6.130367902562865e-06,1.236679211794487,7.581298545751665e-06,-3.4739345887608447e-07,-2.9431900005064907e-05
REX,7.866597666174722e-06,0.6796138924059102,5.346249059900252e-06,-3.6451615380413423e-07,-3.088257051155638e-05
DORM,0.00013359952929481913,0.6805046925984617,9.091510661407008e-05,-3.702850607882514e-07,-3.1371324370205224e-05
AGM,4.6241790799557524e-05,0.7039803119088588,3.25533103102967e-05,-3.719371457088924e-07,-3.151129245809466e-05
DIS,0.0003647710626373335,1.0849875800282442,0.0003957720725152116,-3.747628267487392e-07,-3.175069006241352e-05
EIG,-0.0001612088442973546,0.3515074301817116,-5.666610658152679e-05,-3.838104032101422e-07,-3.251721965269915e-05
ASC,1.751383400168675e-05,0.44656062973302757,7.820988740832945e-06,-3.850166575446724e-07,-3.2619416041397514e-05
TTMI,7.284954018213451e-06,1.8065095943371925,1.3160339328207883e-05,-3.864331906833019e-07,-3.273942768993254e-05
SFM,-0.00018459395205988214,0.7596009475244309,-0.00014021774089196585,-4.0174658058231645e-07,-3.403681009230855e-05
SWX,-0.0008246911448133869,0.33790815770756727,-0.00027866986542163615,-4.1035248900239387e-07,-3.4765920642898434e-05
CNOB,8.707078479081516e-06,0.9064217487783314,7.892285301759241e-06,-4.2570354177258536e-07,-3.606649392244862e-05
WNC,2.322795750114312e-06,1.1296078168410906,2.623848236254391e-06,-4.3338571703018436e-07,-3.671734386860056e-05
ADC,-0.0002710849824113568,0.08267171031466528,-2.241105913656782e-05,-4.5597006442723764e-07,-3.863073698895525e-05
AVA,-2.603629351476711e-05,0.12314142076154541,-3.206146174773033e-06,-4.646709986579376e-07,-3.936789832485696e-05
HAE,9.665547257371555e-06,0.6822136012101923,6.593967802118745e-06,-4.794093490851083e-07,-4.06165621811526e-05
RIVN,-1.790553001243609e-05,1.16637305399664,-2.0884527724033575e-05,-4.819575512167182e-07,-4.083245119234146e-05
RBCAA,1.7628753154327493e-05,0.5888210263503264,1.0380180525607669e-05,-5.02863135720183e-07,-4.260361601117267e-05
NXRT,3.943647373099301e-05,0.7011634087635674,2.765141235083794e-05,-5.034580647648309e-07,-4.26540196434369e-05
PENN,7.282553438992198e-05,1.5963908532962054,0.00011625801698647971,-5.105960114489013e-07,-4.3258761407218875e-05
MMYT,-1.2410522014454808e-05,1.0081131043143858,-1.2511209874154062e-05,-5.25185105797786e-07,-4.449477997656676e-05
WSBC,1.4755910573625634e-05,0.8281300382650216,1.2219812787971834e-05,-5.273415183114558e-07,-4.467747575235176e-05
LXU,9.711136661218785e-06,1.2089694622352751,1.174046766700694e-05,-5.520040908099074e-07,-4.6766940447485836e-05
PD,1.1437958566462685e-05,1.3218291006979435,1.511902648572771e-05,-5.691104571340463e-07,-4.821622756052171e-05
WMK,6.477856717151686e-05,0.21973373452718395,1.4234036481917438e-05,-5.698736599536733e-07,-4.8280887698750904e-05
NU,0.0006214011343609659,1.1766507840262899,0.0007311721319406564,-6.056122553179294e-07,-5.130873620368623e-05
ANF,1.1851639633458497e-05,1.3738729965550194,1.6282647657309857e-05,-6.148632960179875e-07,-5.209250370957935e-05
CWK,1.4801500646364988e-05,1.247491659951141,1.8464748611101746e-05,-6.262477974944539e-07,-5.305702247209984e-05
MD,-0.0003493685065597784,0.7704006080273716,-0.00026915370987926806,-6.406268202739725e-07,-5.427524333897085e-05
NEU,-9.04772134358565e-05,0.5040914727648196,-4.560879177253782e-05,-7.021930679663416e-07,-5.949126453761758e-05
BANC,1.8460297536316443e-05,1.1420949938864744,2.1083413401881827e-05,-7.100732226076397e-07,-6.015888771099995e-05
DXCM,-2.7092314903040825e-05,0.9936193349244418,-2.6919447915522968e-05,-7.127998766863934e-07,-6.0389895544175384e-05
PNC,8.207443216569018e-05,0.9276179788065736,7.613371887723476e-05,-7.201863416746376e-07,-6.101569229817374e-05
STC,0.0006996378840795333,0.6038664927020002,0.0004224878752205564,-7.560408959603032e-07,-6.4053365085324e-05
ORN,2.4270524957267597e-05,1.2520213720322864,3.0387215956942025e-05,-7.598326163345238e-07,-6.437460756139788e-05
FCX,-0.00017628901241898142,1.6205324772089145,-0.00028568207000004503,-7.605941259797662e-07,-6.443912425035391e-05
RAMP,9.417921149535258e-05,1.0665207126727554,0.0001004440797629816,-7.694910045208598e-07,-6.519288639782163e-05
AMGN,0.0007389658875819056,0.445600249345104,0.00032928338376402326,-7.723993034837967e-07,-6.54392835652839e-05
WVE,0.0002327447714162657,1.0392634315411151,0.00024188312981532074,-7.885345292812164e-07,-6.680629362288604e-05
RPD,1.1817245239098039e-05,1.1312070171723163,1.3367750738113849e-05,-7.894986326345113e-07,-6.688797447427722e-05
KDP,0.0001058529095199214,0.18090298534546503,1.9149107339657178e-05,-8.086022979824492e-07,-6.850647693563557e-05
PAY,-3.587357702378425e-05,0.9928687493820781,-3.561775355546632e-05,-8.110681497138909e-07,-6.871538904878217e-05
ATRC,5.86533575849181e-05,0.9435463991628081,5.534216434805805e-05,-8.183971298568708e-07,-6.93363155665271e-05
GTY,9.293604209855162e-05,0.21284233653984724,1.9780724349021336e-05,-8.408632347521933e-07,-7.123969093496858e-05
UTL,-9.647883954292585e-05,0.12706728110805526,-1.2259303825179917e-05,-8.657889470892472e-07,-7.335144938727973e-05
CENTA,2.2235397452394004e-05,0.554081256410629,1.2320216957212169e-05,-8.951735371896231e-07,-7.584097328425264e-05
NN,-1.9223727253858557e-05,1.1870502501357576,-2.281953024523438e-05,-9.172851654465351e-07,-7.771431665091268e-05
VTOL,3.0239910531554122e-05,1.05568230123705,3.192373833915356e-05,-9.58682031154087e-07,-8.12215456470187e-05
BTU,2.377962177719996e-05,0.9989581876174188,2.3754847872779374e-05,-9.592320446777177e-07,-8.12681439424538e-05
HIW,4.009692288509786e-05,0.6593531890875518,2.6438033976886913e-05,-9.654092210846916e-07,-8.17914872400274e-05
KRG,7.120907823137326e-05,0.6835926079417327,4.867799949731131e-05,-9.66788120603476e-07,-8.190831048962223e-05
FRSH,0.00018709646332401139,1.239914543274612,0.00023198362587068677,-9.699462381075931e-07,-8.217587280609802e-05
SRE,0.000575946493727572,0.6575959579069309,0.0003787400862459209,-9.805812418236663e-07,-8.307689255165577e-05
CCS,8.07009987485791e-06,0.6950280608559066,5.608945866935988e-06,-1.0016943447795067e-06,-8.486563876755557e-05
OSG,-0.0001909460920397337,0.8296968687061905,-0.0001584273746570511,-1.031832511901811e-06,-8.741900728505548e-05
HRMY,8.103065093727664e-05,0.5558617761613153,4.504184155350214e-05,-1.0334342427196653e-06,-8.755470926809981e-05
HRB,0.001096940335533666,0.2017778858975214,0.0002213383018597009,-1.0406382208808374e-06,-8.816504535664983e-05
SVRA,0.00035791637709165137,0.7068373691327982,0.00025298867035300536,-1.0684261886749382e-06,-9.051930007435788e-05
SBAC,-0.00030296318739377005,0.09544304007249593,-2.891572763491469e-05,-1.0830905281198556e-06,-9.176169356552919e-05
OSBC,3.967245025990342e-05,0.8130261463279006,3.22547393501946e-05,-1.1101375685040169e-06,-9.405317536427986e-05
BBSI,5.497098875004391e-05,0.6415630912906735,3.5267357473783e-05,-1.115125916495703e-06,-9.447579863345934e-05
ANGO,0.00024335253291669763,1.0021589789043972,0.0002438779259015964,-1.1270744953699932e-06,-9.54881072122348e-05
CNXC,1.335024123844419e-05,0.9896191653502185,1.3211654591613206e-05,-1.1374124059825206e-06,-9.636395660903572e-05
SCHL,3.065925907005252e-05,0.5588381010008698,1.7133562116801843e-05,-1.198664566074863e-06,-0.00010155336764965953
REZI,2.2643109589784496e-05,1.5201169733890143,3.442017521773897e-05,-1.1990549918977473e-06,-0.00010158644534149548
PGC,7.786767513773953e-05,0.9845727862131527,7.666639386630485e-05,-1.1991434163245939e-06,-0.00010159393684377469
FCFS,-0.00028631650618190883,0.3250085022640382,-9.305529884765442e-05,-1.2036198013020013e-06,-0.0001019731855362097
INVA,-0.0001659717866689462,0.06447531040335577,-1.0701082463679853e-05,-1.2688048110879311e-06,-0.00010749579582385187
APH,0.00010834309260377563,1.2617995401212116,0.00013670726442275395,-1.2704865016952533e-06,-0.00010763827216740278
LTC,-0.00028506366814885526,0.1610845272545122,-4.59193462211955e-05,-1.2789553725319948e-06,-0.00010835577260747782
PRVA,9.865643261552881e-05,0.5353955263667948,5.2820212669661266e-05,-1.2904911604476481e-06,-0.00010933310867336574
MU,0.0005833795743951681,2.1992156684853397,0.0012829775006841626,-1.2933040531614787e-06,-0.00010957142282397261
RBLX,-0.0006843060823173386,1.1910955931980969,-0.0008150739590468361,-1.3004452801866719e-06,-0.00011017644250511152
SEIC,0.0017264498249963192,0.9893165662957979,0.0017080054127473396,-1.3161051873834483e-06,-0.00011150318257729153
M,2.504555456984369e-05,1.4588313459233258,3.653724008252117e-05,-1.3381827004004849e-06,-0.00011337363562951701
CARG,8.685699882882428e-05,1.1417117843939264,9.916565911995815e-05,-1.4606954395478943e-06,-0.00012375317098288512
EPRT,0.0005127969901412609,0.45272891599926873,0.00023215802547434076,-1.4647625297468908e-06,-0.00012409774336612954
IRON,-0.0002596831926171065,1.2091533659750773,-0.00031399680644012863,-1.4877539184488179e-06,-0.00012604562187668624
MIR,-0.00011961136908630162,1.4073509713009502,-0.00016833517646224305,-1.4906467175877421e-06,-0.00012629070586665835
KLAC,2.7445901106680805e-05,1.7471867928845461,4.795311593240805e-05,-1.5121639890343858e-06,-0.00012811369408194696
FNB,0.00024009038576251323,1.1302768007744428,0.00027136859311635526,-1.520988913766538e-06,-0.00012886136015231352
VLO,6.729680220176059e-05,1.014134941214587,6.824803854481216e-05,-1.5614985795923194e-06,-0.00013229342371989003
MDT,-0.0003214934850309884,0.4337802256947243,-0.00013945751649612563,-1.5632144214716568e-06,-0.00013243879343059368
FTNT,-7.288717632357782e-05,1.2028785506777355,-8.767442101909784e-05,-1.5654452142763525e-06,-0.0001326277908601142
TLN,-0.001320344420767774,1.5034645619014049,-0.0019850910461285854,-1.6304490680321358e-06,-0.00013813505323020538
VCYT,6.0608232503072974e-05,1.177414063960801,7.136098534092426e-05,-1.633535713767635e-06,-0.00013839656030904384
QTWO,8.3854193518692e-05,1.2653304907986096,0.00010610326784052813,-1.6379254000411667e-06,-0.00013876846370605706
AFRM,4.778348584386616e-05,2.4273098321478725,0.00011598532500311502,-1.6410544414461643e-06,-0.00013903356263463663
KBH,1.3775928275877368e-05,0.6349464948632165,8.746977372255408e-06,-1.6461837192017232e-06,-0.00013946812576800196
FMBH,5.2100369592484593e-05,0.8173443487192075,4.258394265259932e-05,-1.6596504933590963e-06,-0.00014060905902469858
LQDA,0.0001392242948652988,1.1082813753036223,0.0001542996929889904,-1.6653929836665006e-06,-0.00014109557480727658
SWBI,3.4208262424793174e-05,0.6084032588044825,2.08124183372831e-05,-1.6790174340630824e-06,-0.00014224986672455533
EQIX,-0.0011543429042108217,0.720846929196729,-0.0008321045377404047,-1.711960493380976e-06,-0.00014504087157203292
LXP,0.00010526327100317984,0.6305732856593265,6.637620665572322e-05,-1.7129900607953077e-06,-0.00014512809867551704
AAPL,0.00025899315043418297,1.279540693959367,0.0003313922754372772,-1.8070421950784737e-06,-0.00015309639209255707
QNST,0.0001408964908785204,1.1561607201381527,0.00016289898835904882,-1.8257208010431999e-06,-0.00015467888263445277
HGV,3.863662736846962e-05,1.397080255352182,5.397846922988864e-05,-1.8335456622018528e-06,-0.00015534182122840348
LQDT,0.00018732354110185493,0.729200358446232,0.00013659639331689008,-1.8636031276190695e-06,-0.00015788835252875469
CYTK,0.00024205794229646598,0.5827306154422335,0.00014105457368710026,-1.868344095248365e-06,-0.00015829001721652433
MOS,0.00020187557778145342,0.6824049386724522,0.00013776089127541858,-1.879750338564476e-06,-0.00015925637799314723
OKE,-0.0001377884192365603,0.8933504648395559,-0.00012309334837448877,-1.916904202753473e-06,-0.00016240413103130213
BLX,-0.0011583188480746754,0.7395648542194015,-0.0008566519100159324,-1.9576497762210725e-06,-0.0001658561811874197
CSR,-0.0002067518059354386,0.41381622565325615,-8.555725197919769e-05,-1.957708299616767e-06,-0.00016586113941183652
HST,3.524091688357977e-05,1.0458650734153936,3.685724412367094e-05,-1.9713493158853425e-06,-0.00016701683482441877
APP,-0.0005376314612276493,2.08363531092084,-0.0011202278968758985,-2.017590291297764e-06,-0.00017093446692053864
HHH,7.131843736617194e-05,0.851066149697251,6.0696707891652505e-05,-2.023196795500992e-06,-0.0001714094616761142
ECPG,1.8799795161031648e-05,1.4786284471294384,2.7797911925307757e-05,-2.0274828004479707e-06,-0.00017177258097441302
O,0.00028810881192491687,0.20504715423522712,5.907589199529647e-05,-2.06289216352352e-06,-0.00017477253623164298
HAS,0.00013281016820865037,1.1218916486642756,0.00014899861857098253,-2.0880632558649085e-06,-0.00017690508379084805
WPC,-0.0006776105046358812,0.29077649229959107,-0.00019703320568337734,-2.1092244880513357e-06,-0.00017869790761576942
SXT,9.657372559516734e-05,0.5143456598809275,4.9672276618405964e-05,-2.1124232570970804e-06,-0.00017896891401582727
UNFI,0.00014525097277036424,1.0357601043327138,0.00015044516271106064,-2.1166838628972354e-06,-0.00017932988144531446
BFS,0.00012475595241212429,0.4281387510636381,5.3412857653481555e-05,-2.1578803816478756e-06,-0.00018282013662843845
GLW,-0.00023187661366104738,1.2226154668925833,-0.0002834959342726726,-2.1608192832036867e-06,-0.00018306912651153874
VRTS,4.4589321984358856e-05,1.064202124425115,4.745205118243018e-05,-2.178162059301144e-06,-0.000184538442754746
WEN,0.001313251789307549,0.5438966233955752,0.0007142732138725733,-2.1919574878771674e-06,-0.00018570722030078889
NGVT,0.00013599189536978322,1.4098141244556663,0.00019172329490381752,-2.208308623039156e-06,-0.00018709252265108043
SKT,-0.0003198557676539448,0.7832693594758776,-0.0002505332222549705,-2.2360156029906414e-06,-0.0001894399159094703
SYF,0.00013641555136773898,1.5679404567378792,0.0002138914619176823,-2.2942316243332587e-06,-0.00019437209892866702
RDWR,0.00016865137523365193,0.844649847793977,0.000142451358421349,-2.310428438974459e-06,-0.0001957443269218556
PRU,0.0004289940773915172,1.0232102956687286,0.00043895115676790777,-2.36223079432756e-06,-0.00020013313075170307
WASH,9.364477256139836e-05,0.8591450677814324,8.045444446963941e-05,-2.3628468430491693e-06,-0.00020018532368714666
BL,0.0002580827292897444,0.9011420098132351,0.00023256918937024536,-2.3783199057175007e-06,-0.00020149623390030896
INSW,8.749684148118931e-05,0.6334813576812854,5.542761793432802e-05,-2.3901600067971194e-06,-0.0002024993520135648
BXC,1.6184575339468236e-05,1.1385034068980922,1.8426194163183432e-05,-2.4164785794406303e-06,-0.00020472911650258518
ESTC,0.00018319050051371344,1.3845576624457654,0.00025363781117353684,-2.4225749884948877e-06,-0.0002052456170212057
HCSG,0.00014412170989427844,0.7487799581125628,0.00010791544789774874,-2.423347962111233e-06,-0.00020531110496175713
GCMG,0.0008757302474369383,0.5263672629210902,0.00046095573340059024,-2.44021212576793e-06,-0.00020673987215852232
JXN,-0.0005698251736972136,1.3534499479152267,-0.0007712298516612786,-2.498931748571218e-06,-0.00021171472134616338
WK,0.00028334849206066223,0.8710981935851945,0.00024682435958913167,-2.5007601455670547e-06,-0.00021186962696161487
BFH,0.00014529700472996215,1.4505641836683936,0.00021076263105558027,-2.5079406863967373e-06,-0.0002124779773904492
ADI,0.0008658955289748521,1.58950704077579,0.0013763470398818044,-2.5238796793235676e-06,-0.00021382836218906235
MSGS,-0.0011617122546121017,0.6339808373820214,-0.0007365033079759362,-2.528058161250863e-06,-0.00021418237191237437
WMG,9.927405678115985e-05,0.5572748150427247,5.5322931631261804e-05,-2.54347373812198e-06,-0.00021548841180863202
UPS,5.265217263793028e-05,0.7771751273955136,4.0919958977534046e-05,-2.5442096160035786e-06,-0.00021555075692099315
EBC,0.00011888019569768709,0.9633458807014537,0.00011452274682234953,-2.5567098326664854e-06,-0.00021660980140632857
ATRO,3.9955841779350305e-05,1.0274512717585664,4.1052680450377534e-05,-2.599321331007602e-06,-0.00022021993661814062
ALX,0.00021058217865226435,0.39494220083410764,8.316778909336652e-05,-2.6365887271123443e-06,-0.0002233773083175173
BJRI,0.0003027671338005425,0.9825499290842834,0.00029748382584477475,-2.6505067528813947e-06,-0.00022455647255402276
SANM,8.16953421344756e-05,1.3017403110223884,0.0001063461200792127,-2.6617054549045583e-06,-0.00022550524999847613
KBR,6.71260132685838e-05,0.821141493326695,5.511995477643244e-05,-2.665395814644119e-06,-0.00022581790498970385
BPOP,0.00023774173475919367,0.9012945750221707,0.00021427533579482108,-2.6930135153988444e-06,-0.00022815773432792067
ASH,0.00010456060676158401,1.1178526981671164,0.00011688335639042753,-2.71321550627875e-06,-0.0002298692892242168
SRRK,-7.430956838631655e-05,1.2375409721633466,-9.196113550184088e-05,-2.7271234563574543e-06,-0.00023104759982717457
AME,-0.001260544635415793,0.8030997859623679,-0.0010123431268984344,-2.730606720334273e-06,-0.00023134270923248304
YUM,-0.00032195222015016207,0.35602947719326755,-0.00011462448062127399,-2.779596329195795e-06,-0.00023549321129997839
VREX,0.00010162746908081039,1.9081044546904076,0.00019391582647200597,-2.7844425640127387e-06,-0.0002359037944439294
ACA,0.00011811519566262788,1.0703753178672364,0.00012642759010233614,-2.82270849353826e-06,-0.0002391457639819849
OSK,3.540257295666255e-05,1.29333328888732,4.578732611711366e-05,-2.842366004166467e-06,-0.00024081118937321043
CTRE,-0.0002554753614127233,0.2075965543084509,-5.303580473998753e-05,-2.943460139562508e-06,-0.0002493760958446823
RARE,-0.0001452853337972984,0.940052778645393,-0.0001365758817325738,-2.957244229232623e-06,-0.00025054391273491444
RSG,-0.0001349043072642813,0.2651261784702142,-3.576666344415046e-05,-2.973739058831912e-06,-0.0002519413891783038
CXM,9.031414618691276e-05,1.0671776337980434,9.638123682624015e-05,-2.9797393982175833e-06,-0.0002524497504737838
TER,0.0009737705123994333,1.862656075144354,0.0018137995607172348,-2.9978516881776954e-06,-0.0002539842615399778
SYY,0.0001979218578069241,0.3469066845732345,6.866041549637518e-05,-2.9999819647723732e-06,-0.00025416474302607293
UTI,-0.00012237239399991276,0.8942503058244802,-0.00010943155075889577,-3.0054600903316982e-06,-0.0002546288612745825
GSHD,-9.300300913384969e-05,0.8748448649839854,-8.136320496880709e-05,-3.0234298679847077e-06,-0.00025615129840022015
BMY,-0.0015316395218426815,0.315718126348144,-0.0004835663600769386,-3.030050955021094e-06,-0.00025671225073423993
TDC,-0.0002954359895654275,1.2500150868518598,-0.000369299444155793,-3.079572393310793e-06,-0.0002609078105025927
MPC,0.00015565935003214996,1.025204928851455,0.00015958273287477404,-3.0980336155994527e-06,-0.0002624718838450471
ASB,0.00015525591836699237,1.1555490678308669,0.0001794058317442032,-3.1215225376644525e-06,-0.0002644619144221353
FIVE,0.0008730400551119291,1.7684562684786742,0.0015439331580956582,-3.1347607431814934e-06,-0.0002655834828658377
MNKD,-0.00014093500509041075,0.5225380906223489,-7.364390846179426e-05,-3.146117439989033e-06,-0.0002665456459586856
ENPH,4.1275044960561316e-05,1.1218397016891344,4.630398412576172e-05,-3.1490529657100372e-06,-0.0002667943498340044
IART,2.5318487658664027e-05,1.3556961466630484,3.4324176158186764e-05,-3.1515350159530725e-06,-0.0002670046343189136
MWA,0.00012505512015104818,0.922864092036401,0.0001154088799127001,-3.153233727939112e-06,-0.0002671485527492498
PNW,-0.00032936948463197684,0.1925327776581104,-6.341442175201481e-05,-3.169065642794896e-06,-0.0002684898656698547
CHE,-0.0001829222939131071,0.26800696991654716,-4.9024449721835886e-05,-3.1775820558546386e-06,-0.00026921139398644166
TYL,0.00033258358094934555,0.6249571441182586,0.0002078504849307267,-3.2454375043366007e-06,-0.0002749602494225261
ATI,0.00019309243126296716,1.5639493921975816,0.0003019867905116708,-3.2747847832453346e-06,-0.0002774466122373501
AMBP,-0.0011026647225653066,0.6407899506449396,-0.0007065764731505388,-3.2869768806825396e-06,-0.0002784795522178114
ACGL,-7.027559788641395e-05,0.43485208728093655,-3.055949042582288e-05,-3.289754776798631e-06,-0.00027871490138350316
HALO,-0.0003426432864994134,0.544185866851561,-0.00018646163388455104,-3.298787449894552e-06,-0.0002794801683295121
RLI,-0.00013989007308937704,0.28449792613737723,-3.979843568113389e-05,-3.345993940544591e-06,-0.00028347960089481427
TRN,0.00014381802520402963,0.9816001491946659,0.0001411717949971577,-3.3544754125511317e-06,-0.0002841981689323354
COCO,-0.00026013294883714416,0.7342600448741452,-0.00019100523068640518,-3.3622890369588515e-06,-0.0002848601555252585
GPI,0.0001445440304491112,0.8904409267701974,0.00012870792043220621,-3.381103636039277e-06,-0.0002864541676881875
FLEX,0.00043173652735096666,1.660140254826406,0.0007167431885343014,-3.3931694759943124e-06,-0.00028747641087083876
HLMN,3.740967607800426e-05,0.9916679205109115,3.7097975683261276e-05,-3.4098098462340867e-06,-0.0002888862178215189
CHDN,0.0003339955289176168,0.621579327490386,0.00020760471624940802,-3.4905563508328506e-06,-0.0002957272304784585
BYD,0.000898262586252984,0.9554812847116183,0.000858273089921382,-3.5278754250548185e-06,-0.00029888898045595116
NEE,-0.0011082481309860543,0.37411000722450444,-0.0004146067162897363,-3.552732789934394e-06,-0.00030099494836879556
COST,-0.00029169153722519,0.47868096444433633,-0.000139627186359205,-3.559857943654182e-06,-0.000301598606285902
PB,0.00017266670677799372,0.7419938381718985,0.0001281176324867053,-3.6333308913246126e-06,-0.0003078233879956947
ALGT,6.993414232441237e-05,1.9508245767042722,0.00013642924359719808,-3.6653036778160527e-06,-0.00031053218930111886
TRST,0.0001011254464471234,0.6982290058033003,7.060871993418986e-05,-3.708360048216508e-06,-0.0003141800150037302
ACVA,0.0006116186408219224,1.346744899719007,0.0008236942850999953,-3.7412484119700296e-06,-0.0003169663859286621
LNN,0.0001584057686829233,0.7925024748779012,0.00012553696371615303,-3.772565722254286e-06,-0.0003196196539196481
WEC,-0.00018659180543223138,0.10846144138869648,-2.0238016168499023e-05,-3.786458074965277e-06,-0.00032079664308100943
IBOC,0.00012469410991373811,0.8261747645704433,0.00010301912690130356,-3.790688786286363e-06,-0.0003211550777877404
BH,8.472927122661774e-05,0.8326199224135741,7.054727923486513e-05,-3.89887582210024e-06,-0.00033032090960915703
TNDM,5.989338908656991e-05,1.1708412903372873,7.012565296079272e-05,-3.949981737472087e-06,-0.00033465070958799896
PAX,0.00012094679433253188,0.9619812266810586,0.00011634854557515072,-3.954803445179833e-06,-0.00033505921474398883
LGND,0.00015352120991490213,0.8373596025522392,0.00012855245931768134,-3.9579705660738e-06,-0.00033532753984647276
BXMT,0.0001444935807528988,0.7063472098421847,0.00010206263760491647,-3.964179319845774e-06,-0.0003358535584444165
APPF,0.0001882431685687512,0.8056283002271817,0.00015165402392342187,-4.069859077725131e-06,-0.000344806968438167
NBR,3.9217357348381186e-05,2.170700102023371,8.512912159721804e-05,-4.091914016414091e-06,-0.00034667550894613
G,-0.00016714659946494905,0.6132539530424072,-0.0001025033128594759,-4.098929603328148e-06,-0.0003472698841344234
ACI,-0.00023092215257563723,0.04085995461071974,-9.435468672850236e-06,-4.103716273207235e-06,-0.00034767542081232843
AMG,0.00033361758475006166,1.1668841862592865,0.00038929308390286423,-4.111028824650855e-06,-0.000348294955456322
ASTE,6.505716531996915e-05,1.0691703905762227,6.955719485493331e-05,-4.167594789596713e-06,-0.00035308734224841285
LDOS,0.00019998959476431283,0.5012826829893392,0.00010025132063340545,-4.2186986071567744e-06,-0.00035741696449625526
LILAK,-0.0002011784421004749,0.7128341432933871,-0.00014340686242379032,-4.23355452212419e-06,-0.0003586755886661498
WABC,0.0004772206310358629,0.6178990461409729,0.00029487417271585283,-4.265656887696693e-06,-0.00036139536818218546
IVT,0.00028036589588532727,0.5502298490124934,0.00015426568456123607,-4.274630179547663e-06,-0.0003621556042249954
SAH,0.00014961874138097413,0.9274108279757619,0.0001387580408248206,-4.332051615344748e-06,-0.00036702046829582385
IDA,-0.00021314000000466178,0.2276190025499074,-4.851471420454838e-05,-4.334450294334681e-06,-0.00036722368939389615
TEX,4.093993218097675e-05,1.6147350999455516,6.61071454820136e-05,-4.357599446933519e-06,-0.00036918493399157873
LH,0.00011261586542524598,0.6110625245183154,6.881533502756569e-05,-4.436588690525871e-06,-0.0003758770678227891
U,9.007999132138204e-05,1.9263728190739684,0.00017352764682392933,-4.457300521366609e-06,-0.0003776318174263038
PFG,-0.0011670861030541099,1.1066016978585616,-0.00129149946318681,-4.509742080424313e-06,-0.0003820747759301558
WTW,-0.00016593081702642945,0.3591968939048272,-5.960183407898367e-05,-4.615869853811365e-06,-0.0003910661427342213
ZS,0.0003925250181521411,1.2475110579018405,0.0004896793006479166,-4.646316979203624e-06,-0.0003936456868421783
SFIX,0.00010347575857006568,1.888634572393876,0.00019542789504010794,-4.7072027656276796e-06,-0.0003988040579397808
DK,0.0001622989961698881,1.348251636684035,0.00021881988721822755,-4.785831857134404e-06,-0.00040546567893345783
LFST,0.00010525501368267665,0.6567881269299335,6.913024328662972e-05,-4.807718178009504e-06,-0.0004073199337877626
CSGP,0.00015553532426056775,0.8496203145421765,0.000132145971120683,-4.815130351194669e-06,-0.0004079479085939429
LOPE,-0.000773191657531234,0.5958537496199829,-0.00046070914831487553,-4.836721098797655e-06,-0.00040977712186278674
NAT,0.0002480094533849239,0.3821392809910418,9.47741541954961e-05,-4.85324601359905e-06,-0.0004111771471873866
CI,-0.0007856632549920333,0.18818194386166356,-0.00014784763854508266,-4.85349082606219e-06,-0.0004111978882110041
BWA,0.0001525144484181142,0.9073087368398884,0.0001383776915440715,-4.859322333722078e-06,-0.0004116919457297607
RITM,0.000675125926279519,0.786852133402064,0.0005312242754080841,-4.874268288159187e-06,-0.0004129581982317406
ARLO,0.0005727599507135944,1.4438587520746922,0.0008269844676756926,-4.908277613043127e-06,-0.00041583953932682695
MFA,0.00010444326376578261,0.8073974482580936,8.432722465223989e-05,-4.917407560191095e-06,-0.00041661304753386083
CALM,-0.0005422079345869664,0.35262003039743733,-0.0001911933783757878,-4.935897895305157e-06,-0.0004181795873757389
CENX,0.00012350648366587269,1.7982099289374958,0.0002220905852161289,-4.953484059277173e-06,-0.00041966952394844123
UNH,0.00029509948146401167,0.286701011627133,8.460531986637454e-05,-4.9562092643247285e-06,-0.0004199004090166646
MAR,0.0001711758486798466,1.0759149318539654,0.00018417065156742184,-4.9832555516569465e-06,-0.0004221918270152805
GCO,3.726528619446518e-05,1.8824384764953532,7.014960857007234e-05,-5.045983574751244e-06,-0.00042750627625447966
PLD,0.00021132166822228097,0.846546811785253,0.00017889368449471298,-5.073157644719931e-06,-0.0004298085202651658
EXPE,0.00033935935802451874,1.4987604686493696,0.0005086183904733769,-5.095037708729572e-06,-0.00043166224502475
CNK,-0.0007666388666818904,0.2758520168598582,-0.00021147887757735543,-5.139313060946953e-06,-0.00043541334541497294
CALX,-0.0008481919020429834,1.2132183092410527,-0.001029041945308541,-5.151224247388792e-06,-0.0004364224860287084
URBN,0.00022337991219313817,1.2983946691076842,0.0002900352871773132,-5.186444940835458e-06,-0.00043940645680059647
APPN,0.0004732219079092736,0.98835919732406,0.0004677132250573699,-5.187313273423158e-06,-0.0004394800237525333
BV,0.00021065589127167042,0.866469625783974,0.00018252693127935378,-5.202047020382676e-06,-0.00044072829759342667
PFS,0.000142520124397474,0.9561267972963533,0.00013626731009043467,-5.284719634888057e-06,-0.00044773249430787187
VAC,8.369291098326981e-05,1.7250003234829399,0.00014437029851936933,-5.309516589367536e-06,-0.0004498333441253421
IP,0.0001065931367750429,1.0862759545585168,0.00011578956139969626,-5.37873341686365e-06,-0.00045569753843724517
SNPS,0.00021957642268807722,1.3385725308094014,0.0002939189678236544,-5.453930672190889e-06,-0.0004620684070961052
SOC,5.026766956995514e-05,2.307428450995339,0.00011598905093094714,-5.470357546988709e-06,-0.00046346012626666565
NBN,0.00015542405148329084,0.8725774346996341,0.0001356195201339138,-5.506018973726879e-06,-0.00046648143688429066
ANDE,0.0001291822317051405,0.7455784128957982,9.631548328905591e-05,-5.526355895825576e-06,-0.00046820442343549436
NWPX,0.00020015077049567165,0.9047986999168852,0.00018109615693184656,-5.532519542305239e-06,-0.0004687266204493441
PAGS,0.0010243708197580758,1.105458265469009,0.0011323991896068294,-5.546965854818425e-06,-0.00046995054224310953
GEO,-0.0006026519702302285,0.8928514748363582,-0.0005380787004330965,-5.556645310685741e-06,-0.0004707706059775044
GDDY,-0.0006846939566515347,0.7311413426525485,-0.0005006080587722889,-5.564755495492347e-06,-0.00047145771778733206
CPRI,0.00010799573597256092,2.154921886987919,0.00023272237514864006,-5.6407987819316e-06,-0.0004779002639704913
FRME,0.0001675903585783007,0.7880984373532576,0.00013207769971103087,-5.6601103495010416e-06,-0.000479536380342641
GPRE,6.503713399149084e-05,1.635240695963092,0.00010635136825169036,-5.7591713774623475e-06,-0.00048792903770236424
CGNX,9.510069138823453e-05,1.42041202463282,0.0001350821655987432,-5.893998199555073e-06,-0.0004993518479034315
PRG,5.9398204401988766e-05,1.0687004246822542,6.347888626976873e-05,-5.899457359628429e-06,-0.0004998143593563255
ESS,-0.0013334254685839178,0.6392322946136293,-0.0008523686219791516,-5.919498719964299e-06,-0.000501512305297159
ESI,0.0013317708520847462,1.4639271639513332,0.001949615526525473,-5.95984783348762e-06,-0.000504930766538063
HLF,7.941099083048167e-05,0.8725427601097333,6.92894851222772e-05,-5.993239800409097e-06,-0.0005077598037760839
PRIM,0.0002569510997575586,1.2531115438703342,0.00032198838931637454,-6.011081645404515e-06,-0.0005092714021795481
PPC,-0.00030740772926832665,-0.02661617356501219,8.18201747743206e-06,-6.0581170340673495e-06,-0.0005132563386268336
COF,-0.0007050197673308996,1.4676389444139961,-0.0010347144671165227,-6.090907869405049e-06,-0.0005160344467405099
MSI,-0.0009080877748803646,0.5136214863322719,-0.00046641339265421843,-6.092421260276821e-06,-0.000516162664378662
PECO,0.0014944932713816565,0.41567689804594105,0.0006212263271984577,-6.146830659741051e-06,-0.0005207723424352027
DOCU,0.001278613957994205,1.259679464192553,0.0016106437455152597,-6.16625769365069e-06,-0.0005224182413570574
MAS,8.379463865709215e-05,0.9905706177509788,8.300450697877582e-05,-6.177332300943422e-06,-0.0005233565052365489
UDR,-0.0006935017753074208,0.6082750203724294,-0.00042183980650343736,-6.19353488722916e-06,-0.0005247292222155274
HBAN,0.0012303224530081098,1.1301117906833844,0.0013904019104869691,-6.200867587489792e-06,-0.0005253504639094161
MKTX,-0.0006419815185389581,-0.25429506440698063,0.0001632527316049556,-6.238499417504912e-06,-0.0005285387112114692
NTB,-0.0003849763080842397,0.5501987361624582,-0.0002118134781604378,-6.250100308318816e-06,-0.000529521562930984
OI,0.0004257491202149803,1.0080441815549175,0.00042917392343483595,-6.281720401695202e-06,-0.0005322004833384535
MTUS,0.00012431901008130177,1.2103959158934332,0.0001504752220703222,-6.356580540748657e-06,-0.0005385427908019124
KNSA,-0.00022777775520978715,0.49976035750775094,-0.0001138342923759562,-6.356774140774271e-06,-0.0005385591930007715
DE,0.00015845888255073385,0.7556306833083907,0.00011973639369809505,-6.356826014903929e-06,-0.0005385635878854705
LMAT,0.0004131650191928875,0.6837592297745682,0.00028250539529312344,-6.379977146996969e-06,-0.0005405250001900396
MAGN,0.00015548797719473997,1.6819984401022054,0.00026153053509619993,-6.440441789899734e-06,-0.0005456476911281868
WBS,0.0002641388246201513,1.354633849505274,0.00035781139279899405,-6.485166487003507e-06,-0.0005494368609564668
EXR,0.0001623688650071426,0.565358968016614,9.179669395846705e-05,-6.521223830507276e-06,-0.0005524917144700724
PLUS,0.0001880805586297748,0.9541897713741755,0.000179464545238872,-6.537922208358198e-06,-0.0005539064359468243
HLX,8.559645953043441e-05,1.3568369540590943,0.00011614043942751717,-6.562504535670212e-06,-0.000555989102102024
HIFS,0.0002747431718765126,1.0144854246332922,0.0002787229433862415,-6.583862347084516e-06,-0.0005577985805300477
WH,0.00017672454860992887,1.069370053351023,0.00018898393997543512,-6.593273583057807e-06,-0.0005585959201143511
VMC,0.0005756298277192644,0.6706783323665811,0.0003860624529152186,-6.602498364991093e-06,-0.0005593774629226336
EVR,0.00022633567123308496,1.7842172542683874,0.0004038320098704873,-6.65550179713979e-06,-0.0005638680244892581
ANIP,0.0004037900950921045,0.5755588668046964,0.00023240496955817227,-6.658366822966627e-06,-0.0005641107554661747
STRL,0.0004948235420061081,1.7058822473737634,0.0008441106958908255,-6.690479742044004e-06,-0.0005668314290972036
ASTH,0.00015366707792139933,0.5128843372124098,7.881343741108463e-05,-6.702718877159552e-06,-0.0005678683542080986
BR,-0.0017793020956322438,0.5905041176277457,-0.001050685213974517,-6.741625383544214e-06,-0.0005711645947566814
ETSY,0.0001396520713930903,0.9624345238818867,0.0001344059748403281,-6.7764207770485895e-06,-0.0005741125332284388
TTD,0.0001320356814631326,1.5041907058339496,0.00019860684489529597,-6.787961786190548e-06,-0.0005750903116475334
BOH,0.0011889396499639305,0.8093288398401266,0.0009622431475452341,-6.966996513648712e-06,-0.0005902585080005405
BLKB,0.0011893237615741234,0.5473170572983841,0.0006509371813597941,-6.98427635136697e-06,-0.0005917224919726996
NHI,-0.00044388977111145284,0.19793162586952665,-8.78598241029419e-05,-6.995912030494247e-06,-0.0005927082910308425
CHD,-0.0009960709778316407,0.044926261020191004,-4.474974474470118e-05,-7.008598599303188e-06,-0.0005937831236595285
HUBG,0.00010557060437132499,1.1423336646008149,0.00012059685536561849,-7.033454489475201e-06,-0.0005958889666320657
ARWR,0.0002931645192842639,1.7179484167153758,0.0005036415217415254,-7.115509071069952e-06,-0.0006028408023064258
AMAT,0.00014564135888452432,1.6401723641245982,0.0002388769319159493,-7.245952655454065e-06,-0.0006138922554463795
AGO,-0.0002792507294862386,0.6080258275511218,-0.00016979165589012466,-7.265661990875562e-06,-0.0006155620715424237
TNL,0.0002337881585192909,1.3386913071464106,0.00031297017552354175,-7.290629922999516e-06,-0.0006176774069433347
UAL,0.00021081154940195206,2.1317987978101587,0.00044940780757957827,-7.297155521856131e-06,-0.0006182302693191619
PRMB,-0.0004031887781755477,0.4156693420801137,-0.0001675932141583148,-7.378829052082795e-06,-0.0006251498215250923
HII,0.0005728624592385743,0.6049198635833414,0.00034653588069461584,-7.4075657848441865e-06,-0.0006275844575940668
GEN,0.0009908047530516606,0.8919428041877294,0.0008837411698394289,-7.440276226047442e-06,-0.0006303557545486223
NUS,0.00025541441934925663,0.9749345611763737,0.0002490123448463858,-7.449563640339687e-06,-0.0006311426037012785
QCOM,0.0010662953280078133,1.472194494050311,0.001569794110924673,-7.462214970214308e-06,-0.0006322144508137879
FG,-0.0002649120109943609,0.8220203287065554,-0.00021776305835589918,-7.484054936582627e-06,-0.0006340647784173816
LIND,0.0003032631981361499,1.390321267058002,0.0004216332738847139,-7.593363160111946e-06,-0.0006433255996057096
ALK,0.00016660155477687824,1.7702857492403241,0.0002949323582227888,-7.63214930811562e-06,-0.0006466116431406658
CHKP,0.0005762596907069714,0.5983386362050489,0.00034479843743755254,-7.721404939276256e-06,-0.0006541735667868614
VHC,0.00017047736847424814,0.5326052854603017,9.079714750074798e-05,-7.722036600401329e-06,-0.0006542270824377617
MSCI,-0.0004540033577743226,0.7967275572641423,-0.0003617169862292545,-7.816887498324007e-06,-0.0006622630487800257
GLPI,0.0013623140944659545,0.3250298893754019,0.00044279279941882,-7.86945823168112e-06,-0.0006667169512005413
SPXC,0.0016240940171180559,1.1479972856526721,0.0018644555232962725,-7.882483655740519e-06,-0.0006678204923543674
PLOW,0.0002815615280515563,0.6586653967991839,0.00018545483559746288,-7.950669330298021e-06,-0.0006735973252338551
MCB,0.00026197846920627036,0.9166533529031238,0.0002401434421863555,-7.963823852697322e-06,-0.0006747118038688967
V,-0.00023874915750729818,0.7559750978047702,-0.00018048841769738622,-7.965146499596067e-06,-0.000674823861278935
CLF,0.00012722678458836455,2.032051220820487,0.00025853134294385126,-7.983595469975328e-06,-0.0006763868966140145
SBLK,0.0011168680935789428,0.7762690254145642,0.0008669901065191482,-8.016499027453752e-06,-0.0006791745547830801
BKU,0.0002493901842092809,1.2057297097487722,0.0003006971544208491,-8.092559214957964e-06,-0.0006856185328597915
BC,9.197170572781285e-05,1.5202372769202908,0.0001398188154693645,-8.188188392552525e-06,-0.0006937204366827235
PRDO,0.000626437251555132,0.5286951941788712,0.0003311943643518189,-8.224917463950514e-06,-0.0006968322003876646
LBRT,0.0002701425142980092,1.8992762754819659,0.0005130752684052567,-8.2346646450337e-06,-0.0006976580019439164
DVA,0.0002116331066585631,0.5011501009269305,0.00010605995276141875,-8.262440078432112e-06,-0.0007000111947214206
GRND,-0.0001542128061914929,0.6616458186327411,-0.00010203425839622257,-8.356695849238044e-06,-0.0007079967406503382
HOPE,0.00018820977334486238,0.9239174358405453,0.00017389029118891546,-8.448646808266689e-06,-0.0007157870181076527
AN,0.0003504387308818033,0.9483918148687287,0.0003323532239812874,-8.482502179069127e-06,-0.0007186553158911386
AIT,0.00020547840260825895,1.2170990350376067,0.00025008756553558084,-8.528972464220207e-06,-0.000722592375587652
EXPD,0.00020408789695459313,0.7541815070844894,0.00015391931770291901,-8.611363828236313e-06,-0.0007295727441727378
WYNN,0.0015768411826515205,1.2173878854955398,0.0019196273531104208,-8.67013109992487e-06,-0.0007345516302735411
FITB,0.0016031780417868416,0.9971019282068121,0.0015985319167244809,-8.680918092038276e-06,-0.0007354655267938277
MOG/A,0.00022240489621358817,1.1431955759873005,0.00025425229342928874,-8.690446588303076e-06,-0.0007362728009151411
ATR,0.0004866434629141588,0.5893799672919013,0.0002868179082551645,-8.742363662073239e-06,-0.0007406713239290821
ACM,0.00041198503676120776,0.7860209032676989,0.00032382885072782067,-8.785152242553818e-06,-0.0007442964619099106
ALDX,0.00027114813486743295,0.9230928698373279,0.0002502949099658175,-8.857465974628116e-06,-0.0007504230324512488
GATX,0.0008642914872804463,0.6202354738257051,0.0005360642401369111,-8.863843714997518e-06,-0.0007509633679469654
USNA,0.00019778732398449678,0.815300967210084,0.0001612561965464545,-8.883665428653681e-06,-0.0007526427049619588
MIDD,0.00011378517287890613,1.2482071454108994,0.0001420274658292651,-8.91282378679689e-06,-0.0007551130620146197
OMC,0.00042967931229820794,0.6928039858973665,0.0002976835402178378,-9.151847169229966e-06,-0.0007753636226135515
GIC,0.00017549334423964938,0.6574693804796276,0.0001153815003155403,-9.205809827098537e-06,-0.000779935451788268
NTNX,-0.00037863672842560386,1.1694732286469647,-0.0004428055172762149,-9.252100478512872e-06,-0.0007838572925391095
RL,0.0008747169822248612,1.4141874303965676,0.0012370137614168167,-9.255649335208394e-06,-0.0007841579590966573
IMKTA,0.0003410341226606715,0.31984583373918585,0.00010907834329591424,-9.367449335295414e-06,-0.0007936298888036042
PRKS,0.00036538309275523567,1.3636148160752477,0.0004982417988244358,-9.375658651233197e-06,-0.0007943253992100824
GD,0.0016905939966391122,0.5683976777335673,0.0009609297016799816,-9.448696520977381e-06,-0.0008005133202085046
LKQ,0.0002957598892046898,0.6028753976323742,0.0001783063608079843,-9.515636331729489e-06,-0.0008061846009021251
HQY,-0.0009744010843613371,0.9864584990297627,-0.0009612062311320578,-9.542624796159967e-06,-0.0008084711200236363
NVT,0.000930085475631985,1.5241601504963889,0.0014175992185137517,-9.543292699621437e-06,-0.0008085277062010348
MMI,0.00046061522023643406,0.805099694281152,0.00037084117299359857,-9.550259898702457e-06,-0.0008091179818709664
CLFD,0.0003792568684231416,1.262311924095495,0.0004787404673056478,-9.558779513329967e-06,-0.000809839781431067
SPGI,-0.0003249646572238687,0.7576721551910279,-0.00024621667219972226,-9.678259686754491e-06,-0.0008199623914773107
RYAN,-0.00026618137688868784,0.42536892245531566,-0.00011322528546481341,-9.802461925450263e-06,-0.0008304850647640379
HLIO,0.00010572530749087842,1.3683122167672326,0.00014466522986124114,-9.931062592458162e-06,-0.000841380382091562
KO,-0.0004909023784518824,0.0542531895115675,-2.6633019769829207e-05,-9.942866253271928e-06,-0.0008423804129093224
WTS,0.000301776259726547,0.9133735508387205,0.0002756344539052642,-9.994623229842706e-06,-0.0008467653721538745
KMPR,-0.0003319644112570117,0.6996498886575025,-0.00023225886337422161,-1.0008224782967855e-05,-0.0008479177241664546
CMC,0.000404106346927555,1.2272455823521717,0.000495937729067316,-1.0127545502512054e-05,-0.0008580268249466449
PATH,0.0005320332579808018,1.3620345177779651,0.000724647661975721,-1.0145911402030994e-05,-0.000859582822344792
DNLI,0.00030540170729533153,1.3223307896131684,0.0004038420807570455,-1.0153837734261031e-05,-0.000860254357780019
PTC,0.0004664582245966289,0.9861039291176121,0.0004599762880439613,-1.020831951648915e-05,-0.0008648701682556207
TXN,0.0004571843321488246,1.3305405476396521,0.0006083022916695657,-1.0221766291882464e-05,-0.0008660094071752221
NET,-0.0006554422333829522,1.6323780638909864,-0.0010699295239220475,-1.0242057094737734e-05,-0.0008677284864077179
AMAL,0.0006044266268429525,0.8693527114191126,0.000525459926899829,-1.0393794280657092e-05,-0.0008805839779805212
SYRE,0.0004018037295303371,1.5662768282241522,0.0006293358710574115,-1.0493120899289568e-05,-0.0008889991367370798
GO,0.00021203026662395505,0.1560582565002631,3.3089073734620346e-05,-1.0537724670106279e-05,-0.0008927780614375432
RGNX,0.00017781101509911076,1.755515481058906,0.00031214998970928784,-1.0546131145738902e-05,-0.0008934902756254985
AEO,9.5580323983653e-05,1.672500271237836,0.0001598581177876599,-1.0573491021657292e-05,-0.0008958082615046404
NMRK,0.0006029782297401946,1.2520485622633843,0.0007549580256223313,-1.0588492616926064e-05,-0.0008970792280141867
OFIX,0.0002447864923302959,0.8991279895547842,0.00022009438671910658,-1.0601559479122255e-05,-0.0008981862798935815
PII,8.481677613146484e-05,1.4475718638350918,0.0001227783787091083,-1.0648642196120057e-05,-0.0009021752260963377
GHC,0.0007631809683187394,0.7923301826269615,0.0006046913160054081,-1.066531246543294e-05,-0.0009035875661589906
MIRM,0.0016097864100851368,0.7365925979633857,0.0011857567539707633,-1.0675349704662577e-05,-0.0009044379420477289
CRGY,0.00022876888528937934,1.7320540512519438,0.00039624007456586066,-1.0743636137235033e-05,-0.0009102233113568615
OSIS,0.00024882718146567194,1.1833669039083938,0.0002944538513392843,-1.0751966209638764e-05,-0.0009109290525035565
TALO,0.0001516948419467891,1.5033402505377969,0.00022804896169757743,-1.0785022041999622e-05,-0.0009137296117189676
FN,0.0008417096333391168,1.8253537206060297,0.001536417810885494,-1.0804540727334496e-05,-0.0009153832755411504
NYT,0.0009198468698927306,0.41450076719955553,0.0003812772332766466,-1.0806594529224377e-05,-0.0009155572779303974
IVZ,0.000718423267586745,1.5038080163927532,0.0010803706689600232,-1.1015976465044292e-05,-0.0009332965532116767
DELL,0.001883173526156074,1.792300979632443,0.003375213755747413,-1.1059044189934567e-05,-0.0009369453408904003
MOV,0.0002879249594128135,1.000874192655865,0.00028817666129777247,-1.1196252921919349e-05,-0.0009485699514765148
FE,-0.0014417994107496597,0.12311320093869839,-0.00017750454056891977,-1.1202820905418463e-05,-0.0009491264047678526
KFY,0.0002787641540993057,0.7635250801828585,0.00021284342311077913,-1.1248762717652131e-05,-0.000953018691134117
KTB,0.0001796594333533155,1.2562306687153695,0.0002256936901024599,-1.1316543551380666e-05,-0.0009587612250523211
ROG,0.0001311588474696005,1.1687924188263428,0.0001532974665844697,-1.1335801995990481e-05,-0.0009603928407362864
SYK,-0.0012224936803682232,0.6867834555510556,-0.0008395884341926159,-1.1366700582136011e-05,-0.0009630106335429653
INTC,0.00017362213968004665,1.5209537994099538,0.00026407125300805266,-1.1380707908898331e-05,-0.0009641973635462896
CL,-0.0022779805994985014,0.034366006929212524,-7.82850970669772e-05,-1.1520599913893727e-05,-0.0009760493066308057
HBNC,0.00038013934344764244,0.8972096608231473,0.0003410646914001932,-1.1716151349352982e-05,-0.000992616833011136
EGBN,0.00019842847832788281,0.8748731723079713,0.00017359975231095838,-1.1716653010086183e-05,-0.0009926593347570922
FRT,0.00048097290190176315,0.7310750981986314,0.0003516273114887122,-1.1732489404192357e-05,-0.0009940010271691534
SCL,0.00022048873262951063,0.9605444222523508,0.00021178922229676635,-1.1774047386639324e-05,-0.0009975219063122107
AIZ,-0.0003693725455129465,0.6711255080225049,-0.00024789533725694203,-1.1900844023359891e-05,-0.0010082643824227625
HOMB,0.00047371388869706175,0.8247308146155364,0.0003906864413198213,-1.1927086621935752e-05,-0.0010104877102299604
CCOI,0.00032333744384572757,0.9773937764975407,0.00031602800532343716,-1.1993952600317535e-05,-0.0010161527356908325
SKYW,0.00048267089193883414,1.3068654685661996,0.00063078592135691,-1.2026865331037295e-05,-0.0010189411710360792
SHOO,0.00012103545104067186,1.4006247414391415,0.0001695252473188109,-1.2054390574119786e-05,-0.0010212731671670368
LEA,0.00017491061968131274,0.9957444194553483,0.00017416627345114398,-1.2190547519004749e-05,-0.001032808668151466
KEY,0.0007816115383210356,1.1574666490807608,0.0009046892881433078,-1.2201040078519548e-05,-0.0010336976197265356
RF,0.0007921780773891817,1.0696754888389794,0.0008473734721787959,-1.2213997320901717e-05,-0.0010347953843861443
VRSK,-0.0009298037864558537,0.27152037823709335,-0.00025246067578477496,-1.2223068199073079e-05,-0.001035563888146006
PRI,-0.001062603611945783,0.8544463104353778,-0.0009079377356823802,-1.2263019212907376e-05,-0.0010389486215490935
REPL,-5.713010737917411e-05,0.7838960004565031,-4.478406268018514e-05,-1.2317034542909578e-05,-0.0010435249132170735
HAYW,0.00024208113803459127,1.0569276341514764,0.0002558622444955975,-1.2364936753298402e-05,-0.0010475832886129336
FULT,0.0006222370514708474,1.0663752555988688,0.0006635381948053114,-1.2399238447369103e-05,-0.0010504893998366724
APOG,0.00015362510199500048,0.7543702090071019,0.00011589020030070586,-1.2443856602566271e-05,-0.0010542695432119165
MQ,-0.0004670956058674787,0.6998814929862229,-0.0003269115700018353,-1.2468751093048415e-05,-0.0010563786564834153
DVN,0.0004897500225254755,1.2754760411981159,0.0006246644199074815,-1.2500385959274212e-05,-0.0010590588284775672
ADM,0.0003393231009842728,0.36571903613833606,0.00012409691743143952,-1.2677135954307122e-05,-0.0010740334575236482
PKE,0.00024733083721080907,0.7543900548934315,0.0001865839238603006,-1.2677182303868381e-05,-0.0010740373843553643
BKE,0.00021755454656967278,0.8414596894462412,0.00018306338119413468,-1.2705326542252459e-05,-0.0010764218230621804
FR,0.0007404510425514547,0.7844549783510633,0.0005808505065547236,-1.2825513695149564e-05,-0.0010866043298871659
VRT,0.0005882545019656005,2.1524032603922376,0.0012661609079711704,-1.2860325393172917e-05,-0.001089553649711853
IESC,0.00015901176572832463,1.8320314558814865,0.00029131455666954844,-1.29499671736689e-05,-0.0010971482887369211
TDG,-0.0018436553235645049,0.6576162824014573,-0.0012124177599121455,-1.3028174563127469e-05,-0.0011037741822515796
AON,-0.0004940009823117447,0.33767511878479917,-0.00016681184038192586,-1.3034384244037524e-05,-0.0011043002793985994
CDE,0.0009967859774215912,1.2860551746051034,0.0012819217642368432,-1.3109211338204616e-05,-0.0011106397872302106
SNEX,-0.0005562090227822593,1.0010493209009665,-0.0005567926645351709,-1.3114569133042855e-05,-0.001111093710808498
CEG,-0.0008707469133948813,1.7391816725990286,-0.001514387073248551,-1.3140348981638573e-05,-0.0011132778334700753
WRLD,0.0004313470842332032,1.277692335586665,0.0005511288635024193,-1.3232783563026734e-05,-0.0011211090844246213
PCOR,0.0003777347688822875,1.5039547464312368,0.0005680959985526225,-1.3298053263871833e-05,-0.001126638869915829
FIVN,0.00032216667908194495,1.7539004315541589,0.0005650482774741934,-1.3372329201793917e-05,-0.0011329316826382612
GEF,0.0005131775681744558,0.763267861335767,0.00039169194494600664,-1.3419321975574374e-05,-0.0011369130086636323
FSK,0.0003100183352810563,0.7675329421219176,0.00023794928499000823,-1.343225029474236e-05,-0.0011380083228880761
ROAD,0.0006739753279925817,1.2819120060050755,0.0008639770647048991,-1.3442406544672509e-05,-0.001138868781612134
GHM,0.0001560817254618634,1.4760621830239269,0.00023038633241537933,-1.3464474198973652e-05,-0.0011407383994133412
WST,0.0007902566051170455,0.5791224861817605,0.00045765536987694115,-1.347179178481158e-05,-0.001141358360581744
ODC,0.0002678802137689128,0.44142503887709983,0.00011824903377734815,-1.3631542020846965e-05,-0.001154892734510345
XYL,0.0008716932681444979,0.862643290454371,0.000751960349099094,-1.3639121588974404e-05,-0.0011555348913659465
FFIV,0.0011672859204775855,1.0189285915810913,0.001189380998924664,-1.365866555395559e-05,-0.0011571906969326078
GXO,0.0004066453444850578,1.195132049942315,0.00048599488415392597,-1.3665144445612271e-05,-0.0011577396021768228
FISI,0.00042075201726333246,0.8822220714171705,0.0003711967162230102,-1.3700806571319475e-05,-0.0011607609720125653
NSSC,0.0004256781054593972,1.0839327998292263,0.0004614064606766051,-1.3705826496721328e-05,-0.0011611862705859417
CW,0.0019774455018813798,1.0446985402734579,0.0020658344292857926,-1.3803748418236154e-05,-0.0011694824204664038
CVLG,0.00019410808768720309,1.2385571593805413,0.00024041396169865127,-1.3819536520919635e-05,-0.001170820021528189
OMCL,0.0002005048437042302,0.9149201734682076,0.00018344592638309016,-1.38220904955967e-05,-0.0011710363996014954
XNCR,0.00015842428742442,1.3944106336460513,0.00022090851101240968,-1.3928589994006398e-05,-0.0011800592597265096
EQBK,0.0006660855661548445,0.7073369930657568,0.00047114696148847,-1.4075000799299681e-05,-0.0011924634891987463
DECK,0.00034084905189019966,1.3068121266262667,0.0004454256743591785,-1.4082177989235995e-05,-0.00119307155573289
SIGI,-0.00042244642643787767,0.38501318649985466,-0.00016264744476832374,-1.4147775708815898e-05,-0.0011986291316569797
SFNC,0.0005437668680746589,0.8227376071446413,0.0004473774518842807,-1.4230447605897352e-05,-0.0012056332675897702
EPAC,0.0003818840243802321,1.0221403988812592,0.0003903390890063909,-1.4239538327637679e-05,-0.0012064034525382744
BCO,0.00044294896042274223,0.8535678100561418,0.0003780869741146847,-1.4262068911334035e-05,-0.001208312290685522
MATV,0.0001446943879984354,1.7109349843104027,0.00024756269045990637,-1.4402440727105576e-05,-0.0012202048843419587
RBC,0.0008003308475195302,0.8812606430985421,0.0007053000773766624,-1.4404645405581243e-05,-0.0012203916693109362
CNA,-0.00043219121240551707,0.41604050847826035,-0.00017980905176902715,-1.441548186758362e-05,-0.0012213097570236253
BOKF,0.001118191535542399,0.8371327792044988,0.0009360747878315546,-1.4425059022926064e-05,-0.0012221211536437104
LULU,0.00040012621304626487,1.1871584895025726,0.0004750132306903884,-1.4511416918815408e-05,-0.0012294375751004817
GGG,0.0005371319214765003,0.772470266749154,0.0004149184386624378,-1.4560172629929309e-05,-0.0012335682608618738
CBRE,0.0010091496463985042,0.942814817547876,0.0009514412397477092,-1.4660956154468894e-05,-0.0012421068517323055
ALV,0.0006749718380744235,0.9374991625027147,0.00063278553290769,-1.4705447672110915e-05,-0.0012458762661091624
ICE,-0.0006897137950695634,0.4333536588909982,-0.00029888999668099136,-1.476809711527697e-05,-0.0012511840578925822
AXON,0.0004696274420601027,1.111936856163812,0.0005221960614925634,-1.4805233844398479e-05,-0.0012543303592120016
TNC,0.00021475618528119577,0.8375459410991158,0.0001798681713081952,-1.4816940356676826e-05,-0.0012553221594027682
LGIH,9.783531137367528e-05,0.9868492506438417,9.654870371561837e-05,-1.4941369961366895e-05,-0.0012658640956118036
NFG,-0.0004642792654919516,0.29403202190448796,-0.0001365129711609291,-1.5062794635414204e-05,-0.0012761514478154695
MDB,-0.000815142750023684,1.6439382552519086,-0.0013400443502551778,-1.5256555311329888e-05,-0.0012925672573039792
MLKN,0.00018945412985152648,1.12843475228814,0.00021378662408897238,-1.5291396339612317e-05,-0.0012955190620495252
PAYC,0.0018220731409406422,1.0267512417078772,0.0018708158599433763,-1.5349750779316576e-05,-0.0013004629721616611
J,0.0005222368484627278,0.8961724487797996,0.00046801427532988795,-1.535868135459953e-05,-0.0013012195891675367
EEFT,0.0006181750963125302,1.091743584795794,0.0006748886956797269,-1.536134818849148e-05,-0.001301445528909442
OEC,0.000174403296957082,1.210774316738942,0.00021116303271022976,-1.5370103567385252e-05,-0.0013021873029110066
EAF,0.0002563880307679029,2.188127603295473,0.0005610097272778173,-1.5445900885229997e-05,-0.0013086090101206821
DLB,0.0009045496775093973,0.8153149776064822,0.0007374929000625249,-1.5509608121134266e-05,-0.001314006420316026
MSM,0.0005429154065550108,0.8031806708244311,0.00043605916043777237,-1.5531242828006032e-05,-0.0013158393579060105
GBTG,0.0006826060031243554,1.0643461246769537,0.0007265290541066321,-1.5565163092500226e-05,-0.0013187131536187115
S,0.00035836672863854153,1.3985264429964008,0.0005011853462911159,-1.5588139589092262e-05,-0.0013206597704385889
GSBC,0.00035330767558370315,0.7080948504054204,0.0002501753456895291,-1.5658399813934948e-05,-0.0013266123635547445
PSA,0.0004777690127752807,0.44529889151368607,0.0002127500117884206,-1.5666475519503523e-05,-0.001327296554211453
NPK,0.0003862084616317363,0.6067250436615349,0.00023432234574596942,-1.5874674864411896e-05,-0.001344935637918694
ALLY,0.0013401563838876718,1.2200067194883022,0.001634999793508104,-1.5999010034338104e-05,-0.0013554695734171347
PNFP,0.0016946206025981536,1.2192215565705904,0.0020661179688963127,-1.6005736399072763e-05,-0.001356039445097818
EXPO,0.0003579487223092672,0.5542052475305712,0.00019837706025065913,-1.608941493374844e-05,-0.001363128865471802
ABG,0.00061285215673545,1.0604579506043594,0.000649903942155137,-1.6109944688279142e-05,-0.0013648681891897298
GRBK,0.0001658959480402446,0.7024031549151475,0.00011652583729110719,-1.6146210530533962e-05,-0.001367940707153357
AAOI,0.00032249084054102,3.7819270120522344,0.0012196368209815133,-1.6208691255825697e-05,-0.0013732342048057874
MGPI,0.00027626779290912976,0.6055099164793654,0.00016728288821034576,-1.6269440258485422e-05,-0.0013783809872969517
XEL,-0.0005073121388971272,0.2131505137285147,-0.00010813384302663428,-1.6328371031779336e-05,-0.0013833737255955342
ZTS,0.0006738576590115612,0.6344920732287045,0.00042755734312728685,-1.6330608593719465e-05,-0.0013835632965203584
SD,0.00046295642551854276,0.8499403702629731,0.00039348535572085273,-1.6422635594047852e-05,-0.0013913600163555388
TEL,0.0009112334588666445,1.1970295145200298,0.001090773344881547,-1.654524750961596e-05,-0.0014017479541425808
CTSH,-0.0009286372741994679,0.8732136288310833,-0.0008108987240715231,-1.6556559938820237e-05,-0.001402706366791546
AMPH,0.000959086035111694,0.7687046784427576,0.0007372539222194741,-1.659139215504076e-05,-0.0014056574249607873
ARVN,0.000424198397735051,0.9546147293593557,0.000404946038648518,-1.6591986756447196e-05,-0.0014057078008348574
CNP,-0.0009640224736222644,0.1718032454341698,-0.00016562218963978137,-1.662254648714951e-05,-0.0014082968851000651
PLMR,-0.00024754971127438613,0.676301035980716,-0.00016741812619159446,-1.665359873984084e-05,-0.0014109276968577189
SMPL,0.0004175451342142986,0.45968463781737323,0.00019193908379370634,-1.6713669225464284e-05,-0.001416016993967241
SFBS,0.0003654258960368738,1.0647146082758119,0.00038907428975273764,-1.6759348031629398e-05,-0.0014198869979096063
RWT,0.00044408196406516107,0.9459103513017669,0.00042006172663565513,-1.6785844452700416e-05,-0.001422131830089168
FSLR,0.0008524783210355558,1.10991327947917,0.0009461770089854704,-1.6816493205040972e-05,-0.001424728456453653
RIG,0.0002762224290087552,1.647932186226668,0.00045519583132123855,-1.6893373010430976e-05,-0.0014312418742709256
ST,0.0003467672967737686,1.8261886494950215,0.0006332625013843278,-1.6969985404993924e-05,-0.0014377326364839514
PI,0.0002128151578963986,2.2369008427985024,0.0004760464060587504,-1.7089327390276034e-05,-0.0014478435389419103
XPO,0.00044449517407774277,1.5315568880412596,0.0006807696455598657,-1.7092297335184755e-05,-0.00144809515888276
FIS,0.0010561640946586885,0.6421779072863909,0.0006782452480589423,-1.7216725398812936e-05,-0.001458636964529811
KNF,0.00035356632895124296,1.3286863081129239,0.0004697787402872666,-1.72284151166409e-05,-0.001459627341859635
LBTYK,-0.0003459365909188037,0.5573570143422711,-0.00019281018546624806,-1.7242540368148484e-05,-0.0014608240626938806
BSX,-0.0003242176869701645,0.6536515094886102,-0.00021192538049095373,-1.735605817516494e-05,-0.001470441528594683
GWRE,-0.0011562431822758768,0.8488210420998343,-0.0009814435429002385,-1.7388287374568017e-05,-0.0014731720537379703
WFC,-0.0007780964218580523,1.00365368076184,-0.0007809393377854515,-1.741494747861246e-05,-0.001475430753481193
WGO,0.00016239604166959958,1.3016764767856344,0.00021138710736441746,-1.7433922416417514e-05,-0.0014770383498760344
NUE,0.0017199303655302566,1.1874371773089878,0.0020423092584132634,-1.75029931557025e-05,-0.0014828901672893173
CFG,0.0015953313226298059,1.2440811400074323,0.0019847216105468536,-1.7521892157010144e-05,-0.0014844913301853653
ALNT,0.0003059177253068303,1.1516698661723515,0.0003523162257638674,-1.777952899954678e-05,-0.0015063188620326581
SFL,0.0005939999853981444,0.7798162949655169,0.00046321086782275206,-1.778392238319731e-05,-0.0015066910786791794
BRSP,0.0007543247102961892,0.7240649300672963,0.0005461800686086438,-1.7875066724452936e-05,-0.0015144130177926615
ARMK,0.0025289544079718108,0.8612834357797018,0.002178146541428183,-1.7878211206422208e-05,-0.0015146794248781224
WTM,-0.0013377434936554472,0.3621009369962434,-0.00048439817251326564,-1.791194864272754e-05,-0.0015175377310044907
R,0.0006230735945608494,1.1495172304878225,0.00071623383280968,-1.807581035352073e-05,-0.001531420437668937
OPCH,-0.0008137810487685925,0.3441209054900114,-0.00028003907137285917,-1.810997160525423e-05,-0.0015343146503242963
BCC,0.000168674100348284,0.9760289838904397,0.00016463081077156967,-1.8138914693034827e-05,-0.0015367667692218492
TECX,0.0002835141357469979,1.9196500305519026,0.0005442479193486208,-1.8216596307804648e-05,-0.001543348118005831
NKE,0.0003441109450133055,1.067150520572275,0.00036721817410556655,-1.826135629594283e-05,-0.0015471402777643161
ZION,0.001032114503634369,1.2158512828215022,0.0012548977432625256,-1.834740580456381e-05,-0.0015544305720070785
SRPT,0.00024252463965020228,1.497129645223885,0.0003630908277175579,-1.8372008483288026e-05,-0.0015565149623764612
KIDS,0.00043821263494094406,1.0042403036510295,0.00044007078957681136,-1.8374968328192428e-05,-0.0015567657266238328
LRN,0.00081674101035484,0.4973640572457293,0.0004062176226290594,-1.8420365632706075e-05,-0.0015606118811578528
EWBC,0.0010342018545283357,1.2367067968844372,0.0012790044628456826,-1.8448765005812658e-05,-0.001563017935411677
CBOE,-0.0005058867219627131,-0.11567728623243594,5.85196031376695e-05,-1.8545109204389556e-05,-0.0015711804173068667
IRWD,0.00021953818007050739,0.9366220746588333,0.00020562430568446316,-1.8615550504279186e-05,-0.0015771483514795074
LAD,0.0015345480399262452,1.076674277332696,0.0016522084019198952,-1.8770947117995398e-05,-0.001590313877424694
PFE,0.0012719098746933786,0.49123234761354195,0.0006248032736984743,-1.8861924824477323e-05,-0.0015980216988918255
PAR,0.0003438910683769113,1.3564408528854548,0.00046646789408886786,-1.8863980698035925e-05,-0.001598195876797177
DXC,0.0006512944473509581,1.284244041221802,0.0008364210130913146,-1.8868048792971802e-05,-0.0015985405343038302
IPAR,0.001110737415310435,0.7789907226201706,0.0008652541417939363,-1.890584715717639e-05,-0.0016017428907305275
JBLU,0.00036065627931175363,1.9211616903527378,0.0006928790271988977,-1.8931006878179154e-05,-0.0016038744748861544
COO,0.0009544208281891752,0.8134423739886331,0.0007763663442664,-1.897523569930975e-05,-0.0016076216330654393
OXY,0.00040054983698885197,0.9784023601185277,0.0003918989058549843,-1.9164705691740004e-05,-0.0016236739268800928
KMX,0.00038989491353848727,1.233639580861364,0.0004809897977175972,-1.9240102317855054e-05,-0.0016300616866488482
ENTA,-0.00037818299169286044,0.9044304469846827,-0.0003420402122187783,-1.9282073796726833e-05,-0.001633617598073362
TXT,0.000793131533303386,0.9863387404728781,0.0007822963575877843,-1.9338294997345308e-05,-0.0016383807757109636
TRMB,0.0013408011262777424,1.350876381495769,0.0018112565737715281,-1.943197735754379e-05,-0.0016463177410945974
RUSHB,0.0006156566451529509,0.9221464732969261,0.0005677256040896107,-1.9580421036540148e-05,-0.0016588941998763476
SHEN,0.00047895242121452815,0.5230173826104829,0.000250500441738576,-1.9746739902122647e-05,-0.0016729850818308235
CLBK,0.0005972595043304663,0.7350860522004834,0.0004390371311775,-1.99921515807026e-05,-0.0016937768722330047
SITE,0.00021781014048895982,1.0568492870634012,0.00023019249169093644,-2.0057173053834637e-05,-0.0016992856273534823
UNIT,0.0008150926073746827,1.0974050766450492,0.0008944867652688266,-2.024744044878037e-05,-0.0017154054787760866
ICHR,0.00012655460074459968,2.7318102129813484,0.00034572315081387434,-2.0437635670838156e-05,-0.0017315192155607582
ELV,-0.0006796899210671716,0.1783417703592655,-0.0001212171038184688,-2.0768007321080653e-05,-0.0017595089923570846
VIAV,-0.0005094794808120502,0.8605743089274096,-0.0004384449521125255,-2.114436338652289e-05,-0.0017913946649320159
TLRY,0.00014144889952538752,1.5210665028409784,0.00021515318293178614,-2.1588554296137744e-05,-0.0018290274473028733
EMN,0.0003517934198063262,1.2487863601151827,0.00043931482423241453,-2.162710502529976e-05,-0.0018322935456614598
INTA,-0.0009211120767444716,1.4219100886337308,-0.0013097385546853315,-2.1670649731972123e-05,-0.001835982744233814
SAM,0.0003911419442501314,0.3969876754605285,0.00015527853122297128,-2.188590535528759e-05,-0.0018542196505976975
DIOD,0.00024290226690438764,1.6793300960189363,0.0004079130872037626,-2.1909340340282036e-05,-0.0018562051115134216
GPC,0.0004269672938174213,0.6369968442857433,0.0002719768187749211,-2.193414953739465e-05,-0.0018583069985523624
LPLA,-0.0008185862051278621,1.2449670941836135,-0.001019112889136826,-2.198511903079856e-05,-0.001862625240576913
TBBK,0.0003401365425341689,1.430102011053513,0.0004864299535109037,-2.2035820457396685e-05,-0.0018669207714213276
SAFE,0.0003934822739460198,0.6770165695327595,0.0002663940192788838,-2.216458936953811e-05,-0.001877830342828253
BW,0.00020969918909214555,2.781929093509934,0.0005833682750208807,-2.2166982482254408e-05,-0.0018780330923399875
RVLV,0.000443248185905065,1.6128856779919183,0.0007149086508421785,-2.2198559444625425e-05,-0.0018807083585985242
LYTS,0.00036770918842032093,1.0897454675250233,0.00040070942144834954,-2.2287161579361133e-05,-0.0018882149166615729
ITT,0.0024177048523268854,1.1968639864557689,0.002893663867629412,-2.2411147277646804e-05,-0.0018987192441921141
MCO,-0.0011873877837074139,1.0428049132139088,-0.0012382138147402652,-2.2427734654435177e-05,-0.0019001245614268174
USB,0.001980221008103635,1.011849460573977,0.0020036855588669196,-2.2680010828498596e-05,-0.0019214979262354604
LECO,0.00044738535763527297,1.0927353945155942,0.0004888738152760802,-2.2869153080008038e-05,-0.001937522453154214
TROX,0.00018301191472311964,2.122705344835038,0.0003884803695512603,-2.288255139389616e-05,-0.0019386575863137947
AX,0.0004796679959938192,1.0926231051981756,0.0005240963352469527,-2.2958976221766584e-05,-0.0019451324574845527
UFPT,0.00043867037750138746,0.8606782146605031,0.0003775540373323431,-2.303802848561175e-05,-0.0019518299305233146
ED,-0.0012027300999392454,-0.16570199956282985,0.00019929478249433515,-2.3050135946196637e-05,-0.001952855699892728
RGR,0.0005170264085268474,0.3849299726920087,0.0001990189613152867,-2.315216651072696e-05,-0.001961499942597908
CNM,0.00035698515241172125,1.0111223744081421,0.0003609556749349921,-2.3167268026674416e-05,-0.0019627793745962204
HZO,0.00024108178195183212,1.6575283049734904,0.0003995998773986089,-2.3182199511575415e-05,-0.0019640444012088546
EFX,0.002104619980327762,1.0193407589065377,0.0021453249279571635,-2.3369783297273776e-05,-0.001979936891646376
WCC,0.0008315259137745321,1.5519050123117408,0.0012904492334537968,-2.3786845393821108e-05,-0.0020152712642658166
RGLD,-0.0006978828964583542,0.30531983027440956,-0.00021307748749807806,-2.3802513820543093e-05,-0.002016598726129981
CACC,0.0012617437994353366,1.1106606415054043,0.001401369177696317,-2.3819255249808747e-05,-0.0020180170950125807
HOG,0.0006402228228499801,1.1750985477560847,0.0007523249093713127,-2.393056249724207e-05,-0.0020274472776846877
WFRD,0.0002944001000034577,1.729484331154816,0.0005091603600463911,-2.4048344765275676e-05,-0.00203742603763702
ARCB,0.00018223102199774256,1.7166303007941375,0.0003128232941060079,-2.454316308730135e-05,-0.0020793480802156292
SLVM,0.0004105886960785626,0.9682518397523485,0.00039755326035958614,-2.4743099689638346e-05,-0.0020962871271003147
ATKR,0.00032903433175745486,1.3775743707856523,0.0004532692625376534,-2.4766352379670354e-05,-0.002098257143605763
PR,0.0005119280460454675,1.3590859114241962,0.000695754195043312,-2.4981748306346853e-05,-0.0021165059367636743
ALKS,0.0006211032034807568,0.6030296154527802,0.0003745436259514907,-2.5159104248557192e-05,-0.0021315319029212606
SYBT,0.0011020072481352629,0.8278546641528652,0.0009123018402990413,-2.5195532114430665e-05,-0.0021346181478645435
FLG,0.000731129743966287,0.9082602743861719,0.0006640561018667114,-2.5223692349018044e-05,-0.002137003941803141
SNX,0.001150874286465505,1.0505513147566714,0.0012090524947659825,-2.5245981335262007e-05,-0.002138892311309202
ABM,0.0006885280021778264,0.679215268868379,0.0004676587321226202,-2.5444528389546326e-05,-0.0021557136327782413
IDXX,0.00043407700051778373,0.9848472727629934,0.0004274995501290798,-2.5447831885478487e-05,-0.002155993511859031
AR,-0.0004022627254917119,1.0696801721841982,-0.00043029246146725924,-2.5523396462277077e-05,-0.0021623955007607693
CRH,0.0019181485736253039,1.2194926741041325,0.002339168133379349,-2.568160126647186e-05,-0.0021757989424733624
XYZ,0.0007150371798611125,1.6086594380371018,0.0011502513079310113,-2.57290097085408e-05,-0.00217981548478502
SJM,0.001368401308227234,0.21892067981147562,0.00029957134465201867,-2.588126206869208e-05,-0.002192714622995639
MGM,0.0007202093987737049,1.3899881924193618,0.0010010825603648974,-2.597596269035588e-05,-0.002200737857619123
RUN,0.0002170649299360708,1.6717625537817604,0.0003628810216063846,-2.604180941408609e-05,-0.002206316529695329
TPC,0.0005035762349467649,1.6336736311339894,0.0008226792162982643,-2.6130630865550875e-05,-0.002213841668730111
WHR,0.00025489431742655,0.9952130326707598,0.00025367414665662013,-2.6161887962846128e-05,-0.002216489835350803
SPG,-0.0019527324661531955,0.8713737725734834,-0.0017015598558586319,-2.6162035027556852e-05,-0.0022165022949805105
CELC,0.00015865648141339802,1.0359952447785457,0.00016436736029757607,-2.6284566567403047e-05,-0.0022268834231683795
ITW,0.0007065452268583825,0.7877929825767493,0.0005566113715921311,-2.687687970750553e-05,-0.0022770654305313926
RRR,0.0012410720962267071,1.0998005918654121,0.00136493182597778,-2.7057785405053205e-05,-0.0022923921393813392
VCEL,0.0002331885364017184,1.1750881057886382,0.00027401707553192017,-2.7092344257965018e-05,-0.0022953200376396453
TRU,0.000631240314307784,1.6090859369235753,0.0010157199125718729,-2.7474147900920523e-05,-0.0023276672403687686
PINS,0.0003773696863461228,1.3984229038663534,0.00052772241261128,-2.750089626162212e-05,-0.002329933417400471
CWH,0.00026103668829275154,1.6682618867484242,0.00043547755812182597,-2.7528577070476638e-05,-0.0023322785933888195
CVBF,0.0005732424818854942,0.7418738688281247,0.0004252736178130278,-2.8123904933686818e-05,-0.0023827160143953014
NFLX,-0.0005011262032445483,0.7651458783716798,-0.00038343464895661483,-2.8262883474389408e-05,-0.0023944905668754836
EOG,0.0008148201227973255,0.7873446352435892,0.0006415442523729968,-2.8279989095723102e-05,-0.0023959397908713716
CBZ,0.00045711619275144835,0.7008709763596418,0.0003203794723235098,-2.8664543902274573e-05,-0.0024285200779312014
NTRS,0.002181817050207146,1.1099224545865956,0.002421647735824801,-2.8847709474155515e-05,-0.0024440382480585593
GTES,0.0006979981731209712,1.5179955226689896,0.0010595581016287687,-2.8996258500407635e-05,-0.002456623632080029
FDS,-0.0011167410006797118,0.5792846989771777,-0.000646910974414219,-2.969920125846309e-05,-0.0025161784119291006
LNG,-0.0014914137378291628,0.6494360842497098,-0.0009685778978919948,-2.995633186201486e-05,-0.002537963054151386
WU,0.0008607069138859072,0.7332985052779797,0.0006311550934349586,-3.0412014106630048e-05,-0.002576569406444224
BLMN,0.00027515842730975237,1.4380093094360995,0.0003956803800412202,-3.0443073823497198e-05,-0.0025792008505824563
NCNO,0.0007356969338715235,0.8850756668957053,0.0006511474543794642,-3.052462099498287e-05,-0.0025861096974117174
ALLE,0.0006870883948256618,0.6585706642642436,0.000452496260588589,-3.055745604433264e-05,-0.0025888915514289184
AEIS,0.0005226780011350168,1.9596696408790697,0.0010242762107796485,-3.072248620199124e-05,-0.002602873251354249
NPKI,0.0009787634413323863,1.3178160471290759,0.0012898301693310965,-3.088048110775116e-05,-0.0026162589100326822
CHTR,-0.0014533386258969406,0.7262029525678532,-0.0010554188012072648,-3.0938398720924286e-05,-0.0026211658112879864
VSH,0.00028292962430124033,2.1307406703757454,0.0006028496573527826,-3.107088625862877e-05,-0.002632390432425791
LYB,0.0004208406520041547,1.2696283044353716,0.0005343112034415111,-3.116636820135454e-05,-0.0026404798622028684
HPP,0.0005922397284667145,1.3671496236223721,0.0008096803218674846,-3.116946684605664e-05,-0.0026407423858592393
WLY,0.000775915191350086,0.5324803351808389,0.0004131595811619986,-3.131273887821444e-05,-0.002652880691910347
MAC,0.0011580530196942846,1.2905131421170601,0.001494482641183821,-3.1450525853616624e-05,-0.0026645542924875073
FCBC,0.0008708744102792279,0.6069614033518762,0.0005285871542063178,-3.156437730240007e-05,-0.002674200025216232
TR,0.0018192631370959635,0.11703738218562064,0.00021292179507251144,-3.163846527395716e-05,-0.0026804769130353095
ALG,0.0006157844889864963,0.7703371872854088,0.0004743616912198404,-3.194563207818467e-05,-0.002706500726771319
AVY,0.0014381326414309723,0.5798072012515244,0.0008338396618565541,-3.218193826261228e-05,-0.0027265210806753713
GILD,-0.0013862022672469305,0.3754516807564119,-0.0005204519711062089,-3.22536937864077e-05,-0.00273260035864448
TTC,0.0009799281814941577,0.7992409999051442,0.0007831987796126203,-3.22556144795624e-05,-0.0027327630837834403
LOVE,0.0006289526676424309,1.6715051536519128,0.001051297625367442,-3.2381273480260783e-05,-0.002743409176992151
AIR,0.0005360562144129684,1.1864252726521605,0.0006359906403417911,-3.258145690533603e-05,-0.0027603691352151628
CINF,-0.0008734691803320529,0.6399599113770912,-0.000558985259235921,-3.272441885810051e-05,-0.0027724811706918984
SEDG,0.0005207794870156693,2.0827119279473854,0.0010846336494378548,-3.306372719109524e-05,-0.002801228081931665
ENS,0.0007200152605530707,1.1631245289789849,0.0008374674107884714,-3.336338831953724e-05,-0.002826615999125741
ARR,0.0016232606882991064,0.6937408833484583,0.0011261223038054485,-3.3416567589128055e-05,-0.002831121458008021
CAL,0.0002005099735858474,1.583811295971595,0.0003175699611202313,-3.356487128413457e-05,-0.0028436860570535383
VERX,0.0010547405447822753,0.6779951686187604,0.000715108993508702,-3.374368170707376e-05,-0.002858835249858826
KWR,0.00042924958980887176,1.297003664225828,0.0005567382908495403,-3.405467878152686e-05,-0.0028851835720949
UCB,0.0011373089656405678,1.05002996435042,0.0011942084926469785,-3.494586055541222e-05,-0.0029606863548478886
MXL,0.00044141937607550973,2.24991792286867,0.0009931573657337952,-3.5153108169229576e-05,-0.002978244805907661
MRVL,0.001488416739300181,2.268352827554307,0.003376254319170727,-3.536774694834289e-05,-0.002996429451941326
PCAR,0.000710794429825218,0.8707058288516044,0.00061889285316407,-3.540399391701118e-05,-0.0029995003708952507
ASAN,0.0006460591735730071,1.6886867082125034,0.0010909915391314918,-3.541695247754371e-05,-0.0030005982472313133
FORM,0.00031898677146174567,2.047727461805955,0.0006531979718750366,-3.546609298719758e-05,-0.00300476153392937
ZBH,0.0010839840578374038,0.3315097471846903,0.0003593512809659124,-3.594356598566635e-05,-0.003045214044438683
WRB,-0.0008498602086285977,0.23784335129735476,-0.00020213360015449477,-3.6009611497689473e-05,-0.0030508095582745987
ADSK,-0.00250263817830567,0.908747133023692,-0.002274265269530913,-3.618160444095858e-05,-0.003065381159951413
HOV,0.00015992116966793087,1.3321026648365355,0.00021303141627842644,-3.6301497831600715e-05,-0.003075538778624096
TRS,0.0007327863544360923,0.8503242048612322,0.0006231059741690312,-3.6542996893949683e-05,-0.003095999084000505
LAMR,0.0012473771922067473,0.8518055392642594,0.0010625228018736061,-3.6547984178643354e-05,-0.003096421617184854
ZM,-0.0021792334643393326,0.8727293836340105,-0.0019018810781274752,-3.695234644535309e-05,-0.003130680033673541
DSGR,0.0005887530347768387,0.9873516474610672,0.0005813062788346147,-3.7131301123398915e-05,-0.003145841448073004
HRL,0.0010181539505718428,0.06863317166257428,6.987913486852545e-05,-3.734557785446826e-05,-0.003163995420639582
DINO,0.0009054882458273097,1.058111301339484,0.0009581073461399413,-3.745663646816819e-05,-0.003173404538542068
WSO,0.001115474764943253,0.7799502523058608,0.000870014824358311,-3.759082117007602e-05,-0.003184772946978824
PLXS,0.0010700606503997185,1.2673820315946367,0.0013561756410330735,-3.779261268469793e-05,-0.003201869145909677
IRM,0.0024430773808542306,1.0096737170323655,0.002466711020124787,-3.781231167892641e-05,-0.0032035380858782326
MANU,0.0012952860969315378,0.6951998487686376,0.0009004826986989239,-3.800056963653106e-05,-0.0032194876935689007
WY,0.0006636326428062549,0.669044604824614,0.00044399983925502506,-3.804221124167779e-05,-0.0032230156574018813
GFF,0.0005320021076746466,1.0950472138956757,0.000582567425795749,-3.8288754092372425e-05,-0.0032439032830701483
GMED,0.0011387118627266201,1.0347667234449702,0.0011783011431415434,-3.8313462767502335e-05,-0.0032459966536765895
DOW,0.0006076568529278751,1.465119942248017,0.0008902901732683001,-3.8358214254393044e-05,-0.0032497880931916185
FBP,0.001655961882102338,0.881781943196151,0.0014601972862589552,-3.924377939465502e-05,-0.003324815023003382
EL,0.0008637552052849962,1.4061650223108442,0.0012145823575106843,-3.929847910022304e-05,-0.003329449296399873
AIG,-0.001074380318707654,0.5494997299589247,-0.0005903716950030393,-3.9389377419956336e-05,-0.0033371503920557157
CRK,-0.0004924907676975805,1.0749747418434092,-0.000529415135865969,-3.9593054639631475e-05,-0.0033544063518604356
MUX,-0.0007429292594189312,0.7428227104976481,-0.0005518647261895809,-4.040196455468111e-05,-0.0034229388907570262
DCO,0.001116848820790211,0.8397896785173546,0.0009379181121638979,-4.077576061896298e-05,-0.003454607674682388
NX,0.00030552295784635987,1.286737684130183,0.0003931279032278286,-4.128458177053659e-05,-0.003497716066250919
GLOB,0.0009787654620619208,1.5610941943999639,0.0015279450805040626,-4.1719489199382844e-05,-0.003534562332725466
CE,0.0006093040585268162,1.8741332138353166,0.0011419169734097638,-4.1756159642465986e-05,-0.00353766912931702
NE,0.0004373279565086111,1.527781470046815,0.0006681415482872955,-4.261953856940098e-05,-0.0036108163967590798
SLP,0.00031689064245204963,0.690790773947993,0.0002189051321563281,-4.320152230775758e-05,-0.00366012327561426
SWK,0.0004246566740521133,1.6296633127225613,0.000692047402205512,-4.333112966446444e-05,-0.0036711038817973996
DUK,-0.0017452251806529134,-0.040681188989491336,7.099783540336032e-05,-4.364421957026712e-05,-0.003697629513080131
AOSL,0.0003899740203033523,2.761013523695883,0.0010767235439476084,-4.370218612786932e-05,-0.0037025405610097767
TPB,-0.0009575769665991604,0.5898171716533779,-0.000564795338079938,-4.415066914878624e-05,-0.003740536980022101
MKSI,0.0003762668135346526,2.459723984972342,0.0009255125060003008,-4.45407681739755e-05,-0.0037735869848742037
CMI,0.0012432991207616253,1.2274406639816542,0.0015260758983154563,-4.464455022394618e-05,-0.0037823796170870843
COP,0.0020230480446736692,1.0058298927768268,0.002034842197856486,-4.473771189848023e-05,-0.003790272468892819
OII,0.0007353558482454557,1.454648265484179,0.0010696841091638993,-4.511037840265415e-05,-0.003821845554124675
RYAM,0.00044185642944885627,1.2955067507747309,0.0005724279872242119,-4.5222600665017916e-05,-0.0038313532587743782
CNS,0.0007581887532158827,0.9325289685325158,0.0007070329759893613,-4.561436050062507e-05,-0.0038645439709567376
RILY,0.0005092850471662057,1.2710878727071222,0.0006473460472040388,-4.619082493137204e-05,-0.003913383242534023
KRO,0.0004603188050400484,1.3116233471407603,0.0006037648918184634,-4.6372218619612514e-05,-0.003928751294975528
BHVN,0.0007935162998876001,1.4004221961528034,0.0011112578393716395,-4.686689177481017e-05,-0.0039706610387170195
AVXL,0.0008443492274352725,1.0854282231840815,0.0009164804816819198,-4.837203200871068e-05,-0.004098179665582016
NI,-0.0013060450660885127,0.3934165063509617,-0.0005138196870374536,-4.975223728670168e-05,-0.0042151135418263125
VFC,0.0011081272327610882,2.4604649304536186,0.0027265081946892715,-5.014283246039794e-05,-0.004248205581417045
FOXF,0.0004909042051962696,1.577919535681333,0.0007746073355273115,-5.059973885214754e-05,-0.00428691564601399
CVS,-0.0013383405864346375,0.3099551907619626,-0.00041482561177282496,-5.199794444353675e-05,-0.004405374546436087
DKS,0.0006811519891736517,1.4642860025199307,0.0009974013233355855,-5.2058635975483094e-05,-0.004410516459888281
NVR,0.0006179516037610903,0.4958854849595269,0.0003064332307125857,-5.35224302300056e-05,-0.00453453216895338
SNAP,0.0006292130553604177,1.6889254643127216,0.0010626939516762198,-5.384608998675328e-05,-0.004561953300102712
MKL,-0.0021400279584473086,0.6050647994393289,-0.0012948555874724773,-5.426338760283394e-05,-0.004597307626429331
PAG,0.0015596710724636133,0.750451213416669,0.001170457048861196,-5.448120911984878e-05,-0.004615761920671005
GPOR,-0.000771774095191204,0.8122275450705904,-0.0006268561786862278,-5.500510382479066e-05,-0.004660147375189688
TKO,-0.002047957119305181,0.779820722528994,-0.0015970394004849635,-5.604934986445926e-05,-0.0047486180824955915
AA,0.0011242983390572336,1.7295654706222476,0.0019445475859113355,-5.621483553047471e-05,-0.00476263837404108
MYE,0.0007351265092295539,1.0691080092705882,0.0007859296388444451,-5.6504606130657486e-05,-0.004787188345006506
GPK,0.001496535054964511,0.4827078350467069,0.0007223891964534237,-5.661709252345149e-05,-0.00479671842733838
WLK,0.0005132752679471381,1.251100964779844,0.0006421591829262974,-5.7659182408312946e-05,-0.004885006460701934
OLN,0.0006765997858575255,1.8603639137869066,0.001258721825685289,-5.8177177550268096e-05,-0.004928892091912312
EVRG,-0.002543122100562614,0.19859679482344192,-0.000505055898016394,-5.8315105764279896e-05,-0.004940577658519714
CBT,0.0009926975218764796,0.8261496322455074,0.0008201166926292802,-5.851646902059909e-05,-0.004957637574511958
THO,0.0006718467613681138,1.0612497637670584,0.000712997216789574,-5.874791208962232e-05,-0.004977245915113404
BRO,-0.0016218805137743193,0.32138380089058805,-0.0005212461241071705,-5.970914600129028e-05,-0.005058683661411847
UPBD,0.0004458658973240589,1.2603820283878095,0.0005619613640582482,-6.093629166457953e-05,-0.005162650007152574
CG,0.001499050739187508,1.7174043073375256,0.002574476196398128,-6.450517625251256e-05,-0.0054650133696105005
IR,0.0010816535990919086,1.2050956524401073,0.001303496049711854,-6.457779883727874e-05,-0.005471166106797501
BRKR,0.0006218835511941186,1.1905753905909806,0.0007403992518650439,-6.467898250754706e-05,-0.0054797385988505105
HPQ,0.0017929250780003327,1.2182743200008603,0.0021842745802133448,-6.472567311850945e-05,-0.005483694325010312
HIG,-0.0015680374107929769,0.5055402442139592,-0.0007927060155889057,-6.625549774668607e-05,-0.0056133042653570605
HSIC,0.0017012220841889664,0.5778147402623371,0.0009829911967041995,-6.876131842670094e-05,-0.005825602631375313
SLG,0.0016178132173323158,1.0999175044400686,0.0017794610766583192,-7.024590226321382e-05,-0.00595137967728385
WERN,0.0008171084087949149,0.796007790189822,0.0006504246588303619,-7.053084051483925e-05,-0.005975520241578266
GRMN,0.00180591546844235,1.1991345143285759,0.00216553556816908,-7.15797188334831e-05,-0.006064383405241971
IBRX,0.0005328243994519883,1.4828823660512869,0.0007901159061492204,-7.181192398467714e-05,-0.006084056311037937
LSCC,0.001006240568799543,2.113552924074897,0.002126742696509062,-7.282353813266536e-05,-0.006169762376269058
MHO,0.0006771641997448371,0.6976583398806583,0.0004724292514205975,-7.306405200515543e-05,-0.006190139214301243
ALB,0.0015005678938533017,1.6792374370225773,0.0025198097841525853,-7.338913488127574e-05,-0.006217680915098623
BIO,0.0010151272585322956,1.0508929646613643,0.0010667900942275673,-7.672600050442568e-05,-0.006500387145862511
GAP,0.001233338821868304,1.4759034375720412,0.0018202890068864813,-7.734952260172986e-05,-0.006553213241316861
JBHT,0.0011839603205790123,1.0086388322820214,0.0011941883552170627,-7.800250155541942e-05,-0.006608534983218911
THRM,0.0008308018666854133,1.0070020189487043,0.0008366191570985635,-7.925441555404573e-05,-0.00671459975410354
LRCX,0.0018633885021518862,1.9357882184235216,0.003607125508811474,-8.262197474469035e-05,-0.006999906408065449
HY,0.0007682448756008923,1.0721252043301353,0.000823654694229186,-8.448325864619402e-05,-0.0071575982709097445
CALY,0.0005791651741749023,1.331173432106137,0.0007709692926627533,-8.59310522031909e-05,-0.007280258367433637
UWMC,0.0007613604784716944,0.9306292822511465,0.0007085443556145024,-8.770385979494552e-05,-0.007430454332370771
NTLA,0.0005897971823716175,1.4535977628929686,0.0008573278648559594,-9.113370983263268e-05,-0.007721038397102929
MCHP,0.0015117109214692723,2.2465538470892343,0.0033961399863136053,-9.490731500967074e-05,-0.008040746115804668
CME,-0.001781791348390062,-0.06721918848133722,0.00011977056848184757,-9.779342711931725e-05,-0.00828526356667821
AZTA,0.0007445447345957287,1.53732132266854,0.0011446044961746027,-9.818736834797181e-05,-0.00831863909103939
WSC,0.0013311843814218028,1.7158491366708704,0.002284111571612347,-0.00010248027400537181,-0.008682343031949927
MRNA,0.0011930072175387833,1.286154075431204,0.001534391094856347,-0.00010486978449198408,-0.008884787355255717
TGLS,0.0017464062202814563,1.1254948183352467,0.0019655711516352223,-0.00010599933523820411,-0.008980485255616164
PRCT,0.0014485056725678134,1.072343418514305,0.0015532955246587317,-0.00011035493309861989,-0.00934950061101397
VAL,0.0011456202483983316,1.5757069000036164,0.0018051617301851081,-0.00011345659234707747,-0.009612279666053549
CARS,0.0013172027746709944,1.1497874684968672,0.001514503243786012,-0.00011351683678274732,-0.009617383700574616
LW,0.0011007163652419524,0.4447659481759139,0.0004895611578595825,-0.00012013862788629445,-0.010178395684636025
CSL,0.0015943490264541187,0.9181436392310635,0.0014638414173530877,-0.00012974372140949012,-0.01099215928579476
TOL,0.0016205137197546917,0.8658720318247412,0.001403157507123864,-0.00014309639914777646,-0.012123426055366497
