ticker,weight,beta,beta_contribution,component_contribution,percentage_contribution
SMR,-0.0014286500611117295,2.3838286218859253,-0.003405656906337217,0.0002615230123973447,0.022892279204866344
UHS,0.0018684409166292368,0.6769906805026642,0.0012649170876278487,0.00017240737725360722,0.015091588999715773
LITE,0.0016511757956228748,2.378791420035846,0.003927802815598557,0.0001580141707047773,0.013831687242127763
EXEL,0.0019286983759715477,0.6243442837220659,0.0012041718060618676,0.0001517455694735958,0.0132829685336183
KTOS,-0.0013627661173899886,1.110856916541722,-0.001513838167131377,0.00015067995428257744,0.013189690468892293
CRL,-0.0014613608822544811,1.4199344186246816,-0.0020750366147448684,0.00015065443810844477,0.01318745692402322
AVTR,-0.0012255607037087012,1.229557452827337,-0.0015068972971373493,0.00014679939662273726,0.012850007897154885
SMCI,-0.001056413558129896,2.043468242527195,-0.0021587475570135992,0.00014135072940153943,0.01237306168053456
CAH,0.0024249546077840804,0.346365507653232,0.0008399206337611771,0.00013380000018398876,0.011712112573746637
IQV,-0.002329348584693831,1.0915811904100523,-0.0025426731009600624,0.00013227187130647477,0.011578348616975143
JOBY,-0.0007220171342783433,1.999779659530972,-0.0014438751789626733,0.00012844931197162623,0.01124374289808121
POOL,-0.0020026306041293043,0.7478455530227155,-0.0014976583916452943,0.0001284409746916858,0.011243013098670993
MPWR,-0.001934256423588146,2.246662626179061,-0.004345621616322262,0.00012691981031266096,0.011109858775608113
PM,0.0021837975197574974,0.09516695219082909,0.00020782535415721288,0.00012342666080822898,0.010804087772793642
MTSI,-0.0015311227073249924,1.772401465397591,-0.0027137641301663434,0.00011826308389914038,0.010352096786550868
KOS,-0.0008438617584040204,1.8083838367098244,-0.0015260259643153612,0.00011807349504685418,0.010335501226179792
ALGN,-0.001629645536201808,1.3236297924315588,-0.0021570473828198154,0.00011735924672233233,0.010272979875126678
MSTR,-0.0007404120209456093,2.0745110113797383,-0.0015359928904095919,0.0001116666376116273,0.009774680333637653
WDC,0.0017993591860951644,1.8751288861255124,0.003374030386362334,0.00011062448016003272,0.009683455629782196
OKTA,-0.0013619423527565535,1.1745378420848047,-0.0015996528320505843,0.00010833996280408016,0.009483481605770226
ASTS,-0.0005269560080612588,2.3257430168857707,-0.0012255642559544746,0.0001078072729636687,0.009436852881037707
L,0.0025177182509085023,0.5398144764179598,0.0013591007593821145,0.00010621771813372314,0.009297712035859346
MTH,-0.001278592061867972,0.8906913138211233,-0.001138830843426443,0.00010444572655265384,0.009142601685719762
CAMT,-0.0010406400619209456,1.945543985760629,-0.0020246110138118644,0.00010243753942879652,0.008966816083093283
SITM,-0.000840999123309764,2.624188664973062,-0.0022069403666417652,0.00010018862793971062,0.008769958799891887
TW,0.001834071025506905,0.4369523968708702,0.000801401730626657,9.974574142775898e-05,0.008731190962236889
EQT,0.0015234497820463752,0.7519830457150449,0.0011456084070971546,9.546828094250366e-05,0.008356765710636194
WWW,-0.0008908677878443302,1.8079918630675744,-0.0016106817114915591,9.47171477575277e-05,0.008291015662742186
RIOT,-0.0005511327581496246,2.406398965210482,-0.0013262452989048555,9.465169061735105e-05,0.008285285906438374
AMRC,-0.0007334734281885265,1.6707442566573516,-0.001225446517556759,9.462525506229371e-05,0.00828297188404409
CRDO,-0.0006401446938980484,2.65264669795622,-0.0016980777084828536,9.305751108220974e-05,0.008145740240125494
PLTR,-0.0017380682105070815,2.082798124295767,-0.0036200452087422497,9.176622436393862e-05,0.008032708137071843
AXSM,0.0011488949753120212,0.5626844386887203,0.0006464653242957358,9.07188280875628e-05,0.00794102485544727
CLH,-0.002429918729276045,0.8026134235241172,-0.001950285390189619,8.833073167746955e-05,0.007731984093462881
TRV,0.001494420179086833,0.45754097504998803,0.0006837584658737673,8.797738356776906e-05,0.007701053952709203
REGN,0.0012625638624659855,0.5849146037334702,0.0007384920413024915,8.7803060645864e-05,0.007685794687516909
RVMD,-0.0012925956232332665,1.0747043461905137,-0.0013891581341556273,8.76950307334262e-05,0.007676338346006718
KLIC,-0.0011427733169706476,1.6367179373671163,-0.001870397586230376,8.764459610169633e-05,0.007671923577070818
AER,0.0013490113374526086,0.8350007931778016,0.0011264255367787752,8.755726642499698e-05,0.007664279219797834
NOC,-0.0022380046847574344,0.07740407064352597,-0.00017323067271950653,8.647985784073896e-05,0.007569968826603523
FLS,0.0019788762508553878,1.533808173638608,0.0030352165681813183,8.484376104003388e-05,0.007426753954517912
VISN,-0.0008312153579362568,2.6809797999447738,-0.002228471584030969,8.405521228853684e-05,0.007357728754706845
ABT,0.001941124089749334,0.22605984052232217,0.00043881020216277224,8.322176347773388e-05,0.0072847732518431935
MOD,-0.0009394196671526525,2.0606631649526532,-0.001935827504533553,8.247381296068286e-05,0.007219301797110401
WSM,-0.001420823876514185,1.4628865550544052,-0.0020785041460528817,8.232188175554701e-05,0.00720600257905682
VRSN,0.001950006972957248,0.43946471193576336,0.0008569592526433869,8.156273703211934e-05,0.007139551245362319
AROC,0.0018224551804023523,1.2593315976583814,0.0022950753939968882,8.147799514428428e-05,0.007132133408825165
FERG,-0.0014470767772665268,1.0005105678709532,-0.0014478156081758015,8.143619866380308e-05,0.0071284747759110464
STT,0.0024699664155267346,1.1511290236428895,0.0028432500283360174,8.01986453516648e-05,0.007020146198273936
UTHR,0.0013169198118146157,0.4229136123146143,0.0005569433147432012,7.809121394658185e-05,0.006835673299740008
TSN,0.0024943752584322154,0.28993500286454127,0.0007232066976987852,7.805177883498571e-05,0.006832221368008041
GE,0.0019787192904332585,1.1115326557429142,0.0021994111078650143,7.800071824785573e-05,0.006827751806395743
RUM,-0.0007849611907880982,1.999785630864493,-0.0015697541101243207,7.69051929216785e-05,0.006731855573735545
BAC,0.0020280655274277624,1.0157319223730206,0.002059970896872655,7.678028996586627e-05,0.0067209222592568086
SOUN,-0.0004966011746308955,2.8468490973458693,-0.0014137486057388634,7.634800906393563e-05,0.00668308277809141
BH/A,-0.001222273114674148,0.43900832926356,-0.0005365880779768654,7.581668631672695e-05,0.006636573721142657
FWONK,0.0020082707489441865,0.594697651718151,0.00119431389841136,7.54199838057758e-05,0.006601848575700512
HUBS,0.0012937245942952395,1.4767547561846945,0.0019105139478186094,7.523779518651745e-05,0.006585900790831491
DHI,-0.0009403184968882891,0.625823562135307,-0.0005884734712643466,7.509657315471274e-05,0.006573538994627339
TMO,-0.002249105672760291,0.9169688133235966,-0.0020623597597903736,7.476990647684904e-05,0.006544944398962389
SGI,-0.0023043096794379144,1.0332231184124978,-0.002380866032776945,7.473577106689685e-05,0.0065419563738236645
APLD,-0.0003861609953241905,2.1329031675366315,-0.0008236440101060642,7.42882655181948e-05,0.006502784211218526
PPL,0.002262186279926355,0.19949949256912156,0.0004513050149421366,7.37957022088105e-05,0.006459667941253854
UCTT,-0.0005399925048064412,2.3782655441494023,-0.0012842455682800897,7.327639913577053e-05,0.0064142110201554
REPL,0.00037225510943701825,0.7834852051516956,0.00029165637078602916,7.194946326287187e-05,0.006298058387119817
BMRN,0.0014132211712572147,0.7752116393892443,0.0010955455009898933,7.120589068656772e-05,0.0062329701531254255
BAH,-0.0013907736438772903,0.38568079900921876,-0.000536394690211556,7.081605743192209e-05,0.006198846304417494
QS,-0.0002975704469984332,1.8106221850036976,-0.0005387876529368301,6.991991619926814e-05,0.006120403053413111
CB,0.0011844329346046892,0.24815351722446474,0.00029392119863864806,6.958336964973648e-05,0.0060909436283832115
HOOD,-0.0013921727281801743,2.620712555367261,-0.003648484547981676,6.956918366467156e-05,0.00608970186564912
SAIA,-0.0007448823479777328,1.5994421001115007,-0.0011913961869854906,6.935809737483256e-05,0.006071224538399723
MKC,0.0020500383714989216,0.29975235139818956,0.000614503822313317,6.903543624602091e-05,0.006042980566362223
FOXA,0.002247805811669595,0.8460480121035561,0.0019017516385578812,6.810918879590646e-05,0.005961901983462606
AVAV,-0.00041878113943850985,1.2544465711086452,-0.0005253385644136101,6.729219820330687e-05,0.005890387142064546
HCA,0.0011919370895773261,0.3122843149032435,0.00037222325742642125,6.544724346522152e-05,0.005728890000388842
UEC,-0.0005991329712025941,1.1296909747781771,-0.000676835110259604,6.509229095266212e-05,0.005697819419075588
ACGL,0.0011922445839605703,0.4431701072853864,0.0005283671601842268,6.494160097012338e-05,0.005684628850788573
WELL,0.0014082064792369626,0.30133271988873167,0.0004243386885534087,6.468488448175064e-05,0.005662157308133685
PFSI,-0.0010239906155234213,0.6753200296782399,-0.000691521372865516,6.450310429247798e-05,0.005646245274968433
TREE,-0.0005102709637802164,1.3371872077570695,-0.0006823278052567762,6.450306606929222e-05,0.005646241929121992
NWSA,0.002476963317482434,0.8215877936224248,0.002035042826894075,6.448591013815488e-05,0.005644740193722054
LHX,-0.001424112374001342,0.4551811900669474,-0.0006482291651869965,6.412791908055704e-05,0.005613403634968579
MTW,-0.000800685226799722,1.5279379215838684,-0.0012233973212792755,6.382117576801913e-05,0.005586553020598267
LNT,0.0019127146907471553,0.23702439116329124,0.00045336003504342734,6.357403356194477e-05,0.0055649195577037475
WMB,0.001621845091094709,0.5720385911512875,0.000927757980975449,6.265139473100921e-05,0.005484156853384108
GME,-0.0009101160816170348,0.7270427665314254,-0.0006616933138435896,6.262156453384133e-05,0.005481545682779871
NVST,-0.0012215839019652773,1.331000573495621,-0.0016259288740888024,6.24001737222791e-05,0.005462166354646505
AFG,0.0016577915512416242,0.5146433243978934,0.0008531713550897301,6.151964156044914e-05,0.005385089435438914
AMP,0.0023295624411660814,1.1963425781584334,0.0027869547368456838,6.0996223621197965e-05,0.005339272321693037
MCD,0.001706207768294422,0.17836571568799,0.00030432896970424277,6.091588598929244e-05,0.005332240009379943
STX,0.0006963124342029022,1.5620034925680413,0.0010876424541434876,6.085297560246678e-05,0.005326733181789907
EQH,0.0023975191372661315,1.372901606501782,0.0032915578751714384,6.0402639089275995e-05,0.00528731321219868
FOR,-0.000945523795723409,0.8489503429759826,-0.000802702750671341,5.970731679412783e-05,0.00522644854116271
EWTX,0.0005851706603147982,1.1216003901674032,0.0006563276409235945,5.919133095175469e-05,0.0051812819921042376
RH,-0.0006006074907179993,2.844202097495839,-0.0017082490848718463,5.9121307860245155e-05,0.00517515255765436
CTAS,0.0018120504035580565,0.6282474378860768,0.0011384160233557806,5.676506965748166e-05,0.004968900487076031
VRNS,-0.000694322754768266,0.8400570594285602,-0.0005832707316649669,5.674979860334106e-05,0.004967563743391661
SDRL,-0.0012496105396036545,1.4696808161525816,-0.0018365286377175667,5.629984795947221e-05,0.0049281775506683796
BRK/B,0.0011558863256129193,0.4891196547259757,0.0005653667204862677,5.5359681774277234e-05,0.004845880598621356
RKT,-0.0006617936914390919,0.8306187173349526,-0.0005496982271235019,5.513472058946026e-05,0.004826188739744847
EW,0.0013000587632531542,0.5362579307183635,0.0006971668221944113,5.436271585492827e-05,0.004758611711748804
QBTS,-0.00024144429363500517,2.363631042480335,-0.0005706852274654354,5.387382750313249e-05,0.004715817127261869
QDEL,-0.0007376529158018118,1.7337060845339425,-0.001278873348399805,5.381071371528221e-05,0.004710292495070228
COIN,-0.000528419828023773,2.1934218101247995,-0.0011590475756897397,5.374866347384798e-05,0.004704860959854186
VOYA,0.0015278468608815054,1.2566130989822473,0.001919912378622607,5.341690830797603e-05,0.004675820946070395
IEX,-0.0018347486302102809,0.9239254973615117,-0.001695171040700386,5.285972819294226e-05,0.0046270484780423305
CWEN,0.0016312356983690583,0.5791273762681929,0.000944693250071486,5.237251277940102e-05,0.004584400333324746
ALL,0.0008632698052494508,0.49031735206576055,0.00042327616502823553,5.232499763219966e-05,0.0045802411199300135
SPSC,-0.0007948482505873152,1.0670028918935275,-0.0008481053819931766,5.188855867065626e-05,0.004542037665205527
WYNN,0.002024840453390919,1.2492028083062883,0.002529436380748114,5.179232355075973e-05,0.004533613774650771
ROL,0.001574454954434888,0.28500433043577655,0.0004487264800900063,5.128614096979211e-05,0.004489305348918259
SPOT,0.0008932402622891608,0.9953277836393941,0.0008890668505217415,5.0943257325831125e-05,0.0044592912096638095
RVTY,-0.0009786270010982859,1.187262097364012,-0.0011618867458610042,5.046132135433984e-05,0.004417105198126574
AEE,0.0013878033403262684,0.21733567109767365,0.00030161917032140275,5.039859012292938e-05,0.004411614052811486
IONQ,-0.0003007384567531909,2.550577699876204,-0.000767056801289873,4.91475940551658e-05,0.004302108770637991
BG,-0.0016908584858051283,0.47232521448680237,-0.0007986350969747371,4.87380638436399e-05,0.004266260759179501
ABBV,0.0014037556334662352,0.43220160431510757,0.0006067054368504769,4.7344949926269195e-05,0.004144315265862145
DD,0.0012548277485888762,1.3974264971865695,0.0017535295452830626,4.734261696465769e-05,0.004144111051295728
IONS,0.001168871444316389,0.7343250096748656,0.0008583315346563065,4.714238024659289e-05,0.004126583435599557
GH,-0.000884534056289521,1.0323727051902896,-0.0009131688165245526,4.682996150056918e-05,0.00409923602514704
SMTC,-0.0006705825666256922,2.434419352831316,-0.0016324791778648804,4.632683458459783e-05,0.0040551950754412446
WGS,-0.000755212362537362,1.700633161792142,-0.0012843391879264273,4.618078284631344e-05,0.004042410513423114
MELI,0.0013510040787089838,0.8997006902419358,0.0012154993021341433,4.5212619114377115e-05,0.003957662810862095
SNPS,-0.0009505715957941164,1.386513436964051,-0.001317980290364903,4.493507489399419e-05,0.003933368123650976
AOS,-0.0013166875844119292,0.6311906585230869,-0.0008310809034741382,4.475438882197784e-05,0.00391755186346373
PCT,-0.0003296830016318881,2.3241259592467145,-0.0007662248224150481,4.3873973530952926e-05,0.0038404851744805292
W,-0.0004196429244957405,2.575207016932117,-0.0010806674037673455,4.376328295050783e-05,0.0038307959327970945
WDAY,0.0010529668889504716,0.9901212570608408,0.0010425648997310836,4.375842644435339e-05,0.003830370821087695
SHW,-0.001913640471243376,0.7273232779129309,-0.0013918352602915781,4.35559734891912e-05,0.0038126492082439976
STZ,-0.002008541938869665,0.43266571265342385,-0.0008690272293753334,4.3498815635995365e-05,0.0038076459256566825
BEAM,-0.0007129161887990865,1.7518747969452204,-0.00124893990349136,4.2852318679805115e-05,0.003751055154961072
NMIH,0.0014366015112294423,0.662562121609162,0.0009518377451871075,4.2653344695505435e-05,0.0037336380720002335
JBTM,-0.0009953506377918,1.1927580142164769,-0.001187212450181651,4.237507889060429e-05,0.0037092802212682087
BXP,-0.0020092892252524044,0.9312447651281517,-0.0018711400726447013,4.2207819624675534e-05,0.003694639269482962
CDNS,-0.0009545326510257384,1.3145136081306275,-0.0012547461591783365,4.149568053207311e-05,0.0036323025489354574
TECH,-0.0004678455206010366,1.2496940228256073,-0.0005846637507008499,4.1363688131930375e-05,0.0036207486636796655
UNM,0.0006949510002134935,0.8513852975866802,0.0005916710641249262,4.104048793754523e-05,0.003592457504820993
SKWD,0.0006012520883100981,0.6396001725886872,0.0003845609394524473,4.097802469887613e-05,0.003586989818109429
TPG,-0.001261527082520118,1.62794374187574,-0.0020536951191953865,4.093025800667583e-05,0.003582808585855646
CRM,0.0012114837259144498,1.0556829627634219,0.0012789427291130357,4.089139426440273e-05,0.00357940666863656
FORM,-0.0005052540510980436,2.113376359855935,-0.001067791967312048,4.07804753394887e-05,0.003569697438940255
HRI,-0.00047683755270699646,1.7589825261230125,-0.0008387489230108678,4.059526069923816e-05,0.0035534847729168065
FBIN,-0.0008729004795359946,1.328971900037719,-0.0011600602088327867,4.0178631037765086e-05,0.0035170153148448738
CSCO,0.0014220117624098444,0.870933807654081,0.0012384781187644962,3.955575522792402e-05,0.003462492208758995
WULF,-0.00024297109964472729,2.710949622182207,-0.0006586824107830688,3.878607494069808e-05,0.0033951186500341232
TDW,-0.0003671235971411756,1.2921978461111538,-0.0004743963214824061,3.876896102189897e-05,0.0033936205921620936
ESNT,0.0015868461470137242,0.546637450710726,0.0008674295324737201,3.852705395416349e-05,0.003372445384345899
PUMP,0.0008085720085505898,2.0945788074106084,0.0016936177933754948,3.848785704519349e-05,0.0033690143035554035
RRC,0.0010242627139015036,0.9091152494580772,0.0009311728526591726,3.802491706854013e-05,0.003328491096425389
IT,0.0010793897376325395,0.9165400477358632,0.0009893039216553286,3.80160437155787e-05,0.003327714372145509
IBP,-0.0004981372670450137,1.023004366436303,-0.0005095965992716957,3.7616699281469434e-05,0.0032927579673506266
TTWO,0.0012388756580001938,0.6090082632755127,0.0007544855128930061,3.758903974473887e-05,0.003290336804364972
MMM,0.0014150045310115736,1.1149346783560683,0.001577637621655768,3.6781049665749126e-05,0.0032196098181872038
PDFS,-0.00029957647857994056,1.5984681696937333,-0.0004788634653989715,3.650238849967817e-05,0.003195217359723328
TPL,-0.001010463621664886,1.3545956653564528,-0.0013687696419076374,3.640041404978469e-05,0.0031862910799389035
PGR,0.0005724850281531006,0.29892833913968536,0.00017113199864814238,3.61756248529454e-05,0.0031666142759394747
D,0.00143728466758762,0.325022242818406,0.00046714948622783543,3.609362065009812e-05,0.0031594360812164037
NEM,0.0007126960404513934,0.5476762859579111,0.0003903267204513283,3.568474415085653e-05,0.0031236452921185568
FITB,0.001792152734405484,1.0410727435839828,0.0018657613641290542,3.540624299640933e-05,0.0030992668401879243
SCHW,0.0015792732188143282,0.8731511197037674,0.0013789441793259035,3.5168690346748814e-05,0.003078472794065429
TTEK,-0.0004437728724518061,0.5230236393775725,-0.0002321037028067829,3.511467509941791e-05,0.0030737445978279974
MAT,0.0006425412591600804,1.2393760770138047,0.0007963502650973308,3.490185620552395e-05,0.0030551156079948226
MAN,-0.0009679435984757161,0.9950954193826064,-0.0009631962410639018,3.482152750152758e-05,0.0030480840771815567
PWR,-0.0021524742422049203,1.1921096636595647,-0.002565985344910784,3.4817966502831675e-05,0.0030477723670354877
TSLA,-0.0008217390869459934,2.2647555651509577,-0.0018610381702630053,3.4799810851892964e-05,0.0030461831216890643
EQR,0.0010818748265538686,0.6462331582001044,0.0006991433859410966,3.4301428135414574e-05,0.0030025574529881833
PK,-0.0013720243934016944,1.351318829982332,-0.0018540423979987964,3.427113666517038e-05,0.0029999059050880602
CRS,0.0007479243856380747,1.543394924137607,0.0011543427004325427,3.4154066008215893e-05,0.0029896581867663264
CMPR,-0.0004048561424002617,1.051115333906483,-0.0004255504993031417,3.414760934031776e-05,0.002989093005741138
PG,0.0012447612532501086,0.138700027916258,0.00017264842057486635,3.3922958607556417e-05,0.0029694283221218744
RGEN,-0.00089642253811444,1.5306367437760113,-0.0013720972747869138,3.365605940555465e-05,0.0029460654409904146
ORLY,0.0014902229261781815,0.1540698084862275,0.00022959836083805797,3.3639871860396075e-05,0.002944648472747297
SMG,-0.0008975271491880697,1.0146555241336548,-0.0009106808799836059,3.362987219875837e-05,0.002943773157630413
CPT,0.0009834342631073003,0.5311642630402668,0.0005223651356119369,3.333636859526132e-05,0.0029180814742206162
IESC,-0.0004954355290008367,1.9392710195536937,-0.0009607837634485763,3.3098363422869286e-05,0.002897247816759059
GOOG,-0.0008715085282683714,1.0352088450726715,-0.0009021933370196845,3.301377802275093e-05,0.0028898436782918
CC,-0.0004699549811938245,2.2511575312656826,-0.0010579426952703002,3.2987882078184353e-05,0.002887576890417733
WNC,-0.00024062184121088675,1.2379792514175316,-0.0002978848468569617,3.275545037213592e-05,0.002867231103398272
BWXT,-0.0006835447721357063,1.1833901715010537,-0.0008089001651263222,3.2728295551620025e-05,0.0028648541204807482
MLM,-0.0018801530913562024,0.710588523243196,-0.0013360152086579337,3.2387298834529916e-05,0.0028350051523765214
AVB,0.001080675837348605,0.6224455541733173,0.0006726618704601661,3.216801647158027e-05,0.0028158103861824126
MUR,-0.0005129792628709776,1.6133811410900363,-0.0008276310684863035,3.1941024556731456e-05,0.0027959407684216963
ILMN,-0.0004762760953513564,1.1946127800468254,-0.0005689655103375308,3.192012618598851e-05,0.0027941114405411827
AGNC,-0.0012968021288999212,0.6661947603602211,-0.0008639227834971075,3.156508812897684e-05,0.002763033371139337
AAON,-0.00030520831273581604,1.6194343772548658,-0.0004942648338683346,3.136328625898966e-05,0.0027453687506936546
FG,0.0006563031721327213,0.8432024925363657,0.000553396470601834,3.113512246752506e-05,0.002725396553330339
JOE,-0.0008145099912339998,0.7309947470402071,-0.0005954025250038189,3.113418515899869e-05,0.002725314506521953
CNMD,-0.0005442009619638751,0.965384659618923,-0.000525363260429786,3.1042324290722685e-05,0.002717273513779866
C,0.0010648891181073083,1.2892481681446364,0.0013729063447970047,3.0974751622165364e-05,0.002711358575813023
LLY,0.0008958458052964964,0.6910096386978762,0.00061903808624694,3.0322338882796718e-05,0.002654249970151404
TMP,-0.001487520481559757,0.9498336251465531,-0.0014128969714796503,3.021633599286151e-05,0.0026449710629888
HLIO,-0.000494930429353035,1.4531196941112763,-0.0007191931541078448,3.019329197240561e-05,0.0026429539167902943
FHN,0.0018194399252706307,1.2223318754733363,0.002223959416167117,2.9997591983543783e-05,0.002625823421296431
OMF,0.0010652577143397668,1.5319478866364309,0.0016319193042059607,2.96507850065787e-05,0.0025954658551530056
ONTO,-0.00033578423661286894,2.315992970234255,-0.0007776739315108803,2.9536893637167855e-05,0.002585496434092589
USB,0.0021739036633869474,1.057106946386025,0.002298048663340369,2.9505572485799244e-05,0.0025827547535973417
FA,-0.00037019342672192017,1.2168749727415855,-0.00045047911605135076,2.9379993180552714e-05,0.0025717622352269547
TLN,-0.0010881889422617106,1.554951136137062,-0.0016920806321016348,2.9242194819255135e-05,0.0025597001282181672
ROCK,-0.0006176625780263881,1.2513706406718124,-0.0007729248159838845,2.9004141706004944e-05,0.0025388622742788312
KRC,-0.0012108418200337703,0.9125678023838618,-0.0011049752587426933,2.897379283404653e-05,0.002536205701749875
ATO,0.0009670428172493008,0.17008638107190424,0.00016448081312751242,2.8870214955683048e-05,0.002527139066698494
HTB,-0.0012476024892385828,0.7362989912461684,-0.0009186084543025771,2.8840451263915777e-05,0.002524533717609486
ZBRA,-0.0016163385561053945,1.7642401267523011,-0.0028516093390980124,2.8834341345935108e-05,0.0025239988891557676
ESI,0.0014130504831068483,1.5319152409104533,0.0021646735712472598,2.8792166808827322e-05,0.002520307163253878
VSAT,-0.00038537737083729317,1.8798613524040109,-0.000724456025528096,2.8625178537154358e-05,0.0025056899328081404
CVCO,-0.0006206305936227037,0.8995066285719034,-0.0005582613328581372,2.8407133030349978e-05,0.002486603434165533
HAL,-0.0012099909700541798,1.2823905355774867,-0.0015516809681317024,2.839411311185495e-05,0.002485463742454733
VNO,-0.0010742378019763042,1.2428706106527123,-0.0013351385929285167,2.831784873406909e-05,0.0024787879802965376
PSMT,-0.0010300629146066467,0.4402208239014986,-0.000453455144938517,2.8205589653942517e-05,0.0024689614408192604
ESAB,-0.0006012360726271543,1.1139060636921394,-0.0006697205070098347,2.8073224059203056e-05,0.0024573748881709222
ICLR,-0.0003268846647941566,1.0401944410287158,-0.0003400236111764169,2.800140425977886e-05,0.002451088179839656
GM,0.0008860567237929362,0.9386551070352641,0.000831701668911174,2.776021255009425e-05,0.002429975590513826
AJG,0.0006643222851462328,0.3334900534436239,0.00022154487437720752,2.7538969881928957e-05,0.0024106092300347167
ADAM,-0.0010274045804091031,0.8589180047434136,-0.000882456292269231,2.7533692425913128e-05,0.00241014727070082
BOH,0.0014115396591336772,0.8568292934311555,0.0012094485287855628,2.74977534948876e-05,0.00240700137529445
LUV,0.00047283558346180346,1.3968113532596922,0.0006604621112046178,2.7360345928319676e-05,0.0023949734762965793
FSS,-0.0009046572908590172,1.0332338090500788,-0.0009347224985191873,2.7247090552332504e-05,0.0023850597265856694
AIZ,0.0005330160935039194,0.6887095919078516,0.00036709329623740166,2.724231411886962e-05,0.0023846416239971685
DLR,-0.000914411581992485,0.7970074584202768,-0.0007287928509138949,2.7210539233375896e-05,0.0023818602261241593
NXPI,-0.0009252260036683814,1.873917030494022,-0.0017337967653301043,2.7168226578784948e-05,0.0023781564101810967
AZO,0.0007264248790199718,0.14135416864091557,0.00010268318485394578,2.711691007017199e-05,0.0023736644466165217
ENTG,-0.0005688400471348711,2.429293076060087,-0.001381879187890436,2.6913104679299447e-05,0.0023558244490249425
ARMK,0.002468420161902009,0.8882875235495372,0.0021926668326956835,2.677265966789948e-05,0.0023435306688928377
LH,-0.0007193578243354105,0.6238916751649098,-0.0004488013580676042,2.6730827237951584e-05,0.0023398688891610783
PRAA,-0.0008671840247023799,1.6202993552063438,-0.0014050977160705083,2.6693474880448502e-05,0.0023365992702121295
VZ,0.0004622973986702964,0.07711684856369841,3.565091848464896e-05,2.663989121691681e-05,0.002331908852435344
PODD,0.0006821126470751526,0.8334610904818623,0.0005685143506627264,2.6593001387041985e-05,0.0023278043758635752
DG,0.0007735407302861825,-0.055618357089930036,-4.302306456066216e-05,2.6483700414887842e-05,0.002318236772810295
NFE,-0.00016182787753427042,2.285004051675582,-0.0003697773558398678,2.639206709581155e-05,0.002310215698467606
APLS,0.000420637377279542,0.8606098418066332,0.00036200466671850373,2.6215817937559977e-05,0.002294787821190835
ICUI,-0.00032001286012666114,1.0086802504313135,-0.00032279065189380146,2.6176457827342086e-05,0.0022913424546650266
ODFL,-0.0007602800139797855,1.2277798927486863,-0.0009334565140230708,2.6146370280027384e-05,0.0022887087570511765
CROX,-0.0008503584730852583,1.2202572028289176,-0.0010376560517688868,2.6121966740167966e-05,0.002286572606037437
EE,-0.0009377159484099073,0.5877014346723058,-0.0005510970081956045,2.6020228660012896e-05,0.002277667016753621
ORI,0.0004922086044123925,0.455412544245972,0.00022415797283520682,2.584074542585928e-05,0.002261956046345425
TWST,-0.0002650704205061931,1.773313386416357,-0.000470052925026645,2.565987483135662e-05,0.0022461236340794864
FBNC,-0.0009009051797263061,0.907747812670387,-0.0008177947063199762,2.5647027746083483e-05,0.0022449990712337716
NLY,-0.0019461037895211373,0.7159427358407001,-0.0013932988712997171,2.553630404605353e-05,0.002235306930444913
AMPL,-0.0005295311683759507,1.5163355925488213,-0.0008029469579724169,2.5521439605944557e-05,0.0022340057795057306
HD,-0.0014770676240202366,0.6508016375911486,-0.000961278028545237,2.5325388425756307e-05,0.0022168445426640026
PTN,0.00037911745946815395,-0.1139073993359845,-4.318428385088293e-05,2.5311981281342968e-05,0.0022156709553363078
OGE,0.0007864914287298799,0.28309787642455253,0.0002226540532995413,2.5235016032088442e-05,0.0022089338427630943
CSTM,-0.0005864223061246985,1.5656755927822674,-0.0009181470917625316,2.4900589785519344e-05,0.0021796600173367357
DTE,0.0007648171627478893,0.274487245289419,0.00020993255615273736,2.4810907400430353e-05,0.0021718097169735073
RTX,0.00090663771753565,0.5773347551403981,0.0005234334646544939,2.4796246050773775e-05,0.002170526343450153
KN,-0.0009159083754198837,1.4949028243718308,-0.0013691940172809991,2.4768736429736745e-05,0.002168118303255805
VC,-0.0010146052907327324,1.0645241983370275,-0.0010800718837457686,2.4727902011880616e-05,0.0021645438839870703
PJT,-0.0015444098024032969,1.0413677948163422,-0.0016082986302214642,2.4642251443839476e-05,0.0021570465066064744
TPR,0.0008721492565253051,1.376092972941728,0.0012001584632608249,2.4639470829848507e-05,0.0021568031070246987
CASY,-0.0014951131265452983,0.5086160816310703,-0.0007604385800186481,2.4416056338090556e-05,0.002137246637110817
CNX,0.0012460930784139069,0.45725591563559465,0.0005697834315373278,2.424265846333356e-05,0.0021220683454336144
IIPR,-0.00035877989737690856,0.791862844724747,-0.0002841044701669316,2.4102475132690882e-05,0.0021097974713888304
AIV,0.0015670316517440031,0.5675895609573034,0.0008894308072195767,2.4088548974696008e-05,0.0021085784524805234
URI,-0.00039314800524042513,1.3539609881579784,-0.0005323070616676641,2.406772968653436e-05,0.002106756047052129
LUMN,-0.0004667681631055255,1.9943093598617467,-0.0009308801165668239,2.4048221535241897e-05,0.002105048411299298
T,0.00036342848299776467,0.1184367992327821,4.3043306276280814e-05,2.395105151242955e-05,0.0020965426845100093
UBSI,-0.0013353918496604327,0.8500781366092768,-0.001135187415202556,2.35481486373049e-05,0.0020612747934542755
BJ,0.0010897417232866276,-0.019360586383183647,-2.1098038769050165e-05,2.3461482631019535e-05,0.0020536885302215742
MDB,-0.0013555023995398664,1.6957010301709103,-0.0022985268152988926,2.3437314396023226e-05,0.0020515729764951445
DDOG,-0.0007446644875847461,1.296834327212712,-0.0009657064697561632,2.3403028394893647e-05,0.00204857176943699
GOGO,-0.0003494166109734638,1.5207562890735755,-0.00053137750864467,2.2873634312120274e-05,0.0020022315371141875
CDP,-0.0010822811740389805,0.4382454431672602,-0.0004743047927482957,2.2857404893794065e-05,0.0020008109035253865
FBRX,-0.00034326527651369414,0.915827177153934,-0.00031437166920450114,2.2780521725663985e-05,0.001994080975880188
PTGX,0.00038338247621178245,-0.12410287223764822,-4.7578866463464045e-05,2.263273028012692e-05,0.0019811441295036064
FTAI,0.00045699556833440756,1.9681108157130929,0.0008994179207718994,2.2604676051868498e-05,0.001978688417402856
PCG,0.0010713489226957115,0.5401415006764142,0.0005786800148529212,2.2557542035331483e-05,0.001974562566080171
CR,-0.0010965020574549777,1.2058285498093344,-0.0013221934858038873,2.246572913286143e-05,0.0019665257719996554
EHC,0.0005411168326662164,0.48739873938445655,0.00026373966210122376,2.2431929914294675e-05,0.001963567175196859
LCID,-0.00015240665204252856,1.365373167046067,-0.00020809195317819516,2.2423812176181257e-05,0.001962856593264887
CRBG,0.0006296895484038218,1.4486150488125742,0.0009121777558977702,2.2416272204392283e-05,0.0019621965858039464
ZETA,0.0004943267457745072,2.1167111546491233,0.0010463469368223006,2.2061657939112976e-05,0.001931155612788277
RXO,-0.00033506830866816297,2.165638858633763,-0.0007256369495484659,2.195758429104304e-05,0.0019220455807966521
JNJ,0.0010520091443811488,0.07063955490877978,7.43134577190506e-05,2.1811689868189963e-05,0.0019092747893019785
CMCO,-0.00016513178506930202,1.6765228463386,-0.00027684721032536014,2.1640085153733345e-05,0.001894253460967615
GKOS,-0.001117750528336853,1.468638509404838,-0.0016415714698231059,2.160523717235247e-05,0.0018912030612640322
NDSN,-0.000903751193502549,1.0971248347674087,-0.0009915278788423325,2.1478068292903237e-05,0.001880071400352683
MAA,0.0006815635715920406,0.45327531974812285,0.00030893594584205483,2.1373638624156385e-05,0.00187093020427854
FLR,-0.0006575942515149121,1.5581710076382318,-0.0010246442975000995,2.1022201255382723e-05,0.001840167319225936
SLM,0.0006805511179881234,1.1618420639333429,0.0007906929155354653,2.0977257046890042e-05,0.0018362331515975325
NHC,0.0009689501976072965,0.5067562487024845,0.0004910215673190046,2.0922377474951748e-05,0.0018314292971606382
MNST,0.0004889870632467866,0.3122172966851404,0.00015267021900091749,2.091258908157614e-05,0.001830572475299849
FBK,-0.0007111492148379915,1.0518310663551529,-0.0007480088369806743,2.0825540121685372e-05,0.0018229526904249142
AVT,-0.0008141445241160661,1.1598744406094659,-0.000944305424484382,2.0735242505222426e-05,0.0018150485361072704
HWKN,-0.000381886557590595,0.848944064715114,-0.0003242003264610222,2.0681911210396956e-05,0.0018103802092923177
PECO,0.0017980548163878413,0.4335812867036035,0.0007796029208530518,2.0650542771249868e-05,0.0018076343894862772
NRG,0.0007520503418405119,1.7020353802572867,0.0012800162895471381,2.0470122201087007e-05,0.001791841369863996
MOH,0.0006138725810554525,0.14336113488612243,8.800546989558285e-05,2.044725852039199e-05,0.0017898400096115145
PAYC,0.0018094106085229124,1.0558539401590477,0.001910473320374497,2.0429060640600702e-05,0.0017882470677847136
AEP,0.0005183753703993218,0.08574318661730013,4.4447156121961126e-05,2.0409546786430932e-05,0.0017865389328335197
MTG,0.0007492602483690015,0.7151982452238663,0.0005358696148495081,2.0395990990657706e-05,0.001785352333387298
JAZZ,0.0005763793962343134,0.7981154656460588,0.00046001731021434326,2.0373736608869667e-05,0.0017834043077938585
LSTR,-0.0005110076179028497,0.8341801290934718,-0.0004262724006699467,2.0319690181307088e-05,0.0017786733822112626
FMC,-0.0007900596959726639,1.1417734237281396,-0.0009020691640203215,2.0314465391955197e-05,0.0017782160330260658
MO,0.0007868556845776751,-0.021113974838470627,-1.6613651125680613e-05,2.0292641020681656e-05,0.001776305648176623
DDS,-0.00043009383054448187,1.1294322293222898,-0.0004857618338496173,2.0270747398788523e-05,0.0017743892015106527
EAT,0.0007118452914109813,1.1234322604941895,0.0007997099648519838,2.0179159922328626e-05,0.0017663721399772548
PH,-0.0014830522406039832,1.3412376183811454,-0.001989125455122508,2.0163791130279566e-05,0.0017650268408565257
DTM,0.0004818335709792781,0.6567767113187177,0.00031645706815072424,2.0135273969520115e-05,0.00176253060620302
YETI,-0.00044628501307289735,1.4569953258362722,-0.0006502351780379911,2.009144548435328e-05,0.001758694102828544
SIRI,-0.001178642861463761,1.0042143445585154,-0.0011836100685934038,2.0042181568639015e-05,0.0017543818119027173
JCI,0.0005950204399108599,1.124177307291156,0.0006689084759221896,1.9972453282858833e-05,0.0017482781831171504
EG,0.0003929209593822206,0.48454842644147433,0.00019038923258452945,1.9863713463341455e-05,0.0017387597002644962
WM,0.0006314672892105933,0.20363122165353406,0.00012858645553619864,1.9635179662918925e-05,0.001718755114361849
PVH,-0.00038371961306702984,1.4456329072115002,-0.0005547176997921623,1.958440946545543e-05,0.0017143109718561228
AXP,0.0016097695353261597,1.3596482776225902,0.0021887203760755304,1.9300277056802096e-05,0.0016894395910532713
PBH,-0.0006402892388012563,0.5256650633761559,-0.000336577683293533,1.919954568762035e-05,0.0016806221236844976
PEG,0.0015218462622612076,0.47484225931260726,0.0007226369174985585,1.9199438751913202e-05,0.0016806127631236712
CECO,-0.00042172657830529735,1.0685918781556383,-0.00045065359637940855,1.917329522791791e-05,0.0016783243035146558
Z,-0.00040304448602960905,1.1485121690622382,-0.00046290149687844127,1.9113343240919795e-05,0.001673076437896
BAP,0.000985356010474996,0.609841725940106,0.0006009112100935287,1.897212907263281e-05,0.001660715330020732
HBAN,0.0012019918093515627,1.1758792545413523,0.0014133972327451268,1.894999863169346e-05,0.0016587781535242303
WEN,0.0009023842751511239,0.5675466159612703,0.0005121451416586842,1.8934083538980585e-05,0.0016573850342625077
SCI,0.0008063187096288417,0.30502699361528074,0.0002459489718938381,1.8734222035520433e-05,0.001639890262779214
PBF,-0.00034457398660568033,1.302665105929322,-0.00044886450876217734,1.86676257035102e-05,0.0016340607879180037
ES,0.0007304910119361184,0.4149868838795028,0.00030314418874535445,1.8658385309423643e-05,0.0016332519348864739
SLAB,-0.0004743531030671295,1.898452222953511,-0.0009005367029826879,1.8632113864611893e-05,0.001630952277796137
CRSP,-0.00017764619073834943,1.345687295369505,-0.00023905622194738465,1.8533922119311593e-05,0.001622357115066777
MSA,-0.001395777804576615,0.8140261536205645,-0.0011361996375684577,1.8259316704219683e-05,0.0015983196746296002
ISRG,0.00044122775836583024,1.2094551109937635,0.0005336451674678747,1.8201553764520127e-05,0.001593263426113745
INTC,-0.00035095532780621557,1.5654742226983984,-0.000549411518999297,1.8143746979010448e-05,0.001588203339577984
DLTR,0.0005028638450042394,0.6904773199131093,0.0003472160799797285,1.8035451797314505e-05,0.0015787237778629385
TXRH,-0.0019088883893184536,0.7458337429768009,-0.0014237133723303391,1.8019696385006695e-05,0.0015773446361414057
GTX,-0.0005393898979124811,0.9664041822558941,-0.0005212686532092014,1.7965369221308897e-05,0.0015725891364690137
OHI,0.0007907516676857395,0.13206735920478832,0.00010443248453803797,1.7943896047303373e-05,0.0015707094934875301
TFIN,-0.0005428185999181827,1.312697239029177,-0.0007125564774062818,1.7897024381526615e-05,0.0015666066069005232
CYD,0.00020901627042322702,0.5935985578154072,0.0001240717566831827,1.7861751171188833e-05,0.00156351898500407
KR,0.0004892735959273542,-0.2336466648219846,-0.00011431714387388565,1.784514914754307e-05,0.001562065735604789
CPNG,0.0008750049941090497,1.020596621034169,0.0008930271403757191,1.7707814579967777e-05,0.001550044226535306
PNR,-0.0010625242477472366,1.131493016288472,-0.0012022387659631605,1.769405175603411e-05,0.0015488395049880555
NTAP,-0.0014821882012384388,1.3099329992629118,-0.0019415672359203685,1.76832012137579e-05,0.0015478897084824467
PTON,-0.0005765064450132969,2.1059123967551776,-0.001214072069362759,1.7640409442030164e-05,0.0015441439532730588
ACIW,0.0005306826825210591,1.06132252323021,0.0005632254836478269,1.7637814964510065e-05,0.0015439168470492645
OSK,-0.0003062942837078684,1.3430923324396569,-0.0004113815039181349,1.761830388739572e-05,0.0015422089551861552
BSY,-0.0007552856107343554,0.8204551485999301,-0.0006196779679904445,1.753720196183682e-05,0.0015351097408304955
AMBA,-0.0004902042551505221,2.261367548377854,-0.0011085319946741283,1.7519621733248936e-05,0.0015335708647766064
GSIT,0.00031714252000846773,1.9309951313864773,0.0006124006620919897,1.7467083360189754e-05,0.0015289719459510122
MANH,-0.0006434051975864463,1.337335008093493,-0.0008604482951216656,1.741044894469462e-05,0.001524014482207251
SNDX,0.0004717407634884607,1.067073836244696,0.0005033822262086337,1.7322846593368676e-05,0.001516346256504385
EXC,0.0004371665378230234,0.0029444740969415666,1.287225546669518e-06,1.729344221729909e-05,0.0015137723599258036
FAF,0.0007601909519782048,0.7032138139243186,0.0005345767786513519,1.720050514490102e-05,0.0015056371622224863
ASIX,-0.0011433444644873966,1.2060927320275217,-0.0013789794488221479,1.7192730995279255e-05,0.0015049566561282407
ARW,-0.000874439129075961,1.0643997387048274,-0.0009307527805017297,1.6940044706904232e-05,0.0014828378949083537
JPM,0.0007641068201043779,0.9970727207400801,0.000761870066057523,1.6839599269287726e-05,0.0014740454564086075
CMP,-0.00040999334093647734,0.7224362671404547,-0.00029619405877859246,1.6719980100241228e-05,0.0014635746554226275
AIT,-0.0006641280445209489,1.2821284217489772,-0.0008514974415608788,1.6643638379209795e-05,0.0014568921230641507
CAT,-0.0011972014041853106,1.2071013041311545,-0.0014451433762997378,1.653219342347571e-05,0.0014471368475369537
ALGM,-0.0003655993146109089,2.0042957264824057,-0.0007327691438795413,1.6492442486556724e-05,0.001443657270201626
MTD,-0.0006014080393404445,1.1889152242767278,-0.0007150231739742717,1.6464518316838746e-05,0.0014412129427067409
SF,0.0006239461360803444,1.4569650664976193,0.0009090677236452316,1.6390028984992487e-05,0.0014346925582603516
VTR,0.00041516802155420443,0.23635387474220865,9.812657056339302e-05,1.6307954891688258e-05,0.0014275082457129264
ABCB,-0.0012337967350162025,1.0589137816604448,-0.0013064843664763169,1.6304361591914954e-05,0.001427193708109053
MGEE,0.0007475603989614215,0.28374042665905225,0.00021211310655472505,1.624434538324279e-05,0.0014219402208799701
EFX,0.0011539728216114447,1.047684568580532,0.0012089995177636459,1.624297091985673e-05,0.0014218199079510919
NUE,0.001004627452965905,1.217443145522749,0.0012230768064173188,1.6183151569183674e-05,0.0014165836525833204
FICO,0.0010349392190135622,1.0094620410512494,0.0010447318563894165,1.61730266011219e-05,0.0014156973688345758
BRZE,0.0003514252669736047,1.414267580374463,0.0004970093620052096,1.6117721277510085e-05,0.0014108562464490873
GEN,0.0010200905275554429,0.9149381987390017,0.0009333197898322949,1.610255329114812e-05,0.0014095285247484588
BOOT,-0.00034483198714520497,1.571228234101842,-0.0005418097542239894,1.6079627918249758e-05,0.0014075217643014371
ETN,-0.0005647832342695132,1.3697611702529364,-0.0007736181439122467,1.5963611487903945e-05,0.0013973663271508697
ITT,0.0021884593284107,1.2375676957745185,0.0027083665683574802,1.5898745221563945e-05,0.0013916882926772673
CRK,0.000226668143799632,1.0810031459508294,0.00024502897653423715,1.5769263126944554e-05,0.0013803541456938481
PAYO,0.000557501549245668,1.5708867855414383,0.0008757718166288993,1.5760386874227856e-05,0.0013795771675854174
GCO,-0.0001773044779736895,1.964491332764563,-0.0003483131102396584,1.576008183923048e-05,0.0013795504665075153
LOW,-0.0006898308603983967,0.6834331404631505,-0.0004714532713104734,1.5721051026359195e-05,0.0013761339248515758
DY,0.0004904311664231556,1.0472435913657727,0.0005136008960426904,1.5354280937053456e-05,0.0013440288981794908
HRB,0.0012573210142565686,0.20163118467463956,0.0002535151256208713,1.5353502332463352e-05,0.0013439607434366121
AGCO,-0.0007234184728895407,1.1585970453561236,-0.0008381505052458608,1.5337667672577205e-05,0.001342574664820031
PPC,0.0004177770974327776,-0.014320414095874557,-5.982741035009906e-06,1.5315014513372175e-05,0.0013405917324553413
MORN,0.0008092824521332793,0.8763402507834411,0.0007092067870571162,1.5294296311243702e-05,0.0013387781755396417
DRS,-0.0003609362946875677,0.9139532361490508,-0.00032987889457334994,1.529424213027015e-05,0.0013387734328366464
RSG,0.0005066458341337031,0.2659663513590449,0.00013475074393580087,1.526502834490153e-05,0.0013362162195147329
WSBC,-0.0012445623021298414,0.8817771295916552,-0.0010974265743700338,1.5254008671231691e-05,0.0013352516181816265
BBIO,0.0004714796338344113,1.0481446223627215,0.0004941788427570833,1.5247772700769273e-05,0.0013347057557902815
CSIQ,0.00015705194031689622,2.145642470225326,0.00033697731317522563,1.5160198422582956e-05,0.0013270399874549129
RPM,-0.00046337916384325633,0.9055593807838414,-0.0004196173486780334,1.514344409479896e-05,0.001325573406193076
BX,-0.0006431569881472088,1.5724594609992233,-0.0010113382909198439,1.5110079912827394e-05,0.0013226528900896035
RMD,-0.0015187957457098954,0.6431344778525728,-0.0009767899088818424,1.5006712073515471e-05,0.0013136046406960204
QGEN,-0.0008507970874610074,0.44651595949867134,-0.0003798944778463267,1.4938095694078846e-05,0.0013075983420468458
RF,0.0016132126379879536,1.1139404431157678,0.0017970228008002578,1.4807288830028302e-05,0.0012961482320687288
BEN,-0.0004973921676778028,1.1005022578970614,-0.0005473812035897357,1.4782627806281915e-05,0.001293989542338502
BLKB,0.000834881536181912,0.5584064812127445,0.0004662032608488321,1.475621621017673e-05,0.0012916776171784804
BLDR,-0.00016654624577366772,1.1881696320045387,-0.00019788519155263624,1.4654529336277145e-05,0.0012827765102072799
PAGS,0.0013487412242116977,1.1600271056250278,0.0015645763785594523,1.4641958256665603e-05,0.001281676107371843
JJSF,-0.00031326675838243967,0.10887652537633546,-3.4107396168588044e-05,1.4572927403216153e-05,0.001275633527958166
EBS,-0.00027343548572984956,1.6644402700883816,-0.0004551170337199386,1.4563613154082162e-05,0.0012748182100639418
GOLF,-0.00047540808571146904,0.9797761984365974,-0.0004657935269244032,1.4553152005883518e-05,0.0012739024989639066
RSI,-0.0007222003725332012,1.306509715061072,-0.0009435618029353529,1.4519630027054452e-05,0.001270968170195589
WWD,0.0006650512342449287,1.193889337153878,0.0007939975772260463,1.4494488849663827e-05,0.0012687674504689027
DEA,-0.0004942757378431144,0.649415517762028,-0.00032099033420859456,1.4466347032446101e-05,0.0012663040713147132
WLDN,-0.00026519548414800486,1.1153077268973597,-0.00029577457260855606,1.4426786665522261e-05,0.0012628411754235802
ELF,-0.00030957440324323336,1.6967580499952444,-0.0005252728607754301,1.4344321274308308e-05,0.0012556226108196358
AR,0.00023842641408465006,1.0816882194865034,0.0002579030433297769,1.4247427071867744e-05,0.001247141027821379
ADBE,0.000560682950264736,0.8718303338109737,0.0004888204036914264,1.3932504648391051e-05,0.0012195744592811385
TEX,-0.00027568881829799046,1.695588653228591,-0.00046745483212807143,1.3882987614805953e-05,0.0012152400118157485
STNE,0.0005648443865883167,1.0148194430394837,0.0005732150658015343,1.3832867704696417e-05,0.0012108527918711913
INVH,0.0006464271147039301,0.3974338744435833,0.0002569120327421696,1.3801389276155885e-05,0.0012080973442015024
FR,0.0014243564785806652,0.8106685946616633,0.0011546810647882235,1.378852440241105e-05,0.001206971224251283
MU,0.0007394656152106394,2.265808082156588,0.0016754871674211603,1.3704079873332096e-05,0.0011995794168562926
THG,0.0002060824732083273,0.4343283706086107,8.950746479956546e-05,1.3587186690890883e-05,0.0011893472336726423
CYRX,-0.0001040302050259487,1.6692677785754373,-0.00017365426924841268,1.3555371115134264e-05,0.001186562273998893
MDT,0.00044856556557276435,0.4459176502200916,0.0002000233029698535,1.335711882465668e-05,0.0011692083641268178
ENSG,0.00046332051818071186,0.49709217446495213,0.00023031300385667843,1.3311403530136672e-05,0.00116520669988897
ADI,0.0006748537070127992,1.630367511399776,0.001100259558861371,1.3251487057637823e-05,0.0011599619430133095
PNFP,0.0013045097772558455,1.2759337611216146,0.0016644680665139707,1.3231756314348716e-05,0.0011582348227872413
FUL,-0.0004511813707298853,1.0384755426710193,-0.000468540818811772,1.3227178962249314e-05,0.0011578341466810817
MIDD,-0.00030298611317487674,1.3086789233860174,-0.0003965115403906117,1.3226315921830542e-05,0.0011577586008923936
SPNT,0.000172070613351134,0.6011935354959904,0.00010344774039553183,1.3222562926048243e-05,0.0011574300843824488
CARR,-0.0006458250125058611,1.1081183003711406,-0.0007156505151951654,1.3172061831452544e-05,0.0011530094976545794
SJM,0.0007770875311303989,0.22346855717022077,0.00017365462937667925,1.307829398834063e-05,0.0011448015788742057
LAD,0.00132515416080248,1.1350588804107276,0.0015041279981320803,1.3027454446268337e-05,0.001140351366324657
KMI,0.0002973865021693277,0.531657954468066,0.0001581078994297578,1.3006191394951781e-05,0.0011384901163221277
DAKT,-0.0002921132712672672,1.2406278514295146,-0.00036240386010635665,1.2992724799593845e-05,0.0011373113249872968
ROIV,0.0007861111571991409,0.7650335610375071,0.0006014014179633743,1.2937649654586718e-05,0.0011324903511647866
SONO,-0.00027337357636720926,1.645107878951328,-0.0004497290243787985,1.2890309118988624e-05,0.0011283464223048173
TXT,0.001551404752868218,1.02604488018208,0.0015918109037705802,1.2777408690717265e-05,0.00111846374275534
VRRM,-0.0003213306210982943,0.6324539303292357,-0.00020322681424875065,1.2660766525777014e-05,0.0011082535322564822
HP,-0.00032520416206240153,1.5726221361811312,-0.0005114232640375687,1.264898186522615e-05,0.0011072219681994917
GD,0.0012469888126814116,0.5823656985513471,0.0007262035109829253,1.2584793813069702e-05,0.0011016033008473835
CNOB,-0.000560978062775452,0.9631846284823292,-0.0005403254469811105,1.2552247307354557e-05,0.0010987543596045308
EXPE,0.0005445734275314987,1.5501440815060405,0.0008441672756334114,1.2473448206963052e-05,0.001091856721837519
TRGP,0.0002413114913228633,1.0340506879449265,0.00024952831361142296,1.2393537082988833e-05,0.001084861743671647
MTZ,0.0009710025939179988,1.5989853677248316,0.0015526189396977365,1.237771983780547e-05,0.001083477189441906
SKY,-0.00039506685901834513,0.8795427107489516,-0.0003474781761080692,1.2354259222356031e-05,0.0010814235768199674
LVS,0.00019619453860289922,1.0858455061919483,0.00021303695808136085,1.2314626401823472e-05,0.0010779543387403401
ROP,0.0005716863973750415,0.5986190355966858,0.00034222235986039104,1.2246967204608635e-05,0.0010720318265330171
ADTN,0.0006101041177758699,1.757362877078077,0.0010721743277317846,1.2221833336986597e-05,0.0010698317466630758
HEI,0.0005220756660872146,0.6964213143325522,0.0003635846215575006,1.2205039914228848e-05,0.0010683617432432938
AIG,0.0002188684389131733,0.5529590996451219,0.00012102529492216167,1.215000390091281e-05,0.0010635441947927612
CCEP,0.00034961764817008085,0.1793075634304496,6.268908862566138e-05,1.2136524654374872e-05,0.0010623642960435494
ORCL,-0.00022780418060408037,1.4115618578750004,-0.00032155969240518783,1.210702148118361e-05,0.0010597817513109363
CXW,0.0004299152018454292,0.5883266299140775,0.00025293056185055177,1.2024735325418053e-05,0.0010525788759876045
VRDN,-0.0003199260524333939,0.9440046626838416,-0.00030201168521115906,1.1999864237571857e-05,0.0010504017984069942
WTTR,-0.00029040797114406335,1.3136626828434022,-0.00038149811449221955,1.1996578945388925e-05,0.0010501142220853857
PANW,-0.0014513633277015083,1.16333993865531,-0.0016884289246148394,1.191025618766163e-05,0.0010425580049345032
CWST,0.0011654618198153706,0.46283504949265913,0.0005394165790560516,1.1890969390260888e-05,0.0010408697452780463
LPX,-0.00014801196210128295,1.034550325057549,-0.0001531258235042879,1.1866201653744004e-05,0.0010387017145016358
UMH,0.0006703962665490948,0.4160062788419062,0.00027888905619659565,1.1856924587532637e-05,0.0010378896513949674
EMR,-0.0004040697589091597,1.3029583486206227,-0.0005264860657958119,1.182797122026411e-05,0.0010353552336343416
CMS,0.0004130330233493275,0.11254386191718095,4.648433154706249e-05,1.177527804418596e-05,0.0010307427642079821
G,0.00025509127053004887,0.6279090960830988,0.00016017412909721218,1.1723803525059784e-05,0.0010262369692763211
BURL,-0.0011607177793783133,1.1425122821196225,-0.0013261343190143374,1.1713812912710365e-05,0.0010253624462841227
COUR,0.00030749350843788104,1.0155836379543262,0.0003122853759466825,1.1652428293611307e-05,0.0010199891759687559
H,-0.00037942094993066207,1.289937723942367,-0.0004894293965696091,1.1632926461768747e-05,0.0010182820933856448
AMGN,0.0006772787371230885,0.4501262205506615,0.00030486091820054083,1.1511159697881218e-05,0.0010076233038159104
PCVX,-0.00028274275088938344,0.8346984061587017,-0.0002360049235202952,1.1480688040257552e-05,0.0010049559833083894
TILE,-0.0006738759428397962,0.9905165773619407,-0.0006674852924682257,1.144346042572315e-05,0.00100169728366953
MUSA,0.0005078443186430755,0.19212762180682244,9.757092118900023e-05,1.1424392802937305e-05,0.0010000282093475983
QCOM,0.00048321408247336997,1.5200521675169676,0.0007345106134383687,1.1419604461738702e-05,0.0009996090644217206
BCPC,-0.0008676790640787526,0.558025227143742,-0.00048418680682041544,1.137848769774245e-05,0.0009960099301322583
IDXX,-0.00021089828140109752,0.9953508813565107,-0.00020991779026915584,1.133324055295137e-05,0.0009920492451344627
WING,-0.0002826226332673043,0.9945573346436343,-0.0002810844128522955,1.1201436373732176e-05,0.0009805118356981195
MEDP,-0.00010884389349597633,1.058308045745531,-0.00011519036821706142,1.1063173201670141e-05,0.0009684090417237767
WTS,-0.0008623493745296757,0.9642726504578779,-0.0008315399169984237,1.1062637522407398e-05,0.0009683621513215344
RGTI,-4.141349427115383e-05,2.5150882856567547,-0.00010415859430949212,1.1062394962430566e-05,0.0009683409189616641
SGRY,0.0003591335209645982,0.7077652941111715,0.00025418224209068944,1.1033327658423144e-05,0.000965796527808584
GABC,-0.0013136951415344852,0.6309269560698322,-0.0008288456768520802,1.1028535067459905e-05,0.0009653770108817963
CNR,-0.0002943713479767844,0.5962067298298659,-0.00017550617873284815,1.10213319550139e-05,0.0009647464902260943
VIRT,0.0006327279522537479,0.8175380148053347,0.0005172791539973737,1.0973951809340872e-05,0.0009605990941190691
MP,-8.194013692248625e-05,1.05025088355409,-8.60577012013843e-05,1.0946751077589249e-05,0.0009582180923856969
HPE,0.00035146840164909654,1.661164494844337,0.0005838468298791679,1.0903772261189063e-05,0.0009544559643193801
MLKN,-0.0002862449366168275,1.188246991127305,-0.0003401296846603714,1.081686301025658e-05,0.0009468484087945555
SUPN,-0.00031578054767677523,0.43396966338698795,-0.00013703917797944885,1.0788112109552111e-05,0.0009443317138380211
SBGI,0.0006172821046172926,0.947715301693879,0.0005850076960076101,1.0773485471447984e-05,0.000943051378772136
EXP,-0.0002938978422917648,1.1028363595118569,-0.00032412122646143974,1.0743522034843728e-05,0.0009404285451239837
EIX,0.0006473406142668011,0.6275033027199364,0.00040620837343717005,1.0726572643942637e-05,0.0009389448891148877
APPF,-0.00046466502803457267,0.8385033422580805,-0.0003896231790374339,1.0687367638000092e-05,0.0009355130995601635
MET,0.00026779335577779584,1.1366494776781924,0.000304387177970522,1.0667625422976093e-05,0.000933784975161821
OC,-0.00021991601935111016,1.2792615700029986,-0.000281330112183911,1.052119156758743e-05,0.0009209669647241425
RGP,0.0002998450777331781,1.2377263063928865,0.0003711261405527745,1.0371589221710314e-05,0.0009078716021396884
ALLY,0.0010341097681397537,1.2731757510443937,0.0013166034807136748,1.0283180501231352e-05,0.000900132791337546
HLI,-0.001606510814896577,1.0064929190957956,-0.0016169417596442212,1.0267167933958716e-05,0.0008987311396915526
CFG,0.0008956179855712587,1.298470555036618,0.00116293358282549,1.0250873287994897e-05,0.0008973047964358339
GTN,-0.0005080160498316167,1.3787331175170123,-0.0007004185521330229,1.0178594647700877e-05,0.000890977923710596
SLB,-0.00046318717752628615,1.173100862693759,-0.0005433652775447735,1.0137586723859789e-05,0.0008873883166868142
NRIM,-0.0004569686175738235,0.8185499904152895,-0.0003740516575351413,1.0112634050408843e-05,0.0008852040975532451
HLT,-0.0025236634339199588,0.9600710564110009,-0.002422896219029349,1.00976351850914e-05,0.0008838911797742109
CACC,0.00156934904704392,1.1851206545025055,0.0018598679697755737,1.005567261895974e-05,0.0008802180086401191
CELC,-5.581822157707833e-05,1.1030232871417651,-6.156879824635633e-05,1.004766423373144e-05,0.0008795169988553747
OPY,0.0007917768059797192,0.9960258753580103,0.0007886301862641193,1.0012715737011276e-05,0.000876457800594486
DELL,0.0017288119532789404,1.843132154130222,0.0031864288995330898,9.992542423020596e-06,0.0008746919401750578
ACHR,-5.503203996433279e-05,2.4058701937326115,-0.00013239994465049016,9.990545641199454e-06,0.0008745171529295999
NOV,-0.00034068796282986683,1.4409173397451636,-0.0004909031930840109,9.886564719250373e-06,0.0008654152376701458
GHC,0.0007672475762810169,0.8404488189384502,0.0006448323193187691,9.770106610068184e-06,0.0008552211383951691
EEFT,0.0006709781136187348,1.1245751348446937,0.0007545653026006269,9.754132797997371e-06,0.0008538228791653637
FCX,0.0003140129007878255,1.681769146203433,0.0005280972080548046,9.75340256577988e-06,0.0008537589586726546
FMBH,-0.0011561852738124075,0.8663138165752556,-0.0010016192772245337,9.730025417948137e-06,0.0008517126523446876
NUS,0.00038228594027241,1.0220100244815027,0.00039070006317674005,9.608014224945115e-06,0.0008410324668010143
ARWR,0.0004104287925513088,1.8121451208584616,0.000743756533881684,9.565153265467091e-06,0.0008372806552783303
FIVE,0.00033342834983965874,1.8415083567038817,0.000614011092591717,9.555702319693307e-06,0.0008364533717157091
OTIS,0.0003727646840550544,0.4491159733753048,0.00016741457391932372,9.537564701244889e-06,0.0008348657048338299
SEIC,0.0010897927985108057,1.0218694559551982,0.00111362597411813,9.500844095348482e-06,0.00083165138592917
REG,0.0006788494180289427,0.548741283438372,0.0003725127009105939,9.462966853384859e-06,0.0008283358214953063
AWI,-0.0004669363614228291,0.8972942834457059,-0.0004189793278376426,9.408108564623542e-06,0.0008235338300701036
AYI,0.0004357126435463673,1.249180852050513,0.0005442838913144325,9.291566530068214e-06,0.0008133323844317737
IMAX,0.000459560735670456,0.6686174449628597,0.00030727032488923244,9.277338892784445e-06,0.0008120869756926348
TR,0.001816026767898375,0.12350377142021357,0.00022428615483551014,9.245129486448906e-06,0.0008092675422665015
COP,0.001964503319390602,1.0209629052412672,0.002005685016321142,9.2094807190487e-06,0.0008061470461803103
LEN,-0.00012409866326806547,0.742079386130138,-9.209105985753673e-05,9.194389847801932e-06,0.0008048260747106913
ZD,-0.00033547125786760834,1.3520793594500524,-0.00045358376345153926,9.179769983940351e-06,0.0008035463326245611
NWBI,-0.0007277967770375223,0.6890685774008074,-0.0005015018897901381,9.172818098083426e-06,0.0008029378029560694
TGT,-0.00041606917289094004,1.0131424850147324,-0.0004215373557607513,9.145635188078984e-06,0.0008005583612399538
KEY,0.0012089283496786885,1.2126452004219685,0.0014660011608919128,9.113503688030147e-06,0.0007977457472996113
NBIX,0.00029312666697018096,0.8721538620827224,0.0002556515546774793,9.084318811524455e-06,0.0007951910644997942
SBSI,-0.0005190935190059487,0.6865916031757086,-0.00035640525141241445,9.075724149921138e-06,0.0007944387353212225
IRT,0.0004231949068844387,0.597179338955995,0.00025272325474279294,9.070550125382575e-06,0.0007939858298072341
GTLB,-0.0001360673580932749,1.5013063861237488,-0.00020427879364842054,9.070135321485913e-06,0.0007939495201665237
PR,-0.00030345748904323595,1.3920923081377037,-0.00042244083634387024,9.057135846035599e-06,0.0007928116179268797
KKR,-0.001210518343613975,1.8328502397957573,-0.002218698836370037,9.049684824184688e-06,0.0007921593966519372
TER,0.0005222177884501453,1.9256153145236123,0.0010055905709562517,9.04964980936596e-06,0.0007921563316482141
MGM,0.0012576412269762684,1.4455656775155712,0.0018180029923454636,8.999253872532427e-06,0.0007877449498496932
EPRT,0.000773550622325648,0.45843065650708553,0.0003546193196342114,8.99656707751251e-06,0.0007875097626621551
PRKS,0.00042171742648647233,1.4212999779707065,0.0005993869689750862,8.987134741298799e-06,0.0007866841080775774
DLB,0.0014683521316162008,0.8439896483355561,0.0012392739991955216,8.92938940646808e-06,0.0007816294005946472
PINS,-0.00013035285475043905,1.4365294358301606,-0.00018725571289349908,8.902779209467753e-06,0.0007793000910098278
BEPC,-0.0009994813381356137,0.8352630459640181,-0.0008348298268753455,8.892639856525466e-06,0.0007784125480881409
UTL,0.0004292033451142446,0.1372615960280899,5.89131361709763e-05,8.872890600921203e-06,0.0007766838073963115
TROW,-0.0004047701422204202,1.2041355446467294,-0.00048739811565931985,8.86936591982449e-06,0.0007763752762921674
OVV,-0.0011871755530160441,1.4679672477039813,-0.0017427348291024142,8.842184931396413e-06,0.0007739960027802273
TCMD,-0.00035321787948596703,0.6069158234500004,-0.0002143735201854887,8.834202915181977e-06,0.0007732973011932289
NPO,-0.00021923774171987942,1.5037823048551264,-0.0003296858365547532,8.825340831614065e-06,0.0007725215633737774
COHU,-0.0001586947254423906,1.717851244855031,-0.00027261393165313805,8.789655192945027e-06,0.0007693978397804807
CSX,-0.0006395132520455107,0.7317392051112185,-0.00046795691870987234,8.77299295647386e-06,0.0007679393196832286
SM,-0.00026005697340247244,1.7283069418125478,-0.00044945827239825425,8.765863785554885e-06,0.0007673152714601665
PRG,-0.00017787512079454735,1.1049928360984644,-0.00019655073419812383,8.73476689117899e-06,0.0007645932211827109
XMTR,0.0002697650343923164,1.6756919808661503,0.00045204310484928584,8.706260876731734e-06,0.000762097962215775
ICFI,-0.00014702403671767281,0.2812356801654645,-4.134840496696694e-05,8.691533608195821e-06,0.0007608088185180231
NTCT,-0.0009622382469517054,0.9407860080707532,-0.0009052602791626946,8.685368827771573e-06,0.0007602691877091895
PAHC,-0.00023887438215758051,1.1918957901834746,-0.0002847133704762987,8.647587449626333e-06,0.000756962014664198
CLSK,-4.2197421575585824e-05,2.2128389831594046,-9.337609945126806e-05,8.613289556593333e-06,0.0007539597666545385
COO,0.0008173307702156885,0.8460527515300159,0.0006915049470511305,8.43081325946098e-06,0.0007379868000542717
KRNT,-0.00019205044699477556,1.652698140028442,-0.00031740141653989647,8.410744912689869e-06,0.0007362301278851458
MAS,-0.0002810999657638891,1.0396774675091527,-0.00029225330052230975,8.334998928147526e-06,0.0007295997430066012
NABL,-0.00017891967305713762,1.0907623135793414,-0.0001951588365286628,8.309654378534798e-06,0.0007273812211995235
AXS,0.00012824867664131126,0.5146569539408523,6.600407326716259e-05,8.306744723422327e-06,0.0007271265260711141
NOW,0.0005812481638492553,1.3072768132194432,0.0007598522473265072,8.254267436592926e-06,0.0007225329543964835
ABEO,0.00019590457399027228,0.7503935199575529,0.0001470055228523453,8.228561460402974e-06,0.0007202827953042506
BELFB,-0.00024010163433274505,1.622389295139633,-0.0003895383212869762,8.223929302084857e-06,0.0007198773217645899
AGX,0.00041896320006962195,1.5883989802690113,0.0006654807197608293,8.208376689526805e-06,0.0007185159320123829
VMI,-0.0003190391671671798,1.109692420391074,-0.00035403534561330023,8.20534409704553e-06,0.0007182504756261187
MARA,-4.0750357516655753e-05,2.240431499702274,-9.129838460444488e-05,8.187014828063236e-06,0.0007166460327156561
ANET,-0.0009292680121209342,1.6158951949875147,-0.001501599715641817,8.142497533952828e-06,0.0007127492348129452
MNRO,-0.00035002315449537437,0.8160041323449098,-0.00028562034048462627,8.130360001549908e-06,0.0007116867823041632
IBKR,-0.0004039439550467076,1.7006496940480158,-0.0006869671635627287,8.109433665558336e-06,0.0007098550065003344
MCY,0.00020149761385531938,0.6477906377075371,0.0001305282677758844,8.030214085196772e-06,0.0007029205622405156
FIS,0.0014946053351860772,0.6709096324199764,0.0010027451160426267,7.959175060720829e-06,0.0006967021986332862
WAT,-0.0002884305389963843,1.0343102033914524,-0.0002983266494536565,7.93558418979507e-06,0.0006946371841668043
KURA,-0.0002773930753830194,0.9998972455939318,-0.00027736457202231097,7.904892749562871e-06,0.0006919506251043557
RARE,0.00022951483050372978,0.9952993860322642,0.00022843596988566143,7.868339386318194e-06,0.0006887509456971659
JBGS,-0.0001580893258978331,0.6756678150861204,-0.00010681586941782651,7.859129907471211e-06,0.0006879447988148559
BGC,0.00025291118615890126,1.0552969971557546,0.00026689641530058854,7.846989391814923e-06,0.000686882085168561
ARES,-0.0008358205397104791,1.6692631339207469,-0.0013952044135124445,7.786992588607742e-06,0.0006816302965866391
RRX,-0.0006033016246774174,1.6484733772380908,-0.0009945266667252095,7.743044268908504e-06,0.0006777833035594591
ROK,-0.0004129653940999216,1.2365283331422354,-0.0005106434104118024,7.739709672319482e-06,0.0006774914114026209
BALL,-0.0011860300279288435,0.48003418041748264,-0.0005693349524073465,7.672208079713741e-06,0.0006715826950317802
VCTR,-0.0009998339523315208,1.3545331118929314,-0.0013543081948278236,7.661259493857098e-06,0.000670624316332976
USFD,0.001166018701261598,0.8016494437674982,0.0009347382432888608,7.6503156764179e-06,0.0006696663550350824
BBY,0.00029113113306320827,1.497946624435971,0.0004360988980402523,7.569812034732647e-06,0.0006626195111433207
WMS,-0.00011464469983618837,1.1456820259889862,-0.00013134637197722348,7.560905109692301e-06,0.0006618398481491876
DVN,0.0005820940341627202,1.2966191156060634,0.0007547542517756319,7.530458060845918e-06,0.0006591746817580305
ON,-0.0002670638683368159,2.0237911819821086,-0.0005404815017660789,7.444273419855582e-06,0.0006516305545830026
CZR,-0.00020464698350849953,1.6268758136964487,-0.0003329352278159139,7.420327068451498e-06,0.0006495344233200021
NE,-0.00010477486699005399,1.5794664820872644,-0.0001654883905759416,7.399711028278278e-06,0.0006477298090972696
WMK,0.0004444410898116077,0.22511404272628632,0.00010004993048116752,7.360027632407183e-06,0.0006442561439320103
WVE,0.0002126957053476215,1.0425412252609254,0.0002217440412608461,7.356871694336504e-06,0.000643979890554516
RBLX,-0.0008250846487152363,1.2176310282572378,-0.001004648669214395,7.309530840471215e-06,0.0006398359338351952
SHBI,-0.0007872319185412857,0.9468612536894606,-0.0007453994013343611,7.243987229801412e-06,0.0006340986083822884
ATR,0.0006736927045849383,0.6028402044272071,0.00040612904775310223,7.222767259476714e-06,0.0006322411294517003
DHC,-0.00028350289019414885,0.8666439396758584,-0.00024569606166734945,7.174324961865504e-06,0.000628000758433963
BA,0.00048688153928194927,1.256994965875497,0.0006120076438551233,7.136167699532831e-06,0.0006246606825645183
ETD,-0.00011585765229443868,0.9268972416485495,-0.00010738813833559195,7.122447667636805e-06,0.0006234597067957538
NCLH,-0.0007605621726292969,1.871466881993748,-0.001423366917772941,7.118169645807752e-06,0.0006230852324072193
BKD,0.00021231142989614643,0.8872912653169798,0.000188382077273809,7.106622634206058e-06,0.0006220744708258783
AVY,0.0010562848270312757,0.612912031591,0.0006474096792744873,7.081371353419281e-06,0.0006198641132563765
MS,0.0003481422538484643,1.348553999400933,0.0004694886287878014,7.038542812972122e-06,0.0006161151395164914
APD,-0.0003984494318196011,0.8578792105402385,-0.000341821484009606,7.037870159457105e-06,0.0006160562591451898
AAPL,0.0002561931225994741,1.2955015094723552,0.0003318985770440548,7.0133590963033415e-06,0.0006139106961364877
OZK,-0.0003562811143737347,1.0643652201670113,-0.0003792132267417483,7.004660764870911e-06,0.0006131492922740042
MASI,-0.00027245402045364533,1.2584353379492326,-0.0003428657673052103,6.982428466556243e-06,0.0006112031997457796
CPRT,0.0008975802431958125,0.5875510780281771,0.0005273742395064929,6.977805960160325e-06,0.0006107985710820471
UBER,-0.0003380928165578878,1.1692311874976151,-0.0003953086653883925,6.961428597546427e-06,0.000609364987267912
SBLK,0.0010117716588290175,0.8037543061195721,0.0008132158275935653,6.955600066296526e-06,0.000608854789853528
RDN,0.0003143784351985448,0.6314730159673934,0.00019852149862993482,6.951275791543743e-06,0.0006084762667396659
STC,0.0007347789418732024,0.6428604423084414,0.0004723603155715355,6.902660334182171e-06,0.0006042207382743449
DECK,0.0009226976454859897,1.3256239960932772,0.0012231501399949957,6.895909166695988e-06,0.000603629778382763
UPWK,0.0003475038135462368,1.1829464012673527,0.00041107838566120197,6.879410474524777e-06,0.0006021855740497054
SMMT,-0.00018813925571719312,1.6110399455226083,-0.00030309985628129086,6.808906756013347e-06,0.0005960140681682546
PFE,0.0011220733495832078,0.5142126431900869,0.0005769843029423356,6.76988764922644e-06,0.0005925985511982479
CHEF,0.00017441166206514616,0.7523609056413585,0.00013122051602574794,6.632171535154621e-06,0.0005805436436570663
ADMA,0.00018135405686460856,1.1691113975780754,0.00021202309487743627,6.575873543052397e-06,0.0005756156285578851
BOKF,0.0009553008318183685,0.8888213344047141,0.0008490917600947357,6.569084050863467e-06,0.0005750213139336252
CRH,0.0016823862568205972,1.2623215865487516,0.002123712488897592,6.556578629427941e-06,0.0005739266584520585
CRWD,-0.00019933721262392425,1.5308691508101442,-0.0003051591894144481,6.54663518692633e-06,0.0005730562644476542
BKH,0.00020186785876102217,0.2632762939599078,5.314702172422403e-05,6.542796165309619e-06,0.0005727202177115844
PGNY,0.00021187204165336443,0.5954089781830076,0.00012615051582637736,6.53132337806649e-06,0.0005717159533203931
J,-0.00040344339766192565,0.9369369785635956,-0.0003780010380267958,6.505862633356952e-06,0.0005694872604366899
ESS,0.00022237022088390446,0.6591916409268633,0.00014658459079773002,6.467075870972455e-06,0.0005660920816116248
HUBB,-0.00018175549197638064,1.178813571483195,-0.00021425584063336248,6.463653787410754e-06,0.0005657925313286928
ALNY,0.00014490481867099054,0.891295037699944,0.00012915294582026407,6.453343625808029e-06,0.0005648900367608409
CCNE,-0.00048249603480592145,0.8112887829633276,-0.00039144362086232737,6.435609486099813e-06,0.0005633376881780639
GS,0.000503081335286906,1.3699720819139378,0.0006892073842750465,6.42102602845324e-06,0.0005620611328907974
ALDX,0.00028903126169235103,0.9439872919985052,0.0002728418380278737,6.357800142981534e-06,0.0005565266882928815
RNST,-0.00029509427437118016,1.1098356564886465,-0.0003275061477227795,6.30320228033218e-06,0.0005517474931302815
DV,-0.00041393003617975615,0.8023923504845075,-0.00033213429466641176,6.242179816564011e-06,0.0005464059238911382
FANG,-0.0006239728916918507,1.1861310418879516,-0.0007401136161322928,6.2419469946534354e-06,0.0005463855439477709
HLNE,-0.00019503400722453666,1.5044140037086031,-0.00029341189166799783,6.206196315139301e-06,0.0005432561270383411
ATI,0.0005838397772499967,1.6282978394364354,0.0009506650478732193,6.03011002756235e-06,0.0005278425065603259
HELE,-0.00025114528888237395,1.386622913738805,-0.0003482438122418513,6.013660565519154e-06,0.0005264026115606057
SYNA,-0.000132246675612161,2.162252251934005,-0.00028595067215318097,5.957403854344758e-06,0.0005214782099657085
PRU,0.00039356468216810814,1.0582169893088875,0.0004164768330622446,5.944134571444354e-06,0.0005203166902729677
FULT,0.0006963330594416514,1.1265075842635042,0.0007844244726344298,5.896411803260573e-06,0.0005161393028848462
GSM,-0.00021688437842612464,0.9666842662716296,-0.00020965871622463675,5.869315938498317e-06,0.0005137674806281783
SMP,-0.00045515292363604206,0.8293851336109533,-0.00037749706838329476,5.844277349515142e-06,0.0005115757409237278
EME,-0.0004037361212787572,1.366722175436964,-0.000551795109976585,5.828044166559741e-06,0.0005101547778000922
CF,-0.0005495435717277639,0.40359911312050073,-0.00022179529817039777,5.7608441367803215e-06,0.0005042724585724883
PTCT,0.00014033291317918723,0.9672633580737424,0.00013573888484997158,5.708926102831755e-06,0.0004997278408043488
FTNT,0.00039385659827151397,1.2161173108657408,0.00047897582715668194,5.6973527619252665e-06,0.0004987147745011744
VICR,-0.0006492524023022458,1.6367556113425643,-0.0010626675126458407,5.683386873634625e-06,0.0004974922778223445
GLDD,-0.0002450569068234194,1.1592482716769321,-0.000284081795697544,5.679510118308146e-06,0.000497152928085856
BY,-0.000539884903642461,0.8506833409881891,-0.0004592710935796553,5.643539991041725e-06,0.0004940043019329637
TRTX,-0.00025943064580163114,0.6661198762314466,-0.00017281190967202682,5.595286321069773e-06,0.0004897804423363211
PCTY,0.0005236534800283294,0.8713701674973549,0.00045629602060285815,5.576744169661739e-06,0.00048815736487479853
RKLB,-6.0875072527432596e-05,2.282569634603213,-0.00013895159205538592,5.575182021825454e-06,0.00048802062308638114
RGA,0.00012976808044463074,0.9105929992789179,0.0001181659055827442,5.570245075434828e-06,0.00048758847008325667
ROST,-0.0006543635585304813,0.7282066028116325,-0.0004765118639612127,5.569207068069456e-06,0.00048749760865501374
KO,0.00014573850899028391,0.04939828171631482,7.199231924017725e-06,5.552470250280374e-06,0.0004860325601213631
CSW,-9.983147167601651e-05,1.3726102440026615,-0.00013702970069636182,5.520588303215273e-06,0.00048324179067006846
APA,-0.00020009284331206256,1.650884616371067,-0.00033033019686983043,5.475244636989364e-06,0.00047927265671929146
BYD,0.0007150679765539403,0.989747361312547,0.0007077366429533646,5.474135200089949e-06,0.000479175542744392
AAP,-0.00021863136642993246,1.0521779247873178,-0.000230039097423662,5.4725749687257545e-06,0.00047903896871335003
BZH,-7.45143107521462e-05,1.1413031674173717,-8.504341887934677e-05,5.467565137539299e-06,0.00047860043577799467
CYTK,0.00032052872662013954,0.6423140383286107,0.00020588010079570907,5.4414352668416525e-06,0.0004763131713032006
RNR,0.000140714261394494,0.371256571814976,5.224109429079627e-05,5.429518659471452e-06,0.0004752700573508463
OI,0.00020181779292862616,1.0669885436087962,0.00021533727295125645,5.347138174137188e-06,0.0004680589249383798
HST,-0.00019925810995459427,1.0777404403766448,-0.00021474852317108234,5.326235509981749e-06,0.00046622922123626414
INTU,0.00032287966737361707,0.9394457017569001,0.00030332791569884216,5.284550355576368e-06,0.0004625803331915819
INCY,-0.0004573725088722656,0.6070803104702055,-0.0002776618446867118,5.214320796940032e-06,0.0004564328257504591
MMSI,0.00014717928117377176,0.8925864236483525,0.00013137022821803224,5.207678027398742e-06,0.00045585135441591454
POWI,-5.947874722875333e-05,1.7504166367781413,-0.0001041125886839316,5.187990995528781e-06,0.0004541280604459082
FCN,-0.0007787265478599064,0.3447212422823354,-0.0002684435829765015,5.162418632987439e-06,0.0004518895971540621
TBPH,8.760440620096235e-05,0.5084024619900688,4.4538295793747304e-05,5.148793178786368e-06,0.0004506969001940327
DHR,-0.0002074768470162277,0.9768316971276942,-0.0002026699605855647,5.112131134422563e-06,0.0004474877074422979
LASR,-0.0002586731982082849,2.08719309410761,-0.0005399009129310612,5.07739212194524e-06,0.00044444684627431796
KFRC,-0.000132054016367336,0.6272945277182008,-8.28367618304396e-05,5.053880838548293e-06,0.0004423887984602698
DGX,-0.001513196043859086,0.24917642940559998,-0.0003770527871994867,5.026109100318177e-06,0.00043995781397542324
XRAY,-0.00010923769087659664,1.1699122024099122,-0.00012779850751961234,4.997318135817821e-06,0.00043743761205560845
PMT,-0.0002841692233559571,0.598217526769305,-0.0001699950099799549,4.98348302645729e-06,0.00043622656304157393
TCBI,-0.0005044544445745952,1.143464171029312,-0.0005768255832875416,4.950507933404959e-06,0.00043334010563180115
ADUS,-0.0007381398127511416,0.49323642049896804,-0.0003640774390691516,4.942655564004499e-06,0.0004326527526104083
KELYA,-0.00013825195108104952,0.7554125496160132,-0.00010443725885552395,4.903113595515946e-06,0.0004291914672166218
CRUS,-0.00031489662329312214,1.392380894219528,-0.00043845604192758726,4.864792423268642e-06,0.00042583704357909425
INSM,-0.0006362110268301161,0.5824165853820845,-0.00037053985382882597,4.855170629680452e-06,0.00042499480494298606
IVZ,0.0008632237769841836,1.5566544533328457,0.0013437411366652287,4.848093953822768e-06,0.0004243753518474768
PRGO,-9.101510738654835e-05,0.7135421982991661,-6.494311980303238e-05,4.83432740833672e-06,0.000423170304536098
FOUR,-0.0001344358445093482,1.3299331639339427,-0.00017879068803444898,4.823378052664708e-06,0.00042221185845191077
NOVT,0.000255797104556933,1.6596202506986775,0.0004245260547927729,4.801906507047809e-06,0.00042033235801056806
PFBC,-0.00037642278716645215,0.7285375882573638,-0.000274238149527362,4.790814504195688e-06,0.0004193614253805702
OSW,-0.0002688777453693894,1.4401799919089806,-0.00038723234915059217,4.741645884968401e-06,0.00041505747618255983
MLR,-0.00011376417373820196,1.028684291759201,-0.00011702741848945297,4.719760793563503e-06,0.00041314177622838615
WAL,-0.0003535219755835445,1.5731975323277931,-0.0005561598996116785,4.683842070702638e-06,0.00040999764973307095
GLPI,0.0008116845354037205,0.3380693368229412,0.0002744056525933729,4.6684756520452464e-06,0.0004086525583659319
VREX,0.00012796988263107375,1.9752039006418147,0.00025276661133757206,4.635365571529368e-06,0.000405754284899605
THRM,-7.11611112517516e-05,1.0722133224055104,-7.629989152130873e-05,4.627735224659441e-06,0.00040508636650353307
AD,0.0001464494909152572,0.5332089787973265,7.808818349631264e-05,4.609004107971136e-06,0.0004034467480656874
RMBS,-0.00010483051812364472,2.2853198951395965,-0.00023957126868575732,4.5801297263863165e-06,0.0004009192442753011
HON,-0.0015602283201774437,0.8190391267761733,-0.0012778880409295892,4.575873361537422e-06,0.00040054666561912297
CAAP,0.00014288142555082969,0.8839716358010976,0.00012630312746975966,4.553942616796639e-06,0.0003986269694242279
RUSHA,-0.00020864801065469585,1.008084414411258,-0.00021033480763891298,4.510154348391212e-06,0.0003947939864027887
ROG,-7.056321485277497e-05,1.2450591093156935,-8.785537343504792e-05,4.4809292237894825e-06,0.0003922357805070746
CHDN,0.0004017379293067581,0.6473018918584478,0.0002600457216715599,4.472583794868302e-06,0.00039150526778011904
USLM,-0.0001002326376166467,1.1802421541411545,-0.00011829878413592081,4.438516779375045e-06,0.0003885232295143497
ARE,-0.00029041917539284547,0.824775346800691,-0.00023953057610220482,4.438100024967929e-06,0.0003884867491367336
KOP,-0.0001432510648214632,1.1017801553384052,-0.00015783118045138367,4.425756528706534e-06,0.0003874062676900349
CUBI,-0.00017270390575527234,1.3615416827053841,-0.00023514356645182557,4.339995441528453e-06,0.0003798992160749723
HASI,-0.0007205305020615518,0.7699114373715326,-0.0005547446745122413,4.281814561822734e-06,0.0003748063834007125
MTDR,-0.00014296658457085278,1.4502049637260146,-0.00020733085059160576,4.266591617954137e-06,0.0003734738510236747
HR,0.0004891933829270637,0.3096697060049978,0.00015148837107061415,4.260436558210301e-06,0.00037293507110948323
BFAM,0.0002797575083399854,0.7422934724001142,0.00020766217229569166,4.256343288846731e-06,0.0003725767689307472
TKR,-0.00035700111353196206,1.3495631275649145,-0.00048179553932235184,4.1922565917720835e-06,0.00036696697364236355
TEL,0.000868907359292092,1.2383916890616453,0.0010760476523118277,4.1907484793127616e-06,0.0003668349618122204
SYRE,0.0005633011779621342,1.6523588181070707,0.0009307756686558327,4.182987340623469e-06,0.0003661555946230988
WABC,0.0004139036237614558,0.6607894672542964,0.00027350315503995513,4.168978477431828e-06,0.0003649293361589352
HHH,-0.00034406047535969376,0.887012368462097,-0.0003051858971429969,4.158253793337724e-06,0.00036399055658303613
ENVA,0.0001235320916607291,1.4155732886131178,0.0001748687292414354,4.136299613653535e-06,0.00036206880902270804
EXLS,0.0001435799583104895,0.7874664822720834,0.00011306440469553354,4.105626710253049e-06,0.0003593838725720642
INN,-0.0003296313544190333,1.6931307316896431,-0.0005581089762953459,4.018145844335025e-06,0.0003517262810304212
LFUS,-0.00018386757698780217,1.6120356112534966,-0.00029640108185923105,3.999820594639672e-06,0.0003501221899461249
DFH,-5.399337582047185e-05,1.0375705027544508,-5.602193409545699e-05,3.9773813640932515e-06,0.00034815798371393847
WEX,-0.00016796407111730738,1.512295911808825,-0.0002540113780814707,3.891760009381449e-06,0.00034066316350674596
UFPT,-0.00017820842196102245,0.9146955920144854,-0.00016300645802760463,3.891129646070451e-06,0.0003406079849861883
GEO,-0.0004120837913173675,0.9506549804372295,-0.0003917495085733114,3.871556374704407e-06,0.0003388946489820002
PAYX,0.0001979006125931361,0.6045965330744881,0.00011965002426712746,3.8577082068403065e-06,0.0003376824568987307
KEX,-0.0005954753391406946,1.0840893076371139,-0.0006455484481240112,3.8271786417921955e-06,0.00033501006749529793
SIBN,9.743500735316276e-05,0.8538943155269683,8.319919891219404e-05,3.81924958827867e-06,0.00033431600197044017
LKQ,0.0005223618623038548,0.6449595340805379,0.0003369022633329363,3.794487269988375e-06,0.0003321484454756414
QURE,2.9170413113155782e-05,1.0066778901749964,2.936520992828471e-05,3.782501835389858e-06,0.0003310993067680922
LQDT,0.0005024348534968139,0.7827378944343795,0.000393274799316542,3.7687187189860717e-06,0.00032989280893015336
ROAD,0.000818435044825391,1.3518309130010662,0.0011063857938783768,3.7515758337599547e-06,0.0003283922154971862
ZTS,0.000887838401227658,0.6413342884179212,0.0005694012092814449,3.736925343038959e-06,0.00032710979250504137
GO,0.00019954787268886473,0.14719685593822965,2.9372819468963013e-05,3.7281438500190184e-06,0.00032634110913677764
DCI,-0.0003342733453469125,0.9013302758567813,-0.0003012906865731017,3.70964373603687e-06,0.0003247217113991983
NOG,-9.790723447525827e-05,1.712221188465772,-0.00016763884137262374,3.7094265166291922e-06,0.0003247026972127078
GRPN,-9.51749791528667e-05,1.187915193525699,-0.00011305980377918202,3.7031919235068624e-06,0.0003241569553861023
BAX,-0.0005910015801765118,0.9379718391830252,-0.0005543428391182369,3.6683470430510297e-06,0.00032110682712036036
PLD,0.0007949867391398301,0.8677242476194044,0.0006898292700875128,3.6639185135724307e-06,0.0003207191781239614
AI,-3.758692367131058e-05,1.948589989207504,-7.324150319102236e-05,3.6584279892103236e-06,0.0003202385679645483
PRK,-0.00013706245015853848,0.8417119618543258,-0.00011536710381950418,3.65252051368267e-06,0.0003197214602043735
MGRC,-0.0003052933708166609,0.8347969487465237,-0.0002548579744302895,3.6399373261003134e-06,0.0003186199975040859
DBX,0.0006676412662652116,0.8520361425043177,0.0005688544890853089,3.610475054585655e-06,0.00031604103307820053
MATX,-0.0009752214478107889,1.2995205139344395,-0.0012673202770589645,3.6036149195297773e-06,0.00031544053476777406
NMRK,0.0009470035640760816,1.3076836688700615,0.0012383810951040347,3.599697463400064e-06,0.00031509762230790244
PSN,-4.1848979532378064e-05,0.7407841498438339,-3.100106072472469e-05,3.5688696171418573e-06,0.0003123991230157815
BLD,-3.903990949536277e-05,1.027607190413515,-4.011769171052764e-05,3.5320761258650435e-06,0.00030917842412772
OMC,0.00040859250702117097,0.7145557582321614,0.00029196212866249255,3.4757317845015063e-06,0.0003042463518703514
LEVI,-0.0005599233493022545,1.5273949604952521,-0.0008552241019878863,3.44537631848436e-06,0.00030158920213393535
SYY,0.00034012869248975486,0.3529828171051842,0.00012005958405333657,3.4343026403043975e-06,0.00030061987354446736
SBRA,0.0002426813369104568,0.1179948445917404,2.8635146634065143e-05,3.407942174667233e-06,0.00029831242406304505
OXM,-4.539194468782208e-05,1.5377353870701098,-6.98007996343931e-05,3.3916512726591474e-06,0.00029688640853252037
SO,0.00014836376878376464,0.027419720996406983,4.068093146026262e-06,3.376891371654553e-06,0.00029559440836880247
VRE,0.0002501185355615427,0.5307872259310396,0.00013275972364464533,3.374120245241235e-06,0.00029535183927714156
ACLS,-5.1694755207703865e-05,1.732404551304301,-8.955622920038788e-05,3.371312226590865e-06,0.0002951060408429331
ENR,-6.823996508052184e-05,0.750704064440345,-5.122801914321496e-05,3.3612669578446238e-06,0.00029422673353181404
MAR,-0.00036203764206110193,1.1207829099922826,-0.00040576560199598625,3.350366689668511e-06,0.000293272584295737
DAL,-0.0004762475968567062,1.9716497528630834,-0.0009389934566441622,3.3361110648899377e-06,0.000292024725685975
CBU,-0.0004460066228193728,0.8934876937278837,-0.0003985014288102435,3.2649053146433773e-06,0.0002857917678261917
OLED,-0.00010811958759947831,1.6348025021498669,-0.00017675417233903887,3.2472736801503992e-06,0.0002842483919834641
ZUMZ,-0.00011853005068414708,1.623204470987641,-0.00019239850821689924,3.2347410304315808e-06,0.00028315135308845446
SXI,-9.049082929488521e-05,1.236253935301764,-0.000111869643824522,3.229368547705462e-06,0.00028268107564150165
RHP,-0.0006520746280788221,0.9840703864777557,-0.0006416873312658653,3.2273727214175744e-06,0.0002825063720381441
ZWS,-0.00023022187580075258,0.9318297842367846,-0.0002145276008540031,3.2218134666563605e-06,0.00028201974559943007
DT,0.00018512346224318777,1.0588328951015562,0.00019601481147817813,3.2186689621094143e-06,0.00028174449304941624
AVA,0.00014044435003193964,0.1364608080286868,1.9165149488422207e-05,3.2005167827852387e-06,0.00028015555158894366
ITGR,-0.00040068008671903575,0.7555457140801484,-0.0003027321222378296,3.1811242871405956e-06,0.0002784580396923545
VYX,-5.126202895068425e-05,1.49323221374502,-7.654611297109154e-05,3.1287354555976603e-06,0.00027387221090465516
SBH,-0.00011425588212169348,1.0038918402013945,-0.00011470054775698048,3.1193651424773413e-06,0.0002730519854789039
BGS,-9.42695210778605e-05,0.1887759846286442,-1.779582166194384e-05,3.114767363660538e-06,0.0002726495213307908
FNB,0.0002413611870449392,1.184062229526078,0.00028578666525349146,3.1014844763096552e-06,0.00027148681077963975
EXPO,-0.00010210980351396273,0.5960533067813131,-6.086288603928763e-05,3.0959576220538093e-06,0.000271003020502105
BANF,-0.0002681721805136471,0.8279324381405595,-0.0002220284472541341,3.084580044138542e-06,0.00027000709020930276
SXC,-0.00013229189636400257,0.8040109926614635,-0.00010636413891668915,3.083719507118944e-06,0.0002699317635543435
TDAY,-0.00013086562577578536,1.2060857124109845,-0.00015783516149389738,3.0765639805102345e-06,0.0002693054082998562
HPQ,0.0020627926423018067,1.262393071633724,0.0026040551398588234,3.067575444779194e-06,0.00026851860155687916
VMC,-0.00027688451015676555,0.7068566778527371,-0.00019571766499829375,3.061465591509779e-06,0.0002679837787676261
DOCN,-0.00012637813908336485,2.1468055725710635,-0.00027130929323532856,3.034369379544218e-06,0.00026561192611869965
TENB,-0.00017988895833917024,0.9015637038206487,-0.00016218135555670068,3.0233070716076274e-06,0.00026464359281749904
AMT,0.0004932655385475108,0.024176218646378846,1.1925295510648434e-05,3.0144168109145716e-06,0.00026386538852823265
COKE,6.524082657092246e-05,0.37324758547870734,2.43509809922319e-05,2.9792527770659323e-06,0.0002607873233382777
CNO,6.55229852204339e-05,0.9836965785166689,6.44547363755391e-05,2.9656921390484022e-06,0.0002596003000287505
FUN,-0.0004361638416730007,1.6839652502811393,-0.0007344847528064579,2.964274128834023e-06,0.00025947617525118175
BDC,-0.00036931222769607896,1.3929539031884952,-0.0005144349090644915,2.9578865993324633e-06,0.0002589170462191375
EBAY,-0.001174108976395753,0.5993671017049661,-0.0007037222942681069,2.940577453350329e-06,0.00025740189923842454
GLNG,0.00034553270692039284,1.06069711695984,0.00036650554604579006,2.9242426558486463e-06,0.0002559720413389777
LMT,-0.0004322619367998143,0.22570731255719684,-9.756468007585495e-05,2.8828145923101713e-06,0.0002523456576079782
SAFT,0.00010398296549054279,0.2514392991900247,2.6145403970642603e-05,2.8617983783391762e-06,0.00025050601438253895
SON,-0.0004011516409132765,0.6855982792980219,-0.0002750288747477203,2.845875869902749e-06,0.00024911224598935937
HMN,6.387511948963593e-05,0.40998768929352936,2.6188012642903916e-05,2.838211926348579e-06,0.00024844138672522
BRX,0.00015431009577257399,0.6934483041666172,0.00010700607422927972,2.8237588069534375e-06,0.00024717624052817273
UPST,-4.1798812760803824e-05,2.5641436442477996,-0.00010717816007771895,2.808164311069414e-06,0.0002458111845410774
PRM,-0.000587984171675655,1.0242249286511111,-0.0006022280462824804,2.804427899776044e-06,0.0002454841197456395
FND,-3.401165797883687e-05,1.3768863971033354,-4.683018921399161e-05,2.800882015859844e-06,0.00024517373266385423
VTRS,-0.0005633859668718371,0.8933761668087933,-0.0005033155955178276,2.7676577334078054e-06,0.00024226546259117007
CUBE,-0.0008865811028237774,0.5225375770664525,-0.00046327194134244005,2.7408968629733113e-06,0.00023992296388661663
EZPW,0.00025646666777244423,0.33255723420846095,8.528984570106428e-05,2.7405939096018846e-06,0.0002398964450227462
DX,-0.0014542660692959098,0.5308550533710225,-0.0007720044918317473,2.727898528511545e-06,0.00023878516152280442
ASMB,-0.0004115977691742489,1.0279995022684651,-0.0004231223018459385,2.726242700434886e-06,0.0002386402194838662
ALRM,-0.00013984954910109502,0.9139869669510239,-0.00012782066521237813,2.724191258541601e-06,0.00023846064759777043
SLDB,0.00022759631318973716,1.5864209132806744,0.0003610635510297772,2.6977549524076595e-06,0.00023614655945839087
GCMG,0.0009166123925415599,0.5568053631269925,0.0005103746960758046,2.6696649457086915e-06,0.00023368771551068377
CPK,0.00021916308037439098,0.1251848919297965,2.743590653166944e-05,2.6554054611268722e-06,0.00023243951903507675
NEOG,-9.756528618584917e-05,-0.03756483226774016,3.6650236107254904e-06,2.6307779795838773e-06,0.00023028376540396473
BBT,-0.00021407853844281232,0.8609405772659426,-0.00018430890046720414,2.625585226235114e-06,0.0002298292204734357
CIEN,0.0004110342593886518,1.9333394273064197,0.0007946687396497744,2.6221073353933497e-06,0.00022952478512962453
EXTR,-0.0002598127005911854,1.5552561711780217,-0.0004040753059448687,2.5776641130067526e-06,0.0002256344710562605
HRTG,0.00010902507932087724,0.3893292346596836,4.2446650690708434e-05,2.5655734333792236e-06,0.00022457611978050565
BHE,-0.0001412223892176423,1.3158591595230453,-0.0001858287743817632,2.562371688891261e-06,0.00022429585676239034
YELP,-7.559671520656818e-05,0.8734537771793497,-6.603023643952856e-05,2.5518723608050567e-06,0.00022337680360599851
TRMB,0.0020064212067353094,1.40319071172111,0.002815391601091247,2.5435022175951827e-06,0.00022264412752679357
COLM,-0.000180022029822454,1.1079334082330194,-0.00019945242105821773,2.527049307698242e-06,0.00022120393072101103
MC,-0.00018611098387008506,1.5359975853147396,-0.0002858660218250011,2.5094031904073504e-06,0.00021965928713419295
VLY,-0.00014666287633800958,1.1308928804188203,-0.0001658600026724009,2.493396241956134e-06,0.00021825812732877435
GFS,-0.000390849014517337,1.6402660110839624,-0.0006410963539784501,2.490335524277806e-06,0.00021799020901819332
O,0.0005855271438458705,0.210241571069099,0.00012310214662575813,2.4781038825003114e-06,0.00021691951869485428
MZTI,-6.085501927735999e-05,0.25519426906626946,-1.552985216349962e-05,2.4684390821332e-06,0.00021607351548299521
RXRX,-3.018175638611244e-05,2.497292089321054,-7.537266146485379e-05,2.4633633340030203e-06,0.0002156292125426746
ULTA,-0.0012585444643893537,0.9215466296242525,-0.001159807409390269,2.431541551756316e-06,0.00021284370958708304
SNDR,-5.308108752773957e-05,1.036542007654352,-5.502077703447955e-05,2.427602531988729e-06,0.00021249890956552285
ESE,-0.00019371315078477156,0.9738305082646203,-0.0001886437760862751,2.4022894977960426e-06,0.0002102831464441464
GT,-0.00028212066273402734,0.9375794779195792,-0.000264510543676495,2.3964338876489787e-06,0.00020977057869275568
BFS,0.0003347557000332225,0.4527684681899986,0.00015156682552191282,2.3878112686535143e-06,0.0002090158022785813
IRTC,0.0001446171756594626,0.7848006686245601,0.0001134956561521417,2.3794878463635453e-06,0.00020828721589050283
SENEA,0.0001456898226599902,0.13185295705873878,1.920963393108296e-05,2.355592288350466e-06,0.00020619553080024252
DEI,-7.973952825176772e-05,1.0641789951838423,-8.485713105139977e-05,2.351772576911933e-06,0.00020586117437045322
ENTA,1.890570620183346e-05,0.9381023563479802,1.7735487536362595e-05,2.3198743436561814e-06,0.00020306897931603423
BCRX,5.744196284428225e-05,0.8268371003149129,4.74951459945633e-05,2.3187698889221755e-06,0.00020297230145236087
CTVA,7.610410280907621e-05,0.6597368118078709,5.020867815275837e-05,2.3074510493705826e-06,0.00020198151279129855
MBWM,-0.00022664075563594226,0.8130747728843896,-0.00018427588091504018,2.293044613428371e-06,0.00020072045300572583
APH,-0.00012093401815258171,1.3005641349642032,-0.00015728244670635768,2.285279106419856e-06,0.000200040703438081
TOWN,-0.00035359000858966325,0.7442335012779001,-0.00026315353010956786,2.27140076851896e-06,0.00019882587043652437
FCPT,0.0002686513051462542,0.22488060869160775,6.04144690270845e-05,2.2640315417586817e-06,0.0001981808090517773
CVBF,-0.00010145189877353562,0.792310221377407,-8.03813763764183e-05,2.248852369130772e-06,0.00019685210816724853
POR,6.862104412468668e-05,0.23892954178799608,1.6395594629725252e-05,2.2281926783034763e-06,0.0001950436730074925
SGHC,6.346779625913445e-05,1.0478797157855493,6.650661630555697e-05,2.2042468237968684e-06,0.000192947585240151
ANGI,-8.802905732372455e-05,1.2048702164624805,-0.00010606358935262411,2.1615899564564014e-06,0.00018921363881527865
SHO,-0.000171040730915778,1.1166687407836833,-0.00019099583761444263,2.144357094042305e-06,0.0001877051692765324
LAB,-1.4009449484023682e-05,1.5709395707563565,-2.2007998558965022e-05,2.1381008011735543e-06,0.0001871575279740483
UTZ,-0.0007225734100895014,0.23367854427255894,-0.00016884990259977346,2.1350594700484565e-06,0.00018689130665519775
ELS,-0.0006394241227511444,0.18351856475947834,-0.00011734619727987852,2.12639716088383e-06,0.00018613305598296165
WINA,-4.342699535184932e-05,0.549967931680169,-2.3883454812740886e-05,2.1148015615396863e-06,0.00018511804129916552
ETR,5.6225645746758025e-05,0.4895511396362699,2.752532895211058e-05,2.107292416201712e-06,0.00018446073221538344
ACVA,0.00030886762711735246,1.4257445352677716,0.00044036633148368905,2.102099758733979e-06,0.0001840061956777499
ADP,0.00013910266647506895,0.57786534731435,8.038261067496791e-05,2.093496875981401e-06,0.00018325314686520593
CDRE,-4.1102433370279374e-05,0.8880707023168528,-3.650186687007565e-05,2.0815326304657414e-06,0.00018220586293286916
DAR,-9.415556074565262e-05,1.0026257683713704,-9.44027914390472e-05,2.0806468294856806e-06,0.00018212832481043163
TVTX,2.0711609039327734e-05,1.2819891803860253,2.6552058696803554e-05,2.068175490571817e-06,0.00018103665272445506
TNK,-0.0003490729130716322,0.4948071363695458,-0.00017272376850114974,2.035462256551763e-06,0.00017817311700721043
CCC,-6.882433562961731e-05,0.7340353211059554,-5.0519493303790187e-05,2.0336090880291987e-06,0.00017801090087623473
PFGC,-0.00018171575558655558,0.8002147657133695,-0.00014541163078312348,2.009624198810574e-06,0.00017591139622592761
GGG,-0.0003748084332428225,0.8119368709072705,-0.00030432078647683387,2.0067468549970545e-06,0.00017565952945006085
PKG,0.0006917653933953331,0.8354534385716506,0.0005779377765970016,2.0050233485447153e-06,0.00017550866322013845
CRNX,-0.00025853198429795824,1.0848046501325619,-0.0002804566987744236,2.0016279722215845e-06,0.00017521145074127404
MOS,0.00033095564279085783,0.7014146310675119,0.0002321371300878608,1.9992698243317924e-06,0.00017500503150724708
INDB,-0.00031763372369606813,1.101002955711225,-0.0003497156686229336,1.995932524792201e-06,0.00017471290274905383
REXR,-0.0002320809735851676,0.9115100008085705,-0.00021154412842026995,1.991128632199591e-06,0.00017429239654008917
FFBC,-0.0002834471717677726,0.8901471408384519,-0.0002523096895278284,1.985394147109147e-06,0.00017379043140676036
VSTM,0.0001010443231950886,1.2256328074523957,0.00012384323751472365,1.9827657267973103e-06,0.00017356035401856139
TJX,0.00017835956155720718,0.44091745636921453,7.864184420093214e-05,1.9486089406889792e-06,0.00017057045772926355
VKTX,-2.567085180434541e-05,1.5123681958866921,-3.88237798302125e-05,1.9117128791738163e-06,0.00016734078040938878
LII,-4.6661221207517906e-05,1.048755133506674,-4.893619527707489e-05,1.9008334824384948e-06,0.0001663884581438931
RILY,-1.7335328113514006e-05,1.3575593193322306,-2.3533736234182956e-05,1.8783972627393716e-06,0.00016442451546463973
FELE,-0.00013531091989171082,0.9002590110893701,-0.00012181487493130457,1.8744426662751923e-06,0.0001640783519451441
ELAN,-0.00010326077931678732,1.3430211504909972,-0.00013868141063862866,1.8742891220695538e-06,0.00016406491153394073
STRA,-0.00016746092296028448,0.6074837951348655,-0.00010172979701670096,1.8679091112226653e-06,0.00016350644064337474
LBTYK,3.0487770328076007e-05,0.5908582330495705,1.8013950105668116e-05,1.862208707260595e-06,0.00016300745878367523
DAN,5.981130817458816e-05,1.644624230747096,9.836712669660955e-05,1.8588599929262047e-06,0.00016271433083742885
HIMS,-3.7096763021885054e-05,2.2733013289628787,-8.433212067787227e-05,1.846617802373188e-06,0.00016164271713257813
OFG,-0.00028532093937942195,0.8575964447285364,-0.0002446902232183985,1.8387925868738783e-06,0.0001609577410136266
R,0.00035736116358066496,1.201607147740177,0.0004294077284832737,1.8385671273914823e-06,0.00016093800553653386
CABO,-9.796618295533745e-05,0.7787403413338211,-7.629021875381105e-05,1.797388380829488e-06,0.00015733344563581143
PCRX,2.191907713556154e-05,0.2471525723723765,5.417356298082577e-06,1.7777076792293085e-06,0.00015561070578263764
DUOL,-0.0001793343312012563,1.4974587091272586,-0.0002685457561028335,1.774061000687931e-06,0.00015529149569640336
OGN,-0.00036206412177218765,0.9403581575145431,-0.00034046995045181554,1.7586725338338237e-06,0.0001539444743519726
MKTX,-0.0005753449715359376,-0.24969464378277795,0.00014366055771987846,1.7350702920602619e-06,0.00015187846454431476
DOCS,-0.00011555547404124736,1.21755747510502,-0.00014069543120822481,1.7275189622361733e-06,0.00015121746286374973
GVA,0.00046157770232960367,0.8269278104888623,0.000381691438757899,1.7235308224364556e-06,0.00015086836314603746
ARLO,0.00040510657250142004,1.4999456185295452,0.0006076378284610265,1.7056893923586893e-06,0.0001493066229572476
AOSL,-2.1215800234525538e-05,2.8623591233768475,-6.0727239361034834e-05,1.69820909341353e-06,0.00014865183892727365
OEC,-4.6714853557544286e-05,1.267183036465468,-5.919626997908863e-05,1.6826348653575253e-06,0.00014728855707383344
TECX,-4.5084147487043334e-05,1.877401328344287,-8.46410383794449e-05,1.675550906693472e-06,0.00014666846648170285
SDGR,-5.1437427596034e-05,1.38550674674928,-7.126690296973271e-05,1.6753514031020392e-06,0.00014665100303986047
YOU,4.1601678545744505e-05,0.7317043973055327,3.0440131127212495e-05,1.6284544677238537e-06,0.00014254590449159634
HXL,-8.757217295671816e-05,1.1118581954460598,-9.736783819494689e-05,1.6273304011596188e-06,0.00014244750991668903
CHRD,-0.00012839783110032437,1.276902414433158,-0.00016395150053998502,1.6233573897816288e-06,0.00014209973445740795
FCF,-0.00028904115373181637,0.7225357151764967,-0.00020884255672705767,1.6207132210783361e-06,0.000141868278542054
STAG,0.00021362471589754517,0.6834221690367293,0.00014599586669855537,1.6159088905670343e-06,0.00014144773400010722
APLE,-9.33810544311876e-05,1.0884427710631317,-0.00010163993364987897,1.6156039088882754e-06,0.00014142103758942232
AMC,-1.5695369285009755e-05,0.9654667833505914,-1.5153357697098041e-05,1.5826194417460402e-06,0.00013853375962362503
LTH,8.61013881909069e-05,1.110408632040001,9.560772467781004e-05,1.5609451891778901e-06,0.00013663651533602473
GBTG,0.00017110819193322021,1.1268997913178305,0.00019282178578231715,1.5440008087389631e-06,0.0001351532979150964
DXC,-0.00021880814457738454,1.349935181588988,-0.0002953768123832211,1.5001377960954815e-06,0.00013131377219613004
LXP,0.0001561544564369692,0.649667697972849,0.0001014485062416073,1.4980029947929244e-06,0.00013112690348803029
JKHY,-0.0005245021766387846,0.39480743126013884,-0.00020707735704911015,1.4780365115453866e-06,0.0001293791478888119
DIS,0.0004456215735008647,1.0985870897821008,0.0004895541075764355,1.4667706143473225e-06,0.00012839299350879288
PRLB,-9.225790419515838e-05,1.3843210958925147,-0.00012771456304018828,1.4496585757683366e-06,0.00012689510022084234
VRSK,7.349482505214664e-05,0.26790976133209876,1.968998103886496e-05,1.4484169620149797e-06,0.0001267864162146209
ORRF,-0.00022876148777029777,0.7738092931096197,-0.00017701776514223903,1.4465500774314764e-06,0.00012662299945547203
FLEX,0.00011185918227409057,1.7235287415687097,0.00019279251565776823,1.4426434500854385e-06,0.00012628103488747836
RJF,-0.0005247521020440518,1.0381164159156926,-0.0005447537714181968,1.439774954537917e-06,0.00012602994263991732
AMZN,-0.00016349455159860962,1.3689463651650426,-0.00022381527213520514,1.4383862341386804e-06,0.00012590838173089677
CATY,-0.0001652050669126881,0.9818760716652566,-0.00016221090211942604,1.42572531374926e-06,0.00012480011473026725
LXRX,-1.5170317326313615e-05,0.9632840015573755,-1.4613323978986565e-05,1.4211687839222507e-06,0.00012440126129075916
TAP,0.00016441602535655973,0.26696599272625315,4.3893487429418776e-05,1.4110867551368255e-06,0.00012351873620896337
TT,-0.00043623372523072016,0.9276736687296017,-0.00040468254030836317,1.3971139620082342e-06,0.00012229563511877877
DNOW,-0.00021119517717062874,1.1742944897758585,-0.0002480053328187055,1.3798523317172115e-06,0.00012078464739907139
THC,2.0244899925641468e-05,1.001212298135322,2.0269442780071104e-05,1.3646295280191315e-06,0.00011945212729178595
BPOP,0.0003228586047317623,0.9511515723433087,0.00030708746953518254,1.35660867255347e-06,0.00011875002593137937
AGIO,5.144829538088878e-05,0.9580313899147008,4.9289081932494963e-05,1.355923608153589e-06,0.00011869005917980509
VPG,-0.00010001619037215505,1.900819761279104,-0.00019011275110724518,1.3545561568320988e-06,0.00011857036004830742
BJRI,0.0002407232850849956,1.0414844692664968,0.0002507095628068343,1.3428935016254565e-06,0.00011754947566489072
HWC,-0.00010089947547434608,1.1495546843056736,-0.00011598946467551996,1.3413092428448807e-06,0.0001174107984066057
TDS,4.70484238951613e-05,0.7950469073917129,3.740570391550236e-05,1.3135797208229244e-06,0.00011498350929531463
HTH,-0.0005836882002507064,0.6279019354518427,-0.00036649895063782127,1.3077674155041583e-06,0.00011447473220927005
NXRT,9.422604993844138e-05,0.7370401732671894,6.944838417291168e-05,1.2873804392966496e-06,0.00011269016898017964
TNL,0.00018089713885120943,1.3912352408626596,0.00025167047454102833,1.2842513404413707e-06,0.0001124162649592752
SBUX,-0.001025775051962348,1.0855571601078065,-0.0011135374523176841,1.2698868523056506e-06,0.00011115887705285923
AXTI,3.0507251589472042e-05,1.7605057161044435,5.37081908059019e-05,1.2403465750171847e-06,0.00010857308443263168
MSEX,-0.00044144215318036483,-0.12340841057996724,5.447767448698725e-05,1.2246071949513524e-06,0.0001071953460849596
CHH,-6.335380228053384e-05,0.822033855384741,-5.207897034194983e-05,1.217696761748473e-06,0.00010659044495271608
BBBY,-8.332596454663086e-06,2.367373788929399,-1.9726370440495425e-05,1.2134785066025814e-06,0.00010622120220932644
TREX,-9.220188295124752e-06,1.3548723355056018,-1.2492178049217085e-05,1.1939129688496608e-06,0.00010450854316289157
HRMY,7.12980520702004e-05,0.5991772119940775,4.272016806003124e-05,1.1887663977940042e-06,0.0001040580407750758
GPRO,-1.3573257648551925e-05,1.8050701878349107,-2.450068273320326e-05,1.1300099994771063e-06,9.891483038218259e-05
VNT,0.0012418494607760605,1.266950437143805,0.0015733617171970282,1.1147172836092748e-06,9.757619054992498e-05
KDP,0.0001223728724916834,0.1841368424919951,2.2533354347294107e-05,1.1136757771286386e-06,9.748502282846964e-05
MATW,-2.4927602988735163e-05,1.008829569023563,-2.5147702979916173e-05,1.1005545353683283e-06,9.6336461838987e-05
CBSH,-0.00030572327077669044,0.7820130435955278,-0.00023907958547805938,1.0769682315082336e-06,9.427184714819359e-05
HL,0.00033484183479863506,0.9130867661838347,0.0003057396481193475,1.0758778914287146e-06,9.417640480336971e-05
LYV,-9.008094893853556e-05,0.9338186739824503,-8.411927228886409e-05,1.075177563899209e-06,9.411510200177941e-05
XPO,-0.00019202332800222774,1.6162565222848597,-0.00031035895631444555,1.0660712405897777e-06,9.331798478514015e-05
MAC,0.0014679528162271712,1.3444014867607463,0.0019735179486304335,1.0608002119459292e-06,9.285658806786583e-05
HOG,0.0002471911648076562,1.2133719936841971,0.00029993483646378476,1.0407255400771994e-06,9.109936223465e-05
FRPT,-2.167137239221511e-05,1.1227571456158767,-2.4331688208662152e-05,1.0388590798221166e-06,9.093598261886603e-05
AVNS,-0.00011362147938659475,0.8578728621928827,-9.747278372796766e-05,1.034422469304253e-06,9.05476262529495e-05
CTS,-4.164400570781049e-05,1.228512541111461,-5.116018327416245e-05,1.030597667237965e-06,9.021282421773975e-05
A,-2.915446472299737e-05,1.1273701692436107,-3.286787382897242e-05,1.013843843835162e-06,8.874628710664502e-05
CPAY,0.0001815626308531992,1.48966266034421,0.00027046707169587047,1.0109317173499316e-06,8.849137564792225e-05
OSBC,-0.0001260536532717874,0.8687333430022737,-0.00010950701160444937,1.0019481740807398e-06,8.770500591746473e-05
META,-0.00026382644607383715,1.4333656468592977,-0.0003781597645352152,9.845411209778785e-07,8.618128868848454e-05
CHKP,0.00017220102676939136,0.605757151145116,0.00010431200340009036,9.822828096241749e-07,8.598360859308263e-05
RYN,-0.00013304671953871512,0.5254309918441814,-6.990686980884171e-05,9.760418760773287e-07,8.543731176075511e-05
CTO,5.129951103219578e-05,0.4871891435192261,2.4992564842730552e-05,9.632856254813112e-07,8.43207000806801e-05
TK,0.00031946354911880005,0.4949561210406561,0.00015812043908572238,9.630052883529788e-07,8.429616091774203e-05
AGYS,-2.1921466029446027e-05,1.0438884901644867,-2.2883566075670497e-05,9.548480069279056e-07,8.358211758280321e-05
PTEN,-1.8565843988774203e-05,2.0023129098177206,-3.717462910038431e-05,9.288771323808539e-07,8.130877075234395e-05
BBSI,0.00014977573965506766,0.6816197256791414,0.00010209009857707771,9.051905483002676e-07,7.923537808524483e-05
CLB,-1.529188174328056e-05,1.6887898945880175,-2.5824775357287203e-05,9.01142432869871e-07,7.888102843227675e-05
BLK,-0.00015445733238720098,1.14089513162466,-0.00017621961856428953,9.00234243665431e-07,7.880153056840503e-05
WTFC,-0.0008276121993842022,1.250161170196196,-0.0010346486356508017,8.859431594113568e-07,7.755056803212363e-05
NNN,7.503179227247603e-05,0.27553689417257077,2.067402700695954e-05,8.835437380086031e-07,7.734053594286904e-05
IBCP,-0.00011420110579431398,0.7364625767132742,-8.41048406367857e-05,8.831070213403481e-07,7.730230817923375e-05
TXN,0.0006011195215227054,1.3716475645908806,0.0008245241277246543,8.59954648218647e-07,7.527567738717192e-05
STEP,-4.345381152686252e-05,1.7303729519079156,-7.519130012338732e-05,8.440375252295708e-07,7.388238040629091e-05
SR,3.1864883536501156e-05,0.18747483647705243,5.973863830365874e-06,8.342079930679387e-07,7.302195748352566e-05
TDOC,-0.00014322593096608696,1.5540168946511,-0.00022257551647343127,8.309898184054234e-07,7.274025625873098e-05
TWLO,0.0006185552841185461,1.5831234142529145,0.0009792493532979343,8.218777749237507e-07,7.19426383298261e-05
CVLT,0.0006527546553224753,1.4451678047751944,0.0009433400122891702,8.145284789404161e-07,7.129932157514571e-05
STBA,-0.00012910282396739008,0.8183206054488895,-0.00010564750107415606,8.018314278132912e-07,7.018789188941319e-05
AGM,0.00013117032750843208,0.7424793883714196,9.739126454093945e-05,8.017323855525294e-07,7.017922227726068e-05
INSP,-1.9770620373588867e-05,1.1161202958400938,-2.206639066031219e-05,8.011784773424039e-07,7.013073621370618e-05
MLI,-0.0001301847573723137,1.0900434921094306,-0.00014190704754553577,7.993163732478867e-07,6.996773791214392e-05
SIG,-1.849232662063892e-05,1.611145432443769,-2.9793827570100716e-05,7.932442690695631e-07,6.943621946970558e-05
UMBF,-5.2562731201198544e-05,1.1809302043112277,-6.207291689658754e-05,7.930801405527912e-07,6.942185256639952e-05
CCBG,-4.965504358706448e-05,0.611014992416902,-3.0339976080811143e-05,7.682287905156419e-07,6.724650272451286e-05
BW,0.0002620427498555508,2.9277879811025045,0.0007672056135621316,7.573515432727514e-07,6.629436861370549e-05
WLFC,-4.523888892957083e-05,1.3695976771986573,-6.195907719698827e-05,7.529135603350948e-07,6.59058921137449e-05
OBK,-0.0001320009896523789,0.893302224725977,-0.00011791677772250075,7.382677745706475e-07,6.462388096749448e-05
MDGL,-0.0005882520306082523,0.8270294726493883,-0.00048650176665887475,7.212164093986008e-07,6.313129869427732e-05
CCL,4.039754144239189e-05,1.8691622587922307,7.550955981211398e-05,7.186741942859158e-07,6.290876723280122e-05
LMB,-3.527306124263171e-05,1.211332046875495,-4.272738947460176e-05,7.129070322471125e-07,6.240394174000136e-05
AUB,-0.000132206804636765,1.2881747672691504,-0.00017030546979436277,7.101620523264084e-07,6.21636613678059e-05
WD,-2.1028995462037168e-05,0.9734399607632817,-2.0470464517456688e-05,7.098176937163868e-07,6.213351811817388e-05
LMAT,0.00031159951232942386,0.7169709568576884,0.0002234078005112161,7.083681761129842e-07,6.200663535789485e-05
ATEC,0.00042571663672746066,0.7326577999598021,0.0003119046144710276,6.962639143792066e-07,6.094709517962016e-05
CARG,5.120509925416942e-05,1.2001581302356255,6.145421617941359e-05,6.846258751814882e-07,5.992836554558489e-05
KRYS,8.737577896229908e-05,0.8502802069183266,7.429389541571364e-05,6.690878448794715e-07,5.8568252243482794e-05
SSB,-0.0002879056889160446,1.0654491994069106,-0.0003067488857602948,6.635672907611358e-07,5.808501344516816e-05
SVRA,2.1451594154842268e-05,0.7498782585855408,1.6086084068716887e-05,6.627030247363747e-07,5.800936037370518e-05
EPAM,-0.0002662032609033312,1.3328264019432288,-0.00035480273441534146,6.557820233642878e-07,5.7403534162333946e-05
SBCF,-3.235544794263956e-05,1.0352906603383032,-3.349729306607691e-05,6.454641625912737e-07,5.650036565166419e-05
SNOW,-1.860551308581379e-05,1.4239560933110715,-2.6493433727723427e-05,6.368827883582578e-07,5.574919957605638e-05
CNXN,-7.901337180366903e-05,0.661713669849502,-5.2284228223388995e-05,6.348115360006528e-07,5.5567893591396074e-05
PEB,-0.00010938253859733914,1.7186870723979535,-0.00018799435503331696,6.346383497203733e-07,5.555273382153005e-05
PGC,8.740952629421657e-05,1.0475995444544592,9.157017992680136e-05,6.316875130085525e-07,5.529443388350266e-05
KTB,-3.7325592138904755e-05,1.313270538089247,-4.901860047275922e-05,6.288163179101692e-07,5.50431053321782e-05
HNI,-3.178843893219757e-05,0.8316541911636052,-2.6436988468510425e-05,6.249199335171702e-07,5.470203737568611e-05
KODK,1.8895612284011684e-05,1.769313679972268,3.34322653055539e-05,6.145470207555225e-07,5.379404991817481e-05
CHCT,3.165449264270257e-05,0.4256489881332564,1.347370276323796e-05,6.102692150757456e-07,5.341959445015341e-05
IDYA,-0.00012789316885562823,1.038306445139581,-0.00013279230151212352,5.957142683177181e-07,5.2145534848505474e-05
AMD,-1.5743584565805116e-05,2.061136440574246,-3.244967585384319e-05,5.939122902372593e-07,5.198779964592897e-05
PVLA,1.102222179745401e-05,0.7989674175530648,8.80639608520893e-06,5.878131368484207e-07,5.145391346508893e-05
TCBK,-9.204791705807266e-05,0.8203241041438297,-7.5509125098969e-05,5.857163728237331e-07,5.1270374330081806e-05
CALX,-0.00036046214972108604,1.2672724336459305,-0.00045680374571428447,5.828134122527756e-07,5.1016265204839284e-05
TOST,2.1528846272571606e-05,1.5264641732190787,3.286301252582166e-05,5.820654673467366e-07,5.095079424126348e-05
PATK,-1.3643746841340673e-05,0.9542641817210482,-1.3019738915161094e-05,5.796837165943859e-07,5.074230894308875e-05
XPRO,-6.929541877435967e-06,1.758435191763388,-1.2185150300081542e-05,5.76443676894497e-07,5.045869377375897e-05
CBRL,-9.915255476332374e-06,1.020017448231712,-1.0113733589534055e-05,5.740977121975e-07,5.025334098909917e-05
RIGL,3.9983017883844204e-06,0.9456389726283164,3.7809499954258037e-06,5.65262723014307e-07,4.947997486234954e-05
ARVN,0.00021219030288228508,1.0549762363739112,0.0002238557271297934,5.631759451147082e-07,4.929730985754462e-05
MAGN,9.779788369885567e-05,1.7655170154555875,0.0001726638277458763,5.593571272412503e-07,4.896303164550373e-05
LQDA,0.000147560696681864,1.1721310742949307,0.00017296047792542167,5.55932359099887e-07,4.866324636930439e-05
AIN,-1.10708071885695e-05,1.182353832204805,-1.3089611305005652e-05,5.447674426719868e-07,4.768593128783784e-05
SEB,5.185235491129455e-05,0.4067192706889747,2.1089351973027595e-05,5.349378066272118e-07,4.682549927171636e-05
SAH,0.00015170566309619885,0.9637016608049731,0.00014619899947932656,5.32808408015049e-07,4.663910348527589e-05
NGVT,2.7605182922925434e-05,1.493461292212846,4.122727215984421e-05,5.274651488368052e-07,4.6171384106200834e-05
FIZZ,-2.6489266661335154e-05,0.11861194926277142,-3.141943553242308e-06,5.179865541350994e-07,4.534168030923043e-05
OXY,-4.995883686710725e-05,0.9982828858228663,-4.987305184004963e-05,5.093694507937762e-07,4.458738670493742e-05
CHCO,-3.160405669998642e-05,0.5317112438760457,-1.6804232299478858e-05,5.034454972267828e-07,4.406883654826428e-05
HTO,-0.0007418675975419024,0.038621616061789356,-2.8652125520945417e-05,4.95898962511755e-07,4.340825460504639e-05
JBSS,-0.0001513160378682782,0.17022111546550286,-2.5757184753758588e-05,4.952549136252945e-07,4.335187812484573e-05
SFL,-1.8553024713140544e-05,0.795617313498287,-1.4761107679536206e-05,4.935950956590927e-07,4.320658683302696e-05
ASUR,-8.235829429144976e-06,1.0409684966669155,-8.573238979662186e-06,4.717761141693713e-07,4.129667377547309e-05
POWL,-6.420495844229816e-06,1.6384489965784694,-1.0519654973514575e-05,4.7070993519594925e-07,4.120334636035119e-05
SFBS,-2.894148305695786e-05,1.1293077399221396,-3.268384082104798e-05,4.6114890272233854e-07,4.036642641641852e-05
CNNE,-3.1451369369735665e-05,0.909765893610084,-2.861338315991839e-05,4.5849896748036154e-07,4.013446573013679e-05
AAMI,-0.0005862951227601442,1.078048429629743,-0.0006320545363911508,4.551400740419664e-07,3.984044676138039e-05
RL,0.0007785588878848866,1.4664586870311611,0.001141724444504112,4.5153154097009513e-07,3.9524575718736684e-05
HCI,8.470277493752137e-06,0.31349915148398366,2.6554248071251787e-06,4.3936373131888664e-07,3.8459472906966075e-05
TRNO,-6.918048269676236e-05,0.811424731359389,-5.6134754587533254e-05,4.300479212293181e-07,3.764401837531707e-05
REYN,-0.00047703805156132975,0.271318803661089,-0.0001294293934504369,4.2669849155009454e-07,3.735082781173732e-05
EBC,-6.170075500525402e-05,1.0245064456511144,-6.3212821204423e-05,4.262605006339737e-07,3.731248850748596e-05
RUSHB,-3.813138959861728e-05,0.9930561977450495,-3.7866612769538005e-05,4.240860968600623e-07,3.7122153217905914e-05
DIN,-1.2589807235176108e-05,1.0738872818477043,-1.3520033870769832e-05,4.2355507353531893e-07,3.707567037074502e-05
GIII,3.8533060235138565e-05,0.9808672420643131,3.7795816521138415e-05,4.221616807835202e-07,3.695370046980281e-05
MCW,0.00012187991919166052,0.9842660238964058,0.00011996226345559095,4.2114299319423225e-07,3.686453018798807e-05
GBCI,-2.6275612067440857e-05,1.1532484523803503,-3.0302308952122626e-05,4.2020213120614e-07,3.678217232920075e-05
PIPR,-3.085929379670292e-05,1.5015933588125805,-4.633811062277537e-05,4.1854826616619613e-07,3.6637402123647906e-05
RYTM,1.2834921206281614e-05,0.6842781178813007,8.782655726189176e-06,4.0688601771114606e-07,3.561655334501768e-05
GPN,-0.0003025332562810812,1.311133042303467,-0.0003966613487057885,4.0539999465453094e-07,3.54864750991109e-05
SSD,-6.650142232129156e-06,0.8855541153056716,-5.88906082103002e-06,3.9908106676997603e-07,3.493335107349412e-05
BXMT,9.680995831524553e-05,0.7359560450973955,7.124787404773182e-05,3.904897732773817e-07,3.418131672072136e-05
MYRG,0.0002563631714683783,1.3987183275093922,0.0003585798664312536,3.8940913886176204e-07,3.4086723956077126e-05
EGY,-5.334400044060414e-06,1.076041820676713,-5.7400375356287055e-06,3.884792127051869e-07,3.400532335954422e-05
DHT,0.00010047603562172251,0.419120537361929,4.211157004177266e-05,3.804969430588299e-07,3.330659958851599e-05
ENVX,-2.3969690187448445e-06,2.6077231924044773,-6.2506317016559335e-06,3.7397987008154293e-07,3.273613103652536e-05
SNA,-2.1250523311832454e-05,0.7533862486223991,-1.6009852039164292e-05,3.7001532899241204e-07,3.238909701952016e-05
KD,0.0002137994752614329,1.38315541199482,0.0002957179012895035,3.6838086988878775e-07,3.224602550238632e-05
EFSC,-0.00034865452017791956,0.8220535232888476,-0.0002866126767228414,3.6221821446045955e-07,3.1706580703951794e-05
AORT,9.155789099421808e-06,0.7309408346710189,6.692340126403193e-06,3.611599569722675e-07,3.1613946691869046e-05
FTV,0.00024644905996939906,1.0074320271524546,0.0002482806760747886,3.5037323770678665e-07,3.0669736899903504e-05
WHR,-6.455262325383365e-06,1.0705474046191268,-6.9106643285747906e-06,3.4827862167542346e-07,3.048638578836116e-05
ASB,7.342652287488595e-05,1.2141437307025371,8.915035241582921e-05,3.473406203009532e-07,3.0404278331881203e-05
UAA,-3.5395500465809876e-05,1.2633618267617124,-4.4717324127630605e-05,3.4168113589336863e-07,2.99088783438405e-05
AXGN,2.592252682203507e-06,0.6939818675401029,1.7989763575314307e-06,3.37358360082335e-07,2.9530486439055188e-05
ST,0.00010774247882965668,1.9056075637890864,0.0002053148825991793,3.3471313162355467e-07,2.9298937758562578e-05
DFIN,-4.682164720809869e-06,1.0955084648538738,-5.129351085487386e-06,3.3404173029169345e-07,2.924016699645414e-05
RBC,-1.535678563487459e-05,0.9255130581629386,-1.4212905636485466e-05,3.2612422028916166e-07,2.8547111926753818e-05
ASH,5.053903526350304e-05,1.1743720110658225,5.935162847972658e-05,3.2450652957290105e-07,2.8405508221579712e-05
TFSL,-1.920615166579868e-05,0.6298036629945154,-1.2096104671148223e-05,3.124561696058328e-07,2.735068630607599e-05
LOB,-7.06120021222469e-06,1.2438024676759092,-8.782738248718723e-06,3.0637609134525103e-07,2.6818469856545337e-05
EVCM,-8.985807523303069e-06,1.1440146192726066,-1.0279895172628485e-05,3.025294034359063e-07,2.6481752055585968e-05
WMG,0.00014591498432020133,0.5831001948899285,8.508305579447025e-05,2.9370435626796736e-07,2.5709256197907386e-05
UE,6.186097912747838e-05,0.7260073005335582,4.491152246470337e-05,2.9352223181369764e-07,2.5693314029686863e-05
POST,-3.748847432615551e-05,0.1412289940521632,-5.2944595176332896e-06,2.911454759773703e-07,2.5485265958856545e-05
MBUU,-7.842738622772207e-06,1.416852602755389,-1.1112004630405015e-05,2.8785587621414545e-07,2.5197312575474784e-05
SEI,-2.8681867490581734e-06,2.1731015413220307,-6.2328610451777415e-06,2.851204961513397e-07,2.4957872521786377e-05
NTRS,0.0019655948756638485,1.141965756725861,0.0022446420396039415,2.84212504474083e-07,2.4878391948352658e-05
TNC,-6.840109765535015e-06,0.8972234752373173,-6.137107054838038e-06,2.7608515015691144e-07,2.4166968267048136e-05
AMR,-4.087229204394284e-06,0.9215791446647156,-3.76670519423433e-06,2.757701923896869e-07,2.4139398604711535e-05
APEI,-0.0003217951095500597,0.7860722909702332,-0.0002529542189870326,2.675797512413784e-07,2.342245265085708e-05
AMG,0.0004480714346489956,1.2111213958899099,0.0005426689013904861,2.651931837703414e-07,2.321354572374803e-05
HOMB,0.0003627555887893722,0.8634177553854578,0.0003132096162260499,2.6271037742397693e-07,2.299621457735456e-05
AMH,1.3057492094251816e-05,0.4614673665948831,6.02560649106789e-06,2.5768882818783857e-07,2.2556655908689462e-05
HSTM,-6.611273919236763e-05,0.5346895489550316,-3.534979069894869e-05,2.5243317559268586e-07,2.2096605125742615e-05
ITRI,-0.00010409722864028531,1.0499697713583405,-0.00010929894335447725,2.5096204727971694e-07,2.19678306833792e-05
CAKE,-1.6364932500521022e-05,1.0293141792582943,-1.684465706539118e-05,2.4739442796030244e-07,2.1655541004516734e-05
FHB,-0.0002583779847583906,0.9308262518715247,-0.00024050501111877066,2.466188245400528e-07,2.1587648967461013e-05
AUR,-2.081500440421548e-06,2.313392496742508,-4.815327500837435e-06,2.4479666315550947e-07,2.1428147029987478e-05
SHOO,-6.4524360283932665e-06,1.482421141013753,-9.565227579528995e-06,2.438996979986748e-07,2.134963165721371e-05
TNET,-0.0001867957889015072,0.7829019953278008,-0.00014624279584982066,2.4017912225021164e-07,2.102395301786221e-05
ALKT,-3.4217775780757574e-05,1.3051681222307197,-4.465995016268316e-05,2.3825530864022315e-07,2.085555300635169e-05
GTY,6.125359444574926e-05,0.21874301513562922,1.3398795936958225e-05,2.3739099244462227e-07,2.077989554321066e-05
TFX,7.303151422412704e-06,0.8491739075063551,6.201645630480792e-06,2.3723085520089763e-07,2.0765878013889484e-05
RLJ,-6.527332898630858e-05,1.2521720381068986,-8.173343739080811e-05,2.3556880432471573e-07,2.0620391265471183e-05
IBOC,-2.4188391740253635e-05,0.8731125101795795,-2.1119187429539857e-05,2.3480165052818853e-07,2.055323886177949e-05
UNFI,2.012404208292205e-05,1.089466163859044,2.192446292941905e-05,2.3433768161730827e-07,2.051262558743363e-05
DXPE,0.00012982218384415545,1.5568340147130586,0.00020211159167291332,2.3225602530517898e-07,2.033040889809146e-05
IVT,0.00010742229975634988,0.5689786503206655,6.112099512970992e-05,2.2986975930975508e-07,2.0121528360491487e-05
OTTR,-4.091589776893292e-05,0.45344710668980576,-1.855319546093851e-05,2.295238826191067e-07,2.009125222647102e-05
NVCR,-1.0540842856533425e-05,1.3127984273953215,-1.383800192547829e-05,2.2740611402404299e-07,1.9905874467454398e-05
IVR,0.00027835775110924676,0.735626800418884,0.00020476742182029125,2.2516712245845636e-07,1.9709885519533918e-05
IDT,7.100869309264276e-06,0.6543383654078839,4.646371216798997e-06,2.2383362109085073e-07,1.959315817937573e-05
KWR,-4.760594462285084e-06,1.3703155082352323,-6.523516420088017e-06,2.2374632799212532e-07,1.9585517023936437e-05
COLD,-0.00013962660810280472,0.9152259333237881,-0.00012778989271772424,2.222640578332193e-07,1.945576728595482e-05
SG,-2.7019062761407534e-06,1.5543509245800322,-4.199710518447972e-06,2.1729521114720965e-07,1.9020821907268665e-05
AZZ,-1.718792326692331e-05,1.177459000959457,-2.0238074958439326e-05,2.1636716872003637e-07,1.8939586201997215e-05
AFL,4.143385033876108e-06,0.4812394517866501,1.993960342243549e-06,2.1535861880970072e-07,1.8851303316572325e-05
NWL,-7.753945792333303e-06,1.7146706365931212,-1.3295463167848698e-05,2.1005493641743966e-07,1.8387048270622087e-05
UVE,3.1452647932659754e-06,0.4878159559592181,1.5343103518719144e-06,2.0693662146668185e-07,1.8114088213122455e-05
OGS,6.991451240076204e-06,0.1678863121018809,1.1737689649365158e-06,2.0537253621486685e-07,1.7977176834056656e-05
CMRE,1.4752227250135575e-05,0.9194517882396489,1.3563961725654833e-05,2.012760478531915e-07,1.7618592882016227e-05
WHD,-4.771899650245475e-06,1.520475516001258,-7.2555565830132105e-06,1.9955239874438182e-07,1.7467714164734783e-05
MTUS,-2.7364779446803424e-05,1.2751263837460733,-3.489355225801132e-05,1.9856155437571337e-07,1.7380981124578207e-05
ASO,-9.066760744233729e-06,1.757803727721587,-1.5937585834573798e-05,1.9734224994324694e-07,1.7274249953015592e-05
CPF,3.34007067794774e-05,0.78837792952772,2.6332380055566873e-05,1.9670476272600006e-07,1.721844784507499e-05
HE,-2.9949798154567992e-05,0.6426624341478779,-1.9247610184252288e-05,1.9337793291469406e-07,1.6927235549035134e-05
ITRN,1.8660693169906173e-05,0.9524726763475417,1.7773800366040825e-05,1.873244283370503e-07,1.639734521285008e-05
DGICA,3.1863133924078724e-06,0.2963481119281989,9.442579578516072e-07,1.863532858960521e-07,1.6312336770559545e-05
ABG,5.5529670112946445e-05,1.1015709997050402,6.116987421960951e-05,1.8592704337762282e-07,1.627502585611488e-05
SITC,-0.000666030512505605,0.8611847440673365,-0.0005735753164531764,1.8560879545713633e-07,1.6247168191944678e-05
STGW,-4.513562646793441e-06,1.1256761113253808,-5.080809648465934e-06,1.8102696711402068e-07,1.5846100260148254e-05
ADEA,4.80483946873721e-06,1.4431034800336426,6.933880558337666e-06,1.7885490828893356e-07,1.5655970234428984e-05
WRBY,-4.116333334113744e-06,1.8021275964697177,-7.41815789767458e-06,1.7682152383971004e-07,1.5477978997192336e-05
LSCC,-6.137169328426406e-06,2.1832221347354204,-1.3398803922439843e-05,1.7618178991786754e-07,1.542198022514779e-05
VST,-9.861555833520514e-06,1.9267064177936992,-1.9000322913874867e-05,1.7305528002561295e-07,1.5148302827758664e-05
CDNA,4.7750624111629654e-05,1.3244399009798762,6.324283187013407e-05,1.7239241453002832e-07,1.5090279245584793e-05
ODC,-3.724050041166717e-06,0.48060012399751745,-1.789778911557684e-06,1.7221939683551592e-07,1.5075134232785146e-05
KAI,-3.3065656000579853e-06,1.4048552026102517,-4.645245886013549e-06,1.694521388289718e-07,1.4832903760074542e-05
GNW,6.868137210686819e-06,0.9618376048101809,6.606032644234687e-06,1.687871456084152e-07,1.4774693928615446e-05
LCII,-7.976079277197894e-06,0.985104769500731,-7.857273737883588e-06,1.6077182054943693e-07,1.4073076669446266e-05
S,-3.824955572991756e-06,1.4408910891641122,-5.511344401572432e-06,1.598272407920202e-07,1.3990393377678447e-05
IPGP,-3.499393076846681e-06,1.712493292477888,-5.9926871718434995e-06,1.5859910194023725e-07,1.3882888889872061e-05
XERS,2.4516107605534022e-06,0.9185774147882707,2.2519942744962503e-06,1.557486206678545e-07,1.3633373512401247e-05
OPLN,1.1899652427308417e-05,0.9282437823215073,1.104577837743607e-05,1.5495611312758668e-07,1.356400178209933e-05
FFIN,-1.5048618323775713e-05,0.8586853321233476,-1.2922027823348842e-05,1.531435314177936e-07,1.34053383964116e-05
SSNC,1.0787672793668632e-05,0.8469525466705108,9.13664694524583e-06,1.5017496382377727e-07,1.3145486394946086e-05
DCOM,-1.760809941945118e-05,0.9567120508804473,-1.6845880907689952e-05,1.4610128156729108e-07,1.2788898763316548e-05
BLFS,-3.3809577744044877e-06,1.4073845726113483,-4.758307812347276e-06,1.427659942354558e-07,1.2496946142669838e-05
NSIT,-6.829141041502016e-06,0.9308433451003559,-6.356860491233865e-06,1.4177392305183473e-07,1.241010571391227e-05
NVT,-1.0518972701252907e-05,1.5887112914020027,-1.671161070442992e-05,1.4080343238018618e-07,1.2325154323908619e-05
NBHC,-4.3598255490892153e-05,0.8356882138461665,-3.643454825799249e-05,1.406927872045875e-07,1.2315469056714508e-05
NVAX,-1.57889062568249e-06,1.3779763093948625,-2.1756738773161027e-06,1.4056991700413382e-07,1.2304713678405889e-05
SXT,-8.948056270649622e-06,0.5461629327725617,-4.887096655391908e-06,1.3906686145354295e-07,1.2173144502106131e-05
TARS,-0.00042391840526751097,0.576221188930853,-0.0002442707674929163,1.388118917737674e-07,1.2150825865422147e-05
IPI,6.280940364601262e-06,0.9072428692491245,5.698338357963491e-06,1.3880644866374255e-07,1.2150349405651783e-05
UFCS,2.451476174982445e-06,0.6093504610567331,1.4938081374951494e-06,1.3788040656218244e-07,1.206928879782976e-05
STWD,1.133839695002483e-05,0.6895108226641027,7.817947408703774e-06,1.2985979245168475e-07,1.1367208564320382e-05
AMN,-1.0089678376292695e-05,0.9001447094821962,-9.082170610796785e-06,1.2747675137407682e-07,1.115861031820359e-05
PLSE,-2.62936465339491e-06,0.9651528432697681,-2.5377387712171255e-06,1.27455787104129e-07,1.1156775221870873e-05
CVI,2.9662929010073064e-05,0.9065648500527702,2.6891368790142854e-05,1.273693318782469e-07,1.1149207409189798e-05
CE,-6.945120157274244e-06,1.948369972585142,-1.3531663570428936e-05,1.2728292975910412e-07,1.1141644245179195e-05
ABR,-2.262046983860414e-06,0.9360059785224696,-2.1172895005920676e-06,1.2487811507557975e-07,1.0931140057931765e-05
PWP,-3.6452165429786313e-06,1.6664452421498042,-6.074553764652497e-06,1.1636687131107102e-07,1.0186112815962791e-05
RDWR,0.00012368723517764983,0.8789232745113719,0.00010871158975759813,1.1591224895814419e-07,1.0146317687646657e-05
THR,-3.3293778543352033e-06,1.1680290553169719,-3.888810069992394e-06,1.1539259055922157e-07,1.0100829663284136e-05
FWRD,-1.950144923167479e-06,2.6176414064919906,-5.104780099543335e-06,1.1367581139861848e-07,9.9505523033021e-06
LZB,-3.0071799974640546e-06,0.9379852817015115,-2.820690577048472e-06,1.1266813495451834e-07,9.862345876284278e-06
APAM,-5.197089115291496e-06,1.1699937855843612,-6.080561968019177e-06,1.1165509265931032e-07,9.773669752314716e-06
MTN,-5.093390932869099e-05,0.8493291766985779,-4.325965527617713e-05,1.1069237382464293e-07,9.689398665969531e-06
GRC,-5.501252505654402e-06,0.996036592397435,-5.4794487996498616e-06,1.105860586830319e-07,9.680092426020876e-06
TMUS,1.9682130360684614e-06,0.2443810958848245,4.809940586892082e-07,1.084954368682463e-07,9.497090946123798e-06
BBW,-2.6226690212397972e-06,1.4988633365785575,-3.931022439916702e-06,1.068905786644524e-07,9.356610528172466e-06
INVX,-2.959132948632392e-06,1.318209769890684,-3.900757963292647e-06,1.0681223940376945e-07,9.349753142232247e-06
BUSE,-0.00013584152350520895,0.8583971996437936,-0.00011660598337221792,1.0587594685758895e-07,9.267795267136982e-06
KMPR,2.229611861259768e-06,0.7321088112726042,1.6323184893461873e-06,1.0417586611693382e-07,9.11897959455379e-06
VITL,-3.9700051720907035e-06,0.5759774689721677,-2.2866335308272184e-06,1.0080052909810177e-07,8.823521245640978e-06
NWN,3.186313392407872e-06,0.10566894564090988,3.366943766572506e-07,9.959580659762604e-08,8.718066495818146e-06
JACK,-1.4131484950488979e-06,1.1448603700225586,-1.617857708938503e-06,9.934513447420699e-08,8.696124043467273e-06
ANAB,1.0314756929913754e-05,0.5507918850427374,5.681284413184835e-06,9.737496857926507e-08,8.523666609096676e-06
VFC,0.00023759713144280554,2.5541648972064683,0.0006068622528081651,9.677701246674919e-08,8.47132483559656e-06
ESQ,-3.345528122850048e-06,0.696754092831793,-2.3310104122796368e-06,9.65907841520447e-08,8.45502343811346e-06
CTBI,-1.4163819133911405e-05,0.6972995700518498,-9.876424992368586e-06,9.609612705863276e-08,8.411723889866252e-06
FTK,-8.724778808431895e-06,1.8557038778886088,-1.6190605868527422e-05,9.480091552072377e-08,8.29834822979192e-06
SHAK,-4.0556015952193796e-06,1.6654834080008507,-6.754537166299659e-06,9.297327391843616e-08,8.138366584343338e-06
NAT,-5.203751101053869e-06,0.38989614895599123,-2.0289225144264026e-06,9.267264372356594e-08,8.112051078509664e-06
CNS,-2.7853829765268563e-06,0.9741428584552462,-2.7133609346464535e-06,9.250947002916784e-08,8.0977677550774e-06
ECVT,-9.257636730243548e-06,1.2356987823043817,-1.143965043457827e-05,8.776392152505063e-08,7.68236866518228e-06
IOSP,-4.214210690592249e-06,0.7743948574810542,-3.263463087136319e-06,8.704675877486718e-08,7.619592201413251e-06
RDNT,-4.292135736176374e-06,1.1407411873204711,-4.896216015826462e-06,8.539400542422546e-08,7.474919306998195e-06
HTLD,-1.7756210840289402e-06,0.9065077689776347,-1.6096143074327239e-06,8.502287865145959e-08,7.442432920333113e-06
BRSL,2.8506569784410196e-06,0.9211069503211374,2.625759955823476e-06,8.27451835107193e-08,7.243056075338024e-06
SMBC,-8.437505907224097e-06,0.8575292270758137,-7.235407919069492e-06,8.17140926111686e-08,7.1528000762894636e-06
FCBC,-7.639077007521471e-06,0.6595386099380302,-5.038266230750278e-06,8.055435937314806e-08,7.051283437869924e-06
TSCO,-0.0005098195637752265,0.5823123823800942,-0.0002968742447659325,7.993443274125194e-08,6.9970184865227875e-06
UHT,6.341335639568233e-06,0.30779743465944287,1.9518468421735994e-06,7.781760901038812e-08,6.811723435696456e-06
SCSC,-3.865768647384478e-06,1.0789681427774473,-4.1710412178757155e-06,7.735552715676879e-08,6.771275343914445e-06
CEVA,-1.6313117055702562e-06,2.2827216217579296,-3.7238305021320293e-06,7.715217891258819e-08,6.7534753624178685e-06
DOMO,-1.2902045759796437e-06,1.524559682078501,-1.966993878171753e-06,7.707911012458173e-08,6.747079324528615e-06
MSGE,7.294201481944062e-06,1.026870923742707,7.49020341372932e-06,7.706244047798753e-08,6.745620155790145e-06
MGY,-3.167000362975537e-06,1.1957745517396907,-3.7870184393965105e-06,7.664874483835988e-08,6.709407525775762e-06
PLPC,-1.7500834719398422e-06,1.1708750974875957,-2.0491291558189928e-06,7.544326305608507e-08,6.6038863126203905e-06
MHK,-1.6245824270224042e-06,1.187550013322588,-1.9292728828540985e-06,7.299442778101485e-08,6.389528806067739e-06
CXT,-1.8720179992269184e-06,1.2216983908871106,-2.2870413773672345e-06,7.028287951585366e-08,6.152174856239302e-06
NKTR,1.282600491220571e-06,2.2055021378837827,2.828778125437759e-06,6.872493430841221e-08,6.015800942725161e-06
VSEC,-1.927231729712043e-06,1.2112108017439889,-2.3342838884909782e-06,6.677032724939762e-08,5.844705442866124e-06
CRVL,-9.856710752966061e-06,0.5913630915935277,-5.828894943817179e-06,6.66024277138004e-08,5.830008445412535e-06
PLAY,-2.0268586986129905e-06,1.0904467067259633,-2.2101813929014073e-06,6.630656001527722e-08,5.804109822189263e-06
XHR,9.180519198085165e-06,1.311495550732119,1.2040210081699495e-05,6.440278189105172e-08,5.637463606376826e-06
IMKTA,1.1985652607149965e-05,0.34626333759657796,4.150192075024873e-06,6.423510230563203e-08,5.622785862146227e-06
MRTN,-1.9734282269430464e-06,0.7411178500797135,-1.4625428848386514e-06,6.228030799089506e-08,5.451673970956117e-06
VVV,-4.681760964096999e-06,0.7213185033634131,-3.377040811727697e-06,6.15115832176095e-08,5.384384052640962e-06
GTM,2.5752276074774414e-06,1.7403892434074744,4.481898427379704e-06,6.105968424969243e-08,5.344827314397863e-06
PPG,-0.0004435695473004827,1.025531623653526,-0.00045489459804632347,5.888616841719589e-08,5.154569750302087e-06
PENN,2.9676118396026856e-06,1.65265148471554,4.904428112778793e-06,5.855084362911379e-08,5.1252172715174475e-06
AVXL,-8.820738320524262e-07,1.1301193146815933,-9.968486745776548e-07,5.5507405106471296e-08,4.8588114827323175e-06
PEBO,-5.7239176035242744e-05,0.7114161655446746,-4.0720875133929024e-05,5.510172152428743e-08,4.8233001839481276e-06
LAUR,2.3512099246194517e-06,0.71743732142546,1.6868457504279372e-06,5.351619483772327e-08,4.684511940179941e-06
ORC,-5.174815203298107e-06,0.64971483619676,-3.3621542121593325e-06,5.331342376614415e-08,4.666762481183168e-06
EAF,-1.22176781314799e-06,2.27764481020571,-2.7827531188928988e-06,5.3190636435765284e-08,4.656014356862917e-06
GLOB,-1.3281577069895284e-06,1.6507462685532615,-2.19245137886322e-06,5.207741421589195e-08,4.558569035930004e-06
RES,-2.0491999033918586e-06,1.24872217171917,-2.5588813536501954e-06,4.830055975518315e-08,4.227964069131416e-06
RCUS,1.5304398201379563e-06,1.3942886420968992,2.1338748586311735e-06,4.805004289236886e-08,4.20603520743584e-06
MTCH,3.077500958289107e-06,0.9028525029022337,2.778529442875343e-06,4.770121196525691e-08,4.175500475881867e-06
BBWI,-2.843523943180296e-06,1.7098305073653774,-4.861943986473564e-06,4.738372589488176e-08,4.147709499860066e-06
CPS,1.3870052478904932e-06,1.4902602575685935,2.066998797970277e-06,4.523868479347813e-08,3.959944456359273e-06
BLBD,-4.123163551839813e-06,0.8610112588620191,-3.5500902402635914e-06,4.413105920748183e-08,3.862989033826298e-06
CWT,0.00031000339475065886,-0.00606346088274155,-1.879693457587707e-06,4.404189324714379e-08,3.85518393843176e-06
SB,5.589372408238523e-06,0.8493216150454487,4.747174800855611e-06,4.313345421475858e-08,3.775664206002385e-06
LAND,-2.0311654368836156e-06,0.48201942093910377,-9.790611877181622e-07,4.2021542076628546e-08,3.6783335623851463e-06
FPI,-2.9198003155201976e-06,0.4752950539782583,-1.3877666485709078e-06,4.1639386203949596e-08,3.644881749265718e-06
CPRX,-0.000346810193159917,0.8360280599168602,-0.000289943052946877,4.0968513171971076e-08,3.5861572316093763e-06
SRCE,-2.764522213028515e-05,0.7370481339524718,-2.0375859383828247e-05,4.0582584454565194e-08,3.552375164513085e-06
RGR,-2.1032023637383703e-06,0.43542638903181385,-9.157898106457741e-07,4.0089241891893516e-08,3.5091906830221588e-06
BWIN,-1.6626701436032458e-06,0.9147953919728335,-1.5210029857390587e-06,3.9585012646113606e-08,3.4650532414569207e-06
PZZA,-1.3683314999202042e-06,0.8305478947187519,-1.1364648465360776e-06,3.954425053055484e-08,3.4614851511317202e-06
CAC,-0.0005940162969659494,0.8558430237127402,-0.0005083847037299832,3.914545517336879e-08,3.426576809496236e-06
HIW,1.5474447070283783e-05,0.6808576666192098,1.0535895924495882e-05,3.9083715374244864e-08,3.4211724486843856e-06
NIC,-2.998902984850197e-06,0.7867038464150325,-2.3592485132071723e-06,3.784453929303423e-08,3.3127018228108745e-06
FLO,-3.936627950493358e-06,0.29467455677472376,-1.1600240964986196e-06,3.707011723080359e-08,3.244913195307392e-06
HUM,0.0001656533041567605,0.3898126652261104,6.457375599685833e-05,3.597648267826244e-08,3.149182470521984e-06
NUVL,-1.4124755671941127e-06,0.946751746004213,-1.3372637094293172e-06,3.455893997456817e-08,3.0250986162549405e-06
NYT,0.00042229957637364695,0.42876464626206023,0.0001810671284804646,3.4124116425275264e-08,2.987036565791326e-06
ANDE,8.290538463739013e-05,0.7933219732275794,6.577066333172579e-05,3.294759240213561e-08,2.884050154836314e-06
GEF,6.5136051703932415e-06,0.798317161457719,5.199922790484655e-06,3.2544818183637537e-08,2.8487935256706534e-06
ARQT,1.1184397410457241e-06,1.1918949302795412,1.3330626571755615e-06,3.1998713154653776e-08,2.80099050946922e-06
BHB,-3.0268294908237823e-06,0.8141820071645425,-2.464390110183737e-06,3.114633346094335e-08,2.726377901736901e-06
IIIV,-2.9595367053452628e-06,0.8238789886945528,-2.438300107804264e-06,2.8906101879287846e-08,2.530280409662671e-06
ROKU,9.708330160985929e-06,1.8657300284020553,1.8113123106992805e-05,2.7946394032902407e-08,2.4462728885915366e-06
NOMD,2.4145660821474775e-06,0.14004615763666642,3.381507021645737e-07,2.6813584593559004e-08,2.3471130107144925e-06
HTZ,-2.0693877390354146e-06,0.9337748725178792,-1.9323422722078565e-06,2.6129556323128015e-08,2.2872369561861187e-06
LKFN,-3.884274163391071e-06,0.7405360747835092,-2.8764451423406226e-06,2.4090510011555918e-08,2.1087501108096188e-06
SIGA,-1.05229093292034e-06,0.678273869938498,-7.137414433730715e-07,2.3900818938739926e-08,2.092145602618284e-06
CAR,-1.165645630058905e-06,1.480276869175963,-1.7254782638322387e-06,2.2724464044372547e-08,1.989173996261311e-06
MCS,2.291723102256441e-06,0.9434327027213119,2.1620865202506636e-06,2.0663171781650106e-08,1.8087398632628036e-06
TMDX,-9.016560326266754e-07,1.2236425950337537,-1.1033047275911439e-06,1.6515440401695e-08,1.445670380595427e-06
FAST,-2.713245110493884e-06,0.6635959465690399,-1.800498457372008e-06,1.609430352379533e-08,1.408806385706529e-06
LE,-1.0907487598213136e-06,1.3903262363098479,-1.5164966180020011e-06,1.4744276389679228e-08,1.2906324712772488e-06
UVV,1.7508909853655843e-06,0.1679816696151453,2.941175910358178e-07,1.3122438407819653e-08,1.1486657373923677e-06
FIBK,-3.4678664068499956e-06,1.1965903800551367,-4.149615581753078e-06,1.294748511762818e-08,1.1333512932439953e-06
RRR,-0.0001619683512239568,1.1313780262039501,-0.0001832474335152684,1.1475792622259094e-08,1.0045274654712098e-06
BKNG,6.893809408346872e-07,0.9898208849353008,6.823636529145204e-07,1.0674061019366702e-08,9.343483117036921e-07
M,1.7824176553622706e-06,1.5125272451208969,2.6959552659199434e-06,8.639378613606614e-09,7.56243458524959e-07
OUT,2.2071360709099427e-06,1.3038162060792442,2.877699778274451e-06,6.695343275773004e-09,5.860733487137526e-07
CLX,-2.2870799000584233e-06,0.24688359731287404,-5.64642513068392e-07,6.1954235565828104e-09,5.423131392896871e-07
MPT,1.9715440289496477e-06,0.7086628912028748,1.3971600916892217e-06,4.1452438556751555e-09,3.628517385391505e-07
BAND,-1.4696407884581146e-06,1.3059779947726269,-1.919318529946591e-06,3.460836189702517e-09,3.029424738217806e-07
NFBK,2.0879269014347465e-06,0.9025793966619715,1.8845198029712732e-06,1.2739727300140315e-09,1.1151653220694978e-07
KIM,1.303589111011321e-05,0.7485345610232109,9.757815029654968e-06,8.328028051533918e-10,7.289895509922215e-08
OCFC,3.5178985928532745e-06,0.9712644555752797,3.4168098615566782e-06,-4.1372653772244733e-10,-3.621533466284397e-08
ZYME,1.3252977636066915e-06,0.7468820345402628,9.89841090054226e-07,-1.8544448857130787e-09,-1.6232785675197155e-07
NEXA,1.4908716622765873e-06,0.6316050340198583,9.416420469714467e-07,-3.6479859966621243e-09,-3.1932453364429e-07
LBRT,-2.194585966418199e-06,1.9679101839341766,-4.3187480728334005e-06,-3.85900949841107e-09,-3.3779636477128e-07
SPB,1.5457489288343193e-06,0.9550832103215026,1.4763188493021056e-06,-4.3374176410975706e-09,-3.796735696714026e-07
QCRH,-2.765447488828845e-05,0.7680009607141902,-2.1238663282251977e-05,-7.131517145314927e-09,-6.242535987494548e-07
LYFT,-1.1208219056516638e-05,1.4108030074317375,-1.5812589152887385e-05,-8.624738068227111e-09,-7.549619060930458e-07
PDM,1.976052645576709e-06,0.936023600490119,1.8496319120707361e-06,-8.748052989408886e-09,-7.657562127964658e-07
UAL,8.668656625342809e-06,2.210625393892212,1.916315246691478e-05,-1.0177685299248653e-08,-8.908983243725798e-07
NEXT,-6.836947004617524e-07,1.1382957429256357,-7.782467669964304e-07,-1.0492387616841869e-08,-9.184456260601906e-07
NTGR,4.845181493631582e-06,1.4954044009154497,7.2455057288107596e-06,-1.0699758830293927e-08,-9.365977560539511e-07
MSFT,0.0004173747875147943,0.8595454699027103,0.0003587526078599477,-1.3729161456402053e-08,-1.2017749200254942e-06
TEN,2.7304047707909063e-06,0.7679985342729616,2.096946861939318e-06,-1.4049693181301986e-08,-1.2298324958126609e-06
EYE,-3.5521506206618403e-06,1.2985824313484005,-4.612760389494782e-06,-1.4823353948869032e-08,-1.2975544837885682e-06
AMPH,-1.1272887423361495e-06,0.8056835133346186,-9.082379544679525e-07,-1.491468387098326e-08,-1.3055490004379138e-06
CIM,2.8210481528304713e-06,0.9094750199498709,2.5656728250750393e-06,-1.5104827078732152e-08,-1.3221930860225626e-06
CASS,-1.8730273910090965e-06,0.6225674855779575,-1.1660859532391751e-06,-1.5423856651097865e-08,-1.3501191716784922e-06
BWA,4.698214050146496e-06,0.9548419445657985,4.486051839628236e-06,-1.5525140791899126e-08,-1.3589850256199597e-06
ALGT,5.821296993390238e-06,2.066550835681981,1.20300061664436e-05,-1.6070083225747242e-08,-1.4066862746682715e-06
BRC,8.534844921418776e-06,0.7121462297681895,6.078057632444562e-06,-1.883978807077059e-08,-1.649130930096955e-06
RHI,-0.00043704144053481885,1.06551740008842,-0.000465675259449558,-1.8958358309702243e-08,-1.6595099135375674e-06
WIX,-1.398007618316231e-06,1.2201909090526302,-1.7058361866557844e-06,-2.0303783324156754e-08,-1.7772809838451712e-06
DAVE,5.879034203330807e-07,2.3404047041055134,1.375931930507263e-06,-2.1434505604650496e-08,-1.8762581633711469e-06
JLL,9.526774225764884e-06,1.1723277879919585,1.1168502154789749e-05,-2.3091952305730164e-08,-2.0213418877458574e-06
WU,-8.200029667270405e-06,0.7475440673999294,-6.129883530271408e-06,-2.3843761948127575e-08,-2.0871511489841125e-06
USNA,-4.95570989378005e-06,0.8702460952142701,-4.3126871840768135e-06,-2.6218948968925473e-08,-2.2950618943730036e-06
ARDX,2.9355804737149103e-06,0.7037534973275366,2.0659250250632946e-06,-2.728289462557281e-08,-2.3881938172868094e-06
EOLS,-9.747023512636076e-07,1.239043863812611,-1.2076989673768971e-06,-2.8335652365015387e-08,-2.4803464117582547e-06
BANC,2.2628544972861565e-06,1.2024558649363797,2.720982661759402e-06,-3.0092814838145775e-08,-2.6341587037415616e-06
IBM,-0.00011966167981114663,0.7472442247229746,-8.941649915952908e-05,-3.0347956736740186e-08,-2.656492415509185e-06
USPH,-4.5037715465063155e-06,0.8257509360843512,-3.7189935704376565e-06,-3.10732491217908e-08,-2.7199805025862616e-06
URGN,-1.1997294259037749e-05,1.129853514686776,-1.3555185085305282e-05,-3.258164786041228e-08,-2.8520173920372254e-06
DORM,-1.8314976484510284e-05,0.7351745456302323,-1.3464704515228237e-05,-3.3566664107859036e-08,-2.938240270671021e-06
CORT,-8.218467890491519e-07,1.2831813337063915,-1.0545784588744061e-06,-3.356721188097304e-08,-2.938288219702166e-06
DRH,9.316686149500948e-06,1.1369130228671758,1.059226181333387e-05,-3.3699593120448466e-08,-2.949876141804231e-06
BMI,-3.0651190857610593e-06,0.9576104897383285,-2.935190188821946e-06,-3.3874220091885e-08,-2.9651620218121887e-06
ESRT,-3.691143869067721e-06,0.8626002827320013,-3.183981745062309e-06,-3.450160546893583e-08,-3.020079870489599e-06
VAC,4.391258009186232e-06,1.7979431686613951,7.895232339446024e-06,-3.716466308438704e-08,-3.2531892168247885e-06
AAT,7.03707574863064e-06,0.7199478275042285,5.066327397209322e-06,-3.8153384920758994e-08,-3.339736462234251e-06
MSM,-1.1594681523519771e-05,0.849235739598325,-9.846617939033346e-06,-4.102186174344688e-08,-3.59082707072682e-06
GATX,0.0002418573367522723,0.6564237450681054,0.00015876089876312453,-4.227893204675546e-08,-3.700864057910814e-06
TTI,2.3543726855369424e-06,1.6042709783837252,3.777051771706269e-06,-4.239225127783356e-08,-3.7107833971434903e-06
LDOS,2.5307470762761402e-06,0.5347862046414582,1.353408623829184e-06,-4.275438408153814e-08,-3.7424825014618927e-06
SCHL,2.8133767752859204e-06,0.5967961201083027,1.6790123438934456e-06,-4.3619251780815676e-08,-3.818188240186905e-06
NTRA,3.1102725448171454e-06,1.1936592674597115,3.7126056474464864e-06,-4.433826165000867e-08,-3.881126390545973e-06
EBF,8.491656411698661e-05,0.5095494871010008,4.326919169218978e-05,-4.5646269433410196e-08,-3.995622163232592e-06
PBI,-0.0003914976496765645,1.1026507312437712,-0.0004316851696960816,-4.6935739291828424e-08,-4.108495228415552e-06
CWK,2.9433864368304184e-06,1.3230311747002605,3.894192015116563e-06,-4.7425835278773334e-08,-4.151395522609476e-06
IMVT,-1.4039966762238192e-06,1.052455367880561,-1.4776438383782246e-06,-4.892882685463778e-08,-4.2829590989152386e-06
F,2.2907574507848242e-05,0.9110228614828255,2.0869324077770936e-05,-5.067241754407781e-08,-4.435583391958415e-06
BRBR,-1.148889726474754e-06,0.8636613048969963,-9.922516003499394e-07,-5.2108907765632373e-08,-4.561325807225965e-06
CENTA,5.583383350330934e-06,0.5926357423416578,3.3089125366014255e-06,-5.3450170419362386e-08,-4.678732527478928e-06
YORW,-1.0229546430909794e-05,-0.054324858633348794,5.557186637424523e-07,-5.386877005409774e-08,-4.715374426123233e-06
OFIX,4.796966212836222e-06,0.9570900335101514,4.5911285533904836e-06,-5.595128170488095e-08,-4.897665987084162e-06
ATEX,-1.3853902210390087e-06,0.6883525866780218,-9.536369422106381e-07,-5.5998193131758855e-08,-4.9017723541382244e-06
REZI,5.799255241506749e-06,1.6146760913739775,9.36391878623617e-06,-5.750878506428225e-08,-5.03400122366273e-06
XENE,-0.00010445875913026866,0.8995887739243683,-9.39699270516593e-05,-5.7958068238969525e-08,-5.073328989822609e-06
KYMR,-0.000873726431184958,1.4785313961440552,-0.0012918319601478586,-6.100831644391616e-08,-5.340330860563104e-06
PLAB,1.9434156446196274e-06,1.8058820741685837,3.5095794752773677e-06,-6.188407744575965e-08,-5.4169901387931765e-06
CUZ,1.420819872593449e-05,0.7938212351701168,1.1278769862163796e-05,-6.2002589527757e-08,-5.427364031497163e-06
CPB,-4.251649031793223e-05,0.14655418595521766,-6.230969628217451e-06,-6.373708287965807e-08,-5.579191993888387e-06
URBN,0.00019712815870862816,1.3185689513137324,0.00025992706950284285,-6.483700496451476e-08,-5.675473094504808e-06
CNXC,2.1356038399462772e-06,1.034378199259719,2.2090220542957713e-06,-6.732354101433757e-08,-5.8931307185269115e-06
AMSF,-3.2409887806091687e-06,0.28128098500292065,-9.116285165931617e-07,-6.883381174364961e-08,-6.025331471697416e-06
ACAD,1.0110572786183774e-05,0.9024765249970049,9.124554593804418e-06,-6.989294733749646e-08,-6.1180423482963595e-06
UTI,-4.272291093738758e-05,0.972334434361234,-4.154095744057013e-05,-7.196410345964875e-08,-6.299339909036983e-06
AMKR,1.2974049040258454e-06,2.09935983970586,2.7237197513492957e-06,-7.74979226277142e-08,-6.783739856495992e-06
COLB,-0.00047540573046397726,1.1948685203405667,-0.0005680473417209187,-7.804493672412558e-08,-6.831622447436101e-06
CHWY,-1.9104421797351528e-06,0.7357855189728532,-1.4056756906840582e-06,-8.531037313878267e-08,-7.46759859892227e-06
DOC,-0.0011701899118622696,0.48720270827853923,-0.0005701196942595228,-8.688343754369683e-08,-7.605295963427304e-06
ASC,3.4480823279193107e-06,0.45215346257502637,1.5590623638124738e-06,-8.955609115037243e-08,-7.839245289802271e-06
PARR,1.6503219174679377e-06,0.9364983566427587,1.5455237636402502e-06,-9.311628509345689e-08,-8.150884992256964e-06
BV,5.432546571680835e-06,0.9223255216466588,5.010576350595294e-06,-9.330154380305851e-08,-8.167101515867859e-06
OIS,3.9374354639191e-06,1.8940233629531664,7.457594758783115e-06,-9.494444421976167e-08,-8.310911938897926e-06
PAY,-6.5844644735021216e-06,1.0211713836992176,-6.723866697324502e-06,-1.0012373304642932e-07,-8.76427825957405e-06
KRNY,7.168296680313752e-06,0.8650562490595304,6.200979838418098e-06,-1.0030895459182888e-07,-8.780491530036082e-06
CFFN,1.0325337711038469e-05,0.824269848744763,8.510864553316275e-06,-1.0058407143754036e-07,-8.804573738283288e-06
MPC,-0.00010773813844499331,1.0479719572737152,-0.00011290654781922613,-1.0330575020662852e-07,-9.042814456439514e-06
CASH,-1.225805380276701e-05,0.8295248475517275,-1.0168360212021178e-05,-1.0517471565629734e-07,-9.206413363112638e-06
AKR,-9.694030444071743e-06,0.8209696049217126,-7.958504343768633e-06,-1.1185635762848755e-07,-9.791287375430664e-06
NAGE,-1.4138550692964222e-06,1.6548091653467525,-2.3396603271436873e-06,-1.1378779803898253e-07,-9.960354994908198e-06
ERII,-6.337971000294306e-06,0.920928351481682,-5.836817185039742e-06,-1.1386864452783041e-07,-9.96743184974584e-06
SLNO,-6.8347936354822125e-06,0.6919360661818474,-4.72924022130029e-06,-1.1884398184825189e-07,-1.0402945382698081e-05
SAIC,2.7153984796291964e-06,0.4129014113243616,1.121191864546921e-06,-1.192165160690984e-07,-1.0435554969589915e-05
HAE,2.434585685827337e-06,0.6965647293265064,1.695846519270506e-06,-1.2111097954720913e-07,-1.0601385832758625e-05
IART,2.290511832117828e-06,1.4270312863986847,3.268632046298512e-06,-1.2181626526973933e-07,-1.0663122647164986e-05
KSS,1.088326219544087e-06,2.1559470603284354,2.3463737137044336e-06,-1.2402420290767573e-07,-1.085639330587772e-05
GPI,2.249567536793423e-05,0.9264310858461178,2.0840692957957072e-05,-1.2681219415356e-07,-1.1100438651778431e-05
AWK,-6.813798286412914e-06,-0.22610996331709748,1.5406676805909258e-06,-1.2724398531950445e-07,-1.1138235264162112e-05
BKR,-2.659074418183676e-05,1.1664211590329323,-3.101600664812624e-05,-1.293994887293123e-07,-1.1326916120320925e-05
MTRN,1.8883701460981986e-06,1.1567329116940483,2.184339897452285e-06,-1.3337809533348523e-07,-1.167518135478018e-05
ACMR,1.645174019378831e-06,1.9030333389250456,3.1308210072112346e-06,-1.3595698597194477e-07,-1.1900923189096214e-05
PAX,7.0374795053435104e-06,1.003876858935761,7.064762820649036e-06,-1.3682263466474415e-07,-1.197669729167799e-05
PRVA,2.3157264388366288e-05,0.5712456925902154,1.3228487534027031e-05,-1.3714034241572887e-07,-1.2004507672395239e-05
FRSH,0.00022036718383135087,1.3087368016094743,0.0002884026433471292,-1.4412625572519348e-07,-1.261601591603032e-05
PRTA,-3.597472311681623e-06,0.580320337164072,-2.0876863448534932e-06,-1.4454843681545233e-07,-1.2652971315498327e-05
TRIP,-8.508836259831328e-06,1.8443771453287674,-1.5693503130977612e-05,-1.471456745269871e-07,-1.2880319151196726e-05
CRAI,7.665523072214528e-06,0.6765872362642917,5.1863950699497906e-06,-1.5175428627497803e-07,-1.3283731554238114e-05
CPRI,0.00034444269838121173,2.2002042357075395,0.0007578442839368765,-1.5457991267419727e-07,-1.3531071273472033e-05
PFS,1.52754623036238e-05,1.0095987478384778,1.542208761439246e-05,-1.5590650117059155e-07,-1.364719349908819e-05
NU,0.00037687442269619117,1.2312577329149783,0.0004640295472825536,-1.6842670349511173e-07,-1.4743142817991199e-05
GBX,5.354957990024103e-06,1.1053249291383502,5.918968560862234e-06,-1.7025152369707492e-07,-1.4902877493647779e-05
PB,0.00015902422456648613,0.7806829413295222,0.00012414749937721085,-1.7801315756308046e-07,-1.5582288027802168e-05
GOOD,-2.554750412856328e-05,0.5218695247110019,-1.3332463837125677e-05,-1.7853997035085537e-07,-1.5628402307826267e-05
ACA,1.9187259216275585e-05,1.1255207452994558,2.159565829335635e-05,-1.791316599056128e-07,-1.5680195541492184e-05
MSBI,7.744558448759049e-06,0.7431870380821161,5.755655454787065e-06,-1.8042881157823248e-07,-1.5793741030236985e-05
WBS,9.548846259401838e-05,1.4083571858876263,0.00013448186246364758,-1.849939145298342e-07,-1.619334491369274e-05
NEU,-9.135803142134688e-06,0.5323546788070715,-4.863487547375747e-06,-1.8716621656482337e-07,-1.638349622866274e-05
VLO,-0.0001279451861788031,1.0438670682317532,-0.00013355776639083303,-1.9004074349088632e-07,-1.663511642976902e-05
RELY,-3.4983500386717645e-06,1.036588011691237,-3.6263477107867263e-06,-1.9646855079114515e-07,-1.719777115771715e-05
YUMC,-4.25458636187936e-06,0.6586447204917665,-2.8022608451281125e-06,-1.9854868933921883e-07,-1.7379854990381778e-05
BROS,-1.576225831377541e-05,1.7114606718397871,-2.697648520340633e-05,-1.990991610577055e-07,-1.7428040242449896e-05
FSK,9.567015311481036e-06,0.790313012144781,7.560936688051818e-06,-2.0023720225353733e-07,-1.7527658079376765e-05
SHC,1.6870974247319482e-05,1.2856573103259064,2.1690291373386397e-05,-2.0385016322211144e-07,-1.7843916715627174e-05
WSFS,0.00022818956638651582,0.9698184061444933,0.00022130244157177382,-2.0433852645234004e-07,-1.7886665333874188e-05
GNTX,0.0008227818895961614,0.6844294761537417,0.0005631361776850865,-2.08013567412255e-07,-1.8208358109483052e-05
ANF,6.1441677781161725e-06,1.436688602207366,8.827255816869262e-06,-2.093129168875747e-07,-1.832209598173011e-05
MOV,0.00015779613123150318,1.0720573739973123,0.00016916650607498056,-2.1228039450955228e-07,-1.8581852573067053e-05
DOX,0.0005331458003479294,0.6033062720212479,0.00032165020525169377,-2.1295463344963207e-07,-1.8640871723716975e-05
RLI,-6.522084061363535e-06,0.2976522162169421,-1.9413127752180507e-06,-2.28548185718968e-07,-2.000584511199743e-05
FTDR,3.928552816235937e-06,0.8984846416951199,3.5297443694760996e-06,-2.383297112469586e-07,-2.0862065799361163e-05
PD,9.1852633394614e-06,1.3845241397256955,1.2717218823221764e-05,-2.3906492226201856e-07,-2.0926422108494197e-05
BPRN,-2.927236168315574e-05,0.40120958356235653,-1.1744352040785596e-05,-2.435550484375617e-07,-2.1319462939331062e-05
ORN,1.0876196452965624e-05,1.350191853906139,1.468495185227703e-05,-2.475979531662158e-07,-2.167335647626542e-05
ALK,0.0002442410490922779,1.8425549535336336,0.000450027554861228,-2.514944144454356e-07,-2.2014431162952363e-05
ATEN,-2.7677017971423753e-05,1.0770849175113033,-2.9810498618709812e-05,-2.54504442191792e-07,-2.2277912357025233e-05
CMG,-9.070058090722175e-06,0.9497658187584418,-8.614431148721376e-06,-2.659971376529099e-07,-2.3283919403597025e-05
HUN,8.806741421144731e-06,1.5548814417498642,1.3693438798027767e-05,-2.7270447077481483e-07,-2.387104227717958e-05
HGV,6.112654566676581e-05,1.4376740940754942,8.788005116543186e-05,-2.851572419253723e-07,-2.496108904377059e-05
LNTH,-0.0002060723792905055,0.5182206888396739,-0.00010679097034675631,-2.885137144497833e-07,-2.525489609909594e-05
SFM,-1.615602204800296e-05,0.7836066106863921,-1.2659965679210223e-05,-2.8908435601503967e-07,-2.5304846908082123e-05
MMS,5.723251404948036e-06,0.4410685622933106,2.5243462688236e-06,-2.909524944518501e-07,-2.5468373422620087e-05
PRSU,-2.5642050492160596e-05,1.3011087897667124,-3.3363097282992004e-05,-2.963907113588485e-07,-2.5944404876488795e-05
NGVC,-6.038047055416548e-06,0.4009464101965069,-2.420933291466854e-06,-2.973043114761989e-07,-2.6024376381773418e-05
CHE,-7.322632683808734e-06,0.2828337832398493,-2.071087905237396e-06,-3.0583134002747565e-07,-2.6770785336741835e-05
ALV,-4.297297092822576e-05,0.9905580156560447,-4.2567220809508205e-05,-3.0706969262029234e-07,-2.6879183878992326e-05
OSPN,-0.0001643965440951637,1.0945709357816802,-0.00017994367910951757,-3.0941400621459086e-07,-2.708439213524668e-05
ZION,-0.00021649586352916441,1.2728420515876797,-0.00027556503909470796,-3.154434196791622e-07,-2.7612173668532316e-05
CBZ,7.784530363333289e-06,0.7366174680872077,5.734221046486558e-06,-3.240338239821599e-07,-2.8364130186561873e-05
DLX,5.526621885779803e-06,0.9571632236284418,5.289879219968494e-06,-3.3506325972529187e-07,-2.932958603761444e-05
BFH,0.00018434017422021783,1.514853753784486,0.0002792484048907831,-3.403181732287821e-07,-2.9789572124561728e-05
AAL,7.908830232029935e-05,1.8847675341081218,0.00014906306454102826,-3.4271067821857357e-07,-2.999899878924899e-05
VTOL,3.2159222180184205e-05,1.090120682699413,3.505743323814451e-05,-3.4349573659449586e-07,-3.0067718460871717e-05
NN,-1.2598555297288317e-05,1.2533573839660106,-1.579049230916041e-05,-3.5025847959326516e-07,-3.065969160885368e-05
TMHC,8.08845822894702e-06,0.7466328728004551,6.0391088040051945e-06,-3.635977539581755e-07,-3.182733796759126e-05
CENX,7.5149352768707e-05,1.8688566592310503,0.00014044336835870142,-3.6667419902044814e-07,-3.20966329664458e-05
MIR,-0.0002404013900456591,1.4792271296820252,-0.0003556082581688093,-3.7382659623221217e-07,-3.272271429081904e-05
XOM,-7.730056853488429e-05,0.531838791818392,-4.111144097646767e-05,-3.747070886744677e-07,-3.2799787733194594e-05
PRDO,7.764403091196663e-05,0.551906529002893,4.2852247598416835e-05,-3.794035323598644e-07,-3.321088845863548e-05
EWBC,-0.0001257344835902628,1.296024439574666,-0.00016295496363028037,-4.0434264801582846e-07,-3.5393920817758684e-05
DK,8.621255587251743e-05,1.385329231782597,0.00011943277379688879,-4.165984127939415e-07,-3.6466722735256705e-05
MRSH,-1.393465355296431e-05,0.35473250488526603,-4.943074559551401e-06,-4.3246629925652194e-07,-3.7855709822712716e-05
MYGN,-5.775356208744054e-05,1.3399150587017588,-7.738486753462856e-05,-4.414112567618232e-07,-3.8638701968642514e-05
HCSG,0.00019675882225552932,0.7920000325592278,0.00015583299363269452,-4.495491376555606e-07,-3.9351047088284745e-05
MGNI,-6.329653612009162e-05,1.8599973442252162,-0.00011773138908202589,-4.5616815946421173e-07,-3.993043967755533e-05
PRGS,1.5308738586042928e-05,0.809224341281743,1.2388203898144991e-05,-4.6068975972326693e-07,-4.0326235575722103e-05
QLYS,-0.00015988765829696102,0.9234275276906854,-0.0001476446650094158,-4.6455289681264906e-07,-4.0664393246995963e-05
ONB,-0.00033248682283163605,1.277661361792932,-0.00042480556683727346,-4.7500875875822987e-07,-4.157964161765217e-05
RBCAA,7.682689461790099e-05,0.6349278392520018,4.877953419618512e-05,-4.802982407331648e-07,-4.204265363754793e-05
CMC,0.00015983577555935704,1.2958234537582114,0.00020711894671944836,-4.812333529406953e-07,-4.212450819232089e-05
ALSN,-0.0003019271165158835,1.0782021474788988,-0.00032553846540953724,-4.866087330304067e-07,-4.25950392584704e-05
BANR,-0.0002848731731848479,0.8329201577389644,-0.00023727660834472285,-4.937042588283188e-07,-4.321614237357349e-05
LIVN,-0.00012691217462892237,0.9731376572784084,-0.00012350301629849778,-5.082404605131315e-07,-4.4488561135106376e-05
SMBK,-8.130570054099478e-05,0.813374469275643,-6.6131981026616e-05,-5.128981137972305e-07,-4.4896266363191844e-05
CCS,7.203625392689974e-06,0.762634315297038,5.493731919010474e-06,-5.402746274075579e-07,-4.729265506902108e-05
HLIT,-8.131417943196507e-05,1.2053171885123317,-9.800937813912341e-05,-5.521586608380081e-07,-4.8332917678708716e-05
WASH,0.00022529200633659624,0.9254642977660356,0.00020849970843659927,-5.640187674732323e-07,-4.93710858689731e-05
MWA,-7.428050196900109e-05,0.9757850174635223,-7.248180091102093e-05,-5.726144750855433e-07,-5.0123506609391334e-05
IDCC,-0.00021832424215700852,0.9306868093027988,-0.00020319149232655786,-5.76681559012855e-07,-5.0479516659750446e-05
LGND,0.00014517994522441946,0.8894572683595768,0.00012913135749990513,-6.137154275020501e-07,-5.372125684054519e-05
SFNC,0.0012874588284537635,0.8689752761417738,0.0011187698909767738,-6.524299457610403e-07,-5.711011181411882e-05
AWR,-0.00040113337092201903,-0.030078795946687054,1.206560881137014e-05,-6.658271514366492e-07,-5.828282915963901e-05
PLNT,0.0001609331190121553,0.4929423968691727,7.933075742148365e-05,-6.843395485042326e-07,-5.9903302090635166e-05
ENOV,2.7599799500087158e-05,1.4907014598858155,4.114306140733573e-05,-6.996558348225391e-07,-6.124400514986586e-05
EGP,-0.00015420733968914827,0.6794031019057344,-0.0001047689449214386,-7.020809548396782e-07,-6.1456286753801e-05
MUX,-1.2150721809928772e-05,0.8003538183252685,-9.72487659598461e-06,-7.345896050131783e-07,-6.430191433174582e-05
SOC,7.275695965937468e-06,2.3984288236290734,1.7450238916666196e-05,-7.409499384105689e-07,-6.485866276712972e-05
CLBK,0.0005150007717931451,0.7952440547481276,0.00040955130195919584,-7.503624354582537e-07,-6.568258074075415e-05
RAMP,3.9914177364299684e-05,1.096273229742992,4.375684413169544e-05,-7.646127053639397e-07,-6.692997061453713e-05
CVX,-0.00035074335553195824,0.6783270085749122,-0.00023791869113552012,-7.852612375231298e-07,-6.87374290061553e-05
MFA,5.307381990690789e-05,0.824957427301024,4.37836419274406e-05,-7.89839473004283e-07,-6.913818243867139e-05
BTU,4.1080226751071464e-05,1.035708104510645,4.254712378121972e-05,-8.319154096565111e-07,-7.282127740159426e-05
NBR,1.6465266043669492e-05,2.241564315444015,3.6907952807781585e-05,-8.483201295485785e-07,-7.425725592067103e-05
ACN,-0.0005924503938478644,0.8300343119805687,-0.000491754155040129,-8.538110586008442e-07,-7.473790150442406e-05
ECL,-8.398543384432035e-05,0.5694424193975294,-4.782486864246093e-05,-8.727153226123147e-07,-7.639267630204522e-05
VVX,1.671805139231955e-05,0.9212000274319769,1.540066940121397e-05,-8.741458086486727e-07,-7.651789314412265e-05
SKYW,0.00018344898221573305,1.3789920977995822,0.00025297469682487194,-8.880047836001675e-07,-7.773103122009752e-05
TRMK,0.00018465396047890416,0.9425268915431456,0.0001740413233813124,-8.917016608351016e-07,-7.805463542254392e-05
FET,-0.0001492721877413319,1.5240782750988642,-0.00022750249841304297,-9.105808164011152e-07,-7.970721236561098e-05
EQBK,0.0003902541799400997,0.7565166046802537,0.000295233767170561,-9.223604046166198e-07,-8.073833241839614e-05
VRTS,4.259956326160546e-05,1.1117881586406237,4.7361689997515094e-05,-9.267835166623683e-07,-8.11255072026627e-05
FHI,-5.205554547704694e-05,0.7695683420185019,-4.006029982563974e-05,-9.282740412334685e-07,-8.125597948626999e-05
NDAQ,-3.680757227629112e-05,0.9135018872929785,-3.3623786741064656e-05,-9.315845683886365e-07,-8.154576473788774e-05
FCFS,-0.0002380020657794225,0.3586301774052526,-8.53547230732909e-05,-9.320574669075623e-07,-8.158715966077264e-05
OMER,-3.0127249229874844e-05,1.2468680454894794,-3.756470436322847e-05,-9.824733637280898e-07,-8.600028864624684e-05
DOV,-0.0018589894430304222,1.1284310348308613,-0.002097741380938466,-9.863453962308613e-07,-8.633922497284852e-05
FRME,0.00015711647409817012,0.8340390918141404,0.0001310412813658777,-9.988253170297403e-07,-8.743164826961175e-05
PEGA,0.0002103671730917083,1.4219391698052437,0.0002991293234602997,-1.0106232433391724e-06,-8.846437353779431e-05
SWX,-0.0001833766088249509,0.33826827443652574,-6.203048903923791e-05,-1.0239901728802017e-06,-8.96344406778137e-05
MTX,7.81218769816496e-05,0.956740830571406,7.474238946922065e-05,-1.0519975878314199e-06,-9.208605500036403e-05
OWL,-0.00032239569766045556,1.7577420307526477,-0.0005666884683116058,-1.0541659572883373e-06,-9.227586207918292e-05
UPS,0.0001981240246409248,0.8255062313331074,0.00016355261691787754,-1.060021609465218e-06,-9.278843350963153e-05
FLYW,-0.0006274155233041463,0.9456157075512373,-0.0005932939739978801,-1.0715440279716317e-06,-9.379704234732485e-05
SUI,-0.0008803314536044237,0.4370907984836536,-0.00038478477798623305,-1.073556583669691e-06,-9.397321035079416e-05
HIFS,0.00033241542518624333,1.0808502273876435,0.0003592912878997113,-1.0962793274299519e-06,-9.596223376289144e-05
SYF,-0.0015250254426183547,1.6248769415511795,-0.002477978676989446,-1.102845839584287e-06,-9.653702994721649e-05
ABNB,-0.001553406713236204,1.3044493460011626,-0.002026340371154782,-1.103029702139444e-06,-9.655312425918312e-05
RPD,2.088364304540357e-05,1.1711236052558536,2.4457327334209363e-05,-1.108806581955639e-06,-9.705880039251078e-05
ANGO,-7.74815861278215e-05,1.0602464727501657,-8.214957839511092e-05,-1.1588067736699808e-06,-0.00010143554085037336
APTV,9.090433807822787e-05,1.2999912836288798,0.00011817484714574911,-1.159898141297246e-06,-0.00010153107314104822
MCRI,8.226785278776664e-05,0.7162967849904128,5.8928198459941815e-05,-1.1628639989579532e-06,-0.00010179068792992823
BL,0.00022148747412399725,0.9416399732977832,0.00020856145921991422,-1.163650025153157e-06,-0.00010185949231910224
WOR,0.0001389397842878182,0.8652671861946203,0.00012022003620120798,-1.1746736086403147e-06,-0.00010282443589600916
BXC,1.2459629341667915e-05,1.226468722038715,1.5281345675751524e-05,-1.1896882933353713e-06,-0.0001041387384159344
LMND,0.0001621112138075277,2.1972262310692345,0.00035619501132837293,-1.2004991354785911e-06,-0.00010508505979130273
FRT,0.0004979220310706606,0.7570515012312362,0.00037695262111814987,-1.2087853994302462e-06,-0.00010581039354379982
PSX,-0.0008370474217753236,1.1374933639584912,-0.0009521358875879949,-1.2143700619850854e-06,-0.00010629924404035229
SYBT,0.0005308740295565672,0.8792877171596809,0.000466791013548155,-1.2250365373509122e-06,-0.00010723292834586702
MTB,-0.00031340948638043957,0.9747082557036633,-0.00030548281379085923,-1.2541371878820799e-06,-0.000109780238469347
HII,0.00044404557646495775,0.635226053876259,0.0002820693192790437,-1.2703724529436328e-06,-0.0001112013838490484
CLF,0.00019092124040805328,2.086999655466498,0.00039845256295284367,-1.2738549693983319e-06,-0.00011150622409345253
DOW,0.001740231538974645,1.5401694941495765,0.0026802515290857178,-1.2909295876102591e-06,-0.00011300084180927349
MITK,-9.849173960992469e-05,1.0341030898215882,-0.00010185061225252642,-1.2958053054929154e-06,-0.0001134276352071881
HLF,6.469191931977419e-05,0.908306854240648,5.87601137321339e-05,-1.304945766155346e-06,-0.00011422774061904968
SRE,-0.00014795059108092652,0.6648411598060984,-9.836364256824097e-05,-1.3153953682587197e-06,-0.00011514244103771393
NSSC,0.0005239144414504152,1.143239373865201,0.0005989596180027092,-1.3349201438039971e-06,-0.00011685153198576306
OMCL,2.5234121626589818e-05,0.9517133569688769,2.4015650603402732e-05,-1.3481514404535191e-06,-0.00011800972657203168
EQIX,-0.00169869446150296,0.7425436347995023,-0.001261354759858191,-1.3720822194912558e-06,-0.0001201044947161424
QTWO,6.57500983714239e-05,1.325930733093936,8.718007613462049e-05,-1.3803766998118207e-06,-0.0001208305476841663
YUM,-6.042740727203674e-05,0.3729704492771104,-2.2537637238902475e-05,-1.3879077299129745e-06,-0.00012148977243917152
KNSL,-0.0006482912930936489,0.5624759967253671,-0.00036464829125122726,-1.3889242328981204e-06,-0.00012157875149281282
ACHC,-7.409295697587246e-05,0.6848357873840251,-5.0741508530182307e-05,-1.3947059829429472e-06,-0.0001220848539390397
WK,0.00015091228115540712,0.903413029919997,0.0001363361211707448,-1.428872615199838e-06,-0.000125075612105768
HCC,2.765491229139406e-05,0.6790020715669987,1.877774273486022e-05,-1.4477244169425395e-06,-0.00012672579464631251
KALU,5.768034753683991e-05,1.268148549178064,7.314724904493005e-05,-1.4827588402970869e-06,-0.0001297925144499038
NBTB,-0.00031275758752111643,0.8000971898346634,-0.000250236466875114,-1.4852662953524572e-06,-0.0001300120032080632
IPAR,0.0013231342332607715,0.8101899278432021,0.001071990028972415,-1.4990075257310469e-06,-0.00013121483457483838
FISV,-0.0004567887439582393,0.7483068939832688,-0.0003418181661979087,-1.4992011137636592e-06,-0.00013123178020135384
HAFC,0.00025334172540039283,0.8088820747835556,0.00020492358047111554,-1.508962847071784e-06,-0.00013208626838717174
KBH,2.1497218663396703e-05,0.6886783620091247,1.4804669336860027e-05,-1.5348401697384622e-06,-0.00013435142620303524
ASTE,4.311516058394187e-05,1.1458143287427716,4.940196878312616e-05,-1.5575820444523776e-06,-0.0001363421242330887
GSBC,8.525477765680165e-05,0.7612360126807296,6.489900700544584e-05,-1.571047244631504e-06,-0.0001375207934416769
WDFC,-0.00029601177785478703,0.16540498936474618,-4.8961824967910656e-05,-1.60320735939488e-06,-0.0001403359121559917
LNN,0.00040166814668821685,0.8265288165204377,0.00033199029791616943,-1.6087106889746651e-06,-0.0001408176432133926
BOX,-0.0002030632478022626,0.5430284360821253,-0.00011026911787981971,-1.6154110147708135e-06,-0.00014140415270440422
MDU,-0.0003960108422130378,0.49351307111405396,-0.0001954365269350193,-1.6218538716985357e-06,-0.0001419681247935691
ADC,-0.00022038010404616275,0.07941274430065323,-1.7500988851569277e-05,-1.622788847185197e-06,-0.00014204996738055277
LAZ,0.0009684441222141054,1.7797771497678674,0.0017236147195436647,-1.6275248701134174e-06,-0.00014246453265417673
EVR,0.00013127072834436606,1.8636520992803225,0.0002446429684530347,-1.668912127487147e-06,-0.00014608734443902866
SHEN,6.705742896130782e-05,0.5685979876535804,3.8128719164622546e-05,-1.6734487262296076e-06,-0.000146484453221544
SMPL,0.00011846376729045075,0.45903060466829476,5.4378494730619766e-05,-1.7068096280251161e-06,-0.00014940468219653216
ENPH,4.4665855532508864e-05,1.2031868228168494,5.3741368806555736e-05,-1.721193939372513e-06,-0.00015066380531734584
QNST,0.00030355243916354614,1.2140684854347759,0.0003685334500653184,-1.7318566624439675e-06,-0.00015159716116774815
UNIT,0.0003939504717072565,1.147583204245277,0.0004520909446357517,-1.7607769091802068e-06,-0.00015412867974001716
INSW,5.4242897469026206e-05,0.6453881207430409,3.500772166119227e-05,-1.7607836255826502e-06,-0.00015412926765676904
GNL,-0.00032676020678741406,0.47779842910771253,-0.00015612551349793773,-1.7733869981922084e-06,-0.00015523249724278576
PTC,0.0001789849470590518,1.0151644876220784,0.00018169916207326714,-1.781396627489684e-06,-0.0001559336159264705
ANIP,0.0002546359002507157,0.6100466341992138,0.00015533977389423583,-1.7833333196118794e-06,-0.00015610314325176683
MCB,0.00012384288339046165,0.9821690483053708,0.00012163464691900272,-1.786729860756542e-06,-0.00015640045769267077
TRN,0.0009161576278972961,1.0402424146591827,0.0009530260230523123,-1.8269759610313095e-06,-0.00015992337889165578
WGO,3.4109367103351686e-05,1.3619149077467183,4.645405555186016e-05,-1.827404558242944e-06,-0.00015996089592293047
BRSP,0.0003141227226137264,0.758172078089884,0.00023815907737930115,-1.8283817640057809e-06,-0.00016004643511490597
CAG,-0.0004382747490606764,0.09461999969759768,-4.14695566235859e-05,-1.8317920936371886e-06,-0.00016034495652373786
ADT,-0.0010386506853038442,0.6924771111782992,-0.0007192418260825668,-1.8403535718785223e-06,-0.00016109438101418852
CTRE,-0.00020385084256350315,0.21855181527630685,-4.455197168785825e-05,-1.8423220765163527e-06,-0.00016126669303129245
ETSY,0.00017406507057353909,1.0254379209486257,0.00017849292407870574,-1.8628823692726452e-06,-0.0001630664274332338
AVNT,0.0003188808272429488,1.4393928152682407,0.00045899477166029356,-1.9087687110853677e-06,-0.00016708306420579742
INGR,-0.0008766416555910656,0.32269305897215506,-0.0002828861774650954,-1.911168411270169e-06,-0.00016729312069809177
CBRE,0.0005812320135807404,0.9870315055461135,0.0005736943094361973,-1.9393178366378227e-06,-0.00016975716582767983
ECPG,2.4245388729553937e-05,1.5532384182495753,3.7658869240138436e-05,-1.9525207778147384e-06,-0.00017091287833258232
ASTH,6.653749125430804e-05,0.5366323306149828,3.5706169005073364e-05,-1.9549315644785764e-06,-0.0001711239052739824
IFF,0.0002297552339798518,0.7747160274703468,0.00017799506215939083,-1.9652301630457526e-06,-0.0001720253876776052
CSV,-0.00031065468797491277,0.5136017972605734,-0.00015955280607133783,-1.976179890384224e-06,-0.00017298386629542028
CRGY,0.00013278397485781422,1.7757074293372714,0.00023578549065195417,-1.9991018950853575e-06,-0.00017499033190907095
CRC,-0.0001787441061798242,1.2981658691449112,-0.00023203949795346177,-2.0046276458474485e-06,-0.0001754740255928608
KIDS,0.0003311298974588544,1.0767230224306616,0.0003565351840090528,-2.0269882574950576e-06,-0.00017743134996113063
CELH,-0.00033187805864780457,0.8019231066046913,-0.0002661406838047814,-2.054112977980367e-06,-0.00017980569808832418
FIVN,0.000142468584311919,1.8172267111642426,0.00025889771691337416,-2.0542560851094974e-06,-0.0001798182248955303
PLUS,0.00022171912953800703,1.0057012864951909,0.00022298321381696753,-2.0576523138915805e-06,-0.0001801155119939403
TRST,0.00014437212898114259,0.7505379318030844,0.0001083567590955149,-2.0622588715104493e-06,-0.00018051874458987043
CACI,4.326848719565468e-05,0.4076745414839576,1.7639460678193013e-05,-2.0853688221598806e-06,-0.0001825416619531565
VEEV,0.00010468250764198472,0.6714037272284767,7.028422580645205e-05,-2.0897769838990818e-06,-0.0001829275280702104
TNDM,0.00010592230992164096,1.2669651844815082,0.00013419987893057933,-2.090500914420279e-06,-0.00018299089694725205
WKC,0.00013170897260979491,0.7656778497686059,0.00010084664294309998,-2.1027006823723632e-06,-0.00018405879721206458
ITIC,-0.00021313159436555862,0.8787442539578122,-0.00018728816388560187,-2.1144599274652077e-06,-0.00018508813654031784
INVA,-0.00016334556537156019,0.07573862767086917,-1.2371568957364218e-05,-2.1194816257108037e-06,-0.00018552770825244736
HLX,6.465167823405803e-05,1.4145547337047795,9.145333748794504e-05,-2.132715508020319e-06,-0.0001866861291731022
TYL,0.00015262003746528097,0.6471294380022257,9.87649190727859e-05,-2.1566222829271004e-06,-0.00018877879612824735
EXR,0.00021744183186102865,0.5794545705864764,0.00012599766330856916,-2.1718928186343187e-06,-0.000190115494431823
TALO,7.307249553048345e-05,1.537349759273019,0.00011233798341326749,-2.1879194766850377e-06,-0.00019151837950665741
CDW,-0.00020141995798087718,1.177870679888736,-0.00023724666285009644,-2.1947348477639803e-06,-0.00019211495942593
LTC,-0.00024587128411328053,0.16627774442864132,-4.088292254212992e-05,-2.2118168771548138e-06,-0.0001936102258753947
AN,0.00040403580969888586,0.987720243993861,0.00039907434853804074,-2.2131477997708e-06,-0.00019372672748588752
IRDM,-0.00020873636608202914,0.9946001220056587,-0.00020760921517220404,-2.21363789851397e-06,-0.00019376962802134618
MMI,0.0002783015616333722,0.8512543935138384,0.00023690542706217036,-2.215812970133459e-06,-0.00019396002177043723
NKE,0.00010711719426699028,1.0858401378971405,0.00011631214899402352,-2.2399164543916525e-06,-0.00019606990757509567
RIVN,-6.354969157906181e-05,1.2308096288565542,-7.821757230637356e-05,-2.2568379878762043e-06,-0.0001975511250999011
RIG,0.00011689618185272868,1.704455685995221,0.00019924436183001474,-2.2595695080604496e-06,-0.00019779022728115184
WLY,0.00018049778981578716,0.5498570932107586,9.92479900390752e-05,-2.262912989074409e-06,-0.0001980828971314495
ERIE,-0.00035382509593573244,0.34702049485488895,-0.00012278455988369642,-2.2709276670403457e-06,-0.00019878445774766998
EL,0.000564213398962081,1.4491016592950337,0.0008176025726324424,-2.2885885738619402e-06,-0.00020033039592827186
HRL,0.0003614575446038843,0.07903528631381582,2.8567900528056848e-05,-2.2898779228956777e-06,-0.00020044325841713
PHR,0.00033686293996408964,1.051602968513668,0.0003542460676484782,-2.301551864592083e-06,-0.00020146513075748604
KREF,0.00035411532971950133,0.8135000916143064,0.00028807285316884466,-2.3135610889099595e-06,-0.00020251635188559466
KFY,0.00010304194317841118,0.8105529784443075,8.352095394795027e-05,-2.3343926224381042e-06,-0.00020433982920569862
KLAC,5.884612775246976e-05,1.7938000670863283,0.00010555818791015091,-2.349264930605793e-06,-0.0002056416688712584
AVPT,0.00030134886961026656,1.1350272978069753,0.00034203919317092737,-2.366854103522414e-06,-0.00020718132786225454
SFIX,0.00013672305899497755,1.9783716988137778,0.0002704890304909101,-2.375982552884014e-06,-0.00020798038187122154
ATRC,0.00014915876575140785,1.0140710672310058,0.00015125758877238975,-2.3833674645298785e-06,-0.00020862681622417072
VICI,-0.0002509972111079285,0.34395857197576185,-8.633264230258192e-05,-2.3909533307728307e-06,-0.0002092908410319784
PYPL,-0.00032326740840354424,1.276451620658006,-0.0004126352073626176,-2.3945717228382213e-06,-0.00020960757507642932
DKNG,0.0002558325678548802,1.223955570463134,0.00031312769653186833,-2.4136044857676652e-06,-0.0002112735979591838
UVSP,-0.00042146312705014895,0.8679972188135274,-0.00036582882211198164,-2.420335458875345e-06,-0.0002118627901464753
GWRE,-0.001034390917397483,0.8872357491623194,-0.0009177486005238546,-2.4296778075136927e-06,-0.00021268056771601981
ZBH,0.0021151132540608536,0.34976205021779744,0.0007397863481831612,-2.433907109804467e-06,-0.00021305077746542068
RGNX,0.00011882317805769151,1.8655397855778475,0.0002216693661154242,-2.449997782236348e-06,-0.00021445926600540817
LZ,-0.0002565001795796125,1.1066224411186896,-0.00028384885487377307,-2.4521409579086114e-06,-0.00021464686775955129
AMAL,0.0010478573813954804,0.9455294937004718,0.0009907800593011709,-2.4535737293703838e-06,-0.00021477228465513912
XYL,0.0003261574989542757,0.895841391184873,0.00029218538760857716,-2.4759731491241005e-06,-0.00021673300607054558
PLOW,0.0004069864637565479,0.7173718991175925,0.000291960652420188,-2.5239163195321414e-06,-0.00022092968625133148
BFST,-0.0008615766514740258,0.9041878842026392,-0.0007790271695746941,-2.5435847225434177e-06,-0.00022265134955400052
NSP,0.00015650855107415717,0.8749610325293841,0.0001369388834475224,-2.5592292993524234e-06,-0.00022402078934849782
XNCR,8.389556432931378e-05,1.4383611623101171,0.00012067212142137497,-2.5617064802260733e-06,-0.0002242376280720989
OCUL,-0.00020522247140991183,1.1766937096464907,-0.00024148399118615002,-2.5632399539348583e-06,-0.00022437185988586177
EGBN,0.00014809049278193638,0.9437379413210083,0.00013975861678723828,-2.566094569726392e-06,-0.00022462173717628975
NET,-0.0009679271117432738,1.669098812469639,-0.001615565992767866,-2.6083558336139863e-06,-0.00022832105466119023
BE,3.782312134834019e-05,1.9750922089048437,7.470415229156918e-05,-2.6228007064379494e-06,-0.00022958547899897103
SD,0.00043857063543842545,0.8722319545112195,0.0003825353225396853,-2.6283883930143384e-06,-0.0002300745942016578
KMB,-9.943013750342263e-05,0.06751893814775342,-6.7134173041162104e-06,-2.6679740030831345e-06,-0.0002335396997381947
EIG,-0.00016402414582032557,0.3876600064399381,-6.358560142501276e-05,-2.6725091639633993e-06,-0.00023393668265819974
ZS,8.909739758598153e-05,1.2839402644851696,0.00011439573622148543,-2.7014539866083976e-06,-0.00023647035246970334
CGNX,0.0001605336690375548,1.4791723417854665,0.00023745696316569297,-2.717531406413771e-06,-0.00023787768094800667
WAFD,-0.00026170379609509546,0.8646871701660662,-0.0002262919148671853,-2.74261239431994e-06,-0.00024007313201985936
CCRN,0.0004895608015357764,0.40582658509679964,0.00019867678828451623,-2.751183792911759e-06,-0.00024082342488296693
ROOT,0.0003129615183075091,2.0778491112359956,0.0006502868126663255,-2.770681668058195e-06,-0.00024253016111876584
XP,-0.00037372619702036417,0.8091434307169867,-0.00030239809720586993,-2.8200513573261042e-06,-0.00024685171087692376
MMYT,-6.465578309397223e-05,1.0450948768643749,-6.757142767116464e-05,-2.8448067954261415e-06,-0.00024901866511789055
SANM,0.00010074917703797981,1.3761401894050542,0.0001386449915714489,-2.89074720028066e-06,-0.0002530400342703549
DRI,-0.0006299910200827657,0.6173733109744394,-0.0003889396419526616,-2.915425073640599e-06,-0.0002552001989226331
CNA,-6.946449189787445e-05,0.43342179452304225,-3.0107424734008074e-05,-2.9260186352916584e-06,-0.0002561275007645129
DE,0.00013968468177667266,0.7827515661746032,0.00010933840343129158,-2.9371481420862395e-06,-0.00025710171628236917
HUBG,0.00011216119229531815,1.2001082579339788,0.00013460557309333227,-2.955495679530282e-06,-0.00025870775831301313
PSA,0.0003146026547597592,0.45889246504569775,0.0001443687877526265,-2.988088540593069e-06,-0.0002615607572468168
GIS,-0.00043515788182288233,0.035720212717141764,-1.5543932104254194e-05,-3.0001292879307155e-06,-0.00026261473772586487
ORA,-0.0002941036236297581,0.5230583438431733,-0.00015383335429405726,-3.0031514403276005e-06,-0.00026287928024483845
DPZ,-0.0008922167390220325,0.5416390855634096,-0.0004832594586482609,-3.0905788335491805e-06,-0.00027053219108215013
CNH,0.00023626739235535724,1.145479230524846,0.0002706393907933265,-3.127417718541443e-06,-0.00027375686348519486
EOG,0.00027065232341524345,0.7918329106101827,0.00021431141701330072,-3.131677539752015e-06,-0.0002741297446921728
AFRM,0.00042173660493033366,2.5065401632807798,0.0010570997385835603,-3.149319330529725e-06,-0.00027567400955993737
CHD,-0.00013526327659959205,0.06525115779885056,-8.82608540578955e-06,-3.168210842432617e-06,-0.00027732766810844775
COHR,0.00011675513617436568,2.517203687455859,0.0002938964593075243,-3.2027160545423063e-06,-0.00028034806368433686
STE,-0.0010286566299757165,0.5480667983258921,-0.0005637725457674929,-3.2295998880376514e-06,-0.00028270132589568495
CXM,9.616731221392567e-05,1.1143942736492116,0.00010716830204343466,-3.2359447641183334e-06,-0.00028325672128298864
OSCR,0.00023971708971012802,1.0760117615420466,0.00025793840797072766,-3.2466559178009288e-06,-0.00028419431648143967
GEHC,-0.00012830163606348283,1.362123486824442,-0.0001747626718800718,-3.2743636548284694e-06,-0.00028661969865471384
OKE,-9.554108555226257e-05,0.909740069333262,-8.691755379449046e-05,-3.27585560589089e-06,-0.0002867502958054878
MA,-8.595650682377165e-05,0.7815003780140583,-6.717504257554551e-05,-3.284594282104114e-06,-0.0002875152312271176
THFF,-0.00046223633046747466,0.8274675904475346,-0.0003824855825892316,-3.300390291165047e-06,-0.00028889792656406206
JANX,0.0002829456049912085,1.2518320738181954,0.0003542003834738885,-3.300748743395873e-06,-0.00028892930349137125
SNEX,-0.00017340939726187844,1.0517978773897076,-0.00018239163595947232,-3.3179758775871123e-06,-0.00029043727161314544
ESTC,0.00013285089753297264,1.442009861147561,0.00019157230430485073,-3.3260743616636375e-06,-0.0002911461681531344
OLLI,-0.0005842995552067786,0.8269586173547815,-0.00048319155229481145,-3.3566491138762517e-06,-0.0002938225129912221
ALX,-0.0002411156356707281,0.4215774474925647,-0.00010164891423661274,-3.374439730521556e-06,-0.0002953798052529534
BCO,0.0004896417211103143,0.8978683745080779,0.00043963381622465556,-3.3794040610767327e-06,-0.00029581435531450474
VRTX,-0.0015198532181872975,0.44281136920139674,-0.0006730082845306664,-3.381065507195777e-06,-0.0002959597891258254
EVTC,-0.00014037278415458327,0.7299855214629954,-0.00010247010004029598,-3.3954924228530534e-06,-0.0002972226415924743
SRPT,0.0002873665727651835,1.5754399184367673,0.000452728769958634,-3.3962507499747252e-06,-0.0002972890213578295
TLRY,5.604869936734225e-05,1.6175008744442216,9.065882023813739e-05,-3.406433013175248e-06,-0.00029818032040637997
LULU,0.0005139662798019839,1.227313103406544,0.000630797549910089,-3.4098057487389435e-06,-0.000298475551038287
IP,0.0004041499719094501,1.1297959450379929,0.00045660699945051543,-3.4122602279732046e-06,-0.00029869040258583603
NPK,0.00014295645700663823,0.6578134628604922,9.403868202180378e-05,-3.445618316473136e-06,-0.00030161038530047697
KE,-0.00016916467534942238,1.245845274495171,-0.0002107530113955876,-3.484714377011554e-06,-0.0003050326383766078
NBN,0.00030666028916808606,0.9410221851566641,0.00028857413541372683,-3.5006056463168364e-06,-0.00030642367226888927
NSA,-0.0006706703837107415,0.6065563508332394,-0.00040679938055551587,-3.5838210072565374e-06,-0.00031370788507793654
PATH,0.0002139585554063041,1.4334378758393782,0.0003066962971792745,-3.5935970013443212e-06,-0.00031456362157359394
MDLZ,-0.0017557118068708727,0.07300759560906729,-0.00012818029760209353,-3.61435971983621e-06,-0.0003163810752057286
WRLD,0.00034115288868473794,1.346154003191597,0.0004592443268033373,-3.6584011871703186e-06,-0.0003202362218620871
NEO,6.502737385538461e-05,1.1773437378366904,7.65595713966024e-05,-3.665022386857666e-06,-0.00032081580509082274
RWT,0.0006398585649741938,0.9802405096903862,0.0006272152858600629,-3.6865372878303037e-06,-0.0003226991006204045
AMRX,-0.00019145436750100687,0.9022175626238714,-0.00017273349280045336,-3.7391778304847345e-06,-0.0003273069628077289
FIX,0.00023350374494853992,1.7472078811295988,0.0004079795834473647,-3.7407378805752474e-06,-0.00032744352097107456
GRND,-0.0001449352013636341,0.6820513344464852,-9.88532474983367e-05,-3.7422879782265173e-06,-0.0003275792079528908
FBP,0.0014701310836931108,0.9281162597343865,0.0013644525627165103,-3.752752780152506e-06,-0.0003284952388800253
AES,-0.00016583156274549313,1.1755730432242573,-0.00019494711487935373,-3.771562779871786e-06,-0.0003301417623024574
CCI,-0.0003719035382792857,0.1532647203906564,-5.69996918066705e-05,-3.77647082323893e-06,-0.00033057138529463804
DRVN,-0.0009321287630171969,0.7832315594241654,-0.0007300726646420775,-3.781642125252564e-06,-0.0003310240524938401
DVA,0.00037411424086782605,0.5203042517736397,0.00019465323017259746,-3.7918250099776376e-06,-0.0003319154059472149
NPKI,0.0011377563369956894,1.3765127354297648,0.0015661360876904856,-3.824467755719368e-06,-0.0003347727715101268
GDDY,-0.00040136970318461964,0.7559165329163935,-0.0003034019944489996,-3.825361831864727e-06,-0.00033485103399480203
BILL,-0.00023713839652419848,1.7433455165330565,-0.0004134141603782996,-3.862746376139477e-06,-0.0003381234703958633
SCL,0.00018763462711888967,1.0036418973885208,0.00018831797317739004,-3.867485725899037e-06,-0.0003385383268819171
DINO,0.0004226152468303267,1.0878467976688708,0.0004597406429104103,-3.874188651362102e-06,-0.0003391250639334036
SWBI,0.00023215876404518074,0.6643706409366419,0.00015423946686775534,-3.8995365275137015e-06,-0.0003413438769273101
HOPE,0.00021995434259244016,0.9796177915125481,0.00021547118732400064,-3.902389569294095e-06,-0.00034159361643750153
APPN,0.0005709461094419924,1.0356613955171659,0.0005913068444697903,-3.904478580907689e-06,-0.0003417764769692851
RNG,-0.00016167004230593053,1.4283404276182887,-0.00023091985736031965,-3.919574310385507e-06,-0.00034309787370160125
AEO,5.457343963129668e-05,1.7560534022485246,9.5833874336943e-05,-3.925982201012016e-06,-0.00034365878503399836
ACT,-0.0002501511725624998,0.44056770869532,-0.00011020852892330816,-3.965774350248828e-06,-0.00034714196986786986
MGPI,0.00019626748398235793,0.6257436134358425,0.000122813124627082,-4.069951616506611e-06,-0.0003562610720230157
CVNA,-0.0002033900821320532,2.5019905434272394,-0.0005088800621212867,-4.080296874565645e-06,-0.0003571666387406932
DNLI,0.000237492928564492,1.3891235849304073,0.00032990702832312824,-4.099242700292269e-06,-0.0003588250516211691
REX,0.0001430311183521267,0.7169954511698228,0.00010255266123420739,-4.1021017873324925e-06,-0.0003590753202999971
TRUP,0.00016290294707507522,1.3354750006217073,0.00021755281334636403,-4.112549880047085e-06,-0.00035998988859510913
RPRX,-0.00025882743327260166,0.36916960173383767,-9.555122045903779e-05,-4.114382505433033e-06,-0.0003601503064934366
UCB,0.0009564281878534901,1.0985800593451758,0.001050712935371486,-4.18343245373345e-06,-0.0003661945573648401
APG,-0.0015086935845218963,1.1232746115159495,-0.0016946772000504386,-4.199257386072138e-06,-0.0003675797844856755
LIN,-0.000741622483570797,0.5967290608228315,-0.0004425476881062975,-4.248157466552349e-06,-0.0003718602272858395
EXPD,0.0003219177506515944,0.7841804888337276,0.0002524416190702213,-4.2788370939346e-06,-0.0003745457523166872
RITM,-0.0003445942417341094,0.8109499789894093,-0.00027944869309414746,-4.307334238674184e-06,-0.00037704023487843157
RVLV,0.000261811599137432,1.6930480504963363,0.0004432596175169576,-4.321015870589145e-06,-0.0003782378493250702
SRRK,-0.00010585743967643967,1.3007851309069072,-0.0001376977835269876,-4.333109878214621e-06,-0.0003792964919153732
CDZI,0.00011977352042061191,1.2835755851410204,0.0001537383665582869,-4.456368710787164e-06,-0.00039008588893191346
PCOR,0.0002789925239546656,1.5670302253268376,0.00043718971767718276,-4.501234260722918e-06,-0.000394013171224948
ATRO,0.00010316990377463785,1.0546550495065992,0.00010880865997303176,-4.522003596676121e-06,-0.00039583120411307494
VCYT,0.00022969800146580227,1.233675780148147,0.0002833728611567938,-4.6151760390652345e-06,-0.0004039870048046418
PSKY,-0.0005871961731577015,1.013232235579263,-0.0005949660912521658,-4.625181084061164e-06,-0.00040486279115095413
NWPX,0.00037681856968424407,0.9703781678540297,0.0003656565132635728,-4.6256626501787e-06,-0.00040490494478752007
IIIN,-0.00018199175694619575,0.8866871471951296,-0.00016136975177965173,-4.678002950229827e-06,-0.00040948652539663454
HALO,-0.00022870412067067735,0.5533762944886486,-0.00012655943883102416,-4.7065744043726715e-06,-0.00041198751259287136
UNP,-0.0005405699778450252,0.7226318885308635,-0.00039063310397323756,-4.737308140741523e-06,-0.00041467777402537403
EMN,0.00027225099811985665,1.3081585513930498,0.0003561474713157836,-4.804922481290158e-06,-0.000420596359728037
PCAR,0.00043184573092162963,0.9170066075016281,0.0003960053886765045,-4.81143129962256e-06,-0.0004211661057140335
OSG,-0.00018305824665685206,0.8559244362331796,-0.00015668402656760042,-4.9386143704642535e-06,-0.0004322990088614504
TTMI,0.000130002124752525,1.884916327792726,0.0002450431275937813,-5.0185452500533935e-06,-0.0004392957163246737
LFST,0.0001207905499339415,0.6993459490464474,8.447438177939462e-05,-5.04669215671094e-06,-0.0004417595409802986
MATV,0.00022401011241962322,1.807998671797622,0.0004050099857239148,-5.0815876115533605e-06,-0.0004448140962483443
WCC,0.0002975909040052187,1.632980343822772,0.00048596009674097153,-5.2046823328997465e-06,-0.00045558912787510336
SKT,-0.00020799453041491392,0.8063019447632167,-0.00016770639437365713,-5.239832573882389e-06,-0.0004586659857137948
IRWD,0.0001096674562510552,1.0834840047378622,0.00011882293468830758,-5.243240629616158e-06,-0.00045896430807819405
DCO,0.00020433642730351617,0.8837581720075152,0.00018058398746830195,-5.246746241825752e-06,-0.0004592711699973436
HAIN,0.0003521964422951886,0.6428607218481764,0.00022641325912624454,-5.2899268384001325e-06,-0.0004630509607849762
NTB,-0.0002458716878699934,0.5812757062343356,-0.0001429192390096585,-5.385962386583586e-06,-0.0004714573819348969
SNX,0.0013558311920897146,1.0942230190609992,0.0014835817003454811,-5.389427343584238e-06,-0.00047176068512173565
ACM,0.00044592536678090747,0.8262262543147062,0.0003684352454993007,-5.4132773333765055e-06,-0.00047384838142177776
EPAC,0.0004045988147885919,1.0744964824751393,0.00043474000330395236,-5.416899910950479e-06,-0.00047416548184251887
CRI,9.550259407896887e-05,1.3942038488121689,0.00013315008423644465,-5.449688846204195e-06,-0.00047703564402739733
KRG,-0.0004009183031796298,0.7095467691279593,-0.00028447028670537,-5.4500987280154365e-06,-0.0004770715228159518
EYPT,-0.00038093608064210363,1.030291823193689,-0.0003924753290450111,-5.4933846044845954e-06,-0.00048086052922374664
TWI,0.00013898093382613832,1.6873625661458376,0.0002345112251462176,-5.580368268654351e-06,-0.0004884745984721192
HBNC,0.0007100398259765927,0.9553944289018136,0.0006783680940364499,-5.612318399629411e-06,-0.0004912713363660749
KNF,0.00019593209673953295,1.405013552761752,0.0002752872513400705,-5.627024726836796e-06,-0.0004925586469756594
MBIN,0.0004606764500536899,0.9830411353773272,0.00045286390050237586,-5.636046831302399e-06,-0.0004933483921401433
CSGP,0.0007309684878954813,0.8740885731359889,0.0006389312025919326,-5.652225140106795e-06,-0.0004947645518838604
TDY,-0.001200839285814672,0.8406959209680384,-0.001009540689322567,-5.745912457683276e-06,-0.0005029654219038846
FISI,0.0007480890174377479,0.9432235766933358,0.0007056151987126358,-5.7693013541976285e-06,-0.0005050127566465985
STRT,-0.0003009026511497585,1.3874338512353215,-0.00041748252413162785,-5.9113017165728004e-06,-0.0005174426836074645
UNH,0.0006390033746099399,0.29773992473708627,0.00019025681666310767,-5.93814752211366e-06,-0.0005197926170618373
CFR,0.0004337310055995958,1.029278428650509,0.0004464299679005571,-6.010964371983871e-06,-0.0005261666016789732
NHI,-0.00026811922109147557,0.1998891928131648,-5.3594134681669526e-05,-6.0672823815523526e-06,-0.0005310963689965246
SAFE,0.00025956065546317564,0.7196168824952578,0.00018678422970283616,-6.132313713770019e-06,-0.0005367888524248256
KBR,0.00023534103987045998,0.8580769015960424,0.000201940710310435,-6.1675229199404984e-06,-0.0005398708717501907
ITW,0.0007814058101137336,0.8186455043977371,0.0006396943535598798,-6.169013781088778e-06,-0.0005400013734959041
ENS,0.0006473787356297746,1.2244435962027034,0.0007926787471596805,-6.173472811344512e-06,-0.0005403916923617718
VHC,0.00012476021864210482,0.6078047340584172,7.58298515128345e-05,-6.204947509417667e-06,-0.0005431468134869629
TROX,0.0001380242322949902,2.2792232498001064,0.00031458803928255234,-6.2097911586440895e-06,-0.0005435707997719374
BCSF,-0.0006971759688725553,0.8004873622336341,-0.00055808055233547,-6.240763961701558e-06,-0.0005462819877811656
DOCU,0.001195510168254272,1.3109176663767046,0.0015672153998975116,-6.248885457902419e-06,-0.000546992898675343
CDE,0.0007379800596784157,1.3438261322691027,0.000991716889289367,-6.250750971305173e-06,-0.0005471561954089069
TTC,0.0006841476818472012,0.8395108896379996,0.000574349429031319,-6.259691811071911e-06,-0.0005479388271107594
AME,-0.001250431309708136,0.8424894352497503,-0.0010534751679346132,-6.267636175486837e-06,-0.0005486342328673104
CCOI,0.00031742942279935535,1.0441714583018769,0.0003314507433123259,-6.2788089939582465e-06,-0.0005496122396499954
PI,0.00020470576375661504,2.305765385625973,0.0004720034643081308,-6.285578182071821e-06,-0.0005502047769677086
GIC,0.0001694620758148447,0.7076967367293125,0.00011992775805354095,-6.286473795188175e-06,-0.0005502831739903308
CHRW,-0.0005323010740118175,0.7197034344345515,-0.0003830989111195055,-6.353569760558883e-06,-0.0005561563839947054
BLMN,0.00013934280078004905,1.5192197176095248,0.0002116923304519864,-6.395173684532682e-06,-0.0005597981615763249
AAOI,0.00020578672141614922,3.914198597658906,0.0008054900963839152,-6.470385144994555e-06,-0.0005663817571708991
ACI,-0.0001840817699239803,0.05580701564805461,-1.0273054214669158e-05,-6.496447505748457e-06,-0.0005686631121983098
GAP,0.0013794381741634336,1.5155604560602531,0.0020906219483420563,-6.53642621955781e-06,-0.0005721626278638172
CSR,-0.00028542258513188724,0.42952125766324006,-0.00012259506773134142,-6.564697013290161e-06,-0.0005746372969093116
KRO,9.817001280255188e-05,1.3996917229813999,0.00013740775436470992,-6.567679776496097e-06,-0.0005748983915161928
SBAC,-0.0004223632353487096,0.09344558112967129,-3.946797797496829e-05,-6.629511600784017e-06,-0.0005803108077023245
PGEN,-0.00030012730367547503,1.7575226230637768,-0.0005274805260087796,-6.648089363783977e-06,-0.0005819370024057977
MRK,-0.0008151568431344122,0.4219585941713176,-0.0003439624355581258,-6.69391640163433e-06,-0.0005859484480372374
DBI,-0.000256675107175464,2.137223598808866,-0.0005485720962821966,-6.729491808207024e-06,-0.0005890625225220149
MNKD,-0.00014561489214335988,0.5919015302100207,-8.618967748102183e-05,-6.755268153966232e-06,-0.0005913188413774449
MOG/A,0.0003465129609264584,1.1809648401230626,0.000409219623501084,-6.7607631523023e-06,-0.0005917998431638131
APO,-0.00044006985140610135,1.679695237082441,-0.000739183233390406,-6.792722710700082e-06,-0.0005945974062822536
HNRG,0.0004237989942196793,1.4069184967042832,0.0005962506438523384,-6.806762954812442e-06,-0.0005958264116587911
PRMB,-0.0003677925883680103,0.4284944879416098,-0.00015759709682146986,-6.914738634593482e-06,-0.0006052780059419254
BIIB,-0.00032177411420099045,0.6265138885870409,-0.0002015959515347131,-6.918906560635568e-06,-0.0006056428431537105
GSHD,-0.00016742643540772675,0.915384610317215,-0.0001532595823325023,-6.9302109657502095e-06,-0.0006066323683039336
ADM,0.0004901983333853999,0.38085370595019247,0.0001866938519204375,-6.958147053324028e-06,-0.0006090777390220553
GSAT,0.0004987822683938253,1.4821928860535756,0.0007392915299029931,-6.968571896108036e-06,-0.0006099902721467341
FNF,-0.0001404433406401575,0.6097763032726078,-8.563902107481084e-05,-6.970822964218893e-06,-0.0006101873182086868
LADR,-0.0014966673207187102,0.6031644562647629,-0.0009027365307105403,-6.9793757317852925e-06,-0.0006109359802147931
PNC,-0.0005950987350667641,0.9685366564754179,-0.0005763749391343142,-6.9836565380301335e-06,-0.0006113106983356976
ALKS,0.0004374577473521817,0.6281501642745627,0.0002747891558624531,-7.054759059499646e-06,-0.0006175346201188294
PHM,0.00011201671468489576,0.8030468056422113,8.995466490624053e-05,-7.060197701026281e-06,-0.0006180106887415545
BKU,0.0007359919616242382,1.254747002080047,0.0009234837074030259,-7.064450892881371e-06,-0.0006183829896513905
LOVE,0.0006458100062146995,1.765942768677991,0.001140463510414737,-7.109113278555679e-06,-0.0006222924880677603
AMCR,-0.0011814510230481723,0.5397062549863918,-0.0006376365070991704,-7.166859054516849e-06,-0.0006273472341648123
SCCO,-0.0004305216350071716,1.3034550528778235,-0.0005611656005233198,-7.179806319550298e-06,-0.0006284805661931035
SWKS,0.0006996463543202572,1.7528157319645588,0.0012263511366641968,-7.247924357185387e-06,-0.0006344432427550454
SIGI,-0.0001489415446398832,0.4298486423691417,-6.402232075581671e-05,-7.3344243297712575e-06,-0.000642014972315274
TRU,0.00035538423612887696,1.6583977580542097,0.0005893684204439374,-7.344394033698407e-06,-0.0006428876650997369
EPR,-0.0009758498278415875,0.588002441338876,-0.0005738020811509753,-7.409858533526395e-06,-0.0006486180656267554
PLXS,0.0005723816664346056,1.3344118436519081,0.0007637928747795535,-7.508658764604642e-06,-0.0006572664918383355
MCHB,-0.0004640345619274244,0.8490032281501959,-0.00039396684104964534,-7.611238007493966e-06,-0.0006662457118592427
COST,-0.0005995055040630031,0.4907644157516005,-0.0002942159684413485,-7.693437116719244e-06,-0.000673440967609499
LEA,0.0002918151642275974,1.043737333121871,0.0003045783812754333,-7.743904287996845e-06,-0.0006778585848775784
ABM,0.0006894449699200701,0.7166130714448442,0.0004940652774866196,-7.756768126939728e-06,-0.0006789846142469536
RUN,0.00015062006223446665,1.7603371467105156,0.0002651420905911813,-7.77454914361787e-06,-0.0006805410661806137
NAVI,-0.000900792935360128,1.1274129554492591,-0.0010155656255021754,-7.810054209486895e-06,-0.0006836489834289282
FCNCA,-0.001086751231899962,1.2046417877159434,-0.001309145946798474,-7.83648321392837e-06,-0.0006859624324185019
GPK,0.0009194960229848855,0.5195256272938883,0.0004777017481354582,-7.841694096893522e-06,-0.0006864185643154566
SLVM,0.0002162647128110457,1.0156484353868882,0.0002196489171959333,-7.961527468933803e-06,-0.0006969081154477248
AX,0.00034538715262540277,1.1459315589206123,0.0003957900382391792,-8.078311900548054e-06,-0.0007071307791849913
IRON,-0.00022956900119604,1.2336063146470977,-0.00028319776952266207,-8.117698702771388e-06,-0.0007105784821814431
LAMR,0.0009790354346597477,0.8715316730090469,0.0008532603903041494,-8.132464175971342e-06,-0.0007118709701043482
FDX,-0.0006341069631187235,1.1324934638308901,-0.0007181219911016097,-8.204518474150446e-06,-0.0007181782051606674
RCL,-0.0011576764819386115,1.6313764340883719,-0.0018886061309329833,-8.238663106041447e-06,-0.0007211670375369502
JBL,-0.0013322698345245496,1.4710426016112361,-0.0019598256834271644,-8.25467303583688e-06,-0.0007225684583127652
KMT,0.00018640936008089683,1.0606798186748345,0.0001977206462498976,-8.408203987906532e-06,-0.0007360077093719699
NTNX,-0.0006350780182010143,1.2063396483422872,-0.0007661197931465284,-8.419510579398986e-06,-0.0007369974259056238
JBLU,0.00023380952336575432,2.008422734598761,0.0004695883622934812,-8.457003089783963e-06,-0.0007402793130633023
PII,0.00018425387122284162,1.518427797525306,0.0002797761998664108,-8.475289940018237e-06,-0.0007418800428709895
CNM,0.00017305416470368804,1.0770933599225332,0.0001863954917092828,-8.551216037464226e-06,-0.0007485261938377298
OSIS,0.0002703991006634878,1.255062946918445,0.0003393678921228143,-8.572671279643607e-06,-0.0007504042671662528
IDA,-0.0002824574294789545,0.2339719971092584,-6.60871288735385e-05,-8.658583777417824e-06,-0.0007579245724281342
MIRM,0.0016351864241581093,0.762534331710084,0.0012468857871668058,-8.73272483141002e-06,-0.0007644144705559276
HSY,-0.0008114708471634335,0.0854859430650265,-6.93693506395421e-05,-8.753737670248154e-06,-0.0007662538183408887
SABR,0.00047072211894827964,1.885263698770853,0.0008874353230616871,-8.753946144082505e-06,-0.0007662720669882224
FFIV,0.0005959930898321664,1.0672507367683253,0.0006360740642322103,-8.800669432944229e-06,-0.0007703619654800886
CVLG,0.0002734442337919617,1.321560150314991,0.00036137300271287247,-8.838081982158191e-06,-0.0007736368532787599
WST,0.0005226125952225478,0.6134058381048731,0.0003205736169766497,-8.871184042341202e-06,-0.0007765344246894717
GWW,-0.0024858806882429056,0.6839076119072183,-0.0017001127249824776,-8.878225446070685e-06,-0.0007771507902578087
CLFD,0.00023058303618041578,1.3401974888642036,0.0003090268060636771,-8.968171368632165e-06,-0.0007850241592349458
STRL,0.0005397762930866987,1.7857261345925948,0.0009638926333984301,-9.114877203923313e-06,-0.0007978659772901977
UDR,-0.00031394860253130077,0.6221597084407935,-0.00019532617101626864,-9.198498718814334e-06,-0.0008051857425715439
APP,-0.0006597990323383303,2.1752068301713043,-0.0014351993616827535,-9.243366636499624e-06,-0.0008091132321242875
TGTX,-0.0002558575334782927,0.5142163229478746,-0.0001315661200637204,-9.26005541946447e-06,-0.0008105740759548878
KEYS,-0.0018111175573193605,1.3876894409990965,-0.0025132687107001523,-9.309874916199212e-06,-0.0008149349993728426
HCKT,0.0015958712871701395,0.6597049027498614,0.0010528041123038729,-9.381837057308828e-06,-0.0008212341675086026
WEC,-0.0002853095668986761,0.10941208204651509,-3.121631374217363e-05,-9.454474119129588e-06,-0.0008275924144734837
GXO,0.000527809953508981,1.2462639071916801,0.0006577904949147617,-9.499734495929565e-06,-0.0008315542577282116
AKBA,0.00018637349302623674,1.1154525552368098,0.0002078907890245255,-9.513105591404742e-06,-0.0008327246895310832
TEAM,-0.0002941882443074974,1.4626536063220295,-0.0004302954964739073,-9.539116896141809e-06,-0.00083500157539694
EPC,-0.0007251862207176686,0.6597648230955705,-0.00047845235862313795,-9.580588362398686e-06,-0.0008386317583620444
BNL,-0.0014823059636130266,0.39802150034918055,-0.0005899896436137947,-9.613571924158747e-06,-0.0008415189570756898
ICHR,0.00010557915036209325,2.8390362818897037,0.0002997430384890712,-9.663563824438093e-06,-0.0008458949717471552
HZO,0.00021489951042565024,1.7646415824209951,0.00037922061213901655,-9.705970687638609e-06,-0.0008496070341912578
HQY,-0.0005657041023923938,1.0167292079689032,-0.0005751678839701779,-9.713220120208207e-06,-0.0008502416094545924
CEG,-0.0012604848518586267,1.7719971008503452,-0.002233575503159263,-9.74156170140051e-06,-0.0008527224748431259
FTI,-0.0013312466140749562,1.322441188654849,-0.0017604953547100282,-9.83850990024653e-06,-0.0008612087843883066
GL,-0.00025048178201755574,0.7611935811111663,-0.00019066512465704978,-9.892461834942501e-06,-0.0008659314385875721
KMX,0.0007659988913536775,1.2818913309867364,0.0009819273383717302,-9.988758904174276e-06,-0.0008743607518447733
LYTS,0.0003924635366729304,1.1630300230109376,0.0004564468760876722,-1.01097296627936e-05,-0.0008849498635124323
APOG,0.0002285890163611163,0.8171994479436173,0.00018680281797627874,-1.0170241745280907e-05,-0.0008902467567948585
ATKR,0.0002887651187257835,1.415531563462959,0.0004087561399834753,-1.0236624936324935e-05,-0.0008960575744738051
WFC,-0.0003089029894761214,1.0491717927100688,-0.0003240923032421618,-1.0266902399964037e-05,-0.0008987078963131254
LIND,0.0006539114519512439,1.4794041041520307,0.0009673992857686836,-1.0327609429121776e-05,-0.0009040218541497132
BATRK,-0.0009648274714585625,0.5093957548391886,-0.0004914790181132202,-1.0461796739055535e-05,-0.000915767869678497
OLN,0.000588323293668074,1.9530554138400533,0.0011490279937866434,-1.0504298372430665e-05,-0.0009194882277799404
LILAK,-0.00024905766547140174,0.7579944971989844,-0.000188784339912548,-1.0655859212395651e-05,-0.0009327550261132782
CTSH,-0.0002700354504507618,0.8943150144462543,-0.00024149675777087383,-1.0699705031374423e-05,-0.0009365930467938561
PAG,0.0016722497763120045,0.7858961628743247,0.0013142146825710522,-1.074459787110275e-05,-0.0009405227178845161
FLG,0.0006845190370838643,0.947957497826698,0.0006488949536087607,-1.0749179559984806e-05,-0.0009409237736086621
MSGS,-0.00118056968943676,0.6593884506441611,-0.0007784540183951637,-1.0752742426615082e-05,-0.0009412356472633831
TDC,-0.00032337077012203924,1.3023757763652266,-0.00042115025779151206,-1.0857587066501489e-05,-0.000950413167617755
BKE,0.00029307135230051764,0.8818164700258065,0.000258435145351332,-1.1030034598846956e-05,-0.0009655082715722961
CMCSA,-0.00042143610899677934,0.5954399754588826,-0.00025093990639852925,-1.1127042309680387e-05,-0.0009739997904679632
LOPE,-0.0004578989739794568,0.612798261321284,-0.000280599695115411,-1.1130755570465794e-05,-0.0009743248287958747
TPC,0.0004617241650771976,1.7383381909022957,0.0008026327498161686,-1.114114498030017e-05,-0.0009752342603159621
U,0.00026676582858993156,2.004672904771645,0.0005347782284931929,-1.1516126318158973e-05,-0.001008058054307122
DGII,0.0002764724091384951,1.3801632861593773,0.00038157706872898525,-1.1562503489180034e-05,-0.0010121176555560282
BR,-0.0014928452923818867,0.6063614393168678,-0.0009052038201660912,-1.1609950072761757e-05,-0.001016270867270413
AKAM,0.0005780724154241674,1.2635209203983022,0.0007304065903936137,-1.1613662733255204e-05,-0.0010165958530520837
SOFI,0.0005871236315349557,2.3882446471383596,0.0014021948702217925,-1.1619073459370966e-05,-0.0010170694781140147
BC,0.00035214011823374314,1.5979011041209144,0.0005626850837309675,-1.1750613446534948e-05,-0.0010285837616378956
GMED,0.0013671908872063432,1.090574882111614,0.0014910240406391306,-1.1757621708540243e-05,-0.0010291972261628542
NJR,-0.0005021693834581011,0.08918650214508612,-4.478673079498251e-05,-1.1760344368535664e-05,-0.0010294355527721408
ALB,0.0017857645966336156,1.7336182089484482,0.0030958340216195165,-1.1788200090402534e-05,-0.0010318738887204154
BSX,-0.00022626808818996218,0.6564704931194283,-0.00014853832343125477,-1.1813245069888694e-05,-0.0010340661878141802
DIOD,0.00022573351430212082,1.741655004771432,0.0003931499049289324,-1.1874975419948284e-05,-0.0010394697215071584
MD,-0.0003150981988320231,0.791125469440481,-0.0002492822104708343,-1.1922273991952963e-05,-0.0010436099771060712
LGIH,0.00014120448933670503,1.0693880008485392,0.00015100238656261787,-1.1960531336430404e-05,-0.0010469588136133674
FN,0.0007110661418943182,1.871162931970311,0.0013305206068917896,-1.2019455241402036e-05,-0.0010521166866130948
RYAM,0.00018141293805190226,1.3791606965320589,0.00025019759400358874,-1.2027261637402832e-05,-0.0010528000153771518
TRS,0.0005566071608338731,0.8830928267032454,0.000491535791024053,-1.2044360806578749e-05,-0.0010542967821486802
WAB,-0.0008389634829026462,1.1287982635037273,-0.000947020522643546,-1.2054545873130079e-05,-0.0010551883265870676
LYB,0.0014313730636761177,1.3246390535800354,0.0018960526603878883,-1.2090236537941965e-05,-0.0010583124901411324
AEIS,0.0003691096091190031,2.027322245646028,0.000748304121648665,-1.2112330534348527e-05,-0.0010602464764846433
GPC,0.0009082771716682632,0.6650155612364694,0.0006040184530752431,-1.2222668390280064e-05,-0.0010699048426134846
HFWA,-0.001119909415480575,0.8408871095299278,-0.0009417173913188117,-1.2268665670055661e-05,-0.0010739311902822225
LRN,0.0007840266285833728,0.5355673605928758,0.00041989907210492793,-1.2465016782975544e-05,-0.0010911186815777067
WFRD,0.0003372820394320498,1.782510499181805,0.0006012087764730804,-1.2475173813266351e-05,-0.0010920077718767898
EEX,0.0005696366591293659,1.1349023504651021,0.0006464819833570055,-1.2704206073345678e-05,-0.0011120559901830682
SLGN,0.0009140550648150198,0.7071143280706819,0.0006463414329762763,-1.2837544455747142e-05,-0.0011237276952872517
COCO,-0.0003011432228578442,0.7268387321364305,-0.000218882558293474,-1.2872961976802869e-05,-0.0011268279493464243
NFG,-0.0003888774704883874,0.2945743316905828,-0.00011455332097864104,-1.2986596693407924e-05,-0.0011367749044386072
MQ,-0.00036515111101322924,0.728532159909581,-0.00026602432759985107,-1.3262961082659802e-05,-0.0011609663157528208
ARR,0.0014971836582616867,0.7183681485753084,0.001075529052662655,-1.3325484448854334e-05,-0.0011664392656956682
ALLE,0.0006198464980863079,0.6925312914397325,0.00042926309581410647,-1.3337495274295672e-05,-0.001167490626977276
CBT,0.0004937273016414644,0.8751906948776494,0.0004321055402036601,-1.3364384902982733e-05,-0.00116984439646768
HLMN,0.00029903443519291116,1.0655195598751463,0.0003186270397742637,-1.3431260077744257e-05,-0.0011756982796823205
SSTI,0.0004357195410568788,1.1959903147820425,0.0005211163510653036,-1.3493729561745954e-05,-0.0011811665130757858
LXU,0.0004571787729428729,1.26191501291799,0.0005769207571640362,-1.3641982708410867e-05,-0.0011941437742175195
RYAN,-0.0006145093053916502,0.4495779700715278,-0.0002762698461080426,-1.368235351191635e-05,-0.001197677611248152
DXCM,-0.0003301824486857096,1.0308292293379155,-0.00034036171911959586,-1.3690702177742344e-05,-0.0011984084073158661
CNK,-0.0009808777765405786,0.2875690756410082,-0.0002820701155165816,-1.373388000482953e-05,-0.0012021879556778955
TTD,0.00020099682094578824,1.5583375945280937,0.0003132209024604536,-1.3813432490807398e-05,-0.0012091515406555708
SPXC,0.0009834538453078743,1.202047890427565,0.0011821586200852071,-1.383059110012028e-05,-0.0012106535104881946
WH,0.0007073174290472737,1.1110584557875092,0.000785871010468855,-1.392727224392703e-05,-0.0012191164435111106
COR,-0.00029357958106284414,-0.026581904281887583,7.80390432292918e-06,-1.4002876267756373e-05,-0.0012257344019333816
LNG,-0.000740979702883906,0.6558710619759811,-0.0004859871446331144,-1.426242873514489e-05,-0.0012484541905183428
MRCY,0.00030453336609746653,0.8666449787759943,0.000263922312598121,-1.4279882493152739e-05,-0.0012499819960365922
PEP,-0.0022067834567140354,0.13676951752837707,-0.0003018207086643828,-1.4336481638516584e-05,-0.0012549363724279798
ALHC,-0.00038866630572755576,0.09564068089476915,-3.7172310120637946e-05,-1.4355527626061434e-05,-0.0012566035529204813
UFPI,0.00023753579406884183,0.7793914558260354,0.000185133368350108,-1.4359826457084591e-05,-0.0012569798488308664
GPRE,0.00035855009251449944,1.7244235093462073,0.0006182922088102604,-1.4458123529348784e-05,-0.0012655842313005585
GHM,0.00022289093245793723,1.5711741866053113,0.00035020047950629887,-1.4551796481156441e-05,-0.001273783843820572
ARI,-0.001471796983890417,0.7117282216272469,-0.0010475194499406724,-1.4552190093825535e-05,-0.0012738182984983338
NNI,-0.0014495643896673112,0.7156438591081231,-0.0010373718538472258,-1.4583329417913377e-05,-0.0012765440628382866
COF,-0.0007691597680731746,1.512251854981005,-0.0011631632860454176,-1.480729209307925e-05,-0.0012961485176981756
BH,0.00037038399989039537,0.8840954410467728,0.000327454805739767,-1.4924723363236233e-05,-0.0013064278021067358
NXST,-0.0012904886188271484,0.8647164904010404,-0.0011159067893746976,-1.5116205764199269e-05,-0.0013231891132643328
GLW,-0.0007742055157139248,1.2731768431071782,-0.0009857005344128197,-1.5157080343235177e-05,-0.0013267670480207959
KHC,-0.002103947631337545,0.23025619231309405,-0.0004844469704179364,-1.5254384736173093e-05,-0.0013352845368282834
NVDA,0.0007188118106740377,1.7693693763375695,0.0012718436051564013,-1.5362291530176593e-05,-0.0013447301012311473
SAM,0.0006135855436789938,0.4249677523305143,0.0002607540693597586,-1.5498668544260743e-05,-0.0013566677913599112
UI,0.0007479415452983717,1.5506150516199562,0.0011597694178715444,-1.5529700983118546e-05,-0.001359384199557525
FSLR,0.0007648575384191764,1.164455802496304,0.0008906427986952498,-1.5537593237221913e-05,-0.0013600750438653884
ALG,0.0004828930285938519,0.8011549266321522,0.0003868721288942852,-1.583321386872389e-05,-0.0013859520402070339
VSH,0.0002997479742437326,2.2165303450992226,0.0006644004807932535,-1.5836273135026216e-05,-0.0013862198314721806
MSI,-0.0008366743505726306,0.5280540895796167,-0.0004418093124662476,-1.6047880266477722e-05,-0.0014047427503179177
SEDG,0.0004761844762239274,2.202094038196614,0.001048602996174488,-1.6175605671512737e-05,-0.0014159231264034215
WSO,0.0008442212701104394,0.818697846852489,0.0006911621361064903,-1.6392104087742513e-05,-0.0014348742012870854
PNW,-0.0007201263415919679,0.19528085767783382,-0.00014062688962248023,-1.6577380879677634e-05,-0.0014510923077255221
SITE,0.0003221825141160596,1.1177642173455842,0.00036012408573336997,-1.6674341430184398e-05,-0.001459579698466823
LECO,0.0005717824241799194,1.1388378294813846,0.0006511674548886638,-1.671755097649206e-05,-0.0014633620233541172
HAS,-0.0011470752438071112,1.1629169951911107,-0.0013339532957862765,-1.6718380785473924e-05,-0.001463434660246471
CWH,0.000257037579764444,1.7831040363190744,0.0004583247459636662,-1.6870721230248063e-05,-0.0014767697008763352
CG,0.0016448228856242042,1.793691864479567,0.00295030542845394,-1.709283943701243e-05,-0.001496212701165765
CCK,-0.0009261846566903083,0.5953740659698282,-0.0005514263248925783,-1.7128339810496737e-05,-0.0014993202076686537
MRVL,0.0004128735394477434,2.3244768087024283,0.0009597149673731667,-1.7708079344343094e-05,-0.0015500674025455074
CMI,0.0014377215996437321,1.2829467977378146,0.0018445203223014144,-1.774863549287555e-05,-0.0015536174636554966
GTES,0.0008818921415316343,1.5989780629600898,0.001410126188205978,-1.7820297026450716e-05,-0.0015598903182689908
AGO,-0.000517861892799728,0.6285712363967315,-0.0003255130902398767,-1.7857078624807584e-05,-0.0015631099761165663
ARCB,0.0002339290689991569,1.794036624801057,0.00041967731739010105,-1.810810317791404e-05,-0.0015850832782145813
TBBK,0.0005953208853748251,1.506874542410359,0.0008970738867365192,-1.8204218784276232e-05,-0.0015934967072150292
CNC,-0.0002874370956043649,0.14455387900839886,-4.155014714051894e-05,-1.8285809751446013e-05,-0.0016006387295706293
PRI,-0.0007373219362364357,0.8787790579308653,-0.0006479430765176165,-1.8491581375823415e-05,-0.0016186508403768834
KNSA,-0.0005818052471738391,0.5315854838856011,-0.00030927922384608704,-1.8672580153500256e-05,-0.0016344944730894892
HAYW,0.0008801654086562556,1.09787214567671,0.0009663090857518616,-1.875327776485869e-05,-0.0016415582960144725
THO,0.00038742811847475105,1.1185697817910254,0.0004333653859420098,-1.8963724357907448e-05,-0.0016599796277421196
ED,-0.0006664818115714166,-0.1764764420772913,0.00011761833881535127,-1.8969037567535645e-05,-0.0016604447167496517
NX,0.0002846939388507259,1.3561694288577377,0.0003860932164504486,-1.91583231233782e-05,-0.0016770137282262115
OII,0.0006525956424703896,1.4985137370950894,0.0009779235350102743,-1.9195021658944534e-05,-0.001680226115216148
MANU,0.0009491519535452689,0.7313405774578653,0.0006941533378010578,-1.9458060841565295e-05,-0.0017032511115832954
FOXF,0.0003989127426476207,1.6342528788311692,0.0006519242980743115,-1.9601292303743294e-05,-0.0017157888022172583
COLL,-0.0007798601284776848,0.5227909105929535,-0.0004077037867019865,-1.9646597289794455e-05,-0.001719754550319303
WY,0.000727706873876123,0.7005521229156845,0.0005097965953542543,-1.966179149665546e-05,-0.0017210845672175105
AIR,0.0004952883596789951,1.2412677832169647,0.000614785484271913,-1.9848210754034945e-05,-0.00173740267876714
SRI,0.0005069215999685941,2.1194631391070224,0.0010744016455505908,-1.9856486846462813e-05,-0.0017381271221606576
PKE,0.0005171272238142663,0.8094607119990965,0.00041859417078281215,-1.9865103219198932e-05,-0.0017388813518118087
DASH,-0.0006225725624724355,1.3496944150077066,-0.0008402827105060827,-1.9872258691137002e-05,-0.0017395077022807303
SPGI,-0.0006851385613840938,0.7702679496147133,-0.0005277402748793004,-1.990316682139829e-05,-0.0017422132291907936
HPP,0.0008826689021544128,1.419378944713128,0.0012528416548710257,-2.0170291414184235e-05,-0.0017655958397858836
UPBD,0.00028603134931571867,1.3300286824119365,0.00038042989865889366,-2.0446011950885913e-05,-0.0017897308918060878
TPH,0.00038030581641331184,0.6670567547051741,0.00025368556369216556,-2.077714618388647e-05,-0.001818716552557887
SLG,0.0011140942421306631,1.139881837445699,0.0012699357918075737,-2.0963860547669205e-05,-0.001835060496091159
IR,0.0007735638790043871,1.2601955461121195,0.000974841754954543,-2.124051235043279e-05,-0.0018592770659958038
VIAV,-0.0011999051946594448,0.927844427241305,-0.0011133253480826591,-2.140183321129398e-05,-0.0018733982026198834
CERT,0.000253712306770023,0.9851819133872596,0.0002499527758335867,-2.1444760901452282e-05,-0.0018771558553775335
KNX,0.0006849381365518245,1.182537816729578,0.00080996524859282,-2.1521731924463284e-05,-0.00188389347335348
CTMX,-0.00041024336728092277,2.25758044907165,-0.0009261574053347314,-2.1806921087642926e-05,-0.0019088573566074373
HSIC,0.0015852139941483353,0.5979454217272397,0.0009478714502589485,-2.1871451068740598e-05,-0.0019145059545293984
PRIM,0.0008834840196649141,1.3267479506964195,0.00117216061256346,-2.1894046910561648e-05,-0.0019164838696470576
ADNT,0.00033757274426531703,1.4347545435138602,0.000484334028601106,-2.1904278692450898e-05,-0.0019173795032879555
ELV,-0.0005037589736366746,0.18743277005161568,-9.442093986708076e-05,-2.191034988354672e-05,-0.0019179109418041979
BMY,-0.0013849859596302464,0.32391858897232667,-0.00044862269778991323,-2.1930298549167794e-05,-0.0019196571377468642
PAR,0.0005256276484759128,1.4197676906016459,0.0007462691525930205,-2.201634220397783e-05,-0.001927188923770825
BLX,-0.0012838943632533593,0.7850060342709152,-0.0010078648225203015,-2.2027861235202214e-05,-0.0019281972361045693
XYZ,0.0010382724998494548,1.6902664168185135,0.0017549571380017386,-2.236544824912637e-05,-0.0019577477376372878
HURN,-0.0014354081073253734,0.7614462385243541,-0.001092986104070268,-2.260114979720602e-05,-0.001978379748557461
FDS,-0.0007834204551717822,0.5810461075429463,-0.0004552034060470873,-2.2896780751618673e-05,-0.0020042576485096576
WPC,-0.0020002011663415665,0.2897650200634727,-0.0005795883310959455,-2.3456189159416148e-05,-0.0020532251689716523
WSC,0.0006888089521581199,1.7952777169623,0.0012366033630536236,-2.3678779565112532e-05,-0.0020727095029459955
MCO,-0.0009272530305989579,1.0642446009372017,-0.000986824031517599,-2.378155340994039e-05,-0.002081705757345139
DSGR,0.0007720394282421568,1.0498186585470644,0.0008105013969026235,-2.401046321109645e-05,-0.0021017432562740407
AMBP,-0.0010280667077718192,0.685273942383497,-0.0007045073258680172,-2.4200798990189144e-05,-0.002118404198489885
UGI,-0.0008585773447324628,0.4600751108994744,-0.00039501006709356405,-2.460936755970204e-05,-0.0021541680331210477
ALNT,0.0006317431896310553,1.2416878495935475,0.0007844278426283537,-2.4685393812163196e-05,-0.0021608229511043114
RS,-0.001988726568793733,0.7478413053312137,-0.0014872518731535711,-2.4884578827465692e-05,-0.002178258506552879
MYE,0.0007004335116783921,1.1316831953548312,0.0007926688346298083,-2.5051938315678687e-05,-0.0021929082312430125
LPLA,-0.001313064641780944,1.2844947054001423,-0.001686624580215757,-2.5543047875944917e-05,-0.0022358972480439974
VRT,0.0009468256755976692,2.226029048309981,0.002107661457566134,-2.572703986907299e-05,-0.0022520028902952736
WMT,-0.0013862423495815232,0.5843768071275862,-0.0008100878781534937,-2.6285096259186196e-05,-0.0023008520626010796
INTA,-0.0009899288244194031,1.4827307405026071,-0.001467797898876257,-2.6424044314096944e-05,-0.0023130148074350107
AZTA,0.00036291409694556685,1.613719272202056,0.0005856414723948665,-2.6689327346632868e-05,-0.002336236218023151
STLD,-0.0017455598826680125,1.2529788511572473,-0.0021871496164115457,-2.6742561687561675e-05,-0.002340896058029803
JBHT,0.0010528204598492705,1.0561988941906224,0.001111987805474062,-2.7164239614063562e-05,-0.0023778074133232476
HWM,-0.0008505680228192386,1.2048754976290672,-0.0010248285697617018,-2.7186517291682854e-05,-0.0023797574781050114
XEL,-0.0007251756557503485,0.21431284008247162,-0.00015541445434252594,-2.7436673005884484e-05,-0.0024016547268469143
VCEL,0.0003149502892895412,1.2422974488268392,0.00039126194089167204,-2.795600701707114e-05,-0.00244711435609975
ACLX,0.0007461028372279567,0.87451180096739,0.0006524757358910998,-2.830797311795856e-05,-0.002477923523439568
JXN,-0.0013890084868214032,1.408926645403916,-0.001957011067774849,-2.8655543827160963e-05,-0.0025083479424823016
PFG,-0.0008501501346214169,1.1331333809402409,-0.0009633334963503671,-2.8691428206695624e-05,-0.002511489062752638
NEE,-0.0012609272682767552,0.38146052446441076,-0.0004809939770683278,-2.8692648025505343e-05,-0.002511595838949943
V,-0.000671704202774048,0.77384895211627,-0.0005197975934487915,-2.871522487516675e-05,-0.002513572091598907
NCNO,0.0008195304367874103,0.9187597105210532,0.0007529515468659934,-2.8763586261872713e-05,-0.0025178053801231505
GNRC,0.00044579451595954447,1.4155537433866352,0.0006310460958477663,-2.934265136059658e-05,-0.0025684935386766305
MSCI,-0.001347419425672936,0.8101031920386423,-0.0010915487777525196,-2.9442020247958272e-05,-0.0025771917419165984
GFF,0.0006967134319115686,1.1556277469253213,0.0008051413735725743,-2.956299310939841e-05,-0.0025877810376535703
GRBK,0.0004989966632083598,0.7589735536715325,0.0003787252707454857,-2.988871648282117e-05,-0.0026162930616609095
AON,-0.001098674975144472,0.34529231641624797,-0.0003793640271561984,-3.033588069348539e-05,-0.0026554353454206116
AA,0.0018163653179021175,1.81429905266366,0.0032954298755609396,-3.087740742617041e-05,-0.002702837602865893
VERX,0.0007866731865434573,0.7455260400850188,0.000586485345604807,-3.110811012797782e-05,-0.0027230320424093935
AMAT,0.0009999775214893393,1.682707598433096,0.0016826697736724058,-3.125511099666581e-05,-0.00273589968605771
PENG,0.0009312123698645505,1.858025536420699,0.0017302163630391718,-3.150503154890397e-05,-0.002757776350020948
AVGO,0.0007642490770528796,1.7823264637702276,0.0013621413549433192,-3.155557786397818e-05,-0.0027622008950995963
CALM,-0.0009923789883850686,0.3607071480894179,-0.0003579581947242397,-3.257923484116722e-05,-0.0028518061696680033
ASAN,0.0009462573207315176,1.7436180398069054,0.0016499113347268229,-3.264995163888157e-05,-0.002857996327325301
CW,0.001523647219078969,1.0873365692037307,0.0016567173398701312,-3.2668464680795104e-05,-0.002859616856702548
OPCH,-0.0007922104743357355,0.36392690100869524,-0.0002883067028716327,-3.2749250583636036e-05,-0.0028666884081759683
CI,-0.0011064109537630823,0.20147240162480695,-0.00022291127203864143,-3.301628925576481e-05,-0.0028900634977515687
HOV,0.00021414650415614562,1.4323373080715753,0.000306730027295952,-3.332787583766706e-05,-0.0029173380651558276
MCHP,0.0010219459242366566,2.3062971199903988,0.0023569109418529275,-3.387291632433761e-05,-0.002965047897206329
SNAP,0.00048680220108787003,1.737932726890972,0.0008460294767931692,-3.394640705765266e-05,-0.0029714808698560256
BIO,0.0005744274344059381,1.0917812480389695,0.0006271491012435383,-3.426265071883712e-05,-0.0029991630922434173
RGLD,-0.0010859986966799558,0.33230375095176035,-0.00036088144043547234,-3.4333608947835866e-05,-0.0030053743834610866
TDG,-0.0019899628718485444,0.6768550734545413,-0.0013469164657968565,-3.4340166954762325e-05,-0.0030059484351447675
GRMN,0.0022292681297115436,1.254854633182522,0.0027974074411746663,-3.4918737043775594e-05,-0.0030565932632838403
WRB,-0.0007235125482036396,0.24657555045584767,-0.00017840050483502548,-3.506303151378443e-05,-0.0030692240037486283
MLAB,0.0006164624784901642,1.5291843405633896,0.0009426847686520545,-3.53269829815176e-05,-0.0030923288565127952
NVR,0.0007011782409352829,0.5295772725444661,0.0003713280604020336,-3.541026340475451e-05,-0.003099618764515775
DKS,0.0012977413679532378,1.5236668356560246,0.0019773254836092306,-3.5464281589429784e-05,-0.0031043472178721
ICE,-0.0018214834052872571,0.4514029818560025,-0.0008222230405478935,-3.548920056453403e-05,-0.0031065284872386317
CINF,-0.0007861353153091275,0.6635725842966684,-0.000521657842786554,-3.66231065101768e-05,-0.0032057843472173076
ADSK,-0.0025272486252982903,0.9365445616297075,-0.002366880955909268,-3.685286527696933e-05,-0.0032258961599062387
WLK,0.0006767358525762405,1.3308611092518987,0.0009006414274301449,-3.706160835679895e-05,-0.0032441683755011054
NI,-0.0008752410572005086,0.4063263227219936,-0.0003556334802675927,-3.732065827052978e-05,-0.0032668441733162234
WTM,-0.0014322142907873846,0.38803645433033834,-0.0005557513552383769,-3.734349542743733e-05,-0.0032688432118229325
BRKR,0.0006304703129473364,1.2344035583631112,0.0007782547977444964,-3.761293404596965e-05,-0.0032924283794434554
WT,0.0010910970672789503,1.2099029052836665,0.0013201215116472901,-3.7754207059633285e-05,-0.0033047946383177877
FE,-0.0021997065099900086,0.12570484534049267,-0.0002765137666327689,-3.846647184916787e-05,-0.003367142361680073
PLMR,-0.0005295496065991718,0.703808105550836,-0.00037270130541575353,-3.856696062732546e-05,-0.003375938593971265
NFLX,-0.0009946503554197179,0.777742417314848,-0.000773581771807204,-3.861644038842154e-05,-0.003380269778808952
SLP,0.0003968370293867503,0.7433316826438932,0.00029498153678945716,-3.876285261544879e-05,-0.0033930858960194007
BF/B,0.0015897403760707625,0.5894085488688962,0.0009370065681381614,-4.0269826011417506e-05,-0.003524998018851662
IRM,0.002497188164158003,1.0421237672213535,0.002602379137092914,-4.0438842920547396e-05,-0.003539792825009165
LRCX,0.001602199164252612,1.9833974845112012,0.0031777977920645797,-4.067989885887429e-05,-0.0035608935296606776
UWMC,0.0006567485494334108,1.0173073144681395,0.0006681151031049493,-4.075613762215502e-05,-0.0035675670496666512
MKSI,0.0004691696407408975,2.540796822143481,0.001192064732240671,-4.1011169441210904e-05,-0.003589891125679824
MHO,0.0006428076040050043,0.7537476353501551,0.0004845147115038709,-4.179594605759177e-05,-0.0036585861336294327
UHAL,0.0011218376229556765,0.8516139990766983,0.000955372624399981,-4.2251670102839936e-05,-0.003698477698002901
BHVN,0.000904193811799034,1.4811854673204046,0.0013392787336777702,-4.272911723379308e-05,-0.003740270781246893
BCC,0.000654090921810115,1.0432517795864766,0.0006823815181897614,-4.294118214501119e-05,-0.0037588337716034904
HY,0.00046710459338652533,1.1570186957873092,0.000540448747436339,-4.295458940911331e-05,-0.0037600073694080798
SWK,0.0012031939949641367,1.6987832824536184,0.0020439658441936586,-4.313893659126759e-05,-0.0037761441029437667
LNC,-0.0010539772901244316,1.483037472768205,-0.0015630878167012183,-4.402312468408349e-05,-0.0038535410421454554
SYK,-0.0023001884673768533,0.6919349744304026,-0.00159158084835951,-4.4447037407286656e-05,-0.0038906480191915824
MCK,-0.0010965573048318555,0.15370077200664803,-0.00016854170430218547,-4.4489678532830394e-05,-0.0038943805876665654
NBIS,0.0005075281098441119,2.5792712070651045,0.0013090526404970935,-4.494490212384856e-05,-0.003934228345042488
TFC,-0.0020391865350342987,1.130314462732955,-0.00230492203275957,-4.603665581697611e-05,-0.004029794429789352
AXON,0.0007274191972182024,1.1649170749784734,0.0008473830435066175,-4.6133000003358865e-05,-0.004038227867421558
TPB,-0.001054142662144745,0.5943198091357759,-0.0006264978657677435,-4.647442887320111e-05,-0.004068114663789426
WERN,0.0009381163404835046,0.8625733163906226,0.000809194122971091,-4.810747223150751e-05,-0.004211062254402229
MXL,0.0007509244998930635,2.377180191700039,0.0017850828466080485,-4.872580228602971e-05,-0.004265187450189497
CALY,0.0004603112857532907,1.4189893121769597,0.0006531767947583539,-4.964322579851521e-05,-0.004345493634354346
DUK,-0.0016326874729229717,-0.050256188805590164,8.205264989973874e-05,-4.9933986381088175e-05,-0.004370945208871685
CARS,0.0009351409226807864,1.228709949848127,0.0011490169562080404,-5.0279793130345096e-05,-0.004401215220609271
ZM,-0.002171577721903275,0.9081444527491143,-0.001972106261860018,-5.0647278086519766e-05,-0.004433382822776368
CNP,-0.001864665387607179,0.17053955421111486,-0.000317999203955424,-5.141235749136347e-05,-0.004500353645684161
GPOR,-0.0007814204462945752,0.8212743701815011,-0.0006417605848775247,-5.151091138756444e-05,-0.004508980509101948
CAL,0.0005774379117498905,1.674316151726802,0.0009668136222622374,-5.180545964115002e-05,-0.004534763635407261
MKL,-0.0018614707972021574,0.6303970094094303,-0.0011734656236592283,-5.1875117358768103e-05,-0.0045408610870459115
TKO,-0.0015490594647087207,0.8115369779343841,-0.0012571190366303699,-5.4142348146995964e-05,-0.004739321940453045
CSL,0.0010470517858141245,0.976311799239707,0.0010222490129053363,-5.4692831972950396e-05,-0.004787508252341979
CBOE,-0.002004206062822928,-0.12500928208792642,0.0002505443610697638,-5.628378413872133e-05,-0.004926771412576152
CVS,-0.0012662678592570797,0.32340051664629743,-0.0004095116798963406,-5.8951459816948737e-05,-0.005160284998605161
CL,-0.0017592154393932045,0.03472364260124824,-6.108636817608751e-05,-5.947409150047229e-05,-0.005206033287869865
LW,0.0008272107642724302,0.4764020803494499,0.00039408492898684416,-6.063850286177437e-05,-0.005307959423347938
IBRX,0.0005996375661545048,1.6083342774504246,0.0009644176516932366,-6.279211337397501e-05,-0.005496474585711267
NTLA,0.0005364023001155914,1.5618934865468863,0.0008378032587193103,-6.34933181346458e-05,-0.005557854175269788
WTW,-0.001822691411725775,0.371234732989535,-0.0006766463595543368,-6.352413781543151e-05,-0.005560551959801574
CHTR,-0.0013634129692904012,0.7690702106122043,-0.0010485602994435798,-6.54871341280237e-05,-0.0057323818085557934
BRO,-0.0017171954688929255,0.3332924152989045,-0.000572328225367658,-7.011776917315668e-05,-0.006137722009317794
TOL,0.0012158875003817349,0.9333114456194593,0.0011348017206919078,-7.018619303366445e-05,-0.006143711455923888
GILD,-0.0016899181700672442,0.38164010906593326,-0.0006449405547369654,-7.087280804640384e-05,-0.006203813939578373
TGLS,0.0017898683125704522,1.1861701813053918,0.002123088420834469,-7.179997922291966e-05,-0.0062849733803822146
EVRG,-0.0025245994765659644,0.20374810280573968,-0.0005143823536946787,-7.214985639613976e-05,-0.0063155996945384405
CME,-0.0017414383677894166,-0.07519911309118071,0.0001309546207607175,-7.623587490565668e-05,-0.006673267173582295
SPG,-0.002517570677829948,0.8913022233789291,-0.0022439163426634305,-7.795464999725961e-05,-0.006823719246333594
MRNA,0.0011547721253173586,1.359503938764907,0.0015699172527448718,-7.800902919315103e-05,-0.006828479300616662
PRCT,0.001068304731666234,1.124342509807502,0.0012011404232408435,-8.007583545663395e-05,-0.007009396098768754
HIG,-0.0020357981077607063,0.5206354889052369,-0.0010599087431463516,-0.00010648392512334012,-0.009321014324544137
VAL,0.0015643761774898426,1.6197151450281726,0.0025338437872015787,-0.00010659360775708798,-0.009330615336144089
EXE,-0.0014597675236799207,0.5294264815844972,-0.0007728395839931747,-0.00011047697355773908,-0.009670543717008965
