ticker,weight,beta,beta_contribution,component_contribution,percentage_contribution
MPWR,-0.0049437892394015815,2.2369364084891408,-0.011058942145514235,0.002002003077360696,0.010092407512424168
NXPI,-0.004061657800867727,1.8668280410148899,-0.007582416675666745,0.0014580132964568224,0.00735007079298511
PH,-0.005030309772129981,1.344047808367145,-0.006760976824639133,0.0013185220629973622,0.006646873885645927
BX,-0.004210784669014202,1.5706657485659787,-0.006613735254207339,0.0013082782788121838,0.006595233383373352
PLTR,-0.00408975524658582,2.0802091140888375,-0.008507546138340464,0.0012921162976951865,0.006513758333966396
KKR,-0.0036025523842283212,1.8347725516410955,-0.0066098642304313095,0.0012914002255698495,0.00651014850350264
HOOD,-0.0029380189605315546,2.634838906255699,-0.007741206664525467,0.0012623595354768792,0.0063637498879487294
AMKR,-0.003035139162436054,2.0957534581113366,-0.006360903395524506,0.0011802376524911232,0.005949760759683999
W,-0.0021772004005653533,2.5747220363196925,-0.005605685848819677,0.001119607674406356,0.005644115651931463
IQV,-0.004576511526352368,1.092821178926613,-0.005001308721599628,0.0010906773567847718,0.005498273441096395
ABNB,-0.0042263037406722525,1.298645417141806,-0.005488469984273292,0.0010315335884408287,0.005200120546778968
SGI,-0.004700396392983264,1.0255563508740164,-0.004820521372449305,0.0010023826979892998,0.005053166394153629
CAT,-0.004443042263257287,1.1930825998487986,-0.0053009164146850946,0.0009872570201689055,0.0049769155101308605
SMR,-0.002589504856929038,2.3841910565147533,-0.006173874320691728,0.0009791606787360374,0.0049361005992926855
ALGN,-0.0030959421375122732,1.3245154383644522,-0.004100623157418048,0.0009217408394039944,0.004646638298065418
WSM,-0.0029772311729764386,1.4562981055003659,-0.00433573611684222,0.0009173750481353677,0.004624629668260886
SYF,-0.0028679724178268307,1.6209194598101606,-0.004648752302254307,0.0009144963131472181,0.004610117519428937
OVV,-0.003202710744635407,1.471606703513379,-0.00471313060121979,0.0009073532880961957,0.00457410842408758
MTSI,-0.0030020472941808814,1.76208686250436,-0.0052898680976928925,0.0009019571688115005,0.004546905751213274
HRI,-0.002331453723094732,1.7501495027143388,-0.004080392574075739,0.0008998704419868459,0.004536386238171723
PFG,-0.0038592782995856105,1.1319270206986531,-0.004368421387696904,0.000875820218734755,0.004415145338709734
STLD,-0.003523415539224168,1.2458849715346223,-0.004389770468790948,0.0008543462345230794,0.0043068916591672895
HLT,-0.0043708413810239505,0.9595901503265729,-0.004194216337870378,0.0008408588270293226,0.004238899549538482
TSLA,-0.0022824251759358508,2.281265312687073,-0.005206817382666146,0.0008392978519158559,0.004231030432282865
WWW,-0.0020248975520615643,1.8138926414609309,-0.0036729467693967237,0.0008176059496394323,0.004121678194032581
TFC,-0.003500567943038435,1.1292798933978914,-0.003953120993546519,0.0008148472665365959,0.004107771245343886
IEX,-0.003986897363796118,0.9279100514580976,-0.0036994821379982092,0.0008148367338839457,0.004107718148610952
BXP,-0.003773224475122097,0.9468532829505996,-0.0035726899815789106,0.000811268747329421,0.004089731375905994
OUT,-0.002870176661092942,1.3012324654793077,-0.0037347670530751362,0.0008087025302146757,0.004076794678065593
ADSK,-0.004606002245209746,0.9380472733048895,-0.004320647846955202,0.0007986648264925794,0.004026193059317872
TPG,-0.002448752997450609,1.6318067580462412,-0.003995891690025894,0.00078387110866042,0.003951615636998021
FTV,-0.003618830077279605,1.0061096491301893,-0.0036409398593135593,0.0007717534641395988,0.0038905287146162393
PNR,-0.0032327174320710846,1.1346540590899343,-0.003668015956190245,0.0007647207902520673,0.0038550759165773257
WTFC,-0.002884663266473401,1.2475284455759512,-0.003598699480833608,0.0007614406781433959,0.003838540363529729
ARW,-0.0033635357860884313,1.062708262653594,-0.0035744572716072272,0.0007607251524686583,0.0038349332878080604
HAL,-0.0028475586813851103,1.289324474855198,-0.0036714271014962174,0.000752952310118853,0.0037957491859397043
NCLH,-0.0019960563282839204,1.8572784633808133,-0.0037072324302167077,0.0007523253048643516,0.003792588355363359
RHP,-0.0034041663876045922,0.9895444411498672,-0.0033685739256033484,0.0007498750052477597,0.003780236015580353
NTAP,-0.003045089097462592,1.3081334160510483,-0.003983382803243544,0.0007485201407236449,0.0037734059337207787
ZM,-0.0043994292820269945,0.9088210682419633,-0.003998294019746747,0.0007445483879518379,0.003753383712993466
ALGM,-0.0018972248620130819,2.001732136528164,-0.0037977359765117976,0.0007291778231641317,0.003675898315849044
JXN,-0.002575573278696532,1.406691297373082,-0.003623036516889067,0.0007279074539192182,0.003669494187775564
TMO,-0.0035718278956403987,0.9232796609719226,-0.003297796048536923,0.0007265569189317397,0.003662685931780579
RJF,-0.003601195358846425,1.0349833039401917,-0.003727177070632957,0.0007258684929487968,0.0036592154698014893
PRAA,-0.0020244545966912964,1.6269952736825783,-0.0032937780606017097,0.0007220468615892957,0.0036399500343591066
SBUX,-0.0032521055202372456,1.0756502835474888,-0.003498128224969547,0.000715756451490934,0.003608239103016968
CNH,-0.0028835602288087864,1.1445496623734575,-0.003300377886316626,0.0007135035422115717,0.0035968818384887733
FERG,-0.0033337228283561076,1.00141477667821,-0.003338439301665282,0.000702822160748886,0.0035430353405806903
RCL,-0.0021288753190588103,1.619035204391158,-0.0034467240873156725,0.0006932151471960375,0.0034946048976662114
APP,-0.002175238607602828,2.143359740498486,-0.004662318857513886,0.000690414638320312,0.0034804870987798857
CRDO,-0.0017494920383846508,2.6656498121355567,-0.004663533123452697,0.000686344067462509,0.0034599667207796153
HD,-0.004545553643654201,0.6532173635817009,-0.0029692345671269915,0.0006855538394331634,0.0034559830589211086
MAS,-0.002776655108701007,1.042138051205416,-0.0028936579438512294,0.0006803388811385515,0.003429693646649622
PANW,-0.0034366306945561105,1.171946737330832,-0.004027548129896025,0.000679036770338641,0.0034231295044823934
VISN,-0.001412815660954542,2.6721360334081377,-0.003775235636199966,0.0006739936237436604,0.003397706221592869
RS,-0.004006416214493607,0.7475656592282718,-0.002995059178530751,0.0006690912119812404,0.003372992404786318
SPG,-0.0035624588455326974,0.8965474565698182,-0.0031939134170969907,0.0006645141293696727,0.0033499186226046886
SLAB,-0.0017500414141111147,1.8966291124825116,-0.003319179494053203,0.0006579067167840832,0.003316609632638299
GWW,-0.004522011451849173,0.6848886109286674,-0.0030970741418605064,0.0006569366137537823,0.003311719193047296
FLR,-0.0023701746657358714,1.5522841599135355,-0.003679184589850152,0.0006547519904477642,0.0033007061686844462
CAMT,-0.0019257258017586478,1.9436719467135248,-0.0037429792179406946,0.0006509475588136258,0.003281527439720902
CR,-0.002752741964028064,1.2116591766757208,-0.0033353850617349507,0.0006499544621564988,0.0032765210856966287
UI,-0.0022062981086804407,1.5562326662700177,-0.0034335131882582593,0.0006465127942182202,0.0032591711046959277
FUL,-0.002680052392268874,1.0376468075356622,-0.0027809478088661114,0.0006419820287599944,0.0032363308144562584
RVTY,-0.0024055480708537404,1.1960095613553283,-0.0028770584930409384,0.0006406935406774778,0.003229835346516817
CRL,-0.0020372131021274592,1.4224538994533131,-0.002897841721138585,0.0006376287281251216,0.003214385151870588
MANH,-0.0022885940620725816,1.3549541123098205,-0.003100939935813081,0.0006250759243134518,0.003151104524121554
HLI,-0.003016034691965761,1.00972312475363,-0.00304535997353702,0.0006182961769015664,0.0031169267676106815
JBTM,-0.0023326438306381847,1.1915989540702647,-0.0027795759488069166,0.0006151906719275785,0.0031012714361660044
CLH,-0.003490184043083698,0.8059608472451795,-0.0028129516884053433,0.0005956626184969729,0.0030028274950078876
DOV,-0.0025647473016362755,1.129273664463927,-0.0028963015837427655,0.0005913389066381215,0.002981030994023805
VNO,-0.002241473958000776,1.25712603505931,-0.002817815269510214,0.0005887130861373267,0.002967793826285064
HON,-0.0034356057150281946,0.821558658056175,-0.0028225516208486893,0.0005870233125690185,0.00295927541607484
ORCL,-0.0028795054087171813,1.4197998591758973,-0.004088321373792889,0.0005849470488640104,0.002948808649239585
MAN,-0.002301468012924444,1.0108330860241872,-0.00232640001389037,0.0005805132365169789,0.0029264571146461154
PHM,-0.002657062566632737,0.8056381600927258,-0.0021406309974332537,0.0005802520671924445,0.002925140519640467
OKTA,-0.002677330736673063,1.1676664228019176,-0.003126229203948658,0.0005675632412649888,0.0028611741833434604
SSB,-0.0023835360354622134,1.0660324427512455,-0.002540926742269403,0.0005657625459285704,0.0028520965993245515
AAL,-0.0014882254348529205,1.8763152729190093,-0.002792380112961069,0.0005648707921281647,0.0028476011303334085
EXP,-0.002334290464113206,1.097456226024316,-0.0025617816031902278,0.0005648214085068315,0.002847352179851479
AMPL,-0.001936534142425157,1.5199529937974674,-0.0029434408673701283,0.0005604022607116267,0.002825074571534495
CFFN,-0.0029566785166614358,0.8166703457439416,-0.002414631666455579,0.0005602103149860602,0.0028241069434101476
META,-0.0023784558118723174,1.4333547934683373,-0.003409171038999812,0.0005452502950532729,0.0027486911664500423
PWR,-0.002828015319333115,1.1918900354097388,-0.0033706832790992305,0.0005433212932400918,0.002738966769614202
RMD,-0.003942831962701598,0.6471901436600772,-0.0025517619843683915,0.0005420642080228381,0.0027326296083811166
UPS,-0.003071579641110724,0.80736496483929,-0.002479885788946439,0.0005375642334845327,0.0027099445399365748
PJT,-0.002447262513002503,1.043367834283467,-0.002553394988114536,0.0005360144667002635,0.0027021319256039914
LEVI,-0.001774251921799496,1.5311462268981297,-0.002716639135630054,0.0005356197377680928,0.0027001420359352587
SMG,-0.0022274210053617304,1.0242969160416124,-0.002281540466518328,0.0005349743231134263,0.002696888400722084
LII,-0.002270263066587176,1.0590470062120199,-0.002404315303982868,0.0005333323131627144,0.002688610774304103
ULTA,-0.0028497148626177903,0.9255450204525005,-0.0026375394008053775,0.0005302312490883734,0.0026729778301221954
TLN,-0.002135919865601932,1.5535508212085936,-0.0033182600612416306,0.0005299559564359664,0.0026715900372338195
RGEN,-0.0017051413303971544,1.5245005712349426,-0.002599488932226772,0.0005275380723247237,0.0026594011090326467
FOR,-0.002341676876138267,0.8493559963891093,-0.0019889172963537547,0.0005193204937668141,0.002617975023074218
ARI,-0.0033601547587619267,0.7139937849868665,-0.0023991296143500594,0.0005181839932583746,0.002612245748030161
MLM,-0.003452050308332831,0.7120942665779679,-0.0024581852325025154,0.0005154872013690569,0.0025986508025323363
MCO,-0.0025949894552920925,1.0676409419447568,-0.002770516986384761,0.0005142126335122191,0.0025922255086060146
POOL,-0.002693578731436423,0.750888890634137,-0.002022578345484002,0.0005117308512779464,0.0025797144600723655
COF,-0.0017559142853713018,1.5104209598916627,-0.0026521697403980044,0.0005090302742873631,0.0025661004332929583
CPF,-0.0026518545095603756,0.7989083849609747,-0.0021185888033843575,0.0005087215752260489,0.0025645442335244786
DRI,-0.0037399891567438262,0.6177891517490234,-0.0023105247286953137,0.0005059197190646479,0.0025504196427624426
MKL,-0.00392198181263346,0.6361929795157933,-0.002495137294986033,0.0005047065887534636,0.0025443040650170346
TDG,-0.0039963553007801855,0.6787397399531773,-0.0027124851576120447,0.0005009084127116221,0.002525156871462904
BEAM,-0.0013172522573392412,1.7452512653176588,-0.002298936168863853,0.0004997894572649862,0.0025195160437921573
GWRE,-0.0032895411638949163,0.8843575176475349,-0.002909130457901491,0.0004993616053024868,0.0025173591757986138
TKO,-0.0032392049401071925,0.8166087027593388,-0.0026451629441125763,0.0004991235029509491,0.002516158864975639
SIRI,-0.002204212826010031,1.0150960264102036,-0.002237487681045188,0.0004971150095098738,0.0025060337385347316
UBSI,-0.002500835290381937,0.8494204493016766,-0.002124260635985714,0.0004939203380377812,0.002489928904966154
RRX,-0.0014296967039813086,1.643556652029472,-0.0023497875282130908,0.0004926464202377992,0.0024835068880770996
SDRL,-0.001646317026577248,1.4711169903500128,-0.002421924949300303,0.00048727200726145963,0.0024564136400643207
CPAY,-0.0016119313554045353,1.492974164065194,-0.002406571867865561,0.00048611417169852503,0.0024505768117069346
CCS,-0.0021095023627092373,0.7686140795271647,-0.0016213932167741395,0.00048271697162739476,0.00243345100011014
CDW,-0.0020242446849892035,1.1812544000488758,-0.0023911479409190473,0.00047714993239517014,0.002405386693314301
CRUS,-0.001717850523651597,1.3980764943903807,-0.002401686437993505,0.00047540397315364426,0.0023965850424253364
JOBY,-0.0013127417035257044,1.9921735875247677,-0.0026152093490061775,0.000474886713596397,0.002393977456902382
ENOV,-0.001459372826618452,1.4876101230337748,-0.0021709777901580234,0.00047342545617479816,0.0023866110319722207
QDEL,-0.0011900307812907907,1.735259872411649,-0.002065012661708592,0.0004722269334535246,0.0023805690933494596
TPL,-0.0017544011746698823,1.3607263967222682,-0.0023872599888138638,0.00046888762711205486,0.002363735133008417
LPLA,-0.0021071489026699163,1.2808318118626163,-0.0026989033468710327,0.00046501238830242667,0.002344199454109117
ZBRA,-0.001310250911246025,1.759810936039844,-0.002305793882566926,0.0004619734093002175,0.002328879490389366
RKT,-0.0020877966922286657,0.8093975063717773,-0.001689857436501127,0.00046163882917338073,0.002327192820162042
AGNC,-0.003281009230868406,0.6666263018043256,-0.0021872070497596604,0.00045843430877686955,0.0023110383366404174
DCI,-0.002392577381433779,0.9043202446903782,-0.002163656163018859,0.00045655608774982276,0.0023015699336106127
JBL,-0.0018132235955481686,1.4655935839586651,-0.0026574488679178576,0.0004538772080677104,0.00228806528632292
FUN,-0.0012457283637941925,1.6802229055144602,-0.0020931013308960523,0.0004527081456869465,0.0022821718618384443
KTOS,-0.002266291952994364,1.1187736622714461,-0.002535467748027813,0.0004496991297695233,0.0022670029466687227
NAVI,-0.0018075538135660612,1.1246391534162352,-0.0020328457906432225,0.00044919112095336184,0.0022644419955640096
CARR,-0.001965213582298265,1.1126433297213105,-0.0021865817838218862,0.000447880945331898,0.0022578371973825356
WMS,-0.00170073833930872,1.1433489477592829,-0.0019445373906624953,0.0004422448287381543,0.00222942466091102
GFS,-0.0014089011239471307,1.6330967148960835,-0.002300871797131459,0.00044213522893208647,0.0022288721513176895
VC,-0.001818144899482361,1.056880666174689,-0.0019215621925670308,0.0004406953155138633,0.0022216133248135496
FBK,-0.0018130120130953166,1.0482529963880844,-0.0019004952752147586,0.00043974504539196906,0.002216822865984844
CSTM,-0.0013507363395315484,1.5521391925008525,-0.0020965308113220548,0.00043921461069816245,0.002214148862558395
NOV,-0.001441456259732098,1.4404993178506298,-0.0020764167588556075,0.00043666188502944104,0.0022012801771864794
WGS,-0.001355516990991798,1.7024720912715925,-0.0023077298464079824,0.00043571019984249234,0.0021964825847957193
ESAB,-0.0016895925038395267,1.1286074042291103,-0.0019068866099632912,0.0004327541694052939,0.0021815807776363284
SYK,-0.0030922126120136928,0.7016799450153232,-0.0021697435755734565,0.00043231646254973715,0.0021793742296009055
FISV,-0.0024465094677285186,0.7539625880118838,-0.0018445766098841702,0.00043130197394756955,0.0021742600354692546
MDB,-0.0015729243808196337,1.6950716086724942,-0.0026662194605161236,0.0004292270956611828,0.0021638002527437947
BURL,-0.0019260330599870864,1.1464124416176553,-0.00220802826293612,0.00042797660605175674,0.0021574963409910627
ELF,-0.0012968363290856027,1.6977175610474207,-0.0022016618096928997,0.00042540148369154033,0.002144514750429313
HTB,-0.0024349546735362645,0.7330949928640829,-0.001785053079020433,0.00042494240076125663,0.002142200442291221
RH,-0.0007044461073409263,2.8484706603959915,-0.0020065940685907936,0.0004233537250893393,0.0021341916822311706
FOUR,-0.0015832933414682527,1.3363093847329335,-0.002115769750989191,0.00042189058274474364,0.0021268157551123123
PK,-0.0014046415975203458,1.3563470269145492,-0.001905181454677224,0.00042148362897002613,0.0021247642381193497
KYMR,-0.001514276730756983,1.4773578833705903,-0.0022371286657884735,0.0004187615879207831,0.002111042007696645
RVMD,-0.0019371472666647198,1.0788523475889562,-0.0020898958762667627,0.00041470828779931966,0.0020906086941525435
CIM,-0.0021085732869524977,0.9068971396621969,-0.0019122590827053369,0.00041234905267267824,0.0020787154245642267
AMRX,-0.002298814682670187,0.8904702282645881,-0.002047026035215308,0.00041150858599565114,0.0020744785019035715
MTX,-0.0017686871625701942,0.9579162191621521,-0.0016942541196498751,0.00040362209003420906,0.002034721454580302
DHR,-0.0019389723435656485,0.9839928068046611,-0.0019079348386617742,0.00040289425964400275,0.002031052348882636
RUM,-0.001017396709140328,1.9999653428916904,-0.0020347581582527132,0.0004017197715863048,0.0020251315727205983
RSI,-0.0017069573436362196,1.304387311841087,-0.0022265335008930507,0.00040039796861432697,0.0020184681592647505
CHTR,-0.0024872778295624573,0.7729362690975907,-0.0019225072457911589,0.00039982425469092114,0.002015575978540335
TXRH,-0.002536219224495941,0.740311474791633,-0.0018775921944814817,0.00039569275023030903,0.001994748424813062
IBM,-0.0027218693124612253,0.7553401040816438,-0.0020559370497710942,0.0003950763731398942,0.0019916411724575913
PDM,-0.001807100440828994,0.9475553135916257,-0.0017123276249012824,0.000390259442206575,0.0019673582777467854
MOD,-0.0010302206594081456,2.0627419015825486,-0.0021250793220371853,0.00038993754754213157,0.0019657355568996624
UCTT,-0.0008583993889848618,2.3591895111602996,-0.002025126834879496,0.0003887997665846445,0.0019599998269136856
MTD,-0.0015394339595362246,1.190053041476287,-0.0018320080656979675,0.00038752566114505705,0.001953576864104325
CCNE,-0.002033994729283188,0.8089022474751402,-0.00164530290786976,0.0003851371283124404,0.001941535900243594
WFC,-0.0019309580157585188,1.0470822355244944,-0.0020218718358443718,0.000383073310142922,0.001931131873279867
GABC,-0.0024286716757641424,0.6291217434589298,-0.001527930158946058,0.0003807249109961121,0.0019192932295437743
WAL,-0.001108331785590701,1.5750682365734185,-0.0017456981910686136,0.00037959168575719683,0.0019135804656405465
AX,-0.0014772082526939344,1.1607305618246704,-0.00171464076508147,0.00037843959668965087,0.0019077726062562287
BR,-0.003145847344342631,0.6098961773321019,-0.001918640269784915,0.0003741700710868496,0.001886249266579346
TTEK,-0.0029372320761434706,0.5211863008696277,-0.001530845120560832,0.00037336129601427056,0.0018821721062039886
PDFS,-0.0012214945595494478,1.5924051736253308,-0.0019451142561817355,0.0003733219436939412,0.0018819737250637125
MATX,-0.001346645689251339,1.2945525021704811,-0.0017433035465574131,0.00037248207178984435,0.0018777398007454964
WAT,-0.0016309018546299865,1.0357769529063303,-0.0016892505534779304,0.0003706466643100056,0.0018684872274366158
IONQ,-0.0008716267628112419,2.541606061364512,-0.00221533186360858,0.0003693788312855626,0.0018620958848432484
FCX,-0.0012018297354225507,1.6693033566449869,-0.0020062184114566202,0.0003663982464365239,0.0018470702950916518
VMI,-0.0015940487225634928,1.108370599493702,-0.0017667967382498685,0.0003649341006415211,0.0018396893094239119
BY,-0.0018688299825021292,0.8475105883748333,-0.001583853198042909,0.00036455897936405065,0.0018377982649786637
AOS,-0.0023586411241030935,0.6290019672268884,-0.0014835899070430852,0.0003629061660558554,0.0018294661771627672
YETI,-0.0011004013238079344,1.4578221367749298,-0.0016041894091836444,0.0003622965685512832,0.0018263931017493116
TMP,-0.0016273853477771544,0.9573826918503554,-0.0015580305649327188,0.00036197879254846126,0.001824791143713175
TKR,-0.0012398619499002699,1.3496567570434472,-0.0016733880584839632,0.0003604719168341898,0.0018171947499059026
CTMX,-0.0008560945462462179,2.2569483623275146,-0.0019321611841479182,0.0003600188858354558,0.001814910950491862
PSMT,-0.0033317752159698656,0.4356383072180194,-0.0014514489151160632,0.00035761634557695046,0.0018027993730282514
MDT,-0.0036607545686103936,0.45143896948759554,-0.0016526072700004835,0.00035722904408246563,0.0018008469262229922
BALL,-0.0027759117093122255,0.4837984284882618,-0.0013429817225874194,0.0003528368274890005,0.0017787050822641304
OWL,-0.001041386321514743,1.7587363686178017,-0.0018315239974290897,0.0003527734450904903,0.001778385561778816
COIN,-0.0009235546338338295,2.197476084331742,-0.0020294892204235997,0.0003523045945715627,0.0017760220137139114
AGCO,-0.0013800163686108278,1.1605249875625865,-0.0016015434790182467,0.00035071328483345007,0.0017679999749182994
HIG,-0.003177692795536093,0.5229845644219515,-0.0016618842825402169,0.00034996135800772327,0.0017642093953579708
CSX,-0.002299324787404754,0.7281787562749972,-0.001674319463964666,0.0003484339093405659,0.0017565092901095892
OLED,-0.0010992948728617226,1.6322942980456283,-0.0017943727528429837,0.0003464095095058923,0.0017463039770755327
CUZ,-0.0019430417742712822,0.8046928652382579,-0.0015635518526159865,0.0003463898767159522,0.0017462050051414123
BCPC,-0.002678002368785793,0.5591098810565551,-0.0014972975858809977,0.00034515729624306113,0.001739991376119087
BBY,-0.0010867210383775068,1.5019204749440291,-0.0016321685780916135,0.0003431447443891899,0.001729845790590852
MSCI,-0.002307872470689024,0.8129885146094812,-0.0018762738118535832,0.00034204010544658305,0.0017242771346337496
MUR,-0.0010393605061333295,1.605873162473981,-0.0016690811429348874,0.0003419611361018815,0.0017238790379391293
ICLR,-0.001463279573481949,1.0415559849877456,-0.0015240875974704398,0.000341573691949579,0.0017219258719737213
HP,-0.0010681526710291209,1.5712258967690476,-0.0016783091384239839,0.00034064827149317954,0.0017172606841566128
BG,-0.003097234706851102,0.468710837021875,-0.0014517074719013817,0.00034030218889935363,0.0017155160282121013
FTDR,-0.001837165196394871,0.8986791365975144,-0.0016510220324831458,0.0003401159054208473,0.0017145769443519523
EME,-0.0015062971240436805,1.365526168280366,-0.0020568881400871023,0.00033809534737887096,0.001704390998389764
ROCK,-0.0012158181430647057,1.2485619112333066,-0.0015180242244169989,0.00033734314224574696,0.0017005990158387517
CFR,-0.0014898406469196228,1.0302649689693106,-0.0015349306278678628,0.00033728172508082897,0.001700289402400281
EGP,-0.0022129349289480085,0.6845776208501487,-0.0015149257287554207,0.00033672930297597294,0.001697504557030099
PBI,-0.0015008170082720174,1.104268752235648,-0.001657305325058579,0.0003355442735829146,0.0016915306403642403
AVTR,-0.0011142310022095564,1.238733469034517,-0.0013802352346728504,0.0003308008343321558,0.0016676182286050147
SOUN,-0.000647685414983383,2.8405859217376745,-0.0018398060715166212,0.00032890745859362827,0.00165807342832801
LNG,-0.0027589323366779676,0.658291045391082,-0.0018161804520749998,0.00032676583536926694,0.001647277174035124
PRM,-0.001522429416389348,1.028138294015894,-0.0015652679829261575,0.00032648098552918905,0.0016458412018838199
ON,-0.0008375568893568594,2.0147297711465586,-0.0016874508000161688,0.00032458051331572227,0.0016362606271777952
AFRM,-0.0007241659312824368,2.501442790416744,-0.0018114596478718788,0.0003234446663169168,0.0016305346465769954
OLLI,-0.0020623767986723356,0.8346481464462959,-0.0017213589722857106,0.00032098667714936706,0.0016181435425769257
FANG,-0.001363874198560124,1.191945066700357,-0.0016256631225736431,0.00032022103539065653,0.0016142838239157423
TT,-0.0019382651082251094,0.9259892414774029,-0.0017948126373474853,0.0003200397074421894,0.001613369721649858
BSY,-0.001995069841928988,0.8283995088147929,-0.00165271487710518,0.00031742044722745364,0.001600165625328966
ABCB,-0.0013730933692914697,1.0601058262305676,-0.0014556242807444474,0.00031704189323876,0.0015982572760549047
AMZN,-0.001445049105791834,1.3658966011649762,-0.001973787662117554,0.0003162531544403194,0.001594281121639989
DE,-0.001886234115014991,0.782504044064894,-0.0014759858230523968,0.0003147089097475208,0.0015864963450255753
PPG,-0.0013984777821757345,1.0255604543200998,-0.001434223509644712,0.0003138861640712581,0.0015823487566737759
LASR,-0.0008302583354803386,2.078646239554381,-0.0017258133669048857,0.00031312765984062855,0.0015785250193968566
RBLX,-0.00185626389900672,1.1918316667967972,-0.0022123540967679007,0.000312933982527536,0.001577548662071663
ASIX,-0.0012052207815975856,1.1977475282681034,-0.0014435502121758598,0.0003109191354404011,0.0015673915059171409
DNLI,-0.0010699060732071088,1.3863834485708095,-0.0014833000714197244,0.0003102444822880977,0.001563990474909954
XOM,-0.002727270067012663,0.536979985221408,-0.0014644894402792482,0.0003094930252744455,0.0015602022637450413
DX,-0.002862375085918495,0.5270222269458986,-0.001508535292135223,0.00030802801345093244,0.0015528169122934813
TROW,-0.001255336114943236,1.2084552906482122,-0.001517017569644926,0.00030536280910510344,0.0015393812044935458
WLFC,-0.0011096492061596257,1.3654722998355358,-0.0015151952535454607,0.00030507013275180613,0.001537905777677209
PAHC,-0.001215421678034648,1.1882110871726992,-0.0014441775134308153,0.00030502454122295674,0.0015376759437206752
FBIN,-0.0009670862531670068,1.3302797886776503,-0.0012864952964960663,0.0003050182737610885,0.0015376443484749146
PR,-0.0011015947262421298,1.395821166283748,-0.001537629235555316,0.0003037107509236202,0.001531052923388332
SNEX,-0.001397906334229162,1.051399847019535,-0.0014697585059561798,0.0003028229816683279,0.0015265775411060912
MTW,-0.0008974743281984225,1.5268160710158225,-0.0013702782276174804,0.00030228090524939756,0.0015238448499406345
OSW,-0.0010762537001223248,1.4349329429813984,-0.0015443518893111469,0.0003019256342334013,0.0015220538737371842
BRO,-0.0037809341378846964,0.3395458168925643,-0.0012838003704650426,0.0003019195163387066,0.001522023032482705
DECK,-0.0009964503215249307,1.365366871431018,-0.0013605202580369267,0.0003017080216335151,0.001520956854925013
FTNT,-0.001495297016429641,1.21929523282285,-0.001823208523786892,0.00030155788483724876,0.001520199992087156
SSNC,-0.0018047420084766343,0.8474797555107272,-0.0015294823161037167,0.0003007197561373224,0.0015159748555310891
MCS,-0.0014714656291641066,0.9366051883190343,-0.0013781823427082343,0.000298159283812767,0.001503067118067586
APH,-0.0014647637715170991,1.2969762073440008,-0.0018997637610371418,0.0002979817860116842,0.001502172324167744
LUMN,-0.0008400460790987079,1.9937807956935378,-0.0016748677400046585,0.00029610455783573973,0.001492708926254084
SBSI,-0.0017509569966076826,0.6863723828606157,-0.0012018085260480822,0.00029457101063615914,0.0014849780773594319
UFCS,-0.002086959526614937,0.6102924993917073,-0.0012736557456271642,0.00029365230069998703,0.0014803467183138776
AMBA,-0.0007230498936593036,2.261714443323299,-0.0016353323877326222,0.00029294007281340374,0.0014767562672529393
BCSF,-0.001812907468379328,0.8071298479233411,-0.0014632517292520963,0.0002921853741821086,0.0014729517145915417
NVST,-0.0010024148155314383,1.3364882234568853,-0.0013397155959764733,0.00029169742308246495,0.0014704918775416246
NTCT,-0.0015431433542190314,0.9532259866064047,-0.0014709643463005529,0.00029001464419319505,0.0014620087285915212
VSEC,-0.0011807638210177974,1.2324296487962094,-0.0014552083412482342,0.0002883225427489456,0.0014534785831982183
NET,-0.001137933144339159,1.6670142452035546,-0.0018969507617026505,0.00028828087775669743,0.0014532685435206943
DLR,-0.0019962526053316837,0.7991885205008906,-0.0015953821662010766,0.0002880991562261815,0.0014523524571467585
ROK,-0.0011963960180807166,1.2344466305774056,-0.0014768870333559654,0.0002828191783175139,0.0014257352709328782
CECO,-0.0014306871755446443,1.0592557886192506,-0.0015154636723989905,0.0002821076362732493,0.0014221482773092676
GTX,-0.0014160539990730647,0.9642705101169207,-0.0013654591120392896,0.0002819881269809427,0.0014215458124613764
PRI,-0.0015694541233218493,0.8788863215003551,-0.0013793717612099047,0.00028037587787709103,0.0014134182150807256
ZUMZ,-0.0008230011737716128,1.627094455405156,-0.0013391006466357267,0.00028026897307067527,0.0014128792913979474
MBWM,-0.0014177282875718353,0.8122536484010934,-0.0011515549740216578,0.0002800517771576753,0.0014117843731688913
MIDD,-0.0009474265373548027,1.3067643881807476,-0.001238063259432653,0.00027997127813999845,0.0014113785651559407
INTA,-0.0009796098011294837,1.4864170417778513,-0.0014561087026914764,0.00027942898438713373,0.0014086447783764678
KHC,-0.0037183706921437468,0.23843405760938688,-0.0008865862118236579,0.00027846454123427747,0.001403782871104065
NVRI,-0.0007670040878335402,1.7988643406335207,-0.0013797363027238964,0.0002780846709144166,0.001401867886000763
KD,-0.0010729794606521392,1.378624956733581,-0.0014792362625175766,0.0002761138360348997,0.0013919326021998978
PSX,-0.0011487271649698433,1.1374666520221055,-0.0013066388424250925,0.0002753354521321111,0.001388008648417364
CVLG,-0.0009702110421545233,1.2990822771975827,-0.001260383970004338,0.0002737854128736297,0.0013801946605000858
VICR,-0.000864709287858519,1.6188639975561963,-0.0013998467344666138,0.0002694928439463941,0.0013585551558565943
RPRX,-0.004069513301880773,0.36928127519869414,-0.0015027950615565803,0.0002694895825309025,0.0013585387145560886
WLDN,-0.0012657179380061675,1.104301199244597,-0.0013977338368456093,0.00026776033936455596,0.0013498213319904973
BAX,-0.0011997934147617369,0.9442215745955415,-0.0011328708272756887,0.0002674931666070826,0.0013484744727498045
DAKT,-0.0010712414562523865,1.2460517611026725,-0.0013348223031294775,0.0002664443842502488,0.0013431873984906771
TRTX,-0.001767459909729134,0.6620869873828106,-0.0011702122069524566,0.0002651443222299371,0.0013366335845386482
SPSC,-0.0011144324995227127,1.073051085010369,-0.0011958430027836644,0.0002627775947709992,0.0013247025449430773
VLY,-0.0010714688975008025,1.1293496835283225,-0.001210063060302972,0.0002625830354184641,0.0013237217411204746
NKTR,-0.0006600637384767917,2.222359794022186,-0.0014668991138827969,0.00026228390962298315,0.0013222138016674287
A,-0.0010930786990782967,1.133033022886053,-0.0012384942626690368,0.00026046316769790277,0.0013130351596909676
ICE,-0.0028263121164712685,0.45370994637136997,-0.0012823259187929323,0.00025899225196087484,0.0013056200456971897
CRNX,-0.001185649186090608,1.0803891133044081,-0.001280962472850525,0.00025726868619525584,0.0012969312837877813
DGII,-0.0009343166761821243,1.3669768099827107,-0.0012771892295210896,0.00025575523639769025,0.0012893017490086616
DRVN,-0.0014062057772607738,0.7891918757896833,-0.0011097661751027195,0.0002557142146892053,0.0012890949522241972
STZ,-0.0022214610477945284,0.4381447568561658,-0.000973321510651377,0.00025428648114157157,0.0012818975263336862
ARE,-0.0012239492510962113,0.8306228978717658,-0.0010166402737935125,0.0002541700780168931,0.0012813107201577818
BANR,-0.001279917165489251,0.8327447971425989,-0.0010658443603346764,0.00025411384011444176,0.0012810272161833869
ACN,-0.001417198711783774,0.8393016125554134,-0.001189457164111576,0.0002534131340597893,0.0012774948484613059
TARS,-0.0022620947463434494,0.5638179095291861,-0.0012754095310403182,0.0002529737600491489,0.0012752798960389566
MSI,-0.002871905109126917,0.5305921830406957,-0.001523810401337378,0.0002525034052105049,0.0012729087644654258
QS,-0.0007203683938759835,1.8003493990043709,-0.0012969148049763706,0.00025232787247454595,0.0012720238767631531
KN,-0.0008514627728919205,1.488702868044043,-0.0012675750720369356,0.0002522665412879024,0.0012717146967544774
APTV,-0.0009249510487398774,1.2909074082291838,-0.0011940261610676607,0.0002497696448482428,0.001259127455171119
AVT,-0.0010507499074538947,1.152727163566202,-0.0012112279604367773,0.0002488450572706631,0.001254466466025108
AUB,-0.000889523924382519,1.2860722663102655,-0.0011439920493678275,0.0002485209451395004,0.00125283256658489
WPC,-0.003469718363059627,0.2981558785722736,-0.001034516926936394,0.0002481531337164135,0.001250978372247481
BFST,-0.001186490288810831,0.903638964009456,-0.0010721588553882996,0.0002475438021465104,0.001247906637451871
RNST,-0.0010036926098973393,1.111824536782343,-0.00111593007107097,0.00024612783466970576,0.0012407685261463222
PTON,-0.0006624043143293239,2.1029372214019895,-0.0013929946882203983,0.0002453290201606194,0.0012367415785138715
GILD,-0.0030707289067996115,0.3835699284313587,-0.0011778392670132312,0.0002449026261156716,0.0012345920601084567
MSTR,-0.0006735914415172642,2.0926379018103187,-0.0014095829808540758,0.00024403049698516676,0.0012301955221170591
FBNC,-0.0011828880116533822,0.9059983345136626,-0.0010716945684741423,0.00024396079831046026,0.0012298441603053973
NFE,-0.00048292081208838196,2.291022718781268,-0.0011063825518667827,0.00024383612364842842,0.0012292156560288914
MLI,-0.0010777175351619392,1.0878807512937545,-0.0011724281618344238,0.00023920468204633694,0.0012058678417588336
NXST,-0.0012093581649513922,0.8727053240954402,-0.0010554133092913716,0.00023915428640107256,0.0012056137895075602
FFBC,-0.0011249916381490604,0.889451672672916,-0.0010006256942947257,0.00023630830694113347,0.001191266766365338
SKY,-0.0010319943458343974,0.8777236457836634,-0.000905805839653894,0.000234657500217086,0.0011829447940508392
MSGS,-0.0018981232243606636,0.6588408072599722,-0.001250561037416681,0.00023274333931131536,0.00117329521252729
TILE,-0.0010616149134153906,0.9910766323939185,-0.0010521417332868867,0.00023231969534490035,0.001171159557693594
TREE,-0.0008064024514888316,1.345264613875345,-0.0010848246825302546,0.00023157245667469267,0.001167392611851173
CC,-0.00047082336921416205,2.2462510152665707,-0.001057587471108539,0.0002304423791478657,0.0011616957160519887
GKOS,-0.0007880291479968908,1.4727257138336998,-0.0011605507895054831,0.00023025684184623123,0.0011607603937849923
ANET,-0.0009295649935627406,1.6184099378345786,-0.0015044172234450755,0.0002296285150021918,0.0011575929008711446
AMBP,-0.001402636587551192,0.6846854101005426,-0.0009603648071695135,0.00022960181229996496,0.0011574582884144487
KEYS,-0.0008854032274033416,1.3817638993017076,-0.0012234182159511578,0.0002293494126594889,0.001156185902744077
LAUR,-0.0016239576138061074,0.7143906785917682,-0.0011601401817312137,0.00022922522480531147,0.0011555598525413448
LYFT,-0.0008583189562695607,1.4053312173223458,-0.0012062224236651469,0.0002282848253446406,0.0011508191532442855
PLMR,-0.0017869675360288344,0.7037050943672412,-0.0012574981585723674,0.00022741634793061632,0.0011464410241211153
MC,-0.0007198201343400352,1.5388540917209073,-0.0011076981590322564,0.00022682793454657647,0.0011434747411395109
EVRG,-0.005009541410474543,0.20867030680128842,-0.0010453425430574821,0.0002246624977835875,0.0011325584391110042
PVH,-0.0007255833924316512,1.4481490440679687,-0.0010507528961414896,0.00022408519363481368,0.0011296481595045812
FORM,-0.0005574670937322663,2.1066692361949717,-0.001174398776556784,0.00022283880299812128,0.0011233649113081036
NI,-0.00286204264877053,0.4087326177940149,-0.001169810184070095,0.0002227118791745918,0.0011227250686602175
CEG,-0.0008310900157797027,1.776102897263846,-0.0014761013849133853,0.000222595572301425,0.0011221387477030876
AIZ,-0.0016092507549803597,0.6880261082119721,-0.0011072065340863148,0.00022252549859921416,0.0011217854953197055
MTDR,-0.0007442272899313524,1.4576373983083164,-0.0010848135306455856,0.00022147432773312272,0.0011164863802155625
GT,-0.001065153256439335,0.9385798554817858,-0.0009997313894947845,0.00022104715141177723,0.0011143329182336955
CUBE,-0.0016361685045572665,0.5270995336911745,-0.0008624236557923215,0.00021984284144405298,0.0011082618052054524
URI,-0.0008115525847367185,1.3583473526756067,-0.0011023703050341675,0.0002185807429483319,0.0011018993712593333
CLX,-0.002841963107266021,0.2535363259342412,-0.0007205408846568868,0.0002183761836477714,0.001100868156150296
UDR,-0.0015599449968833198,0.6289475383448347,-0.000981123565743105,0.00021809134095597928,0.0010994322200346075
HLNE,-0.0007083628540024384,1.507515830777445,-0.0010678682163433677,0.0002180008724516792,0.0010989761542958677
STE,-0.0018673622124127558,0.5498156681171572,-0.001026705002434452,0.00021738758164465815,0.0010958844603728795
MTCH,-0.001235124475571684,0.9039600051266893,-0.001116503127269879,0.00021678160709941234,0.0010928296488583841
DVA,-0.0015828120681203276,0.5231916390496564,-0.0008281140402274505,0.00021603713514551384,0.0010890766504612888
HXL,-0.0009653989211069189,1.1140465265272805,-0.0010754993147723472,0.00021585220820910964,0.0010881444051399302
FMC,-0.0008809657968910474,1.1434340004786214,-0.001007326245423967,0.00021550870892459632,0.0010864127720576749
GOOG,-0.001380853880578864,1.0362370848206823,-0.0014308919997743687,0.00021459895009783516,0.0010818265369406924
GEO,-0.0011461666857316684,0.9451210036345958,-0.0010832662083512527,0.00021450887941141863,0.0010813724766635035
QBTS,-0.000492478626413797,2.358594003844343,-0.0011615571352810799,0.00021364644288362228,0.0010770248005832071
NN,-0.0009402406281725773,1.2493955180271437,-0.0011747324267058442,0.0002135422844010452,0.001076499721544153
DHI,-0.0011090505522775645,0.6281865508128762,-0.0006966906411123586,0.00021326395179721076,0.0010750966037899115
LVS,-0.001015274958384707,1.0901862117213355,-0.0011068387607369602,0.0002131865030840154,0.0010747061728341755
CINF,-0.0015234903332875121,0.6672103666601412,-0.0010164885438759417,0.00021284346550078874,0.0010729768672595981
CRSP,-0.0007644095653373833,1.335571516822066,-0.0010209236426509452,0.00021012623084014202,0.001059278866586051
CHRW,-0.0014465806945161423,0.7130391226479499,-0.0010314686292572522,0.00020836085613576037,0.00105037933934245
CBSH,-0.0011701482607810907,0.7824273147614125,-0.0009155559615556858,0.0002079445525942015,0.001048280688727079
FLYW,-0.001123261621982588,0.9377684410832868,-0.0010533593001752959,0.0002060679304375633,0.0010388203458505806
SAIA,-0.0005735541577636622,1.5892945921315604,-0.0009115465212283601,0.00020589657410853245,0.0010379565120623268
SHW,-0.0012832667637589508,0.7301230747191386,-0.0009369426752405636,0.0002050771205081982,0.0010338255195750426
MSA,-0.0012182047405112917,0.8117670198677716,-0.0009888984317936431,0.00020503660172180183,0.0010336212580987017
BH/A,-0.0020647729652364614,0.46429570474155735,-0.0009586652190257779,0.00020492283877454945,0.0010330477614660196
FCNCA,-0.000821988610654852,1.207064639422255,-0.0009921933859292993,0.00020426650103935474,0.001029739061312522
PYPL,-0.0008393586972231206,1.27795597370792,-0.0010726634611999844,0.0002040939336441221,0.0010288691223520176
AME,-0.0012233738224917635,0.8411759297543562,-0.0010290726125716499,0.00020396390612206704,0.001028213633479273
OC,-0.0007255235307250022,1.2820329073393981,-0.0009301450414385197,0.00020378232867028907,0.0010272982734285648
GME,-0.0013944690622358497,0.7254591886638686,-0.0010116303945064851,0.00020193561859728595,0.0010179887219973968
F,-0.0010164666565047862,0.909724120067047,-0.00092470423466631,0.00020112435296468925,0.0010138990063233407
FA,-0.0007210192725347417,1.223512150230188,-0.0008821758404963877,0.00020072482006531361,0.0010118848991120595
MSGE,-0.0010054557867121914,1.0266023161368234,-0.0010322032394119076,0.0001994550278349449,0.0010054836798582482
ENTA,-0.0010313656648566314,0.9420376987748491,-0.0009715853375169333,0.00019907098357989055,0.001003547653301324
GBCI,-0.0007352608659600369,1.160837212899956,-0.0008535181743954574,0.00019803163901956357,0.00099830815643578
LCID,-0.0006600443328146408,1.3791268063228628,-0.0009102848327461603,0.00019781560595292155,0.0009972191002952748
LBTYK,-0.001727578150232423,0.5922669149586682,-0.0010231873813881598,0.00019510495091448865,0.0009835542685161266
PBF,-0.0007038503200343789,1.3052298435006642,-0.0009186864430663648,0.00019493041195499473,0.0009826743905948952
OCUL,-0.000860892422367418,1.1637593813553142,-0.0010018716328677843,0.00019345643121486484,0.0009752438254458811
VRNS,-0.001077314530689004,0.84378841213841,-0.0009090255172237112,0.00019252020053052996,0.0009705241415958443
HQY,-0.0010475910663130142,1.0203831918785384,-0.001068944316027915,0.00019161260034740194,0.0009659487885356709
INN,-0.0005354225831799045,1.6951424282293448,-0.0009076175377804116,0.00019145414053081238,0.0009651499680635895
CASY,-0.002224799154669997,0.5032827934773395,-0.0011197031334883396,0.00019105596449924342,0.0009631427010330254
TDY,-0.0011125888225316256,0.8441040483515763,-0.0009391407292496586,0.0001888338069949982,0.000951940460964943
SMP,-0.000936366589732677,0.8213246765820782,-0.0007690609864744544,0.00018881250876221016,0.0009518330932755413
DBI,-0.0003907760241968182,2.1420504335561725,-0.0008370619520541517,0.00018858921724697233,0.0009507074461717328
REXR,-0.0009239884480547126,0.917766794790161,-0.0008480059163943087,0.00018787345252630378,0.0009470991653825109
HASI,-0.001068020113121699,0.7669648526538686,-0.0008191338886917519,0.00018743530358058456,0.000944890388702124
LSTR,-0.0009785771208742423,0.8231021256507086,-0.0008054689083047392,0.00018682659490102603,0.0009418217939931921
LFUS,-0.0005787185129539307,1.6100308025908145,-0.0009317546318853798,0.00018637315488230087,0.0009395359326460415
BDX,-0.0013520521616311226,0.5855014395042735,-0.000791628486919887,0.00018605700103539583,0.0009379421521490641
DLB,-0.0010462612767921126,0.856275818535369,-0.0008958882311870265,0.00018431478014810395,0.0009291593468826569
DGX,-0.002727040110582044,0.2626501514677696,-0.000716257498103057,0.00018342544215629842,0.0009246760563567426
UMBF,-0.0007067758242165609,1.1782736622162309,-0.0008327753387655422,0.00018301600741549225,0.000922612032429563
GDDY,-0.0013055544847362438,0.7596244185794416,-0.0009917310663915516,0.0001828368649407141,0.0009217089474749541
AVAV,-0.0008793910546618277,1.2542706300415525,-0.001102994372183596,0.00018162557518763717,0.0009156026482679656
GNTX,-0.0011114425956520245,0.6756364313009573,-0.0007509311089222067,0.00018050039798026606,0.0009099304557379465
DOC,-0.001459650433966726,0.4953607160292032,-0.0007230534841220946,0.00017988321496594233,0.000906819140595258
SON,-0.0010776497111111717,0.6865764150141158,-0.0007398888752957058,0.00017986797801276193,0.000906742328754915
PEP,-0.003501330529715444,0.14214042012148514,-0.0004976805924779353,0.00017891489226945652,0.0009019376759426921
MDLZ,-0.004308523190460027,0.07802433613388468,-0.0003361696616530904,0.00017831619655159762,0.0008989195581241416
FCFS,-0.0022152354237214736,0.35770133769646884,-0.000792392674377775,0.0001775082036914534,0.0008948463410027898
MGRC,-0.0009664146901091812,0.8339076236437222,-0.0008059005776833315,0.00017742033597265873,0.0008944033862265004
VCTR,-0.0006553868154783667,1.359217463830771,-0.0008908132051626311,0.00017702701354788705,0.0008924205869793565
VRSK,-0.0027661520556143894,0.2731461959743919,-0.000755563911477815,0.00017658484800078618,0.0008901915619894554
ADNT,-0.0005493306258472799,1.4327585803137555,-0.0007870581676118156,0.00017618259863602615,0.0008881637606555413
UBER,-0.0009002605897733398,1.167295155640093,-0.0010508698252561126,0.00017525927368408108,0.000883509136600865
MNRO,-0.0007657242545483181,0.819832210376015,-0.000627765408144874,0.00017401618674469968,0.0008772425428540918
CBU,-0.0008550963050806169,0.8932716510915658,-0.0007638332882816599,0.00017280214290414135,0.000871122359865654
TNK,-0.0018641133970764216,0.4931559147118415,-0.0009192985474618209,0.00017243926501702442,0.0008692930362470012
TRNO,-0.0009229745099843639,0.8154262641613459,-0.0007526176565926987,0.0001712339908486322,0.0008632170625338894
ETN,-0.0007451436039831332,1.3692232199545058,-0.0010202679247742908,0.0001705898593662479,0.0008599698959908818
PGEN,-0.0004820380137273904,1.7473163617825591,-0.000842272908387035,0.00017020433197040754,0.000858026392691599
CYRX,-0.0004667235756892686,1.671199407094676,-0.0007799881629690129,0.00016987080574241986,0.0008563450353315638
BNL,-0.0017169254985524502,0.40369262308517695,-0.0006931101581524638,0.00016979603537177,0.0008559681063153267
GVA,-0.0010642998674350594,0.8241417043625434,-0.0008771339067007588,0.00016488682781609206,0.00083122003086267
BIIB,-0.0010983146125288414,0.6336832090571517,-0.0006959835282216384,0.00016472491931818076,0.0008304038250540358
KRNT,-0.0005097936464263756,1.6532396313525208,-0.0008428110600837985,0.00016470193547249418,0.0008302879599290044
LOW,-0.001018912346541671,0.6853878094254475,-0.0006983501011927384,0.0001643131727834382,0.0008283281470156539
NTNX,-0.000773888692664669,1.2055379900558387,-0.0009329522190819059,0.00016391249406034493,0.0008263082635295876
ADAM,-0.0008958599998596726,0.8540720382410383,-0.0007651289760587669,0.00016381679273410208,0.0008258258183251598
MQ,-0.0010383779068547936,0.7271497326558455,-0.0007550562173651996,0.0001621291542000214,0.0008173181711530753
OFG,-0.0008391057891378763,0.8612104623302624,-0.0007226466846074302,0.00016110400254232347,0.000812150222907379
TDC,-0.0006163200002169395,1.3060851166029883,-0.0008049663793480952,0.0001605592112414446,0.0008094038456016348
KRC,-0.000794966388591947,0.9250030794330848,-0.0007353463574933493,0.00016026524061222718,0.0008079218941399731
JOE,-0.0008928627101093455,0.7326989406753595,-0.000654199561865648,0.00016005867205363811,0.0008068805500500912
SYRE,-0.0004686938508873024,1.6434461689754811,-0.0007702731136631025,0.00015999021188545384,0.000806535431741584
UEC,-0.0008220775851224541,1.124195461751596,-0.0009241758904023742,0.00015938755685065625,0.0008034973543932666
VRTX,-0.0018113057857777745,0.43944072107375465,-0.000795961520587249,0.00015936152015145328,0.000803366099360941
BDC,-0.0005624714269078637,1.385860499211311,-0.0007795069324866305,0.00015929553955401686,0.0008030334809525221
DIN,-0.0006144372381500164,1.0713249682490462,-0.000658261954652098,0.00015912687379709227,0.0008021832107548766
COLM,-0.0005979232355397897,1.116181696522735,-0.0006673909714351653,0.00015875773072825228,0.000800322303385028
CHRD,-0.000613861435476746,1.2845415463450227,-0.0007885305175688747,0.00015810595283773007,0.0007970365901145917
TSCO,-0.0012707484158415833,0.5715730399380851,-0.0007263255350390797,0.00015757930713137389,0.0007943816875605846
JLL,-0.0006453906232297662,1.1769765166617128,-0.0007596096076151021,0.00015733655275488274,0.0007931579251594783
ELAN,-0.0005842105595799917,1.3400650790843327,-0.0007828801697254637,0.0001566926648659157,0.0007899119866086061
ROST,-0.0010583257646160115,0.7302427820121506,-0.0007728347506283327,0.00015646281193000674,0.0007887532623671935
RPM,-0.0007763610485382229,0.906773687293718,-0.0007039837706542215,0.00015609717250564072,0.0007869100174116589
DOCS,-0.0007198604228376937,1.2158485506948216,-0.0008752412518097713,0.0001559144440474788,0.000785988854959542
TDOC,-0.00048514576626777707,1.5518159671551979,-0.00075285694649208,0.0001545588740580751,0.0007791552167402089
EBS,-0.00044976265691125405,1.6580645167408834,-0.0007457355023796542,0.000153673778355651,0.000774693312251962
HST,-0.0006623741810899835,1.0797096205561472,-0.0007151717757308548,0.00015280991076482576,0.0007703384219613446
FND,-0.0004669396797986375,1.376320571965839,-0.0006426586871740064,0.00015259556292585637,0.0007692578613144857
MSFT,-0.0013176318528680564,0.8561594031006035,-0.0011281029006578573,0.000152485912893998,0.0007687050985251678
TECX,-0.00037788376533056176,1.9708604136198982,-0.0007447561540396355,0.00015236308405440333,0.0007680858993253834
NEE,-0.0020425752701043994,0.38406448407030874,-0.0007844806172874176,0.00015221656842534016,0.0007673472913521159
CSW,-0.0005140365596726165,1.3750238914301625,-0.000706812550618414,0.00015158420300623697,0.00076415943935602
J,-0.0008073861339986921,0.9385001502907976,-0.0007577320081004786,0.00015128384999264695,0.0007626453133064581
DNOW,-0.0006146680002554647,1.1742704852348975,-0.0007217864909183486,0.00014999525332776492,0.0007561492979864991
CDP,-0.0013977184407707175,0.4481229995522999,-0.0006263497802077375,0.00014933852612273254,0.0007528386344552422
LYB,-0.0004975518835181918,1.3172303949708315,-0.0006553904640451489,0.00014886879202317648,0.0007504706321235717
NBTB,-0.0007681711889746317,0.7984057447430728,-0.0006133122902234625,0.00014860718872791438,0.000749151849404287
DFH,-0.000497801186788318,1.047152203315362,-0.0005212736095583892,0.00014762999825267129,0.0007442256809058777
DPZ,-0.0012236100957750285,0.5501775308596628,-0.0006732027812284607,0.00014750013113292926,0.0007435710006460306
UPWK,-0.0006797064735183468,1.1732453676152326,-0.0007974624713934862,0.00014723842382891947,0.0007422516936025435
TAP,-0.0018081759727631688,0.26817206967415247,-0.00048490229295097294,0.00014633804230176195,0.0007377127309048877
DHC,-0.0006996746751603122,0.8736227998594343,-0.0006112517487042921,0.00014580454502446163,0.000735023288520822
COLL,-0.0011073223154960648,0.5229424079734606,-0.0005790657980682602,0.00014546366277713257,0.0007333048483282469
TWI,-0.00039270598001402005,1.6858165038417237,-0.0006620302222649731,0.0001447968021970276,0.0007299431008841503
VAC,-0.00038180514370966486,1.8004802596385976,-0.0006874326242777294,0.0001442384684745867,0.0007271284541343405
THFF,-0.0007362613508187164,0.8301474502754485,-0.0006112054831185149,0.00014414763500146348,0.0007266705485312498
CRK,-0.0007278251699305362,1.1048008952418586,-0.0008041018993188143,0.00014385882400774362,0.0007252146075910732
SCCO,-0.0006180306521130688,1.2886515859302454,-0.00079642617999901,0.0001426368991730957,0.0007190546952911
FCN,-0.0018321511878713304,0.34638657891044783,-0.0006346325820134633,0.00014254961494952797,0.0007186146820046007
QCRH,-0.0007707992898807718,0.764402920673798,-0.0005892012284381515,0.0001415540409736079,0.0007135958394326922
WAFD,-0.0006912016073583857,0.8650473165561383,-0.0005979220956446611,0.0001414759197680241,0.0007132020183386942
SLB,-0.0005678345472306044,1.1763084580667875,-0.0006679485806898847,0.00014093789601264155,0.0007104897572777153
UTZ,-0.001795962511895679,0.23875838528002247,-0.00042880110936366545,0.0001388883044791543,0.0007001574489891398
EPR,-0.001096548774400708,0.5950924475722847,-0.0006525478940405064,0.00013871100316658336,0.0006992636456183114
OBK,-0.0006957349673703358,0.8912367295892488,-0.0006200645569800208,0.0001386515033770792,0.0006989636979661974
LZ,-0.0006614293494130336,1.1017017055996006,-0.0007286978423819733,0.00013820134039435234,0.0006966943566649456
ELS,-0.002560233008542091,0.18665106255236755,-0.00047787021142602597,0.00013805725038506627,0.0006959679766165687
ARES,-0.0004334622253603008,1.674898066223094,-0.0007260050430367268,0.00013783603201154208,0.0006948527805411534
KNSL,-0.0009883418617538113,0.5630482699467508,-0.0005564841753764343,0.00013737399937919676,0.0006925236024982233
COST,-0.0016119254003317156,0.4859974178149915,-0.0007833915822716103,0.00013668812351056277,0.0006890659960402364
NWBI,-0.0007827672738036985,0.689706496525641,-0.0005398796740100761,0.00013589323035155009,0.0006850588165407071
DIS,-0.0006279156118735888,1.1119642642109444,-0.0006982197213435802,0.0001341664902426434,0.0006763540522752553
TDS,-0.000993083273291729,0.7969410194566235,-0.0007914287962224311,0.00013394376717873019,0.0006752312708225958
CZR,-0.0003708758883299218,1.627387260320523,-0.0006035586958281717,0.00013375407458106884,0.0006742750010649027
ALRM,-0.0006903384279446538,0.9175773912695198,-0.0006334389338065568,0.00013350081566839607,0.0006729982836703337
EFSC,-0.0006941781451201656,0.821871568787019,-0.0005705252811475734,0.00013332393329442774,0.0006721065922338715
DV,-0.0008020476826792559,0.8032775124392059,-0.0006442668674002222,0.0001326216193604358,0.0006685661189430688
SHO,-0.0005683532809359244,1.1169364800433113,-0.0006348145130296387,0.00013148392720309254,0.0006628308366123672
GPOR,-0.000932890812881551,0.828899843389043,-0.0007732730486965947,0.00013121512520607946,0.0006614757641228753
EQIX,-0.0009297180050392007,0.745704492234117,-0.0006932948928686733,0.00013104184179008464,0.000660602215590837
TPB,-0.001518603241713548,0.5960974328343099,-0.000905235493879307,0.0001309433969043391,0.0006601059396781307
CMRE,-0.0007534795409955451,0.9150055813062185,-0.0006894379854109713,0.00013064916914093267,0.0006586226919632063
NOC,-0.004100529476379158,0.0796945808698526,-0.0003267899779645131,0.0001304898616369699,0.0006578195981678167
MUX,-0.0010368374907232913,0.7845766661687993,-0.0008134785018305032,0.00013031318145700083,0.0006569289260226134
PGR,-0.0023411559296423238,0.3032266116133351,-0.0007099007798039093,0.00013026556053505429,0.0006566888615812364
NBIX,-0.0007596327929579699,0.8709962985400004,-0.0006616373509159943,0.00013002530358459797,0.0006554776890914846
XEL,-0.002746371881414351,0.21966167488107521,-0.000603272647317766,0.00012814180100695715,0.0006459826609473158
IRDM,-0.000568634844942538,0.9951139914409483,-0.0005658564902231737,0.0001279480188208357,0.0006450057749409443
BLDR,-0.0004147011817429258,1.192879625956762,-0.0004946885905613285,0.00012767633004929902,0.0006436361497740775
MEDP,-0.0005395953163427477,1.0578311149627209,-0.0005708007151155109,0.00012758441705252942,0.000643172802125127
IIPR,-0.0005964080673312997,0.8056134904956729,-0.0004804743848825466,0.0001275683942547243,0.0006430920287203469
SPGI,-0.0008628697063425829,0.7729471238112656,-0.0006669526577413709,0.00012620209642528365,0.000636204309798239
IBKR,-0.0004359743251335839,1.7020914582415567,-0.0007420681748225004,0.00012614194832766455,0.0006359010939245305
LHX,-0.0014324423584444834,0.4510620072029576,-0.0006461203254025072,0.00012582058595384966,0.000634281056436888
QGEN,-0.001129737006383881,0.45595622812496084,-0.0005151106242039792,0.00012541066567530143,0.0006322145848387678
G,-0.0009269028025693152,0.6289109994874674,-0.0005829393679916027,0.00012538597472134042,0.0006320901139165885
VNT,-0.00048686166618880567,1.2711769569261886,-0.0006188873312698998,0.0001237730741062693,0.0006239592321669974
CUBI,-0.0004395017475460435,1.3619594287729135,-0.0005985835490325066,0.0001236354065424834,0.0006232652286608681
PCVX,-0.0006069476287894404,0.8352869338100052,-0.0005069754238347849,0.00012343004516463996,0.0006222299701560503
STRT,-0.00045481998029062913,1.378739707038093,-0.0006270783663809732,0.0001230994845458484,0.0006205635628911816
SMTC,-0.0002884077166083936,2.431959431462755,-0.0007013958665124201,0.00012307053635744037,0.0006204176305909448
AMD,-0.0003875019712661419,2.0452272044265407,-0.0007925295734024251,0.00012303869449922108,0.0006202571108531202
IPI,-0.0006853430131353905,0.9012855846912158,-0.00061768977830777,0.00012303304970072592,0.0006202286545498394
SMCI,-0.0003897486770510649,2.041530717709022,-0.0007956838963862023,0.00012181565246073057,0.0006140915665555836
CELH,-0.0008262027395365732,0.8026805589143712,-0.0006631768767478012,0.0001218075331201987,0.000614050635702726
FTK,-0.0003499252132430872,1.8469158944786488,-0.0006462824382174883,0.00012164525791860462,0.0006132325812840449
CI,-0.0021024614018792997,0.19757750328099916,-0.00041539907452798144,0.00012162435375613864,0.0006131272001641563
OGN,-0.0005350849151068705,0.9483066701414096,-0.0005074245940878952,0.00012129305984504135,0.000611457096259228
RITM,-0.0007384391525866153,0.8022639841909078,-0.0005924231366366958,0.00012123819677794505,0.0006111805230427435
CERT,-0.0005581760902556664,0.9863704099160037,-0.0005505683789507939,0.0001212249558088287,0.0006111137732671348
SWX,-0.0015149128544574239,0.34449429115025026,-0.0005218788299507125,0.00012116344422668481,0.0006108036838568087
ITGR,-0.0007039808424418033,0.7605883768854148,-0.0005354396463112381,0.00011996303733461609,0.0006047522468373153
MXL,-0.00027961096359634694,2.3321627502785365,-0.0006520982738688882,0.000118478791097352,0.0005972699317276904
ONB,-0.0004301857305764797,1.2780830640547478,-0.0005498130966478174,0.0001176580146149359,0.0005931322703869907
OPCH,-0.0014208891688660783,0.3632649105482937,-0.0005161591768271753,0.00011708604105987018,0.0005902488631288643
GIII,-0.0005184635152423632,0.9833573294070544,-0.000509834897743724,0.00011576064802617977,0.0005835673516160217
SYNA,-0.00026974720767637374,2.1415940585509525,-0.0005776890172704319,0.00011404245635902875,0.0005749056813691406
NNN,-0.0015216886249672635,0.2813505838669722,-0.00042812798309826966,0.00011402166194904912,0.0005748008535285303
CL,-0.0035726660937869144,0.044333056465726904,-0.00015838720766904324,0.00011387654399301678,0.0005740692914414333
WULF,-0.00025291864783587493,2.702590878303089,-0.000683535630593987,0.00011347430776633528,0.0005720415563386076
LOPE,-0.0008977088744920593,0.6135905723189202,-0.0005508257020753564,0.00011334408330499068,0.0005713850746644094
MD,-0.0006940618885407229,0.7982596758344384,-0.0005540416181555555,0.00011328537601148166,0.0005710891221073207
CMP,-0.000672477184551709,0.7167642517320513,-0.00048200760599208226,0.00011324999805372014,0.0005709107763441577
CRC,-0.00045486340878111607,1.305298329781363,-0.0005937324477606481,0.00011290474084651521,0.0005691702813014092
HIMS,-0.00029834027095771695,2.269000381626486,-0.000676934188657609,0.00011169697332229965,0.0005630817381955092
AWI,-0.0006080306557259427,0.9004771106908716,-0.0005475176880795729,0.00011161507384329032,0.0005626688702401276
SITM,-0.00023160008131307432,2.627742351975644,-0.0006085853423873684,0.00011138679752522592,0.0005615180939734004
PBH,-0.0009216013096866125,0.5257610734396218,-0.00048454209386419465,0.00011136944202120964,0.0005614306021902475
HELE,-0.00031772823520554626,1.3738186542377748,-0.00043650097650342677,0.0001110334978774948,0.0005597370557426304
SXC,-0.0006522008980663345,0.7987943067489295,-0.000520974364231927,0.00011065614949222264,0.000557834784102098
CALM,-0.001227113469187189,0.36313136176620064,-0.00044560338510759066,0.00011027658003971407,0.0005559213157177064
BUSE,-0.0005400772588496635,0.8549405776996685,-0.0004617339636833847,0.00010876228271052236,0.0005482875084004239
VRRM,-0.0007421239817456373,0.6413399926876094,-0.00047595378902604664,0.00010843480957070744,0.000546636665595156
EYPT,-0.0004908757154782085,1.0258107986373128,-0.0005035456097263634,0.00010825262975569313,0.0005457182689381007
CRWD,-0.0004539730415825888,1.5349283281559782,-0.0006968160817442474,0.00010815613606539438,0.0005452318293037738
DKS,-0.00035055078288092554,1.5252537466426845,-0.000534678894977658,0.00010758182194303162,0.0005423366228834787
NTB,-0.000862966368605784,0.5743306965967959,-0.0004956280756209673,0.00010740793563407935,0.0005414600350746872
RIOT,-0.0002598475301201811,2.3988082289626127,-0.0006233243935279008,0.00010738195933618553,0.0005413290845347139
CLSK,-0.00025395741253904483,2.2200407236363335,-0.000563795797905992,0.00010657328554928162,0.0005372524347561286
WKC,-0.000616383959815404,0.7671103190783091,-0.0004728344960887462,0.00010647021779295563,0.0005367328542369994
FDS,-0.0009029510125506496,0.5893777513951015,-0.000532179237397032,0.00010632718274592392,0.000536011792416702
UVV,-0.00223194432796311,0.16824950183423068,-0.00037552352130153,0.00010613184779178779,0.0005350270786663308
NDSN,-0.0004614880740486483,1.0992215713686853,-0.0005072776459236634,0.00010577349275185513,0.0005332205554206726
NSA,-0.0006699417805735763,0.6107050031792113,-0.0004091367972350724,0.00010561678343564658,0.0005324305594920674
TBBK,-0.00034842258004228014,1.477937907575055,-0.0005149469388995897,0.00010515426988630065,0.0005300989570720698
SB,-0.0006309014620529993,0.8469816577354676,-0.0005343619661973796,0.00010436646731230513,0.0005261275223095512
RKLB,-0.0002679327991668485,2.2838033688320505,-0.0006119058293578498,0.0001040216388643716,0.0005243891887086808
TCMD,-0.0005818906648389632,0.6110884078940998,-0.0003555866399448813,0.00010384966929461828,0.000523522263478988
TREX,-0.00033620269554542005,1.3560378372044342,-0.00045590357612971226,0.00010308604221924718,0.0005196727011484815
GSHD,-0.0005271096328862495,0.9222475163430052,-0.0004861255497698168,0.00010242928292958656,0.0005163618758736455
CLB,-0.00028008224231380576,1.6847463921314203,-0.00047186754723826246,0.00010182048696100938,0.0005132928411272545
OZK,-0.0004314888219185418,1.06545360599867,-0.0004597313212612283,0.00010178276974813574,0.0005131027028168501
APEI,-0.0006555069680038791,0.7834163911111961,-0.0005135349032218412,0.00010176718627016303,0.0005130241440913717
MRK,-0.0009346031223524757,0.42118470784176393,-0.0003936405430360278,0.00010131327207079452,0.0005107358923261735
CF,-0.0010842885742315678,0.4048770058130197,-0.00043900351137214535,0.00010130706808425438,0.0005107046170693705
BAH,-0.0009550010640402432,0.39014628138175816,-0.00037259011385092316,0.00010115269836150646,0.000509926415393674
SKT,-0.0005704627430808106,0.8132460938362038,-0.00046392659748955515,0.00010113626667134384,0.0005098435806992049
AAP,-0.00042192119934309413,1.053258455739581,-0.0004443920708638992,0.0001009976595233412,0.0005091448406035494
SBH,-0.0003843721503073942,0.9995077813484093,-0.0003841829551658609,0.000100662339472381,0.0005074544403041461
WRB,-0.001650160228017451,0.25161496490132496,-0.0004152050078541733,0.00010031438995308942,0.0005057003728992786
GOLF,-0.0004430489831114331,0.9841171682678829,-0.00043601211066358864,9.889630269555974e-05,0.0004985515754508584
PSKY,-0.0007697967642517093,0.4868555398426829,-0.00037477981922891647,9.885309315755197e-05,0.0004983337494789958
MDU,-0.0009344981836044727,0.4986256125232554,-0.0004659647292016498,9.872365176620509e-05,0.0004976812153819104
HTH,-0.0006398761999866991,0.6301204704558517,-0.00040319909216912154,9.815523663754738e-05,0.0004948157467023099
ORRF,-0.0005307489567401067,0.7722401746136676,-0.0004098656670290019,9.718168007493109e-05,0.0004899078973201443
JJSF,-0.0014031910752044913,0.11168698421380173,-0.0001567181794653115,9.706642038353473e-05,0.0004893268553684696
PVLA,-0.0005812202305820147,0.7787533977129708,-0.0004526272293852603,9.657972089536478e-05,0.0004868733278857971
ACGL,-0.0010231382471250034,0.4455025405959669,-0.00045581068847509325,9.653143392137918e-05,0.0004866299057729565
SNDR,-0.00041087378821978477,1.0133649532789482,-0.0004163650972028866,9.549303247805019e-05,0.0004813951633062358
ATRO,-0.0004994187988214553,1.054365531938273,-0.0005265699674793571,9.546729011693236e-05,0.00048126539207777414
BROS,-0.0002997854898646337,1.6986567863930022,-0.0005092326568207106,9.540114943721627e-05,0.0004809319666697955
VSTM,-0.0004097113601238192,1.2197372899661238,-0.0004997402240657619,9.469310136242857e-05,0.0004773625866873403
KNSA,-0.0009332471447232119,0.5229566271093544,-0.00048804777906388645,9.341003046326234e-05,0.00047089442760798995
GPN,-0.00034910738040593497,1.3157749621762311,-0.0004593467502490622,9.331776121919666e-05,0.0004704292840612568
TDW,-0.0003208151929676401,1.2916610832515105,-0.0004143844996721244,9.287532521103709e-05,0.00046819889563527934
INGR,-0.0011271455865893617,0.32472113876133296,-0.00036600799842710814,9.233334086822877e-05,0.0004654666686398113
SFBS,-0.00035501121345826356,1.1252811537378213,-0.0003994874278701788,9.20235625492208e-05,0.0004639050281661793
AAPL,-0.00042124482930807857,1.2905897294666264,-0.0005436542502959284,9.168613059970241e-05,0.0004622039814591279
ORA,-0.0009205994225711775,0.5183452569897096,-0.0004771883442772352,9.112461178534481e-05,0.0004593732781677717
FCF,-0.0005066050404750219,0.7312521104168317,-0.0003704560049951642,9.105228894725845e-05,0.0004590086875421744
WAB,-0.0004154703588698598,1.1266869239645212,-0.0004681050206335181,9.079542347194363e-05,0.00045771378890686995
APLD,-0.0002865922801937366,2.1203820365144397,-0.0006076851227265122,9.075117150708475e-05,0.0004574907078998367
BWXT,-0.0004688649925926288,1.1831005665086354,-0.0005547144383524062,9.063764298244574e-05,0.00045691839302784774
REYN,-0.0011759234989987817,0.2784566575800435,-0.0003274437271010304,9.008246891697805e-05,0.0004541196745980959
GRC,-0.00041288036727267627,0.9897685413628964,-0.00040865599887285374,8.993807375164949e-05,0.00045339175621085705
RYAN,-0.0008683537384348546,0.45655575346171035,-0.00039645189532241796,8.990578887856419e-05,0.00045322900316649444
ERIE,-0.0009106826242320466,0.35333648722728134,-0.00032177739942507356,8.971683128417419e-05,0.0004522764386741035
LMT,-0.0019424764915445091,0.23078529680728632,-0.00044829501364227576,8.950180259840346e-05,0.0004511924457730935
PEB,-0.00024627147774599625,1.7215421526699421,-0.00042396672994005015,8.84674737573958e-05,0.00044597823392529524
OPY,-0.00042784395397909506,1.0047282187433815,-0.00042986689378154145,8.726427412290242e-05,0.00043991271825879796
INDB,-0.0003554900371824389,1.1017323138098951,-0.00039165486120137406,8.696032753494687e-05,0.0004383804764444136
AGO,-0.0006342746543409038,0.6286054454566383,-0.0003987085016338191,8.69196117513843e-05,0.0004381752218748538
EXR,-0.000590562982083223,0.5846657384090269,-0.0003452819419967245,8.62072410052719e-05,0.0004345840506369083
HALO,-0.0008096237186745501,0.5460331984692178,-0.0004420814286644068,8.599420587217954e-05,0.0004335101075436409
CHD,-0.0020365494452134467,0.07286968344777794,-0.00014840271339845165,8.598842704572131e-05,0.0004334809755846447
PRLB,-0.0003010620835595964,1.3839422524713019,-0.00041665253805517116,8.437118359144833e-05,0.0004253282009101716
USFD,-0.0005474279168367634,0.799241950634667,-0.000437527356084487,8.402475895586419e-05,0.0004235818206801934
TJX,-0.0009451759057754318,0.44555199710442234,-0.00042112501243322497,8.382919730746357e-05,0.0004225959641289325
HTZ,-0.00030374817711373227,0.9280405256282758,-0.0002818906179472587,8.328905704896116e-05,0.00041987303344799716
O,-0.001461141371410891,0.21600837187232289,-0.00031561876871375957,8.313063996271081e-05,0.0004190744283861722
LBRT,-0.0002213298838318521,1.9461245189474412,-0.0004307355137009562,8.28897920676627e-05,0.00041786027685322875
H,-0.00031234037456218745,1.291116874735696,-0.00040326792825850816,8.283053492424534e-05,0.0004175615524176107
NOG,-0.0002410428169114656,1.7189722234511278,-0.0004143459069332251,8.266737737108154e-05,0.00041673904992803914
RGTI,-0.00018755859658510371,2.506927374546585,-0.0004701957801107361,8.13582094657345e-05,0.00041013933179954965
ASO,-0.00021527834239063617,1.7593596012577246,-0.0003787520186278136,8.121230468901892e-05,0.0004094038032275536
OSG,-0.00042378179000703855,0.8551602719099421,-0.0003624013507729011,8.092693104569024e-05,0.0004079651905029542
EIX,-0.0005815656700023258,0.6294729713917453,-0.0003660798703557952,8.052513131245333e-05,0.0004059396558311713
DDOG,-0.00039565272554646793,1.3020448311416486,-0.0005151575862248839,8.049466230041668e-05,0.0004057860568235312
PAYX,-0.0006001018580481075,0.6091989407069199,-0.00036558141623916154,8.032154562730655e-05,0.0004049133488681939
CPRI,-0.00018166380430059825,2.198192032731511,-0.00039933192724927145,8.006619163432691e-05,0.000403626069849386
COO,-0.0004127407945593165,0.8510861283841098,-0.0003512779648676699,7.99990467451729e-05,0.00040328758206613434
CNR,-0.0006163313281520937,0.6012519380711655,-0.00037057040554542187,7.985178827589424e-05,0.00040254522932031575
TFIN,-0.0002624484641173943,1.3081488354433544,-0.0003433216526990663,7.934505334286843e-05,0.00039999070005774357
KMPR,-0.000481811152584519,0.7373646153763292,-0.0003552704952095097,7.902664064174874e-05,0.00039838553232689867
ODFL,-0.0002873035644757794,1.2215818510193204,-0.00035096482009677125,7.896413517078084e-05,0.00039807043256911225
WRBY,-0.0002063665533947133,1.798614426928358,-0.00037117386017121266,7.77190038551658e-05,0.00039179353280518456
FN,-0.00026087491695450795,1.8698898990264265,-0.0004878073721225923,7.745695739223443e-05,0.0003904725160090569
CAKE,-0.0003339965165824158,1.0303028248331008,-0.0003441175545192786,7.739049686726762e-05,0.000390137478211643
CCBG,-0.0004963297108980991,0.610105200846972,-0.00030281333795380424,7.691760470797179e-05,0.00038775355561181585
PNW,-0.0015092953625790843,0.20011377654020016,-0.0003020307949203112,7.684671669017969e-05,0.00038739619813749613
LIN,-0.0006408938795422595,0.5984429660564671,-0.0003835384342007059,7.67558241381442e-05,0.00038693799470846063
NVR,-0.0005138041929533196,0.5323728183346444,-0.00027353538627471625,7.603700392510139e-05,0.0003833143107090536
APD,-0.00041410794005827134,0.873269101164732,-0.0003616276685998653,7.583918494613576e-05,0.000382317074604879
FHB,-0.0003638127291248438,0.9279994254001049,-0.0003376180035810991,7.540790655547527e-05,0.0003801429334564116
BELFB,-0.0002496142687343998,1.6051451555805332,-0.00040066713422279917,7.534855021913562e-05,0.0003798437089739128
TDAY,-0.0002743841302936885,1.2078019977548728,-0.00033140170072095033,7.515676276389278e-05,0.0003788768787147739
WSFS,-0.0003498173346483578,0.9671365802648685,-0.00033832114074918383,7.515342806079637e-05,0.000378860067960104
KURA,-0.0003613109032996025,1.0019598090659196,-0.00036201900368350466,7.499417097172082e-05,0.0003780572283139673
ICUI,-0.00032558352347498455,1.007648798430127,-0.00032807384621821525,7.495608113084898e-05,0.00037786521152812457
ADBE,-0.0004363584470751175,0.8751280650280747,-0.00038186952344750313,7.48262502413781e-05,0.0003772107139106843
FG,-0.0004408651620619939,0.8402761442432235,-0.0003704484785086161,7.482241930900455e-05,0.0003771914015873899
CNNE,-0.00042117177388554454,0.9135539202320397,-0.0003847631251242214,7.47050545395257e-05,0.0003765997476111414
STWD,-0.0005105588727823764,0.6912459951256609,-0.00035292177608668945,7.466700372721366e-05,0.00037640792757431195
KREF,-0.00040636127312227625,0.8131753016349244,-0.00033044295084395887,7.449352418190504e-05,0.00037553339032403324
EGY,-0.00031620273684870886,1.0814647165386078,-0.0003419621031748209,7.437316155566812e-05,0.0003749266236876652
SUPN,-0.0008814874682321029,0.42864901277130124,-0.0003778487330279647,7.401036648235758e-05,0.00037309771754623366
SNA,-0.0004521760291500879,0.7533383789062208,-0.00034064155678017923,7.400347251203123e-05,0.00037306296397432415
SONO,-0.00022837119212159302,1.6416620851450159,-0.0003749083274453874,7.360899937025812e-05,0.0003710743637845937
EXTR,-0.0002527701076451866,1.5591159960584702,-0.0003940979181550318,7.336085839584327e-05,0.00036982344670926824
FSS,-0.0003714449565560523,1.0311675612521862,-0.0003830219899913287,7.189602867431357e-05,0.0003624390132620038
LILAK,-0.0004721148835889289,0.754328898479755,-0.00035612990009353454,7.15440921327088e-05,0.00036066484666028655
BBT,-0.00034178956211359406,0.8580605423318138,-0.0002932761370305437,7.148655996079305e-05,0.0003603748180731107
RGLD,-0.0013046532196145984,0.32230159402263286,-0.0004204918123285452,7.1409131048982e-05,0.00035998448693921913
LULU,-0.0002802433144463553,1.2289602462190683,-0.00034440789272324057,7.11505047232595e-05,0.0003586807115843513
CYD,-0.000709784402451279,0.5920816634947051,-0.0004202503297259485,7.102524884898176e-05,0.00035804927732691625
AKAM,-0.00028456745917980686,1.2631042477744412,-0.00035943836646839394,7.070512386979614e-05,0.0003564354777372039
VPG,-0.0001765590394306906,1.9038540357672664,-0.00033614263977131226,7.0214453520356e-05,0.0003539619325280017
PRMB,-0.0009195130729265806,0.4343035999981262,-0.0003993478378173535,7.016725860214346e-05,0.0003537240156374122
ASMB,-0.0003895173522741216,1.0344906281578865,-0.0004029520504324528,7.000238623365417e-05,0.00035289286849825486
RNG,-0.0002575315694005438,1.4322199104016673,-0.00036884184125244755,6.999781440531821e-05,0.00035286982120369013
GRPN,-0.0003251844172748015,1.179565008038777,-0.00038357615977683624,6.984930472666252e-05,0.00035212116091765886
SYY,-0.000774898092933125,0.3577125649046618,-0.00027719078436283913,6.981116796243222e-05,0.00035192890758390034
AMCR,-0.0005214904125785666,0.5432285402474483,-0.00028328847557809424,6.952448331786985e-05,0.0003504836858990804
ECL,-0.0005756530860533751,0.5722121915084348,-0.0003293957139191954,6.885596546148205e-05,0.0003471135838686216
FAST,-0.0004910694055893982,0.6617919066614423,-0.00032498575822810895,6.814265085978508e-05,0.0003435176545085234
NEO,-0.00025062626322798644,1.1767159258491655,-0.00029491591537643674,6.783599619864116e-05,0.0003419717608778658
SXI,-0.0002588352685208878,1.2308225778830357,-0.0003185802924479269,6.711128874005296e-05,0.00033831839836205607
ILMN,-0.00026734194956876,1.196657695999898,-0.00031991680141507325,6.692373508558037e-05,0.00033737291134818134
LTC,-0.0014125392881619285,0.1730765794701675,-0.00024447746836229187,6.682957396298802e-05,0.00033689823054884805
DASH,-0.0002967282956661167,1.3472773955031685,-0.00039977532535713983,6.599510516470681e-05,0.00033269154412369047
BZH,-0.00022989747824680353,1.1230357182650679,-0.0002581830796102268,6.589640708816723e-05,0.0003321939918369862
DTE,-0.0011307628672745035,0.2786849532434261,-0.00031512659679579745,6.57146283702429e-05,0.00033127761717246916
NSIT,-0.000308435778324474,0.9351623727001624,-0.00028843753428353647,6.4373431750152e-05,0.00032451643733348107
KBR,-0.0003487448658365111,0.860956346396901,-0.00030025410551528,6.435431464770576e-05,0.0003244200650598687
HAFC,-0.00034972142077989394,0.7962978391678917,-0.00027848241167775453,6.424359543619552e-05,0.000323861912370369
OSPN,-0.00028689494457423187,1.1003712021080438,-0.0003156909350398681,6.415888012485137e-05,0.00032343484936817106
TMUS,-0.0014874134910545143,0.24686751147894395,-0.0003671940670768364,6.39679401022368e-05,0.00032247229114813167
TRMK,-0.00030860386294913366,0.9403645860555632,-0.0002902001438373098,6.389333177362307e-05,0.00032209617901088995
NFG,-0.0011407297760273709,0.29786638798182563,-0.0003397850580485899,6.381428366611873e-05,0.0003216976852607847
MNKD,-0.00045066246058714406,0.5854014456028214,-0.00026381845590663864,6.352244888966321e-05,0.0003202265009636211
KNF,-0.00021642770774622308,1.3988300854411966,-0.00030274558891849154,6.334254996277513e-05,0.0003193196026167934
SOFI,-0.00015383151851433154,2.388607343969692,-0.000367443094857342,6.332678287917483e-05,0.0003192401183069159
AMN,-0.00027431862773845807,0.9123232792647442,-0.00025026727002175467,6.329880789581152e-05,0.0003190990920840052
EPC,-0.00039033054303287614,0.665955633382264,-0.0002599428240139021,6.328708395675517e-05,0.00031903998989183297
ANAB,-0.0005370460828988414,0.5433646488705505,-0.00029181185626163354,6.312374040529114e-05,0.00031821654975602913
IR,-0.00023837829383674123,1.2542425273022186,-0.0002989841937157852,6.309895616185584e-05,0.0003180916085471645
RLJ,-0.00023044075899099537,1.2532599232347252,-0.0002888021679232067,6.301459507610843e-05,0.00031766633125104973
CNK,-0.000916652109087924,0.2838739809734894,-0.0002602136833745343,6.278320637108413e-05,0.0003164998649597212
SMMT,-0.00018443212886412258,1.618400028648989,-0.00029848496263749,6.234760092477238e-05,0.0003143039104536944
AAON,-0.00019306119717093026,1.6258005993659574,-0.0003138790100748077,6.226518547738089e-05,0.00031388844142180353
WTTR,-0.00022652322342347822,1.3158364596348322,-0.00029806751633461965,6.211664054803084e-05,0.00031313960343156355
AMP,-0.0002705558086235291,1.192526329039626,-0.00032264492525816476,6.15242906636853e-05,0.0003101534759423722
SCSC,-0.000265894778408227,1.0630628753080646,-0.0002826628676640505,6.132494959661174e-05,0.00030914856675635824
CELC,-0.0003287008279880898,1.0980711332740845,-0.00036093689069701166,6.0720387106289076e-05,0.0003061008736293796
RXRX,-0.0001242906216698051,2.506950634374341,-0.00031159045284189906,6.071348991492508e-05,0.0003060661038197206
VYX,-0.0001900701387451764,1.490190661592426,-0.00028324074580563863,6.0682094250903746e-05,0.0003059078334159387
VKTX,-0.00020645227373350495,1.5060299686747871,-0.000310923311343709,5.978647196862579e-05,0.00030139286280866424
IBP,-0.00023274945684950344,1.0272985267768322,-0.00023910317412960275,5.955042611931349e-05,0.00030020291913184606
COLB,-0.00022037557456853286,1.2000688068330478,-0.00026446585282760657,5.9481029352720695e-05,0.0002998530792857343
HSY,-0.0014151294903688575,0.0893106183202003,-0.0001263860897879926,5.882541052569123e-05,0.0002965480032596165
PKG,-0.0003042421297750655,0.847141687407123,-0.0002577361911979859,5.813627445347408e-05,0.00029307396161054177
IBCP,-0.0003254803945259348,0.7360642244900507,-0.00023957447418344795,5.761459994338836e-05,0.0002904441196266971
CASH,-0.0003113943696267309,0.8338890566630932,-0.0002596683571382332,5.755833577468505e-05,0.0002901604832400587
AAT,-0.000341195272689162,0.7279558834799938,-0.00024837510616963635,5.748874639562571e-05,0.00028980967240467814
URGN,-0.00024234759562528278,1.121975540593996,-0.0002719080746133318,5.7434623656060096e-05,0.00028953683129391165
RMBS,-0.00014423633503650628,2.2809919326641013,-0.0003290019166153073,5.734999959392972e-05,0.00028911022829312987
BANF,-0.0002920937411165502,0.8288333460258205,-0.00024209703280283007,5.677229556024078e-05,0.0002861979328049299
CSGP,-0.00031345085624779115,0.876634142409505,-0.00027478172255430744,5.660829309249021e-05,0.00028537117097009597
ADUS,-0.000515933909960857,0.49872314133656426,-0.0002573081802977347,5.6424684291977514e-05,0.00028444557057587255
WEX,-0.00017953702935077825,1.5118353943034357,-0.00027143043556060133,5.589357659040845e-05,0.0002817681744130812
VEEV,-0.0004429459156587837,0.6697338010347531,-0.0002966558517469764,5.549943042158931e-05,0.00027978122254464173
MIR,-0.00022276803499759348,1.4731223730201664,-0.0003281645763486944,5.5027539312318816e-05,0.00027740234639299946
PFBC,-0.000319286053044387,0.7256468938510451,-0.00023168893264161942,5.4760887938913434e-05,0.0002760581155301266
NBHC,-0.00027126394502001986,0.8365644355026679,-0.00022692976903789967,5.417216856922909e-05,0.00027309029002750806
DRS,-0.00031229953812440407,0.9215403492723473,-0.0002877966254407561,5.351336113759427e-05,0.00026976913975183635
NABL,-0.00024155893543865902,1.091795976607342,-0.0002637330738254806,5.300852893118768e-05,0.00026722420242877864
RLI,-0.0006722706275913704,0.3018923715583518,-0.00020295337409258034,5.29638831882776e-05,0.0002669991363256149
WTW,-0.0006628562637891529,0.3749345408953588,-0.0002485277089433989,5.291110766767593e-05,0.0002667330867542553
EIG,-0.00054256238903211,0.38045978970909355,-0.00020642317243521998,5.281933269436804e-05,0.00026627043490294735
KIM,-0.0003154401424717952,0.7578636804536185,-0.0002390606273364885,5.241874004792642e-05,0.00026425098534261046
WOR,-0.00025400425189446433,0.8738883996184228,-0.00022197136918432816,5.2331842625376305e-05,0.00026381292197993504
PRK,-0.00026089714636064957,0.8387870782617389,-0.00021883715512267452,5.167838653648465e-05,0.00026051874865165835
CSV,-0.0004386031132979898,0.5099591058440043,-0.00022366965147783938,5.123091671170366e-05,0.00025826298397663275
ELV,-0.0009236979790634022,0.18977443361962829,-0.00017529426081235242,5.09888054644364e-05,0.00025704246368952923
INSP,-0.00021014054300167156,1.1198598306933505,-0.00023532795290766065,5.0550985800196664e-05,0.00025483534696806774
BOX,-0.0005114192930978945,0.5411544657956702,-0.0002767568343539904,5.025739447000515e-05,0.000253355307611528
HUM,-0.000494396499261707,0.39898823322538296,-0.0001972583857532428,5.001771602337145e-05,0.0002521470514491244
ACT,-0.00047422857483251973,0.43728026094285066,-0.00020737079494932042,4.99702480208962e-05,0.0002519077578984808
KOP,-0.00020182021451864123,1.1017850786165118,-0.0002223625009198224,4.952264010433293e-05,0.000249651297081398
PRU,-0.0002288052873697132,1.0591018227119955,-0.00024232809689940518,4.907813004497171e-05,0.0002474104530421573
MATW,-0.00020885626284798805,1.0139898425072877,-0.0002117781290718921,4.9059297509492945e-05,0.0002473155153146916
GNL,-0.00041646357203630065,0.48425092339795534,-0.00020167286932018947,4.904120893270176e-05,0.00024722432799816806
BRSP,-0.00029256085522039876,0.7564047067479742,-0.00022129440789892227,4.8491188792865964e-05,0.0002444515913055844
RUSHA,-0.0002077267873872856,1.0081137964148543,-0.00020941224025005774,4.836882885812609e-05,0.00024383475592778045
BPRN,-0.0004170722768005521,0.39232804141621697,-0.0001636291494861629,4.7899512236977685e-05,0.00024146885816940736
COHU,-0.00014147853153782946,1.709676845690853,-0.00024188256953257015,4.758122946384449e-05,0.000239864345425661
UNP,-0.0003101203925624645,0.7244797020622732,-0.0002246759296070895,4.745189238061303e-05,0.00023921233716193695
ASTH,-0.0003473746570095546,0.5447345544823622,-0.00018922697902456307,4.6950325759769565e-05,0.0002366838621613614
ECVT,-0.0001947004481984902,1.2279533355569263,-0.00023908306479976458,4.645175888430566e-05,0.00023417050934173875
MCK,-0.0017623243632692769,0.15312457597391868,-0.0002698551708541143,4.616255223973533e-05,0.00023271257386436048
DEA,-0.00028854295633218193,0.6587806889559001,-0.000190086527565887,4.577412089337389e-05,0.00023075443130083988
AIN,-0.00017458260549157504,1.1801096320095268,-0.000206026614321927,4.556418836587241e-05,0.00022969612892277796
GTLB,-0.00016651985883306322,1.5008522246972373,-0.00024992170058587285,4.491411907188878e-05,0.00022641902895205966
HUBB,-0.00019800840877755933,1.1755291827004049,-0.000232764662938092,4.423463785499452e-05,0.00022299365892367024
APLE,-0.00018727418252756316,1.0912993196723149,-0.00020437218798451858,4.423130914429599e-05,0.00022297687837760592
CHH,-0.00023960986918444775,0.8278114441114275,-0.00019835179183292793,4.41386208604043e-05,0.0002225096223862238
MTB,-0.00021341284548950413,0.9737562041631916,-0.00020781208234352526,4.405415424174288e-05,0.0002220838130823483
NGVT,-0.00013727900015844604,1.4919391183622477,-0.00020481191046604284,4.397372237259315e-05,0.0002216783435755206
MMYT,-0.00022585722197848753,1.0452965605382443,-0.00023608777730683576,4.360223626618017e-05,0.00021980562459045976
SIGI,-0.00040912719789933,0.41701388225042235,-0.00017061172113023645,4.334986273161884e-05,0.0002185333705240466
HE,-0.0002843961431082762,0.6434991042067689,-0.0001830086633300358,4.305381299019231e-05,0.00021704093793579934
CHE,-0.0005477201281918021,0.28043266285793794,-0.0001535986140497182,4.273632512778489e-05,0.0002154404324601093
IDCC,-0.0002720974061440717,0.9318327517951595,-0.0002535492747235555,4.243795693428306e-05,0.00021393631219595062
PTEN,-0.00010335957945979458,2.0031188252103402,-0.00020704151938173853,4.179971739842503e-05,0.00021071884786771813
PIPR,-0.0001376151024610152,1.5042278285404815,-0.00020700446674930877,4.155358287048918e-05,0.00020947804559978074
STAG,-0.000267580178190745,0.6888839651277948,-0.00018433169414164229,4.12017590430733e-05,0.00020770444720774286
HOPE,-0.00018092630330871103,0.9791580443439382,-0.00017715544531813569,4.084867764238299e-05,0.00020592450919410007
ETR,-0.0004523895251127957,0.49093387385834586,-0.00022209334205656222,4.055783507099911e-05,0.00020445832675634022
VREX,-0.00010520411554299579,1.9767910445722812,-0.00020796655345754162,4.02659275627439e-05,0.00020298677580691223
SAM,-0.00033359667966256876,0.43145932519176555,-0.0001439333982934255,3.9948987906574306e-05,0.00020138903392375384
CNP,-0.0011371752270694243,0.17422653885018616,-0.00019812610387848033,3.976327222271778e-05,0.00020045281240435462
FELE,-0.0001994154106282731,0.9009304744010052,-0.00017965942050020132,3.934816128918914e-05,0.00019836017391073303
DOCN,-0.0001002465339708998,2.1344317800563073,-0.00021396938794798276,3.91843280844421e-05,0.00019753426535690932
ADC,-0.0012861544072401154,0.08666448589170679,-0.00011146391048081749,3.916559928420458e-05,0.00019743985057485764
CCK,-0.0002932065793586089,0.5942309119603948,-0.00017423241304505402,3.880062648091898e-05,0.00019559996615941202
BSX,-0.00033726445475401986,0.6620916505450419,-0.00022329997951826263,3.827134602426221e-05,0.00019293178142116264
MTRN,-0.0001453836694683328,1.1525670277708098,-0.00016756442380553018,3.74665302462665e-05,0.00018887458046287564
EYE,-0.00014291445392182703,1.2962967000859025,-0.00018525953501344314,3.742610034632139e-05,0.00018867076707689896
JBGS,-0.00024843971625805264,0.6900534598806974,-0.00017143668577564798,3.736330632592275e-05,0.00018835421269675185
NHI,-0.0006504986678219903,0.21101328342657374,-0.00013726385976173028,3.666137562363112e-05,0.00018481567133629172
INCY,-0.00029769745332783147,0.6012745134253089,-0.00017899789139764547,3.665205271003373e-05,0.0001847686730852441
SRRK,-0.0001465256082594758,1.2864932709650905,-0.0001885042090498825,3.5952061321850224e-05,0.00018123990810749543
KLAC,-0.00012148911120825566,1.7739608318238183,-0.00021551692477653358,3.5801391344993105e-05,0.00018048035742372013
VVV,-0.00021351367523931826,0.7213057914282945,-0.00015400865049926033,3.574459772508647e-05,0.00018019405199158305
EBC,-0.00015268431381111527,1.0227710672835761,-0.00015616109859405483,3.56674373365298e-05,0.00017980507452499618
NIC,-0.0001864923394752855,0.7849455175374662,-0.0001463863259262008,3.564907140817527e-05,0.0001797124890362954
IDA,-0.0006648095550285972,0.2384884074566123,-0.0001585493720407092,3.539079430893871e-05,0.00017841047418621907
IDYA,-0.00017231079315851655,1.0261705886062076,-0.0001768202680386774,3.521277467034752e-05,0.00017751304962269372
SMBC,-0.00018103515076740026,0.8549207863513518,-0.00015477071345130136,3.520468726973312e-05,0.0001774722797839059
MBIN,-0.0001485374882660767,0.9780391473130938,-0.00014527547836778234,3.519302875796649e-05,0.00017741350742083223
LIVN,-0.0001722649532738564,0.9739442364654669,-0.00016777645838606542,3.5085458068706264e-05,0.00017687122691952662
STRA,-0.0002553121113671191,0.6089855240733991,-0.00015548137994319104,3.458981525237333e-05,0.00017437261473475808
CAR,-0.00010913830529722695,1.4829309892399212,-0.00016184457503838528,3.410996198063939e-05,0.00017195360008923942
AGYS,-0.00015686874700154087,1.0427839958906266,-0.00016358021882862254,3.392799961076914e-05,0.00017103629960682555
DDS,-0.0001353416590079256,1.131073839167018,-0.00015308140985332785,3.379735836172188e-05,0.00017037771684128093
KELYA,-0.00017680503114408667,0.7575281366003109,-0.00013393478578413993,3.3780721863452475e-05,0.00017029384967743224
CTS,-0.00012961833449849752,1.223797498102395,-0.00015862659346746062,3.358579651254094e-05,0.0001693112008003411
EPAM,-0.000126721692335466,1.3334387328204258,-0.00016897561284866364,3.3343668281788085e-05,0.00016809059489685687
SBAC,-0.0010541433149415863,0.09502321525458868,-0.00010016808712488002,3.330546044482345e-05,0.00016789798327443932
HTO,-0.000906806169436098,0.03966218257632218,-3.596591185350987e-05,3.227083551886917e-05,0.00016268227881657802
CMCSA,-0.0002530293093033985,0.6018780206235412,-0.00015229277984327126,3.211646976325302e-05,0.00016190409713980687
OMER,-0.00014899375588448403,1.2513688404419454,-0.00018644614353425707,3.20195845980399e-05,0.00016141568401981885
HWC,-0.00012701095104059805,1.150143245494634,-0.0001460807874431935,3.155189582033876e-05,0.0001590579924723263
EOG,-0.00019488404117664346,0.7972972425889102,-0.00015538050865472147,3.1459915727135245e-05,0.0001585943065798628
S,-0.0001170139632465922,1.4421262378395017,-0.00016874890659149773,3.138147173038994e-05,0.00015819885824563718
CPRT,-0.00026033736046596125,0.5951121295810448,-0.0001549299209964063,3.136867316978844e-05,0.00015813433871985649
BKR,-0.00014108069407368513,1.1688684015514068,-0.00016490476537167137,3.11128211000788e-05,0.00015684454881912817
EAF,-6.970063553127471e-05,2.2640496763031606,-0.00015780570131270708,3.107404585000411e-05,0.00015664907677936195
LMB,-0.0001329042481553084,1.217813575598392,-0.00016185259765823213,3.102443459701016e-05,0.00015639897877098275
OXY,-0.00014631991843180284,1.0050441556381917,-0.00014705797887334037,3.102232839328533e-05,0.00015638836107187155
BMY,-0.0003391157843448147,0.3246399005268496,-0.00011009051449678522,3.100281448166947e-05,0.00015628998842179135
COLD,-0.00014843114518530047,0.917283165266922,-0.00013615339067976647,3.044189899314981e-05,0.00015346232658940595
PLPC,-0.00012995464036649195,1.1628837609436635,-0.00015112214094146738,3.0410619504541814e-05,0.00015330464184387186
CPK,-0.000695789242108454,0.13179080270832236,-9.16986227332884e-05,3.0267625727900765e-05,0.00015258378807400422
WING,-0.0001670126564315742,0.9885905504496317,-0.00016510713395374518,2.9986798607971027e-05,0.0001511680950778637
NFLX,-0.0002891962404205796,0.7794838335962133,-0.00022542379414464554,2.964468960022658e-05,0.00014944347059607727
SHC,-0.00011519550877783023,1.2863786515626354,-0.000148185043247697,2.9248113002974015e-05,0.00014744426656156603
PRSU,-0.00010781533853455852,1.2988096409499799,-0.00014003160113097048,2.895792747152316e-05,0.00014598139636384766
CTRE,-0.0005830192938371948,0.22847124304846664,-0.00013320314278422312,2.894314784754114e-05,0.00014590688999080873
MZTI,-0.0003207517040017437,0.25712596126659226,-8.247359021934582e-05,2.8570830115019857e-05,0.00014402997864976312
AMR,-0.00014302430145544178,0.9151305781738903,-0.00013088591168383521,2.8238047873106066e-05,0.00014235237183872872
YELP,-0.0001580920992624486,0.8726907651157227,-0.00013796551506409707,2.815198872879257e-05,0.00014191853436644705
CAG,-0.000453744912150376,0.10270061484639513,-4.659988146126716e-05,2.7160379952114456e-05,0.0001369196809779071
FAF,-0.00016708071464171192,0.70068415042618,-0.00011707080859132694,2.626377499469073e-05,0.00013239975655306082
MTN,-0.00013379258833787333,0.8594889060245882,-0.00011499324538471682,2.600789793455684e-05,0.00013110984067173423
RSG,-0.00045590270360150974,0.27095715472134196,-0.00012353009939763238,2.516337086217738e-05,0.00012685244892937758
RDNT,-0.00011103635431003533,1.1382319377376535,-0.00012638512472563617,2.5018802413609096e-05,0.00012612365699449525
RGP,-9.182045535759554e-05,1.2407323096526006,-0.00011392460564918303,2.4891154908409535e-05,0.00012548016615525207
UAA,-8.374989456848847e-05,1.2725620767786063,-0.00010657693976206502,2.4834320249614987e-05,0.0001251936538397264
ICFI,-0.00023865062694316196,0.28797775190134284,-6.872607103693783e-05,2.476868171200058e-05,0.00012486275980783636
STBA,-0.00012796378084244182,0.8206746722490963,-0.00010501663390262612,2.4642634648737442e-05,0.00012422733704421453
WDFC,-0.0003500563139789079,0.17133117840513024,-5.997556078216255e-05,2.4422534176440485e-05,0.00012311777648198684
OTTR,-0.00019666543393482584,0.45747811941891653,-8.99701328712093e-05,2.414342619831926e-05,0.00012171074994590292
SWBI,-0.00015291655266571865,0.6623090643486818,-0.00010127801891945803,2.2920511816038072e-05,0.00011554584918308428
BATRK,-0.0002139376424005283,0.5117639645625838,-0.00010948557604406668,2.239899915584778e-05,0.00011291682310962408
SFM,-0.00017619915488645488,0.786884373435647,-0.00013864836159271858,2.233082235289697e-05,0.00011257313328913642
LE,-7.08851082356708e-05,1.3841917397512127,-9.811858129118618e-05,2.1976008704820387e-05,0.00011078446274819022
PI,-5.179719335731994e-05,2.2844931269565576,-0.00011833033222043726,2.1712923546532684e-05,0.00010945820972793488
EE,-0.00018590424268951207,0.5958713266567129,-0.00011077500772251109,2.161694092842103e-05,0.00010897434648763992
TEX,-6.064266712385424e-05,1.692805979181101,-0.00010265626950074964,2.1556277000432684e-05,0.0001086685302331665
PRDO,-0.00017493137870064481,0.5538319118524084,-9.688257990875579e-05,2.138260445910669e-05,0.00010779302006007974
CMCO,-5.323459749091154e-05,1.6775938412977376,-8.93060328947172e-05,2.1010067778621085e-05,0.00010591500496844306
SEI,-5.604658793079732e-05,2.168932517569231,-0.0001215612670619095,2.0986275132520284e-05,0.00010579506255528517
BMI,-0.00011095851297899864,0.9556103952668222,-0.00010603310844607972,2.0944525181667565e-05,0.00010558459458828044
TECH,-7.502774994304678e-05,1.2539648728994863,-9.408216292126709e-05,2.0738362388242946e-05,0.00010454529602342308
LW,-0.00014682053234619087,0.4793798239317434,-7.038280094568181e-05,1.9979090801964993e-05,0.0001007176903878593
SHAK,-6.110775966851765e-05,1.662095882439861,-0.0001015669557301678,1.9809240228090427e-05,9.98614473445064e-05
ITRI,-9.993429291436092e-05,1.0483346298231817,-0.00010476457996901796,1.978256448558014e-05,9.972697079591624e-05
EXPO,-0.00013635157567132113,0.5964557447516281,-8.132768061509582e-05,1.970476329224553e-05,9.933476293321858e-05
PCT,-4.063790962547791e-05,2.32290875808663,-9.43981561793556e-05,1.876220982226655e-05,9.458320494170034e-05
KFRC,-9.565274688133999e-05,0.635870957721928,-6.0822803768170824e-05,1.8320723160981077e-05,9.235760232031645e-05
NVAX,-6.158511740283696e-05,1.380352789434106,-8.500918859463291e-05,1.8131559748071444e-05,9.140400026489812e-05
TWST,-5.016097580938347e-05,1.7608742005651696,-8.832716817791693e-05,1.8061374501037063e-05,9.10501855667884e-05
CNXN,-0.00011860355078910384,0.6605466816663695,-7.834318190759126e-05,1.760456153021935e-05,8.874732064585557e-05
CTBI,-9.894796341124184e-05,0.6943454719785419,-6.870407035609421e-05,1.6643089431890444e-05,8.390039091937713e-05
AVNT,-5.217830925094377e-05,1.4421205568877562,-7.524741239443259e-05,1.6540023932703723e-05,8.33808217788366e-05
WEC,-0.0005424558460816057,0.11348759145621266,-6.156200744314344e-05,1.6531052825973452e-05,8.333559704068149e-05
REPL,-0.00020942999003381796,0.7737067968168242,-0.0001620374067464447,1.6291558543275393e-05,8.212826927719422e-05
ESRT,-8.17331606332758e-05,0.8709704760246377,-7.11871698237624e-05,1.616128685664051e-05,8.147154953299515e-05
TENB,-8.59542511607419e-05,0.9084251887868797,-7.808300683773184e-05,1.5998917899527645e-05,8.065302247822623e-05
LQDT,-9.880394424076767e-05,0.7820376602743717,-7.726840537992943e-05,1.5754161973152666e-05,7.941916995422628e-05
SM,-4.4383933410198985e-05,1.7378318304620262,-7.713181224135079e-05,1.5721540147441746e-05,7.925471827950262e-05
FCPT,-0.00023704386835623115,0.23178667823378798,-5.494361084197815e-05,1.5346389573803076e-05,7.736352614773398e-05
SG,-4.4700891513155205e-05,1.5504500352742336,-6.930649882336117e-05,1.507492905327303e-05,7.599505162953503e-05
FFIN,-7.446486644999657e-05,0.859948098729343,-6.403592032580899e-05,1.4977268460249705e-05,7.550272945788492e-05
AKR,-7.838483884451047e-05,0.8295543839681585,-6.502448670010126e-05,1.434874191215951e-05,7.233422980499421e-05
TFSL,-0.00010098349479969437,0.6219901356276698,-6.281073762661799e-05,1.4335771038764146e-05,7.226884162373794e-05
UTL,-0.0002973568383926738,0.1443753395010883,-4.2930994495912525e-05,1.4080071463243084e-05,7.097982046982714e-05
SMBK,-7.41752025164946e-05,0.8081560079990475,-5.994513555825118e-05,1.3958727738215927e-05,7.036810796253964e-05
PATK,-5.9357309060649985e-05,0.9557958447915984,-5.673346935817995e-05,1.3618386481043502e-05,6.865239498511347e-05
UTI,-7.294470453841567e-05,0.9712763909006663,-7.084946935938782e-05,1.3255792600479153e-05,6.682450308746913e-05
CHCO,-9.624710161998807e-05,0.5314521902517148,-5.1150732961322024e-05,1.3075605267895299e-05,6.591615084287099e-05
EBF,-0.000105314305902331,0.5115740692934879,-5.387606802527467e-05,1.3058561363197574e-05,6.583022988013244e-05
BF/B,-8.6839282929526e-05,0.5977125289361187,-5.1904927410806106e-05,1.2984295081906544e-05,6.545584205640865e-05
CCC,-7.901545444902447e-05,0.7394091347335876,-5.842474880473439e-05,1.2873610385394655e-05,6.489786336236006e-05
RELY,-6.217927479768557e-05,1.032509374456898,-6.420068412554189e-05,1.260116015839692e-05,6.352439958060675e-05
DXCM,-6.134303687463742e-05,1.0343966772724118,-6.345303351692398e-05,1.2341364343154055e-05,6.221472864797758e-05
DCOM,-5.184726592711779e-05,0.9517095094477952,-4.934353602170666e-05,1.1826955576058887e-05,5.962151439960968e-05
OXM,-3.1521506461848085e-05,1.5431385983044537,-4.864205329798103e-05,1.1723144919661382e-05,5.909818880618598e-05
ASUR,-5.2563203374649584e-05,1.028510214220555,-5.406179156297945e-05,1.141029045713734e-05,5.752104101676517e-05
ORC,-9.001326225002113e-05,0.6482071870715512,-5.8347243522220044e-05,1.1389857020494917e-05,5.741803289864255e-05
APO,-3.534948245256611e-05,1.6826525478394327,-5.948089671361568e-05,1.1297610163842117e-05,5.695300221032433e-05
SSTI,-4.2838696730264254e-05,1.1940924971112237,-5.115336635163166e-05,1.106727554151037e-05,5.579184971306796e-05
ANGI,-3.988106022582254e-05,1.2039057667149449,-4.8013038388573776e-05,9.926728413899418e-06,5.0042175035170006e-05
WLK,-3.188112507014557e-05,1.3181944528436855,-4.202552221788164e-05,9.791344735493398e-06,4.93596849488881e-05
LAZ,-2.682635780201605e-05,1.7881169316745058,-4.7968664600943376e-05,9.701815464217703e-06,4.8908354029259406e-05
DUOL,-3.571846959524479e-05,1.4940533706211931,-5.336529989220608e-05,9.639690583525246e-06,4.859517288598385e-05
MBUU,-2.823788030658795e-05,1.4193471971238607,-4.007935626587467e-05,9.564072768507132e-06,4.821397177146407e-05
PRGO,-5.861636419322069e-05,0.7175741057777508,-4.206158511989331e-05,9.438116354113324e-06,4.7579005982829046e-05
LZB,-4.3367074427947766e-05,0.9357438959529035,-4.058047518128738e-05,9.4246322053121e-06,4.7511030300773886e-05
SWKS,-2.707181081131641e-05,1.7508845864059743,-4.7399616275632513e-05,9.193982536996792e-06,4.634828960793121e-05
ACHC,-4.960415585625693e-05,0.6961144081724454,-3.4530167596772035e-05,9.043824446551098e-06,4.559131942281877e-05
AWR,-0.00045243365176224814,-0.024691648499160338,1.1171332698504946e-05,8.919062859667987e-06,4.496237694467781e-05
DFIN,-3.55607643906094e-05,1.0996913603136653,-3.9105865366503e-05,8.831880238555802e-06,4.4522875851889575e-05
APA,-2.6369957832660352e-05,1.6567903559734753,-4.368949182457888e-05,8.703584980870088e-06,4.387611959206269e-05
JBSS,-0.00010999529979791422,0.17400992255158185,-1.914027359887308e-05,8.605976727744518e-06,4.338406127394173e-05
ZD,-2.828977385883994e-05,1.351147845440814,-3.8223666997379444e-05,8.603371984073897e-06,4.337093035776753e-05
MYGN,-3.580608269014251e-05,1.3506786870643197,-4.836251275683815e-05,8.452600933337835e-06,4.2610870144917735e-05
AVNS,-4.413113352211213e-05,0.8611329224501212,-3.800277198093293e-05,8.408648051608165e-06,4.2389296862250246e-05
AUR,-1.869304799627849e-05,2.3118342243888277,-4.321522811593961e-05,8.303570621656661e-06,4.185958526718774e-05
ACI,-0.00019857190070447596,0.05372895031027632,-1.0669059785967913e-05,8.167134877035998e-06,4.117179155221101e-05
GEHC,-3.0263507920877942e-05,1.3640247687658622,-4.128017439381938e-05,8.14277340128135e-06,4.104898158068784e-05
MLR,-3.425532266229962e-05,1.0261996664530748,-3.5152800690294325e-05,7.99931357153168e-06,4.0325778364933845e-05
INVX,-2.9346597891336805e-05,1.3199937778192705,-3.873732661672871e-05,7.862719831165822e-06,3.963718816894079e-05
RXO,-1.6647133562804864e-05,2.155120463294848,-3.587657819640323e-05,7.706758897866903e-06,3.885096495446613e-05
BGS,-8.936855476916888e-05,0.1893355683455815,-1.6920646109443817e-05,7.695587048377317e-06,3.879464593128809e-05
AOSL,-1.4102428549788926e-05,2.8666394400935804,-4.0426577881926646e-05,7.691157205758627e-06,3.877231440870989e-05
POWL,-2.668887087584394e-05,1.6331848853256836,-4.358786052083716e-05,7.647024113342211e-06,3.8549832656065855e-05
AVA,-0.00016989110126473426,0.14114576918522495,-2.397941016573586e-05,7.585262591295296e-06,3.8238483259986616e-05
XRAY,-2.6544714135454316e-05,1.180905897833469,-3.134680947886145e-05,7.480958714695179e-06,3.7712671267149045e-05
BBBY,-1.3946813136548735e-05,2.3731695662178867,-3.3098152481385287e-05,7.191074798029743e-06,3.625132155626741e-05
LPX,-2.8545607625042812e-05,1.0316310178461328,-2.9448534249259246e-05,7.128981853358519e-06,3.593830140742001e-05
RIVN,-3.169390254462636e-05,1.2333885701862661,-3.909089714313957e-05,7.0793391028408885e-06,3.568804461514672e-05
PEBO,-4.049422101100974e-05,0.7132632699471798,-2.8883040492276603e-05,6.8749213442978985e-06,3.4657543041336965e-05
GIS,-0.0001607974078193271,0.04612388526942934,-7.4166011898802835e-06,6.73878551535514e-06,3.397126124773288e-05
LNTH,-5.392687827977893e-05,0.518935854495788,-2.7984590660407434e-05,6.6497177335838826e-06,3.3522256768155236e-05
APAM,-2.7538859311720477e-05,1.174882974555614,-3.235493694402272e-05,6.621119111714252e-06,3.337808668696707e-05
CE,-1.5618413873700924e-05,1.9451717384478204,-3.0380497266504385e-05,6.618300139141056e-06,3.336387580972279e-05
RHI,-2.6107992924199176e-05,1.1121976864233132,-2.9037249327450555e-05,6.6023846846570126e-06,3.3283643539245886e-05
NWL,-1.7804172098312093e-05,1.719725627485067,-3.061829103362189e-05,6.529997043087402e-06,3.291872622925507e-05
LOB,-2.2894121760398078e-05,1.2440952233663058,-2.848246752527785e-05,6.5181153900755075e-06,3.2858828976611805e-05
EVCM,-2.8128430944168435e-05,1.1474288983276635,-3.227537452995295e-05,6.503598493125654e-06,3.278564705122389e-05
MARA,-1.5217412860676048e-05,2.245681262545178,-3.4173458925634216e-05,6.483268013246563e-06,3.2683157954087525e-05
HNI,-3.25291972743483e-05,0.8339146898890916,-2.7126575457379245e-05,6.414560097780073e-06,3.233679071316841e-05
VAL,-1.8225931764993784e-05,1.6215605864315235,-2.955445260110425e-05,5.857438217469734e-06,2.952825304718613e-05
CPB,-8.66482871293726e-05,0.15954268552532475,-1.3824100424789537e-05,5.745837292645144e-06,2.8965655504340167e-05
LKFN,-3.114665402286715e-05,0.7402285032666618,-2.30556410891115e-05,5.7318077765575384e-06,2.8894930541347158e-05
IVR,-3.9467927614558896e-05,0.7303303107276438,-2.882462383851695e-05,5.640406094950961e-06,2.8434160511307776e-05
GOGO,-1.7134534787920185e-05,1.5330546763001909,-2.626817868284934e-05,5.543981127909127e-06,2.7948067321560433e-05
MGY,-2.2711885970777262e-05,1.2006062823972843,-2.7268032981605925e-05,5.4364184763988516e-06,2.7405827339796918e-05
SNOW,-2.4185816009564762e-05,1.4218175273695521,-3.43878171161343e-05,5.4033853469073804e-06,2.7239302219027315e-05
FITB,-2.3824781390091094e-05,1.0407308557655979,-2.4795185124537796e-05,5.301285915293642e-06,2.672460317471257e-05
KAI,-1.7466657615237163e-05,1.4066485371826039,-2.4569448383942742e-05,5.231497468978499e-06,2.6372788810470977e-05
PRKS,-1.5733188420748435e-05,1.4299032846449298,-2.2496937800765764e-05,5.023208880690898e-06,2.532277378454139e-05
CBRL,-1.9735245372207663e-05,1.0283554960579155,-2.0294848044561294e-05,4.998282648774169e-06,2.5197116789755716e-05
GO,-9.046904643267993e-05,0.15009247773116283,-1.3578723337056548e-05,4.930498426868814e-06,2.4855406031107274e-05
HLIT,-2.0599991208775435e-05,1.2015392066755906,-2.4751697094516175e-05,4.747276660575854e-06,2.393175673631574e-05
SABR,-1.2150666300588883e-05,1.9006018740051314,-2.309357914131023e-05,4.635452713502726e-06,2.3368034903781095e-05
LAB,-1.2724130679771948e-05,1.581541822968008,-2.0123744830969684e-05,4.5922290410614154e-06,2.3150137678050384e-05
POWI,-1.2385065858981304e-05,1.7474593608014217,-2.164239926941898e-05,4.48793444153496e-06,2.2624372452377644e-05
PEG,-4.973759746592223e-05,0.4825599518093843,-2.4001372636269988e-05,4.466706472785572e-06,2.2517358974874767e-05
USPH,-2.442291280984202e-05,0.8327969747929431,-2.033932790366825e-05,4.457948944949198e-06,2.2473210920995343e-05
UWMC,-1.7440508186362402e-05,0.9933514817789827,-1.732455464990157e-05,4.407178784376342e-06,2.2217270680060262e-05
GPRO,-1.2215904777370568e-05,1.8137135546963528,-2.215615207759693e-05,4.319128228928491e-06,2.177339419589095e-05
STGW,-1.8163524115086796e-05,1.1208405064979863,-2.0358413568942273e-05,4.264006260188255e-06,2.149551581612993e-05
FLO,-3.864611216563243e-05,0.3040066465486553,-1.1748674961617105e-05,3.991989302265512e-06,2.0124236210873038e-05
ALLO,-1.2601809105425693e-05,1.355877326985133,-1.7086507245041498e-05,3.981336497881997e-06,2.007053377444606e-05
GOOD,-3.183206364308274e-05,0.5260770394447984,-1.6746117800771374e-05,3.961404559874984e-06,1.9970053788598914e-05
FIZZ,-6.645158685826467e-05,0.11742791213026918,-7.803271102509253e-06,3.936307757346496e-06,1.984353692094741e-05
CMG,-2.0290647540223394e-05,0.9517867446748416,-1.9312369369653808e-05,3.879346415227674e-06,1.9556385975167826e-05
ACLS,-1.1184893498953483e-05,1.7270514029819397,-1.931688600957119e-05,3.7336086571465813e-06,1.8821699369970127e-05
ERII,-1.9822386690477898e-05,0.9165346365898877,-1.8167903981701385e-05,3.698628283269278e-06,1.864535788873119e-05
ENR,-2.0285930673770447e-05,0.7506767811475487,-1.5228177140768322e-05,3.660152034450517e-06,1.8451393160594857e-05
BLFS,-1.1869897813671548e-05,1.39769860314564,-1.659053959365021e-05,3.5819118018736284e-06,1.8056972033093994e-05
GGG,-2.0068379650770028e-05,0.8136495791377985,-1.632862865682659e-05,3.561682463333879e-06,1.7954992805110442e-05
ALKT,-1.2995733636148073e-05,1.3135537858859765,-1.707059511812803e-05,3.3522471336266338e-06,1.6899196878117662e-05
NPO,-1.1322379910941645e-05,1.502315095765759,-1.7009782260202604e-05,3.3418077988468924e-06,1.6846570575017935e-05
NEOG,-4.630941014531496e-05,-0.03761987903398354,1.742154407801879e-06,3.3172394376870847e-06,1.6722717662132267e-05
AMSF,-4.3081319475078604e-05,0.2805688674684539,-1.208727701416945e-05,3.297769610241377e-06,1.6624567247180002e-05
PWP,-9.405797626178917e-06,1.6708482311181203,-1.571566032595606e-05,3.2623397224538606e-06,1.6445959696714858e-05
FWRD,-6.326649495570749e-06,2.615787828274692,-1.6549172744274184e-05,3.1866690165866933e-06,1.606449195123514e-05
HSTM,-2.767593905562365e-05,0.5425973298088682,-1.5016890631534363e-05,3.1433511620898125e-06,1.5846119939178713e-05
AKBA,-1.2420583775639342e-05,1.1144101230910708,-1.3841624294273195e-05,3.1083904764429664e-06,1.5669877709358124e-05
BOOT,-9.425612090278123e-06,1.5736710830898022,-1.4832813186892308e-05,3.061699086332437e-06,1.5434499181899377e-05
TRIP,-8.13998246082139e-06,1.8437855715055818,-1.5008382213570976e-05,2.8850802566325e-06,1.454413631290262e-05
DOX,-2.1854888950588644e-05,0.60942835441569,-1.3318989009094883e-05,2.883639439514436e-06,1.4536872930707649e-05
MP,-1.675712222705892e-05,1.0470433390350682,-1.754543320923853e-05,2.843319818265196e-06,1.433361547671293e-05
SDGR,-1.0230039611995853e-05,1.3859321115979781,-1.4178140401184374e-05,2.837765416505246e-06,1.4305614877371673e-05
IPGP,-8.12791839421698e-06,1.7112813783183467,-1.3909155392514677e-05,2.7499747472053935e-06,1.3863048519516398e-05
PAY,-1.4260537260278018e-05,1.0104335488349616,-1.440932527219592e-05,2.7413824022968592e-06,1.381973317835391e-05
VST,-8.765678793584712e-06,1.9386893846692077,-1.6993928426542668e-05,2.7275471282777637e-06,1.3749987419705603e-05
FIBK,-9.742638168352353e-06,1.193412710734926,-1.1626988226202935e-05,2.567486235987296e-06,1.294309567709786e-05
HEI,-2.0135234670467875e-05,0.6981908186155941,-1.4058235977591058e-05,2.526934746777177e-06,1.2738669340808838e-05
CDRE,-1.2714628075943199e-05,0.8900315085881408,-1.1316419607568857e-05,2.5169330629107928e-06,1.2688249303731243e-05
IOSP,-1.3167928428765043e-05,0.7734042878492323,-1.018413230889869e-05,2.5092349238533224e-06,1.2649441792726953e-05
AMC,-1.388662942862915e-05,0.9685744599028235,-1.3450234598705134e-05,2.5072252623933967e-06,1.2639310778122158e-05
SKYW,-8.895414191057339e-06,1.3658643039464442,-1.2149928712383854e-05,2.4058192028803085e-06,1.2128107129931745e-05
UPST,-4.758162622596675e-06,2.5582166424123227,-1.2172410808431079e-05,2.394065239796418e-06,1.2068853581987651e-05
HAIN,-1.2211995960633876e-05,0.6434110444890975,-7.85733307632808e-06,2.3537417295940167e-06,1.1865576523177863e-05
ENVX,-4.853324747700301e-06,2.592632922591905,-1.2582889524917853e-05,2.3395160131662715e-06,1.179386248388964e-05
WINA,-1.827472525080097e-05,0.547119375870518,-9.99845627342342e-06,2.3266770862025774e-06,1.1729139465026613e-05
BFS,-1.9824880141981986e-05,0.45496829329317395,-9.01969188293928e-06,2.2872246052697128e-06,1.1530253399638774e-05
MHK,-8.086740126944495e-06,1.182768639798115,-9.564742620346976e-06,2.2741199491880725e-06,1.1464190799145452e-05
ACHR,-4.8572334744548016e-06,2.409774704071168,-1.1704838358508891e-05,2.1158867411927737e-06,1.0666512696076778e-05
SRI,-4.772113429354962e-06,2.106972857252038,-1.0054713467378846e-05,2.077380201653819e-06,1.0472395267729596e-05
ETD,-9.114516198520468e-06,0.9429756778901962,-8.594767090941012e-06,2.0560549292957026e-06,1.0364891267668175e-05
JANX,-7.736218216829164e-06,1.2528937034510899,-9.692659092388878e-06,2.049203147068846e-06,1.0330350372500828e-05
IIIV,-1.1753708258106549e-05,0.8282230273992984,-9.73469183669714e-06,1.9612679752887007e-06,9.887055555266962e-06
AI,-5.122837844391169e-06,1.9399192130466334,-9.937891559656829e-06,1.9370168669926886e-06,9.764801963192594e-06
WSO,-1.0336254898778943e-05,0.8225885429078407,-8.5024848563106e-06,1.932390889836447e-06,9.741481696040205e-06
BIO,-7.950197859522843e-06,1.0944079192518574,-8.700759497080966e-06,1.9283057184793165e-06,9.720887714662016e-06
NSP,-9.08742312640855e-06,0.8791884626129264,-7.989557567620286e-06,1.8781788402428795e-06,9.468190359593644e-06
RES,-6.773209218190754e-06,1.2455718475783462,-8.436518719936543e-06,1.84362393002845e-06,9.29399370656002e-06
PRTA,-1.4226975387736014e-05,0.5681100282653585,-8.082487389657267e-06,1.8138273379948892e-06,9.143784472276227e-06
WHD,-5.6490589421163e-06,1.520313617722349,-8.588341237015618e-06,1.7929205921433751e-06,9.038390329141176e-06
KEX,-8.233661505880025e-06,1.0817855790854622,-8.907056280132101e-06,1.7829591201581466e-06,8.98817300638308e-06
SSD,-8.396960260600808e-06,0.8854863064666225,-7.4353933267064176e-06,1.7527122502021628e-06,8.835693851369229e-06
CRVL,-1.2060895940507302e-05,0.5948378707159333,-7.174277660177807e-06,1.6702319189178719e-06,8.419897729727787e-06
BBW,-5.255943254881646e-06,1.4990636266567887,-7.878993357165165e-06,1.6169069839245843e-06,8.151078475346178e-06
SLGN,-9.211025440578462e-06,0.7049892207443803,-6.493673647610072e-06,1.602830027374497e-06,8.080114357635898e-06
MCHB,-8.792501996251183e-06,0.8502409999708466,-7.47574568953827e-06,1.593116402876315e-06,8.031146472437859e-06
JACK,-5.273128902124982e-06,1.150798201713034,-6.068307257966455e-06,1.576219616206394e-06,7.945967154457911e-06
FPI,-1.468748537722116e-05,0.4841663451889886,-7.111186115105883e-06,1.5691663769887525e-06,7.910410683405483e-06
FRPT,-6.167125056706638e-06,1.122288785635221,-6.921295290751836e-06,1.515627460495886e-06,7.640512715150609e-06
HWKN,-8.476014808664337e-06,0.8352780834230888,-7.0798294044468665e-06,1.44148777056506e-06,7.266763058075602e-06
MRTN,-7.953769439075864e-06,0.726985435352387,-5.782274538359079e-06,1.4207186907054927e-06,7.162062910522798e-06
YUM,-1.7813607656571e-05,0.3741125524029698,-6.664294227904863e-06,1.4111279075963513e-06,7.113714287788243e-06
VITL,-1.1374947764023898e-05,0.5831114078161045,-6.6328618045146254e-06,1.4060271420719459e-06,7.0880005389535065e-06
CXT,-5.124387697649192e-06,1.2241097799562153,-6.272813096979689e-06,1.3234179330181422e-06,6.671554724519917e-06
ESQ,-8.120707478521107e-06,0.6909034483650637,-5.610624800074194e-06,1.3034914486486508e-06,6.571102231303981e-06
SIG,-3.7060576289799375e-06,1.6132622716771736,-5.978842949494694e-06,1.257618738054843e-06,6.339850794057167e-06
BWIN,-5.539069982206473e-06,0.9190783199072811,-5.0908391330951786e-06,1.2012814176498948e-06,6.055845638363639e-06
CNA,-1.2236526985889308e-05,0.43107780612600965,-5.274895207678877e-06,1.1346947959730136e-06,5.720172167908916e-06
LAND,-8.583981110320758e-06,0.5001941288111241,-4.293656953208038e-06,1.0295177540160058e-06,5.189958413302277e-06
GRND,-9.053051420574719e-06,0.6812014465734276,-6.166951723599122e-06,9.999379576024783e-07,5.040842079308713e-06
BRBR,-5.906508402831817e-06,0.8675921137043626,-5.124440109825435e-06,9.921269101345529e-07,5.001465379524055e-06
PENG,-2.7937972106312624e-06,1.8541119512899729,-5.1800127977120135e-06,9.663360325512217e-07,4.8714495720472885e-06
EOLS,-3.6117042830910417e-06,1.2298319017983839,-4.441789147207224e-06,9.443073450061206e-07,4.760399547108207e-06
HCKT,-6.119274802789458e-06,0.6557442823449039,-4.012679464026426e-06,9.398100955998708e-07,4.737728216476329e-06
PZZA,-4.836273848788009e-06,0.8352325543030852,-4.039413360032421e-06,9.125819375172032e-07,4.600466855447223e-06
NAGE,-2.9873559092583027e-06,1.6528966862596508,-4.9377906830912345e-06,9.024783454579807e-07,4.549533083389592e-06
KNX,-3.385795945572035e-06,1.1713972079685349,-3.9661119173942675e-06,8.787659433721037e-07,4.4299951927362845e-06
MLAB,-2.6513239727625144e-06,1.5337849070735248,-4.066560693185362e-06,8.234798901245942e-07,4.151289637566491e-06
SIGA,-6.6090348467692145e-06,0.6681867891560582,-4.416069773683223e-06,8.173906493099542e-07,4.12059283173358e-06
DOMO,-2.754303808467116e-06,1.5281519696612405,-4.208994789954479e-06,7.508355488531339e-07,3.7850782646300747e-06
PSN,-4.300482605155411e-06,0.7419604341758632,-3.190787940886856e-06,7.02842099613233e-07,3.54313585548329e-06
BHVN,-2.2017985913818784e-06,1.485193551270329,-3.27009706911646e-06,6.828210012526568e-07,3.442206398487826e-06
PLSE,-2.845556670136745e-06,0.9674423981240704,-2.752912168955037e-06,6.339730047167781e-07,3.1959560840999477e-06
TMDX,-2.8097699107943306e-06,1.2232995695292583,-3.4371903223509674e-06,6.111385317884591e-07,3.0808439702725158e-06
NEXT,-2.8823545432913337e-06,1.1487044123425316,-3.3109733818142977e-06,5.793319500772869e-07,2.9205020667877524e-06
VERX,-3.5288085495483187e-06,0.7438292882400958,-2.6248311517460906e-06,5.719207633365138e-07,2.8831411268449614e-06
RGR,-4.7442792703451515e-06,0.4351538519107624,-2.064491399031074e-06,5.391477636542168e-07,2.7179273607231137e-06
GPK,-3.432096455495282e-06,0.520113954511216,-1.7850812597315787e-06,4.848862540503338e-07,2.4443866887059345e-06
UNIT,-1.8245206438783697e-06,1.1756846096224522,-2.145060840946246e-06,4.516314405075672e-07,2.2767440243071653e-06
CCRN,-4.511496666216051e-06,0.41044798959428824,-1.851734736709712e-06,3.922366957081417e-07,1.977325918815293e-06
YORW,-1.0405468840178013e-05,-0.04919834293473528,5.1193182439578e-07,1.9226463712035522e-07,9.692358068725287e-07
PTN,-1.1299735352679871e-05,-0.19718028521626219,2.228085039709698e-06,-6.844068917645715e-07,-3.450201118125036e-06
DUK,-0.002918397188615331,-0.04514033297497845,0.00013173742084733703,-5.212702753312676e-06,-2.6278041738538554e-05
COR,-0.0015376924423602808,-0.02421118737550458,3.7229359847882034e-05,-6.511996011514059e-06,-3.282798024173056e-05
AWK,-0.001216286443397351,-0.22216362945676946,0.0002702146107242211,-1.9674221973869348e-05,-9.918079941812475e-05
CBOE,-0.0019093699453943385,-0.12372394722439617,0.00023623478635581734,-4.119804514874249e-05,-0.0002076857248913446
CME,-0.002765890683367202,-0.07422450445286226,0.0002052968653437191,-5.094132147040045e-05,-0.00025680308952295193
ED,-0.00308499265285053,-0.17151518480326222,0.0005291230849703649,-5.7206782265113466e-05,-0.00028838824756213116
MKTX,-0.0029272352749982384,-0.24534553851001786,0.0007181841148899631,-7.579645024424872e-05,-0.0003821016423554268
