ticker,weight,beta,beta_contribution,component_contribution,percentage_contribution
ALGN,-0.0018289691616466882,1.2480598110242174,-0.002282662906253887,0.00019392899617506066,0.01738837623784339
IQV,-0.002300528938645358,1.0440426925241288,-0.002401850427332976,0.00019319186764267223,0.017322282623636012
LITE,0.0014088982678012246,2.3053615594929577,0.003248019907825158,0.00018367215405361306,0.016468710621367486
CAH,0.002481951059104794,0.3399846381280099,0.0008438252326811742,0.00018349329638180735,0.016452673594663264
ALNY,0.0018136921189375336,0.8871448259552073,0.0016090075791911694,0.00017711152408478632,0.015880460774747075
HRI,-0.0013609536063967683,1.6296840781638164,-0.002217924423464439,0.00016473817964960253,0.014771021894523189
CRL,-0.0010731377820336779,1.3912155297403892,-0.0014929659479164094,0.00015892328852515334,0.014249637693870982
W,-0.001280367724343302,2.488489996672642,-0.003186182274090822,0.0001538406333412577,0.013793908419920519
MPWR,-0.002424380128933373,2.189689848857262,-0.005308640558096666,0.00015125214843855878,0.013561815487652278
RKT,-0.0010789668212766949,0.728124605369016,-0.0007856222909483551,0.00014874724015724011,0.013337216337984428
PM,0.0020627162088085607,0.09742848299980914,0.0002009673110833356,0.00014001273680050165,0.012554049129298559
FOR,-0.0012562290696724707,0.804588329346131,-0.0010107472484438176,0.00012144379520715183,0.01088909056646334
SPOT,0.0015071535440414783,0.9638940136208006,0.0014527362787089546,0.00012139930169000652,0.010885101116553698
RVTY,-0.00136887215694469,1.1480850617395901,-0.0015715816748194504,0.00012022646160907773,0.010779940026689638
UHS,0.001746817702413763,0.6641058764422335,0.0011600719012463006,0.00011917651438276984,0.010685797955307795
NFE,-0.0005835791498736553,2.198612506381924,-0.00128306441737595,0.00011326022885086795,0.010155322364817171
EQT,0.0014194843443407765,0.7511637969839483,0.0010662652498542881,0.00011079087881139596,0.009933911495910738
FLS,0.001968075374528043,1.499015066536608,0.0029501746384972137,0.00010901803651225602,0.009774952033861127
ICLR,-0.0009263358506287799,0.9820021242980009,-0.0009096637731308575,0.00010872114853104847,0.009748331982091919
DD,0.0037526418996707608,1.3442861801930601,0.005044624644940836,0.00010586598158791683,0.009492327372114926
AER,0.0014892568374076012,0.8047976032601031,0.0011985503333843584,0.000102973029017883,0.009232934765964505
TW,0.0018662416170390952,0.4300952411188303,0.0008026616382664254,9.916450480036885e-05,0.008891448689559028
L,0.002308498849156014,0.5264898396066784,0.0012154011888243516,9.825393666399349e-05,0.008809803852233134
JOBY,-0.0008486742850912898,1.8705699144805221,-0.0015875045848850321,9.824752712728713e-05,0.00880922914995571
TMO,-0.0016081119415784313,0.8875297018574255,-0.0014272471120624708,9.563319567611574e-05,0.008574818722531236
IONS,0.0020048419312478417,0.7154275361821525,0.0014343191233073117,9.362625221111987e-05,0.008394868902000389
FMC,-0.0008848444839238857,1.0838891021076904,-0.0009590732931852032,9.273764870694923e-05,0.008315193493157262
NXPI,-0.0020660696329037743,1.799350763834818,-0.0037175839721013287,9.247479909285159e-05,0.008291625444675354
V,0.0019928179923994578,0.7520292724673489,0.001498657464984007,9.09659929955203e-05,0.008156340424859826
AMRC,-0.0009270717723868006,1.5702518877025522,-0.0014557362006261244,9.062228410987134e-05,0.008125522241205852
POOL,-0.001054304150385996,0.7061656312863749,-0.000744513355925172,8.914256020623429e-05,0.007992844836217147
EXP,-0.0015396683114135903,1.0364339170925403,-0.0015957644590216446,8.904198415616313e-05,0.007983826823265773
LEN,-0.0008314756074664371,0.6905292882774153,-0.0005741582594438304,8.713980681814224e-05,0.007813270713158602
FERG,-0.001634661529811431,0.9570863537167926,-0.0015645122431283366,8.652822921734402e-05,0.007758434450242472
CRS,0.0010957558755229986,1.4799961244765794,0.0016217144491464791,8.583926580243904e-05,0.007696659494930153
EW,0.002499233484676912,0.5384069967330585,0.0013456047946195924,8.556088182161448e-05,0.007671698578859632
HAL,-0.0018464336422744812,1.2568133935106514,-0.002320622531839223,8.421836252530745e-05,0.007551323435940425
BMRN,0.0017387165015191706,0.7423067392193161,0.0012906609766695125,8.339909071174074e-05,0.007477864557606941
VRSN,0.0022866127684116884,0.4162227549179813,0.0009517402658989449,8.335382246060757e-05,0.007473805642241742
UTZ,-0.0012043294996999282,0.21504025571870536,-0.00025897932358505307,7.883936997470647e-05,0.007069023480311433
WDC,0.0009346329220780136,1.7572929830146007,0.0016424238756621253,7.865862086664974e-05,0.00705281686058187
MELI,0.0013964358166015977,0.8779483930610239,0.0012259985811982313,7.608937933867982e-05,0.006822449358994308
QS,-0.00038991785837034506,1.6670022038652987,-0.0006499939292298027,7.519882194373009e-05,0.006742598757226634
DHR,-0.0016213740936959166,0.9512865564514883,-0.0015423913783116413,7.513605680047443e-05,0.006736971007137285
HD,-0.0020372542474140524,0.6189529944067331,-0.0012609646168047633,7.506046827822778e-05,0.0067301934664393435
NOC,-0.002419302409764686,0.07228796654093986,-0.00017488645164948479,7.49957525699707e-05,0.00672439082162672
CB,0.001311462324902331,0.24367428981950634,0.00031956965064561417,7.479342057409714e-05,0.006706249001998945
CORT,0.00039279518934476316,1.2673094443026165,0.0004977930531332529,7.463349973295502e-05,0.006691909920124148
BX,-0.001940182801681773,1.51204488603996,-0.002933643483265607,7.401014889312585e-05,0.00663601802595201
GE,0.00130179837336385,1.0854200984631044,0.0014129981185956994,7.382618678564245e-05,0.0066195233170558716
AMKR,-0.0017237111213651787,2.0235862248176812,-0.0034880780807596138,7.292004179252853e-05,0.006538275074776108
UPS,-0.0017550427091272511,0.7780524193301045,-0.0013655152258641185,7.234838292328465e-05,0.006487018069922952
ORCL,-0.0013593932248923437,1.391418050402571,-0.0018914842707101686,7.166573885772937e-05,0.0064258097303629864
XMTR,0.0006158542939887408,1.5761681536000702,0.0009706899254429083,7.163341386417291e-05,0.006422911354354593
HUBS,0.0014468166971402757,1.4266738708945441,0.0020641355777839764,7.155217718733412e-05,0.006415627379657433
FBIN,-0.0010058307463717922,1.2462345486536623,-0.0012535010262266267,7.12606392701682e-05,0.006389487034008956
CSTM,-0.0009530093232270903,1.4912481854564692,-0.0014211734239854962,7.091534869295696e-05,0.006358527030160376
AVTR,-0.00042238572604330556,1.1620924729201698,-0.0004908512729038464,7.029314096846178e-05,0.006302737631849625
DELL,0.0018823846748185896,1.7782982587484875,0.003347441389524736,7.02155617262808e-05,0.006295781595991676
NWSA,0.002520049743563527,0.7890042642823709,0.001988329993875318,6.995324518222608e-05,0.006272261344500678
NVST,-0.0010690069433659328,1.2744898334608226,-0.0013624384812189107,6.910263997550727e-05,0.0061959930006427865
MCD,0.0023401489172650562,0.16780077030981005,0.0003926787909567444,6.817202923522178e-05,0.006112551070852903
BG,-0.0014463646438928742,0.4485611520263114,-0.0006487829909147133,6.800876203144774e-05,0.006097911941983484
BH/A,-0.001102159120867654,0.4253018398524928,-0.0004687503019152192,6.776075610143574e-05,0.006075674831982811
SAIA,-0.0005242060996321607,1.5081630734383193,-0.0007905882823363534,6.73743794990018e-05,0.006041030906292833
CHWY,0.0007964021727633474,0.7090134674571372,0.000564659866001339,6.726697952497655e-05,0.006031401035602429
CNA,0.0015679930594068826,0.41230969274407014,0.0006464987365488862,6.671292020657257e-05,0.00598172207022587
TREE,-0.0005707353283996758,1.2276144376600167,-0.000700642929226073,6.668255999243935e-05,0.0059789998634573
SMR,-0.0012194320826291547,2.246398809646581,-0.0027393307788629844,6.659113673822408e-05,0.005970802523335207
DHI,-0.0006638201145948911,0.5641748689808457,-0.00037451062617842263,6.493870567119401e-05,0.005822639568504654
TSN,0.002449012612706729,0.27018012850150713,0.0006616745424029158,6.346583230598989e-05,0.005690576407605555
AROC,0.001521500220846282,1.2416642021078845,0.001889192357724069,6.342146342015688e-05,0.005686598132590807
BAP,0.0017383806100588562,0.5773375484037923,0.0010036323996040688,6.313383209173486e-05,0.005660808065839377
SIGI,0.00137795034206651,0.38776630200243384,0.0005343227084861193,6.26230655873121e-05,0.005615010890977636
TTWO,0.000996009840143746,0.5743988401563064,0.0005721068969628358,6.223980968755309e-05,0.005580646778793159
PR,-0.0019590115999865293,1.3556564786835328,-0.002655746767337932,6.223832270135957e-05,0.005580513450224954
WSM,-0.000867630112717616,1.39852327977532,-0.001213400910869671,6.180082872471399e-05,0.005541286155608133
NEM,0.0008447956002709695,0.49466235289604743,0.00041788857934626654,6.158595403495737e-05,0.0055220197126152285
STRL,0.0009158903845574782,1.6907519884904652,0.001548543488929853,6.0996144896475064e-05,0.005469135288879076
BAC,0.0020125016644565305,0.97545807809206,0.001963111005767839,6.0735603448892723e-05,0.0054457741989674645
MAS,-0.0011102831866132714,0.9858060718609303,-0.0010945239068484653,6.067193575229966e-05,0.005440065522676696
MTZ,0.0014800686503283898,1.5413599693111346,0.0022813185694485396,6.044656243889401e-05,0.005419857735059783
ROCK,-0.0007719121108639725,1.1846288415250126,-0.0009144293496519149,5.9739227216334505e-05,0.005356435496927633
CARR,-0.0012251027725257281,1.0729857313093554,-0.0013145177943076373,5.9657397552961744e-05,0.005349098352909948
PK,-0.0009349124091359524,1.2962937393374296,-0.0012119211027918086,5.9546128769622226e-05,0.0053391215907630015
KTOS,-0.0012022624849952197,1.0675806092477949,-0.0012835121162069645,5.8700615518474335e-05,0.005263309810085449
SPSC,-0.0006911332432367804,1.0201303113197964,-0.0007050459705865973,5.852693922955465e-05,0.0052477373649385565
IRM,0.002515715051932719,0.9941739405728656,0.0025010583465384225,5.850894112766597e-05,0.005246123589931312
ISRG,0.0012359287863648362,1.1881286286708281,0.0014684423740784537,5.800961815488406e-05,0.00520135248356673
JJSF,-0.0008303082304454787,0.0996546822612127,-8.274410288391395e-05,5.769150771091416e-05,0.0051728295489152105
COIN,-0.0008939019349210039,2.0823480114087385,-0.001861414916577176,5.694858609387704e-05,0.005106216505754779
IEX,-0.0012308596479533032,0.885131126158247,-0.0010894721863356507,5.631798601363073e-05,0.005049674618428973
JCI,0.0010699922123433502,1.0833522675402323,0.001159178489492558,5.627626076205194e-05,0.00504593338123711
RH,-0.0005043344832542481,2.742263568691944,-0.001383018079863202,5.606138340000054e-05,0.0050266666986365765
ACMR,-0.000587768171138956,1.804151283084968,-0.0010604227001168524,5.54817573142987e-05,0.004974695324297311
STZ,-0.001409503990606643,0.41076537335026836,-0.0005789754329402309,5.541923395458174e-05,0.004969089253395819
CNX,0.0016433860052419637,0.43595875491227026,0.0007164485166855361,5.478113201389123e-05,0.004911874722089688
WST,0.0016746097395517064,0.5770067121910434,0.0009662610600218296,5.468279120589769e-05,0.0049030571290393865
AXSM,0.000614371802014721,0.562602721644954,0.0003456472479153968,5.463230378411592e-05,0.00489853024392919
NRG,0.0008666455022373182,1.6597343294192801,0.0014384012915000905,5.4450560715930395e-05,0.004882234502134203
OLED,-0.0010981828013055233,1.596357744742353,-0.0017530926200069246,5.4200072121030024e-05,0.004859774787407043
ARW,-0.0014197289029898653,1.0213067769487185,-0.001449978750053519,5.406295436798269e-05,0.004847480313007132
ON,-0.0007141469516392823,1.9379113634484197,-0.0013839534927538141,5.392056417031645e-05,0.00483471309212508
PHM,-0.0006470543272919727,0.7427467857334412,-0.0004805975217910268,5.365064793076984e-05,0.004810511424409008
CSW,-0.000907983617571604,1.2989792616958669,-0.0011794518891851044,5.307112236571112e-05,0.004758549063114705
ABBV,0.0021203548070259717,0.41719163194168407,0.0008845942822385597,5.290561829631691e-05,0.00474370936877151
TRV,0.0009472216427806994,0.4384519360089069,0.0004153111631067349,5.2660389907190174e-05,0.004721721303147292
PPL,0.0018883069146273586,0.1897784612258714,0.00035835998058015303,5.254936331321396e-05,0.004711766256575907
MAN,-0.0008395019007817852,0.9637466160709514,-0.0008090671160635771,5.203683960164714e-05,0.004665811524156754
MIDD,-0.0007323621225444336,1.2481581044983028,-0.000914103718681414,5.171000619491183e-05,0.004636506457067769
STT,0.00209389921671192,1.106134442312966,0.002316134042337196,5.131579913782353e-05,0.004601160424450364
CNC,0.0008868317690503687,0.14673470692384016,0.00013012899972235655,5.0928497658299374e-05,0.004566433570930429
NVR,-0.0006448118570818674,0.4887282930569477,-0.00031513779825450156,5.08556690712281e-05,0.0045599034960172235
XP,0.0016027002998673008,0.7577927489648539,0.0012145146660032377,5.0671143167904984e-05,0.004543358235143941
AZO,0.0013047563074873214,0.13419996388614916,0.00017509824934502387,5.0540263585727254e-05,0.004531623097739817
PDFS,-0.0005945141969599338,1.5309586839239435,-0.0009101766725518804,5.02192818991227e-05,0.00450284271707359
RMD,-0.0018775238762824575,0.6244858779248456,-0.0011724871462051095,4.9830046749372584e-05,0.0044679424836771425
WM,0.0015885400258583392,0.20343315494036418,0.00032316170920940966,4.961925805855532e-05,0.00444904240614926
CRM,0.0017825352863946719,1.022387729086755,0.001822442203474057,4.9376827784584886e-05,0.004427305229665162
COLM,-0.0007500575839742811,1.064694936824032,-0.0007985825119838832,4.9291992342853214e-05,0.004419698576672423
CLH,-0.0017207131485680175,0.7613629184563802,-0.0013100871846200126,4.831557697094271e-05,0.004332149637699587
PCAR,-0.001193679386157224,0.8588193978378628,-0.0010251550116310167,4.807642863239615e-05,0.004310706731433271
EXEL,0.000841164719867766,0.5895360586724439,0.0004958969336451531,4.803376957784348e-05,0.0043068817660843915
RRC,0.0010603092797566705,0.896196180114816,0.00095024512625822,4.7833525416946754e-05,0.004288927149303101
AMP,0.002543381054007195,1.1559522357656142,0.0029400270157835216,4.7652713383658296e-05,0.004272714887469337
KHC,-0.0016087939017817644,0.23550720546387424,-0.0003788825559759459,4.72936299594609e-05,0.0042405181670001554
AGNC,-0.0014039221103080328,0.6514236998782769,-0.000914548135437777,4.6868199936786744e-05,0.004202372570193917
LII,-0.0006479625381207893,1.0106756868930187,-0.0006548799832961726,4.651382544363359e-05,0.004170598069538637
BXP,-0.0009672269305000995,0.9014079959468098,-0.0008718660890478789,4.6388551454807305e-05,0.004159365549938729
ZETA,0.0006058570167018758,1.9904890802147313,0.0012059517759165578,4.637641368942476e-05,0.004158277233929669
SNDR,-0.0006938667672857604,0.9669534930227116,-0.000670936894319343,4.634277318196085e-05,0.004155260904179339
DT,0.0013760775207285753,1.0237573781882594,0.0014087695148048865,4.628076330257704e-05,0.0041497008737844225
FICO,0.0014448085243829736,0.9765545025281561,0.0014109342697772541,4.6085286584551964e-05,0.004132173723199419
CVLG,-0.0008013345950373597,1.2297043341229323,-0.0009854046246000861,4.5991645127421584e-05,0.004123777490969283
WERN,-0.0005574387786551248,0.7898104936654333,-0.0004402709969578603,4.554924377298168e-05,0.004084110183084142
HST,-0.0009538982576264837,1.0460674384603947,-0.0009978419069071696,4.4721287748128155e-05,0.004009872646911128
HTB,-0.001095251127514081,0.694830401302409,-0.0007610137804575249,4.463549362878614e-05,0.004002180035411367
URI,-0.0006842562688274676,1.2801408226538862,-0.0008759443828828731,4.453907698284137e-05,0.00399353496969997
RGA,0.0014672121606142583,0.8790030871527196,0.0012896840186879448,4.447650369014505e-05,0.003987924421626684
VC,-0.0007955522184350474,1.002288828764322,-0.0007973731012361217,4.352608929077539e-05,0.0039027068240314006
BALL,-0.0012763929998101083,0.4571664252400225,-0.0005835240249245759,4.3513592908579704e-05,0.0039015863531399082
CNM,-0.0006840473954350915,1.0094830474889536,-0.0006905342493706974,4.3403353862871565e-05,0.00389170192099886
HPE,0.0008919088669953575,1.583696267669017,0.0014125127437614494,4.319554425366773e-05,0.0038730689587191318
AVAV,-0.0005128284212803343,1.20128087097538,-0.000616050972576569,4.290632148284753e-05,0.00384713619747783
GOGO,-0.00047251688354805343,1.482409231321161,-0.0007004633901267404,4.282332566856195e-05,0.0038396944921453217
EFX,0.0020916982037330447,1.0158059391968624,0.0021247594583594354,4.27415509398835e-05,0.00383236227377131
SCHW,0.001045300893718601,0.8461912889123335,0.0008845245105569571,4.2710341833333025e-05,0.0038295639522337886
ABNB,-0.002350070572262231,1.2522398704819262,-0.0029428520690330424,4.253852250196646e-05,0.0038141580086272974
LSTR,-0.0007616552060150917,0.77484393135799,-0.0005901639141680134,4.2131597989164974e-05,0.0037776716828660578
EQH,0.001923493473017558,1.331421884933717,0.0025609813055027385,4.139480179702029e-05,0.0037116078674887176
TTEK,-0.0005834699442425532,0.49447695318829044,-0.0002885124403059994,4.1250636965430426e-05,0.003698681526501076
KMB,0.0019004359251102866,0.055614064289429825,0.00010569096571702553,4.119648334742505e-05,0.0036938259169579423
EWTX,0.0004327160656551933,1.069158667844706,0.0004626421323109088,4.118642525003704e-05,0.003692924071514151
JAZZ,0.0009247541090409794,0.7771669574432784,0.0007186883373065477,4.112574769052699e-05,0.0036874835017449837
LW,-0.0003444804890970564,0.43581965668546396,-0.00015013136849311982,4.096128367113382e-05,0.0036727370620521036
ICUI,-0.000650293077337317,0.9639016620850883,-0.0006268185780878668,4.078035522808687e-05,0.0036565143624977385
APTV,-0.0008100198508160418,1.226903628922849,-0.0009938162944657465,4.049160515108582e-05,0.0036306239846964315
CFFN,-0.0014480918453127131,0.7716769566468511,-0.0011174591081360371,3.993749714951353e-05,0.0035809406542106656
OC,-0.000584355444965039,1.2146781099726163,-0.0007098037674423409,3.9917099048679094e-05,0.0035791116866047768
NLY,-0.0016068752440693487,0.6976693500961052,-0.001121067607215383,3.966401077965976e-05,0.0035564188756796893
CSIQ,0.0003351394101183616,2.079257361975362,0.0006968410857766834,3.949355139096789e-05,0.0035411348694593327
LUV,0.0008478218026857329,1.3529672154863353,0.0011470751036083211,3.921940416850834e-05,0.003516553836490012
CSCO,0.0010706187272156433,0.8538585680278264,0.0009141569733241234,3.917384895274919e-05,0.003512469190837017
SMG,-0.0006883832817377742,0.9796325764456628,-0.0006743626878708963,3.8978775011774624e-05,0.003494978154701283
FUL,-0.0008520855007046301,0.9811782695026694,-0.0008360477770496846,3.887536720266412e-05,0.0034857062359773734
RUM,-0.0004888812421677551,1.8923756327550378,-0.0009251469499892744,3.870523525096498e-05,0.003470451588943813
C,0.001242535478432252,1.2345210305247802,0.0015339361792977846,3.842914410424776e-05,0.003445696256684356
PAY,0.0004887365405608502,0.9823413366919275,0.00048010610654473403,3.839856473459178e-05,0.0034429543996377992
SPXC,0.0012387164447628753,1.1468312104502443,0.0014205986797520315,3.8289636462960764e-05,0.0034331874962483322
PAGS,0.0011119801443508666,1.1002709722683577,0.0012234794745680368,3.823377386362369e-05,0.0034281786532488045
SLAB,-0.0007576154644032113,1.8261879898788944,-0.0013835482620396656,3.813317123261337e-05,0.0034191582569541457
QCOM,0.0017208208759564479,1.4691799955247855,0.0025281956068366517,3.8106915404692434e-05,0.003416804064320089
MANH,-0.0006529077453591286,1.3116234794076653,-0.0008563691287001542,3.796899665787789e-05,0.0034044377699176866
CCEP,0.0012607532254224145,0.1749784583596185,0.0002206046557563307,3.768506482005486e-05,0.0033789794128934875
UI,-0.0008611797416915937,1.4703855498809395,-0.0012662662480335193,3.733046914478006e-05,0.0033471850802480265
MIRM,0.0008755751143900083,0.73629050345337,0.0006446776417854612,3.720559469881323e-05,0.003335988385108103
ASTS,-0.00029398212022968843,2.2112046282216995,-0.0006500546248663152,3.6781408263152464e-05,0.0032979542928179492
CDE,0.0006510047739837456,1.2693570625247546,0.0008263575075935991,3.655466425227517e-05,0.00327762360350085
TPG,-0.0012883179009703701,1.5643573592615925,-0.002015389589451446,3.652604353311788e-05,0.0032750573661525406
AEE,0.0013368292065326268,0.21067396846172393,0.00028163511409576606,3.645138106210509e-05,0.003268362858562528
ARE,-0.0006381339902993826,0.7689842238120783,-0.0004907149712184751,3.635032206104953e-05,0.00325930154247657
PSMT,-0.0013053574185550795,0.3925296476056998,-0.0005123914875049114,3.590825669276225e-05,0.003219664360326867
GRND,0.0006893695831238232,0.6602239011417048,0.00045513827549844134,3.5889480644027544e-05,0.0032179808317875634
HCA,0.0007891692344528933,0.3067709344623088,0.00024209418350201896,3.5558571078407796e-05,0.0031883102815285225
OUT,-0.0016227610125650847,1.2465737681151856,-0.002022891310183672,3.487681264356544e-05,0.00312718135082617
DGII,-0.0008156299280389863,1.3006697332176422,-0.001060865160906793,3.48387242454299e-05,0.003123766207087274
SGI,-0.0016868112892356234,0.9884488466970865,-0.0016673266734405776,3.4402810893885276e-05,0.0030846806370422725
CHEF,0.000686826578251794,0.7274322849726075,0.0004996198271976198,3.421947136428481e-05,0.003068241750734191
WMS,-0.0004949990437868582,1.0911759583950567,-0.0005401310560087617,3.395748809619092e-05,0.003044751381973018
GABC,-0.0013014210226338144,0.5982842064171042,-0.0007786196437410079,3.363904126786876e-05,0.003016198285882039
BAX,-0.0005096982282118684,0.9211579698723357,-0.00046951258514717117,3.34263885610924e-05,0.0029971310739315103
MRVL,0.001078089246975087,2.2628811703383924,0.0024395878569242213,3.336770430492438e-05,0.0029918692309600426
ITT,0.0015637614080542827,1.1942658944717128,0.0018675469167302931,3.3328548002591584e-05,0.002988358335062707
CTVA,0.0010445924004124927,0.6252873148701237,0.0006531703771876646,3.323737979963017e-05,0.0029801838637598696
INTU,0.0008982258502365786,0.9118350127656649,0.0008190337796169209,3.320196684354879e-05,0.0029770086098464144
PEP,-0.0015589773703179963,0.1377828620232404,-0.00021480036391187862,3.298671723627285e-05,0.0029577085503907185
AFG,0.0009735709344047092,0.48928979945398254,0.0004763583272491066,3.2790335180309326e-05,0.0029401002239268803
SANM,0.0006789131004501549,1.2949061712090835,0.000879128763487598,3.268544962863563e-05,0.002930695805452143
STX,0.00044492128557774405,1.4942589044976293,0.0006648275927750767,3.263584597792579e-05,0.0029262481624574115
MTW,-0.0003079313739184622,1.4283423463788747,-0.0004398314211463669,3.241644845383876e-05,0.002906576185756038
NKTR,-0.0003717666069970735,2.065655136402959,-0.0007679416012866052,3.2125269226297765e-05,0.002880468001518561
PH,-0.00239239244273629,1.3016411074993972,-0.0031140363487364526,3.203030129300671e-05,0.0028719528326311573
BJ,0.0011035909112083351,-0.022253325202906116,-2.455856743809057e-05,3.191188041089631e-05,0.002861334787402407
KMI,0.0006914648527563226,0.530977094340208,0.00036715199835493195,3.1815133871840255e-05,0.002852660142279729
TRTX,-0.0009510266236088226,0.6245317820134362,-0.0005939463519846394,3.17822768579975e-05,0.002849714063405407
QDEL,-0.00039966989013985105,1.628515822982892,-0.0006508687400625816,3.1689794114185204e-05,0.002841421725608409
LOW,-0.0007727114552523258,0.6454205666307555,-0.0004987238652910318,3.158880458854804e-05,0.0028323666389401154
SF,0.0012111472712198997,1.4031958655290249,0.0016994768435225239,3.136490735295572e-05,0.0028122912018065274
ROL,0.001003211998464958,0.27489470852684966,0.000275777669908663,3.112034168999031e-05,0.00279036255861043
CIM,-0.0009580175335375328,0.8730708375251511,-0.0008364171703693933,3.1050773165235e-05,0.0027841247926929233
FND,-0.000291890223083885,1.3019422354548815,-0.0003800242095492573,3.099816542118065e-05,0.0027794077918076336
CWST,0.0014422568184344366,0.432319604616097,0.0006235158975004455,3.099365586768399e-05,0.002779003448906823
ORLY,0.0011156260634089523,0.14611190350485198,0.00016300624772430672,3.082279981610457e-05,0.0027636838764551956
ATO,0.0010403396533094585,0.1634320231434958,0.00017002481429676783,3.081766124155638e-05,0.002763223133248494
PFSI,-0.0005831065064719987,0.5826315833636531,-0.0003397362671354288,3.071143441120277e-05,0.0027536984508689964
HL,0.000558475521241153,0.8448569564053913,0.000471831929102715,3.061774608553983e-05,0.0027452980162364663
HASI,-0.0008682201290139715,0.7076133058078833,-0.0006143641156605233,3.030721807138685e-05,0.0027174549497070645
AVT,-0.0007363418958522873,1.1083821507919374,-0.0008161482142429709,3.0284612894000186e-05,0.002715428087623131
FBK,-0.0008826364227073691,0.9894190745903055,-0.0008732973125548229,2.9651786391482946e-05,0.002658686571212067
PRAA,-0.0007251655583071405,1.5470899276892347,-0.0011218963311641174,2.92904254095796e-05,0.002626285636669304
AX,-0.0008742631673254544,1.1026546348807906,-0.0009640103335569725,2.9092370421838705e-05,0.0026085273090826894
RGEN,-0.0005856991482109151,1.457963170691989,-0.000853927787197183,2.9080971623053457e-05,0.0026075052514953935
MTX,-0.0007237301052625014,0.909067093049488,-0.000657919222943382,2.8962824842760634e-05,0.0025969117832284464
BANR,-0.0011878643135905082,0.783980829156828,-0.000931262849494493,2.8956931946036976e-05,0.0025963834047632206
TAP,-0.000844292082594618,0.24852073972118288,-0.0002098240929071525,2.8927034266082877e-05,0.00259370267048452
CUBE,-0.0009369344540055037,0.5065731041865115,-0.0004746257947848623,2.8904604390953853e-05,0.0025916915266359784
GNTX,-0.0006771166272595478,0.6335167746427786,-0.0004289647417584652,2.8889975792321332e-05,0.0025903798734955422
ABT,0.0010247373613534764,0.2323964563813335,0.00023814533150010595,2.8844968566570196e-05,0.0025863443626115696
ORI,0.0007772471563576064,0.43294285786020514,0.0003365036051371798,2.8732553088826453e-05,0.002576264783690836
SRE,0.0013052040539450029,0.6549746049050864,0.0008548755095531454,2.8724482833248333e-05,0.0025755411753439895
SNDX,0.00048207270174486724,1.0134647266761976,0.000488563678911918,2.8714121657173444e-05,0.0025746121547673344
VZ,0.001133632781560486,0.09765921278602366,0.00011070968503562737,2.8491206603396635e-05,0.002554624783612939
CTAS,0.001224511567479444,0.6120937068572132,0.0007495158244280295,2.8358887255187288e-05,0.0025427605515713657
FE,0.00114327611036877,0.120769452171297,0.00013807282952976765,2.8315376216470756e-05,0.0025388591942363363
MTDR,-0.0007136586876173353,1.4151086545404596,-0.0010099045852352776,2.829311573655542e-05,0.0025368632389762293
BEAM,-0.000532560374417441,1.6405979016581915,-0.0008737174327755545,2.8284145257333633e-05,0.0025360589133167424
ROIV,0.0007473998102528722,0.7326958919967753,0.0005476167706514488,2.8276148850922356e-05,0.002535341926553688
FUN,-0.0006552217693662277,1.6034307984949658,-0.0010506027648461748,2.827512110216904e-05,0.0025352497748778006
MTD,-0.0006589355408021468,1.1438744938601695,-0.0007537395582215327,2.7726654397920372e-05,0.002486072263543721
DDS,-0.0004165475219896444,1.0850999054915744,-0.0004519956767437127,2.7725427807213513e-05,0.0024859622829780425
REGN,0.0014048562470015237,0.5691640537914239,0.0007995936765375931,2.7711698442652102e-05,0.0024847312584215867
CLB,-0.0005087695021381016,1.6029430960744684,-0.0008155285609455144,2.7701843091414785e-05,0.002483847591932044
WELL,0.0006569491438771806,0.3009940904628963,0.00019773781004169038,2.707163391655563e-05,0.0024273407545991692
POWI,-0.0002583123698413216,1.6498764765667613,-0.0004261835026074098,2.6632372240361035e-05,0.002387954961637902
CWEN,0.0008134303420425548,0.553022789656473,0.0004498455169475927,2.656751392618478e-05,0.002382139530262024
YUM,0.0014535995237628426,0.35329831472429973,0.000513554262029457,2.650009149533512e-05,0.0023760941908975816
AMBA,-0.0007456846916662105,2.1573100002399386,-0.001608673042357351,2.6393299234528503e-05,0.0023665188099755916
COKE,0.000769063237069848,0.3555893625488372,0.0002734707062294125,2.637319977649841e-05,0.002364716619765271
SHW,-0.0009009860104740525,0.702485844559135,-0.0006329299185038305,2.632815581289473e-05,0.0023606778148323694
CRH,0.0015573052284125106,1.2147499723516888,0.0018917364831572377,2.6305386753643237e-05,0.00235863625850683
LOB,-0.0003789916859826796,1.191116921399657,-0.0004514234102437549,2.6211013623252696e-05,0.0023501744218019545
VVX,-0.0005316336038242761,0.856702765891764,-0.0004554519788372636,2.607606380017592e-05,0.002338074331855781
RHP,-0.0009418481030799934,0.9513899081894633,-0.0008960647803176951,2.586850310269877e-05,0.002319463687903064
ADNT,-0.00028302712426231527,1.3830876391245202,-0.0003914513171041678,2.5400868597994238e-05,0.0022775338843668267
FMBH,-0.0012472728489154254,0.811818970821779,-0.0010125597605404688,2.517867701910449e-05,0.0022576113825913432
VOYA,0.0009757299862064008,1.223830513536286,0.0011941281300917326,2.5040496856196805e-05,0.0022452216486751404
FFIV,0.0010192462150915994,1.0016261105333983,0.0010209036220980862,2.502964669757417e-05,0.0022442487841520843
PPC,0.0010395424483045648,-0.02795788401227574,-2.906340719553617e-05,2.494426332624414e-05,0.0022365930018068705
CNH,-0.000987310416994158,1.102146179859287,-0.001088160404425391,2.484515305186912e-05,0.002227706415613679
AJG,0.000572990834037569,0.32070222975579193,0.0001837594381054793,2.4812938729873025e-05,0.0022248179628182574
WAL,-0.0007006323231154173,1.4906349059142256,-0.0010443869970476155,2.4716054826034617e-05,0.0022161310010716372
KKR,-0.0018103707393024024,1.7745723046693977,-0.003212633775149906,2.4701542246327144e-05,0.002214829750608259
UBSI,-0.0009784530828704672,0.8021651860443156,-0.0007848809992564226,2.4675258785104965e-05,0.002212473080272321
BURL,-0.0009655495133410174,1.109135499158601,-0.0010709252414418337,2.432484352130824e-05,0.0021810535784620795
VNO,-0.0005559995602723738,1.193523685005777,-0.0006635986440378753,2.431587887951811e-05,0.002180249776207859
FNF,0.0007740033900631461,0.5773637969781912,0.00044688153616085,2.4217610949238234e-05,0.002171438717637339
JBTM,-0.0007705535623457004,1.1125940361839148,-0.0008573132980260966,2.4171270903515525e-05,0.0021672837012870353
SOUN,-0.00022141398276969058,2.7082785964609277,-0.0005996507504923217,2.3843687478929143e-05,0.0021379113848808426
VST,0.0004789861764576523,1.8953581173367138,0.0009078503376410868,2.3737536431462354e-05,0.002128393497469475
SXC,-0.0006107714991144113,0.7496475623299734,-0.000457863365451742,2.360924670788445e-05,0.00211689057616828
CRSP,-0.00041801354739418056,1.2652346502650729,-0.0005288852244433385,2.3533598811602947e-05,0.002110107711779312
FWONK,0.0005695571533625852,0.5696758561866353,0.00032446295898905345,2.3525111387287285e-05,0.0021093466985724076
QGEN,-0.0005472575083913895,0.4428446273865281,-0.00024235004738806465,2.3408019165908213e-05,0.0020988477858774426
MDLZ,-0.0016020342045624952,0.07679421063350805,-0.00012302695214725677,2.333959368297516e-05,0.0020927125092299937
MO,0.0016675485053425265,-0.010190496077565676,-1.6993146502843522e-05,2.3339081739200926e-05,0.002092666606496856
CAT,-0.0016273962527369738,1.1382211955634167,-0.0018523369084457026,2.3272928756927553e-05,0.002086735090489903
CLX,-0.0010240797033695948,0.22954778274848225,-0.0002350752252662139,2.3225094513940774e-05,0.0020824460990006895
PUMP,0.00037694056789567757,2.0572200898809694,0.0007754497089661294,2.317300440941093e-05,0.002077775511550137
WAT,-0.000549539183080779,1.0023100675568097,-0.0005508086557188096,2.3161950366612874e-05,0.0020767843660334123
TXRH,-0.001549668874128746,0.7098179745513266,-0.0010999828214593012,2.3102735612520746e-05,0.0020714749566965234
AMPL,-0.0005486890288448863,1.4762707776701562,-0.0008100135793119231,2.3089470821343378e-05,0.0020702855874724377
ENOV,-0.0006472023874128785,1.4227136466051764,-0.0009207836686877525,2.3078527197359e-05,0.002069304342506501
PCVX,-0.0003565156164745295,0.7812093205157546,-0.00027851332249932253,2.289687283617253e-05,0.0020530165545023593
SBH,-0.00043142371904015094,0.9189988220061895,-0.000396477889583428,2.2886766103430478e-05,0.0020521103482365596
PVH,-0.0003762797340459484,1.3789194585355302,-0.0005188594471285325,2.271629985226674e-05,0.0020368257267021185
SSB,-0.001097905558058554,1.0212432099479438,-0.0011212285963314063,2.264808644777117e-05,0.0020307094657755556
A,-0.0004921578726247093,1.0845409141175497,-0.0005337653490665508,2.2634074020162924e-05,0.0020294530607610226
CRUS,-0.0014008562533848303,1.3589821399610658,-0.0019037386290027575,2.2588493267887952e-05,0.0020253661254115212
MTSI,-0.0009970677022260491,1.716443116804764,-0.0017114099944742442,2.2571632088460465e-05,0.0020238542909902556
RYTM,0.00028890730658164964,0.6645694462390783,0.00019199896874939052,2.2553427662387646e-05,0.0020222220162093227
MDGL,0.0003677816078625804,0.7798206072773336,0.0002868036767888316,2.2526743312785483e-05,0.0020198294007691556
NEU,0.0008307698675940619,0.5069635239912095,0.0004211700197011961,2.2305414857194175e-05,0.001999984289754976
IRTC,0.0005192103006583739,0.7565249237120645,0.00039279553309609443,2.228137282477012e-05,0.0019978285940438793
SKY,-0.000499591953169591,0.8019660272034971,-0.00040065577390625243,2.2277114541089877e-05,0.0019974467809049474
ASIX,-0.0005429708590597721,1.1453874683911804,-0.0006219120176686569,2.2097433426872686e-05,0.0019813359213714764
MMM,0.0008227611564446815,1.0710087017661107,0.0008811843580274022,2.203966556879925e-05,0.0019761562459725043
VTR,0.0007554235197162999,0.23656079318184808,0.00017870358701231137,2.1959297182257374e-05,0.0019689501253284465
AGX,0.0002779484624850436,1.4922750944849206,0.0004147755681168069,2.1894981762535245e-05,0.001963183371835773
MET,0.000662085881051811,1.098652935724431,0.0007274025969192686,2.1886660154052873e-05,0.0019624372262770917
QBTS,-0.00032336688392592595,2.1843111107415694,-0.0007063338774052795,2.178028469425825e-05,0.0019528992172435549
CW,0.0018697512292093173,1.0387658131884026,0.0019422336560696318,2.1721613374812677e-05,0.0019476385342254805
FHN,0.001172387925357459,1.1705798835163217,0.0013723737211008766,2.1693016104841443e-05,0.0019450743994161295
LMND,0.00034529806933610984,2.1203274472212104,0.0007321449738858463,2.152863480255969e-05,0.0019303353764390727
PNFP,0.0017512653206431408,1.2170289944781443,0.0021313406722467667,2.143655181606649e-05,0.001922078882331288
VPG,-0.0004410427112358978,1.8155195472877799,-0.0008007216634375722,2.1359715183424242e-05,0.0019151894315344287
RTX,0.0008924981373459075,0.5764172867603162,0.000514451354767564,2.1353905453615514e-05,0.001914668510116039
WDAY,0.0004944342951160941,0.9665054394393173,0.0004778734356750496,2.131090771639174e-05,0.0019108131772521079
MUSA,0.0012652025203235865,0.19453705341268507,0.00024612877027405333,2.1299330967260113e-05,0.001909775163992192
VAC,-0.00037329055993095606,1.7212360674248506,-0.0006425211753823794,2.125132339996037e-05,0.001905470631617271
LYB,-0.00032005619086726566,1.264721201875853,-0.00040478185038145563,2.120304942151608e-05,0.0019011422118541475
MEDP,-0.0001860438292309226,0.9924449284751246,-0.00018463825479432126,2.1190608802296484e-05,0.0019000267408730734
PCRX,0.0002537929716198537,0.24676579865730883,6.262742533538492e-05,2.113458585164761e-05,0.0018950035201941123
IT,0.0014544554699001484,0.8889382773703123,0.001292921139924866,2.1080285845593694e-05,0.0018901347849683064
SDRL,-0.0011641593586902833,1.4106749171340052,-0.001642250406851192,2.0945741815964775e-05,0.0018780710799325144
FG,0.00036663932328600103,0.8191876358624035,0.0003003464004568507,2.071635996875654e-05,0.0018575038726553325
REG,0.0025213920590872654,0.5383629796016706,0.0013574241416742115,2.071224110194304e-05,0.001857134560137662
PNR,-0.0020698166131910265,1.0892279020035562,-0.0022545020071181683,2.0681937238572634e-05,0.0018544174059825962
EHC,0.0005622162411998106,0.482283245626285,0.00027114747354965496,2.0650764857351913e-05,0.0018516223773711652
OVV,-0.0011358480095696715,1.437032056745535,-0.0016322500013422271,2.0444995977539187e-05,0.0018331723942804808
KR,0.000608852388539274,-0.22837717216661332,-0.00013904798676148751,2.0425408989350804e-05,0.001831416153972413
SLB,-0.000431559663960383,1.1344294816011868,-0.0004895740058665597,2.0306359960377964e-05,0.0018207417868207313
EVEX,-0.00022782877145699512,1.4438658773064945,-0.0003289541889754151,2.0247723813627586e-05,0.001815484257513909
FOXA,0.0007745090177712664,0.817805013313608,0.0006333973575899399,2.024577731022589e-05,0.001815309726968377
PCG,0.000839182366018867,0.5284425872877312,0.0004434597007052499,2.0167244212014945e-05,0.001808268164923768
EXC,0.0006028134894354839,0.0016137151485722358,9.727692596657298e-07,2.009578054480057e-05,0.001801860473668883
MRSH,0.0006020271396276865,0.350353273290007,0.00021092217897798003,1.989201692203355e-05,0.0017835902891882673
RRX,-0.0005513213892595535,1.5631608313102978,-0.000861804001154112,1.9824113194422394e-05,0.0017775017950128582
MNST,0.0006105863335197531,0.31755363488917526,0.0001938939096228519,1.9790740089116478e-05,0.001774509441508586
CHKP,0.0015593491827258748,0.6016512812157261,0.0009381844336497179,1.9689269272136734e-05,0.001765411200515205
CCC,-0.00041332969137816017,0.71772784072489,-0.0002966582269003321,1.9669693024748565e-05,0.0017636559232661892
RPM,-0.0004235393608284086,0.8659673974757234,-0.00036677127802510836,1.950301751148634e-05,0.0017487111930226365
LVS,0.0003897242419868525,1.05013480056162,0.0004092629891328919,1.9427302062352496e-05,0.001741922271600241
CRBG,0.0004170599182299203,1.3913239925894894,0.0005802654705806986,1.9306556526341746e-05,0.0017310957894825295
MGRC,-0.0004975203146252945,0.7894168894898336,-0.0003927509392295033,1.9206509047786314e-05,0.0017221251701678242
DG,0.000691178800157361,-0.07033327455694133,-4.861286831940495e-05,1.9167800381317875e-05,0.0017186544109234932
CCI,0.0015569970143967597,0.1469425401216694,0.00022878909625731535,1.9151739940357386e-05,0.0017172143736135773
CDP,-0.0007593612092278629,0.41684023028359996,-0.00031653230132297526,1.9042051415245896e-05,0.0017073793031432956
YUMC,0.0008441827943026229,0.6345683390622467,0.0005356916736455417,1.9016132386745987e-05,0.0017050553091652678
UTHR,0.00043779135729067874,0.39177273674856955,0.00017151471817064003,1.9014475818170646e-05,0.0017049067752264553
PJT,-0.0007368732575746895,0.9867488924705027,-0.0007271088708029563,1.8946509423125927e-05,0.0016988126620619617
WYNN,0.0015080152405814219,1.2101609226258616,0.0018249411148758743,1.875182897378231e-05,0.001681356907811146
RNST,-0.0006483957098577039,1.0560234210528183,-0.0006847210557199031,1.857621294648017e-05,0.0016656105386948516
ARI,-0.0016481409226819775,0.6884716454194965,-0.001134698292922068,1.8570552558038472e-05,0.0016651030077643673
BIIB,-0.0012913983912403101,0.6095252959532144,-0.000787139986614255,1.853651313080783e-05,0.0016620509094228033
OKE,0.0009602212351861188,0.8926113649191836,0.0008571043873638658,1.8351990765620734e-05,0.0016455059657916116
VEEV,-0.001165628337945768,0.6501171327396608,-0.0007577949529053991,1.8350809044973003e-05,0.0016454000084379613
ELV,0.00038385333711124417,0.17753244376891283,6.81464209862115e-05,1.825759495628392e-05,0.0016370420956102667
VRTX,-0.0016826294883302306,0.4230484816927057,-0.0007118338502894783,1.8248266119678173e-05,0.0016362056383297078
CALX,0.00041107617203046785,1.2009757378656958,0.0004936925090232968,1.8210253634111567e-05,0.00163279730118671
BA,0.001016461590690752,1.2255697134793961,0.0012457445404656761,1.8064547492209316e-05,0.0016197327607335957
OXY,-0.0005114188633939852,0.9755411466944633,-0.0004989101444365474,1.7893516327915434e-05,0.0016043974870417037
CRI,-0.00020979531734702272,1.3499200452788194,-0.0002832069042923772,1.787621335582498e-05,0.0016028460398900353
CSX,-0.0011885159298997642,0.7052804855566531,-0.0008382370921315228,1.784364174401044e-05,0.001599925551195333
ESAB,-0.00036353410184906476,1.0736243661691331,-0.00039029906967856726,1.778314217236567e-05,0.0015945009404628669
DIN,-0.00026072649953813126,1.0086572731810175,-0.0002629836800701633,1.7764290056455157e-05,0.0015928105914650539
HLT,-0.002131598665665126,0.924679916042998,-0.0019710464752045955,1.7740940826452243e-05,0.0015907170149284738
MNRO,-0.0002237115057077804,0.7445725557199063,-0.00016656944754879046,1.7602120342529238e-05,0.0015782698675106956
CC,-0.00019164053168827872,2.148710288730847,-0.0004117799821764544,1.750019878164223e-05,0.0015691312111859256
CNR,-0.0005856854283920103,0.5506401226558157,-0.00032250189612750054,1.7475980462105406e-05,0.0015669597089337586
GOLF,-0.0004198098142585286,0.9382847055830853,-0.0003939011279724532,1.7474606919011612e-05,0.0015668365520847838
OMF,0.0010225983450804416,1.4775725021571993,0.0015109631954423192,1.7434436814699462e-05,0.001563234755029832
NGVC,0.0003043151975028073,0.3723556143688677,0.00011331347232794113,1.7291731778878512e-05,0.001550439304618437
UNM,0.00045928183318526,0.8296704334555638,0.0003810525576170806,1.7183427606217522e-05,0.0015407283602032057
ULTA,-0.0015562900088794767,0.874368268189059,-0.0013607705998638833,1.7169800090144773e-05,0.0015395064677511542
AAP,-0.0002800929809550777,1.044579723151058,-0.0002925794485026097,1.71635174524923e-05,0.0015389431437025493
CUZ,-0.0011618789547936366,0.7648957795970424,-0.0008887163089242754,1.7041836200042218e-05,0.0015280327618595777
AXP,0.0011470207886319411,1.312664125730242,0.0015056530407039598,1.6975091917784652e-05,0.0015220482277542617
AON,0.0006599841327560684,0.3399720931993987,0.0002243761870914704,1.6868836751958427e-05,0.0015125210047136546
FLR,-0.001168745495509035,1.4686927738084254,-0.0017165280636752672,1.686113068417069e-05,0.0015118300507632378
ADAM,-0.00035313346583113733,0.8229102066530353,-0.0002905971333432038,1.683885033263008e-05,0.0015098323137412311
CLSK,-0.0001545743032623932,2.0561688824065723,-0.0003178308723878096,1.6785358272875173e-05,0.0015050360219071009
UMBF,-0.0006771179411315414,1.1204589486995282,-0.0007586828564658359,1.6684670813973744e-05,0.0014960080196364657
GTX,-0.0006465276562407007,0.9275323298446608,-0.0005996753033019451,1.6490631224540434e-05,0.001478609727206502
VICR,-0.0006206025359511352,1.5744516904418309,-0.0009771087118207518,1.6438646158111962e-05,0.0014739485578525824
FORM,-0.0003467138909119834,2.0340833295974536,-0.0007052449456439355,1.623481300885079e-05,0.0014556721393746655
TDW,-0.00024988444147134133,1.2304205476812236,-0.00030746295133218446,1.603042956700353e-05,0.0014373463796702353
NU,0.000495726697457418,1.1751949820554228,0.0005825755273228644,1.5938991481094202e-05,0.00142914770968473
CAMT,-0.0005282118738934098,1.8726681938085223,-0.0009891655758321866,1.590336598835269e-05,0.0014259533989644867
CWK,-0.0005654971280099585,1.2431851411356543,-0.0007030176268968674,1.5893329032222416e-05,0.0014250534491224405
VCTR,-0.0008114297231976942,1.3172203017967397,-0.0010688317048773118,1.5750529678063393e-05,0.0014122495417872184
KREF,-0.0005594777145583143,0.7694536210854103,-0.0004304921533834845,1.5729395024510266e-05,0.0014103545321966645
OGE,0.0005736177031944465,0.27509723362778155,0.0001578006433087141,1.56977472983166e-05,0.0014075168824331864
SMTC,-0.00030815929983846803,2.3300648820041387,-0.0007180311626165981,1.5692330427800123e-05,0.0014070311862019371
BAH,-0.00035278937850464874,0.342567824505973,-0.0001208542899031518,1.5655464006745768e-05,0.0014037256093543304
SIRI,-0.0007783650468536185,0.9683023673434858,-0.0007536927175257821,1.5603418558703064e-05,0.0013990590259661674
NBIS,0.00032506263140944707,2.4797377339405977,0.00080607007300003,1.5520132545991846e-05,0.0013915913003916733
SBLK,0.001378668841905893,0.7723192521815229,0.0010647724889867255,1.541791153478841e-05,0.001382425794266877
SBUX,-0.0018148811484750213,1.0381208463095581,-0.001884065953806152,1.5183319654275868e-05,0.001361391436532085
CR,-0.0011139482132124416,1.1803087914214416,-0.0013148028692428514,1.5167264337917892e-05,0.0013599518587125924
SMMT,-0.00024210809781723125,1.5127838574406018,-0.00036625722213355763,1.5155563820819366e-05,0.001358902747968458
AXON,0.0006378783778164365,1.1106193274375131,0.0007084400549574226,1.514269792885619e-05,0.0013577491454927909
BSY,-0.0009280946584653578,0.7897631359395415,-0.0007329749479183387,1.5066129744209074e-05,0.0013508837647155355
HLI,-0.0009763139345212747,0.9655751134110782,-0.0009427044380501958,1.504144063627728e-05,0.0013486700498706072
KBR,-0.0007243189362021126,0.8149349290274606,-0.0005902728008671144,1.5019764147901368e-05,0.0013467264574072329
H,-0.000517267015084012,1.2467698649277295,-0.0006449129265278634,1.491863308733179e-05,0.0013376586802042378
HRMY,0.0006434243638226882,0.5534105091622779,0.0003560778047905286,1.4900833144421813e-05,0.0013360626728487859
ACVA,0.0008459014742750765,1.3443355953012848,0.0011371754619858194,1.4885074873833728e-05,0.0013346497292289674
NOG,-0.00027674446500444515,1.6636360752544066,-0.0004604020756083756,1.4835818178518017e-05,0.0013302331955115996
MU,0.0004902353114341582,2.1808303807570844,0.001069120060895523,1.4815652394721644e-05,0.0013284250582928322
AGCO,-0.00042938472030176484,1.1157677406869093,-0.0004790936192565806,1.4742386435437891e-05,0.0013218557670028263
PODD,0.0003667728616482017,0.8132227963010271,0.00029826805215688035,1.4704278066303144e-05,0.001318438832591804
TKR,-0.00048394643338517407,1.2821517794274544,-0.000620492780712371,1.4697709224576442e-05,0.001317849846449228
FOUR,-0.0008294977523221595,1.2896947009719946,-0.0010697988556380691,1.4637614292757465e-05,0.0013124615171892105
DOV,-0.0023521299030942423,1.0779340974733596,-0.0025354410242319925,1.4565667705744663e-05,0.0013060105255959884
SON,-0.0007539454603507644,0.6500300165119642,-0.0004900871800409279,1.454331535117826e-05,0.0013040063325218828
GWW,-0.0021677355890341783,0.6556231351014173,-0.0014212176029535055,1.4482177492323264e-05,0.001298524490646173
GS,0.0005513056077262788,1.3177291037224284,0.0007264714443462981,1.4454109412322404e-05,0.0012960078049263732
CBRL,-0.00016144803419375472,0.9632450956885524,-0.00015551402714569196,1.444895166968768e-05,0.0012955453430396032
PBH,-0.00033681909422141607,0.4977599215600198,-0.000167655045919569,1.4408557750553411e-05,0.0012919234779370085
DAKT,-0.0005200824393816442,1.173045050435523,-0.0006100801313350707,1.4396108132208368e-05,0.0012908072000617507
CVLT,0.00038866932262120814,1.399472040106649,0.0005439318498555714,1.4352846358389555e-05,0.001286928192720327
SAM,-0.0002626426863929597,0.39652471055237193,-0.00010414431520066575,1.4232849892059541e-05,0.0012761688749034366
POST,-0.0005328213707874942,0.1448449425986835,-7.717648086706646e-05,1.4166715040982775e-05,0.001270238984605245
FN,0.0005337525028999934,1.82325697370246,0.0009731679731435555,1.4056780785631349e-05,0.0012603818810715775
DOC,-0.0010576976203605782,0.4592917770874234,-0.0004857918196765489,1.3987431248869041e-05,0.001254163750410732
DOCU,0.001305792433010496,1.268144949043144,0.0016559340784210186,1.3974385072274498e-05,0.0012529939829619978
PAHC,-0.0004176956963087565,1.1265937798084924,-0.00047057337331422215,1.3917515377480781e-05,0.001247894840135972
OBK,-0.0006011609914361396,0.8400343794542835,-0.0005049959003931793,1.3738627340255417e-05,0.0012318550907582356
TILE,-0.0007043482853099311,0.9354644408054095,-0.0006588927748497037,1.3730431085363136e-05,0.0012311201848564921
KRC,-0.0003549448753069603,0.8932161233368644,-0.00031704248551996984,1.3714050908057063e-05,0.0012296514788276965
UCTT,-0.00012188338584646863,2.2683765443241906,-0.00027647741359694447,1.3685520475694331e-05,0.0012270933369204198
MC,-0.0005313325924941188,1.4621409779303807,-0.0007768831563956353,1.3684279087593932e-05,0.0012269820295668385
RGTI,-0.00012118980663118231,2.3580174389233717,-0.00028576767745607917,1.3683970703036732e-05,0.0012269543786904236
FTV,-0.0010373538846872997,0.9675550611624905,-0.0010036970013457675,1.3618762777280558e-05,0.0012211075998739428
DECK,-0.00026611263925525755,1.3280478911522524,-0.0003534103293719049,1.3618437885926653e-05,0.001221078468938345
ESNT,0.0011391811309906855,0.5253033287652337,0.0005984156401759508,1.3583297996487145e-05,0.0012179276991690898
EQR,0.0011201742371378643,0.6346052953312032,0.0007108685025812797,1.357815911101955e-05,0.0012174669280842281
ZUMZ,-0.00022888703899258847,1.550707403653165,-0.0003549368259660576,1.3495235585776936e-05,0.0012100317044491545
AIN,-0.00019430072963356633,1.1073563028587168,-0.0002151601376097771,1.3474679070292546e-05,0.001208188532811949
NTRS,0.0012551715267559377,1.108445170174558,0.001391288816573245,1.3379441541271788e-05,0.001199649190994903
PFS,-0.00031285427730044963,0.9605977821410031,-0.0003005271249081383,1.3372239577966036e-05,0.0011990034368782852
ADP,0.0009275684781743562,0.5539272099343868,0.0005138054191382062,1.3361602422577995e-05,0.0011980496709967732
CXW,0.00034888452112998204,0.5438071497239931,0.0001897258970185158,1.3321232858431373e-05,0.0011944299896505884
VRDN,-0.0003756897781560177,0.8908675450200371,-0.00033468983035497385,1.3286270709584011e-05,0.001191295156746629
AMAL,0.0009207781491564033,0.8663918707988884,0.0007977547032383541,1.3169334097092635e-05,0.0011808101965081741
WTFC,-0.0017082143228952722,1.1893799999153103,-0.0020317159512205107,1.313476195874927e-05,0.0011777103333586814
PATK,-0.00022892944352867427,0.8940933700235569,-0.00020468429766216993,1.3125931163140608e-05,0.0011769185322379027
SRPT,0.0005410551056423295,1.494530949120026,0.0008086236005618667,1.3090341968556935e-05,0.001173727476141969
WVE,0.0002150149071584865,1.0362224568019285,0.00022280327534480546,1.3070741039336968e-05,0.0011719699858305126
FHI,0.0005826581175541871,0.7338523950396529,0.00042758505505643583,1.3033109902232914e-05,0.0011685958417719704
TDS,0.00035400314184110834,0.769243167742319,0.0002723144982205877,1.2986402828227134e-05,0.0011644079163363734
RNR,0.0003464962279074335,0.3743181410416374,0.00012969982390825002,1.2865376968185191e-05,0.0011535562993506485
OTIS,0.0005735447288530283,0.41625192455170257,0.00023873909720155745,1.285404611341457e-05,0.001152540333869808
NSIT,-0.0002568376600391341,0.8876099770991581,-0.00022797166954553717,1.2788923940306523e-05,0.0011467012439463676
UTI,0.0002492336254375479,0.8961120096744258,0.00022334124496928414,1.2773863247883896e-05,0.0011453508477116
ADBE,0.0013111087573506384,0.8388435295299066,0.0010998150976135794,1.274782626512643e-05,0.0011430162775275911
OGN,-0.0003222004388243761,0.9066094011415928,-0.000292109946890126,1.2702901399501142e-05,0.0011389881513508234
APD,-0.00048032804132004545,0.8380956782850899,-0.0004025608555894722,1.2673357853327861e-05,0.0011363391699896381
FCF,-0.0005812086816994937,0.6890437891010539,-0.0004004782322966475,1.2653344055872706e-05,0.0011345446604167423
ADTN,0.0007124573944854115,1.6850998359725868,0.0012005618385848235,1.2651390363348842e-05,0.0011343694852684763
IMAX,0.0003442003880533531,0.6336755022644397,0.00021811135377932357,1.2604606554500667e-05,0.001130174679508965
INGR,-0.001207151018776168,0.3007558291415061,-0.0003630577055510402,1.2586165292560195e-05,0.0011285211691662823
NOV,-0.00033369495384574885,1.3961327745625405,-0.00046588246177018425,1.251541752802318e-05,0.0011221776683385594
YETI,-0.00019661725948804849,1.380237841336912,-0.00027137858180536356,1.2487336426254652e-05,0.0011196598150399037
OSK,-0.0001967447997709482,1.2851498320245496,-0.0002528465463773377,1.2278209486232192e-05,0.0011009087361074019
LCID,-0.00010630645786703484,1.285126476923337,-0.00013661724367286166,1.2205875713328576e-05,0.001094423028024762
IIIN,0.00043139231588225813,0.8170871646100029,0.000352485124218777,1.2159472133495246e-05,0.0010902623149759698
DFH,-9.025796742928994e-05,0.9548624212294603,-8.618394131478156e-05,1.1972608528473507e-05,0.0010735074473008717
BY,-0.0008632360242569757,0.7975216625162792,-0.0006884494292093664,1.196106153113421e-05,0.0010724721016944219
PTN,0.00031466946211653764,-0.19101509081539644,-6.010661588302239e-05,1.1935192900438809e-05,0.001070152626566095
VRNS,-0.00025514793403240464,0.7773149123601435,-0.0001983302939812703,1.1818961062736523e-05,0.0010597308589880333
AAPL,0.0003564669244579222,1.2851680379707338,0.00045811989790704965,1.180593889184478e-05,0.0010585632439775647
FDX,-0.0005385267129418896,1.086808471053395,-0.0005852753935137855,1.1777186009005596e-05,0.0010559851563548192
ROG,-0.00022872143930759774,1.1702726048408072,-0.000267666434561441,1.1709754549075693e-05,0.0010499390074103377
ACIW,0.0003764880428924191,1.0365416066042277,0.0003902455208469895,1.1646494900860574e-05,0.0010442669182151503
DLR,-0.0010118144852107437,0.7656025730275483,-0.0007746477733038896,1.1633402549191872e-05,0.0010430930105420138
APPF,-0.0004497570435994115,0.8010559918241604,-0.00036028057464042876,1.1594324416211515e-05,0.0010395891235919594
CELC,-0.00012395409512268497,1.0237834162282982,-0.00012690214696018984,1.1520953263318567e-05,0.0010330104002619256
NVT,0.0005323923822148486,1.5167858089772592,0.0008075252101510793,1.14559882559775e-05,0.0010271854023904314
ATRO,-0.00019164273722593363,1.0213647306049836,-0.00019573713267916735,1.1367747558275256e-05,0.0010192734218130075
CFR,-0.0004773497719839287,0.9870579555933015,-0.0004711718900373853,1.1335677157239567e-05,0.0010163978734921998
ATEC,0.0004907734187234371,0.686425570812412,0.0003368794240867942,1.1268418774146998e-05,0.0010103672432438648
WLDN,-0.0005002058652902731,1.0277424255152379,-0.0005140827892503736,1.1263363269827489e-05,0.0010099139484147598
XERS,0.00013553765419429607,0.9005060730165382,0.00012205248072437908,1.1169919831786095e-05,0.0010015354712933982
PTC,0.0008827350375763213,0.9864687958636624,0.0008707905695845785,1.105716441417583e-05,0.0009914254121329178
AMGN,0.0008148350325670458,0.4416718361622694,0.0003598896850032297,1.1026185723575724e-05,0.0009886477505241086
REXR,-0.00041574625504619026,0.8872636200341035,-0.00036887652726790444,1.0934429610886461e-05,0.0009804205651055722
DEA,-0.00021818013376001224,0.6324847926780656,-0.00013799561666767395,1.084419527364203e-05,0.0009723298275855252
PCTY,0.0004943908559554855,0.8373891569308534,0.0004139975420628869,1.0820148291743739e-05,0.0009701736880866406
FANG,-0.0007268966565219607,1.1627448703328227,-0.0008451953586329896,1.0792039346879461e-05,0.0009676533382751681
NMIH,0.0006952604160396162,0.6383916171236207,0.0004438484213175719,1.0762936756223822e-05,0.0009650438945829036
AUB,-0.0005207353409724118,1.2302625643906506,-0.0006406411959535592,1.073361930301756e-05,0.0009624151855360849
PAYO,0.00020035428889089642,1.5087307532540124,0.00030228067719603415,1.0724322687598628e-05,0.000961581617323846
EXE,0.0001320352520766195,0.5284369726200696,6.977230888649656e-05,1.0714532546819122e-05,0.0009607037978401529
EQIX,0.0003919674352548954,0.7211864908942927,0.00028268161917631386,1.0530134736865812e-05,0.0009441700222823808
THC,0.0001519611298867361,0.9791180483917391,0.0001487878849261046,1.052170606097773e-05,0.0009434142766722891
MTG,0.0005809454438149988,0.6838411436345349,0.00039727439668772117,1.0519959360887876e-05,0.0009432576612154152
PDM,-0.00031858040430313893,0.9103408551236789,-0.00029001675767896686,1.0505338519403702e-05,0.0009419467036089972
SYRE,-0.000341408272417213,1.5682103346845864,-0.000535399981151484,1.0487541366086193e-05,0.0009403509463785102
D,0.0005632194949709826,0.31921483930988187,0.00017978802058335504,1.0447928068709246e-05,0.0009367990746502096
DVA,-0.0003015210645475359,0.5002432737361258,-0.00015083388442966106,1.040032793138051e-05,0.0009325310739222632
SBSI,-0.0003273081225858835,0.6433755164539843,-0.00021058203240827678,1.0373725969417865e-05,0.0009301458456562761
CAAP,0.0003195933464094537,0.8577549927207735,0.0002741327885230486,1.036159319086521e-05,0.0009290579767844466
DE,-0.0006871794976149387,0.7530971695602338,-0.0005175129346336338,1.0344747573650024e-05,0.0009275475377275046
TPL,-0.0003635744880725775,1.3184171943450969,-0.0004793428565001025,1.0334101474565378e-05,0.0009265929699217595
FFBC,-0.0003980590079482785,0.8389940960227601,-0.00033396915753728263,1.0321034942465508e-05,0.000925421377324687
SCI,0.0006462901139746057,0.2823281302358298,0.00018246587946835178,1.0306338608111759e-05,0.0009241036507541361
TROW,-0.0002676896562400829,1.1700912366367062,-0.0003132213209048134,1.0241734996928126e-05,0.0009183110569711502
CZR,-0.00020648753071213932,1.5547306888923984,-0.0003210325008717746,1.0232558427546756e-05,0.0009174882525214644
LH,-0.0003272641775698492,0.61121176017592,-0.00020002771401499237,1.0219394693810643e-05,0.0009163079444736071
FIVE,0.0006083029906350801,1.7676562479590858,0.0010752705820482966,1.0204608069209877e-05,0.0009149821221524634
MZTI,-0.0002075190753782127,0.23456577157095632,-4.867687203178191e-05,1.0142553822452888e-05,0.0009094181136181622
SWBI,-0.00018564833712070004,0.604800183343075,-0.00011228014832793638,9.983782822804009e-06,0.0008951821306965519
NET,0.00015694782815913196,1.651838266904287,0.0002592524284607724,9.963585336195537e-06,0.0008933711508888191
AEP,0.00024696579895329407,0.08790335596372312,2.1709122536256686e-05,9.925771033978503e-06,0.0008899805835827947
VMI,-0.0006726677721047626,1.0474835081892446,-0.00070460839777014,9.889055315317866e-06,0.0008866885192576762
AIG,0.00018119716110191875,0.5470136008236174,9.911731155337767e-05,9.81398650282465e-06,0.0008799575776186969
RVMD,-0.000650796255940356,1.037046433870841,-0.0006749059363994412,9.804611166185324e-06,0.0008791169509766971
ENVA,0.00026016296415659965,1.3560991204578103,0.00035280676686846163,9.789778598706056e-06,0.0008777870092506548
HUBB,-0.00039427371405394005,1.1255278135261146,-0.0004437660313099517,9.788711244927712e-06,0.0008776913064447682
WULF,-0.00019623990444879742,2.5621024274873774,-0.0005027867355581548,9.786812896079598e-06,0.0008775210936109334
GLNG,0.0004248444609111559,1.0300356208977357,0.00043760492807958624,9.712071006930097e-06,0.0008708194651031186
HII,0.0005165036379608361,0.5961344729689148,0.0003079056240023102,9.695511032032832e-06,0.0008693346377710421
MMSI,0.00023332879983725373,0.8714288003391364,0.00020332943612674852,9.687513286112197e-06,0.0008686175309027265
DHC,-0.00030685511063545043,0.8061205377602748,-0.0002473622067999379,9.6393819751201e-06,0.0008643019032201301
BILL,0.00020955082672934763,1.686793836859207,0.0003534690430358152,9.593044651358111e-06,0.0008601471309306841
IP,-0.0001344313643638178,1.0856006976667547,-0.00014593878294165432,9.518043624061714e-06,0.0008534222671579801
NDAQ,0.0003886026636282904,0.8821723035976159,0.0003428145069571384,9.517313024866794e-06,0.0008533567589878204
MCRI,-0.0006003642396213519,0.6803632923014098,-0.00040846579064881546,9.44942574173369e-06,0.0008472697392838778
AMD,0.0007069214263273502,2.0039023658007618,0.0014166015186526258,9.410014471408275e-06,0.0008437359820327907
LULU,-0.00040013970315997874,1.1864967336071932,-0.00047476445078586667,9.408338973129399e-06,0.0008435857507881929
AAL,-0.0007945703012658984,1.8156732846035601,-0.001442680068747894,9.35307862872016e-06,0.000838630908146955
ANAB,-0.00020948324288077972,0.46772670232930114,-9.798090638587515e-05,9.266442535180346e-06,0.0008308628021908587
BFAM,0.00037675328536192703,0.711790660160736,0.0002681694697054922,9.26417307294342e-06,0.000830659313986353
PBF,-0.0005408952705068466,1.2531773272558047,-0.0006778376894190756,9.26075902656382e-06,0.0008303531982217546
GME,-0.0004686092179294029,0.6984015855451151,-0.0003272774208029514,9.21882302864804e-06,0.0008265930647499619
BIO,-0.0001338390146531993,1.0565002797132403,-0.00014140095641764953,9.211869518127586e-06,0.0008259695878100086
JLL,-0.0006532690191295089,1.1151262634721761,-0.0007284774403440228,9.205923278761427e-06,0.000825436426450241
ORRF,-0.0003699367658367144,0.721251783379551,-0.0002668175520973936,9.193298216544918e-06,0.0008243044176419828
EPC,-0.0004215299562806324,0.6267443144583444,-0.00026419150347276087,9.164603642776795e-06,0.0008217315582217532
CERT,-0.00012462510806137634,0.9116905553229646,-0.00011361953397566067,9.151825141264151e-06,0.0008205857914904228
BKD,0.00037830769221679607,0.8698206692055054,0.0003290598500096039,9.003870731565326e-06,0.0008073196632030942
ALRM,-0.00038986448597827755,0.8761803699791137,-0.00034159160956616423,8.976947853134626e-06,0.0008049056604041722
ROOT,0.0003141855694838341,1.9789605525387888,0.0006217608481854423,8.95822181308064e-06,0.0008032266158243215
IONQ,-0.00023235304843264763,2.424062872643232,-0.0005632383980510559,8.940749247922698e-06,0.0008016599623439297
APG,0.00041711476985044083,1.0696181574631238,0.0004461535315780835,8.925028624194481e-06,0.0008002503942779297
AIV,0.0013620773031732965,0.5489068240394882,0.0007476535265811253,8.872245521231547e-06,0.0007955176700777188
VLO,0.0007001791977765434,1.0045392947952685,0.0007033575175647657,8.804692011662495e-06,0.0007894605777205086
PTON,-0.0005770261939516341,2.01693228242912,-0.0011638227583882573,8.786085015123827e-06,0.0007877922070134351
OKTA,-0.0004729258448137413,1.126175376364724,-0.0005325974412757202,8.763861878037956e-06,0.0007857996000466798
DBX,0.0004694720735192348,0.8205389431464488,0.00038522011904224484,8.681499068860183e-06,0.0007784146522449802
TTD,0.0005342013946541995,1.498338695216095,0.0008004146206487915,8.677682698709773e-06,0.0007780724626738121
NWBI,-0.00031664614478010936,0.6373536140226173,-0.0002018155647419316,8.663725457407756e-06,0.0007768210058633888
TWLO,0.00032900028897604896,1.5291229231200016,0.0005030818835863812,8.653662838552492e-06,0.0007759187550084656
MLM,-0.0011017837445581244,0.673899076823351,-0.0007424910483166949,8.629634985541764e-06,0.0007737643306749277
MORN,0.0007722563389527842,0.8505971661014153,0.0006568790534170922,8.606747281032705e-06,0.0007717121361858434
BLKB,0.0009538711543074435,0.544694079181917,0.0005195679700536852,8.536497159328856e-06,0.0007654132558170814
IBP,-9.743297124340302e-05,0.9520092445101154,-9.27570893438079e-05,8.533875350849092e-06,0.0007651781749721903
SAFT,0.00047816760644087917,0.23301425104333132,0.00011141986668800386,8.532916374127973e-06,0.0007650921896458129
SONO,-0.00018814258711189632,1.54557982544144,-0.0002907893869465056,8.532484721173422e-06,0.0007650534860783942
TPR,0.00038140398410817895,1.315612119760683,0.0005017797040177311,8.50965163262688e-06,0.0007630061886543367
AUR,-9.837970284418471e-05,2.2044208337673057,-0.00021687026656955742,8.505212694881944e-06,0.0007626081774176074
TSLA,-0.0005443033499791112,2.206803910372669,-0.0012011707611628462,8.430236025773059e-06,0.0007558854976882248
OFG,-0.00037529559706325614,0.8220975385234245,-0.0003085295865643818,8.428777343798883e-06,0.0007557547069788487
PTEN,-0.00017266993907771982,1.9417715208696906,-0.00033528557021142083,8.424338697655647e-06,0.0007553567218881841
TSCO,-0.0009839277034595216,0.5382950133200728,-0.0005296433762397319,8.424044731333071e-06,0.0007553303638029105
CCNE,-0.000393845024423427,0.7585831686156261,-0.0002987642065706219,8.415910443065365e-06,0.000754601014053179
VKTX,-0.00016569278712188704,1.4318905939297337,-0.00023725394336183175,8.362327213864747e-06,0.0007497965476363165
AAON,-0.00011199234635295087,1.5119773429655012,-0.0001693298902712068,8.309267047667416e-06,0.0007450389809429437
OXM,-9.422745089876883e-05,1.4686361662100793,-0.00013838584223971635,8.274627602211207e-06,0.0007419330827939165
MSA,-0.0006729883230167658,0.7722205620010171,-0.000519695421020129,8.223842149868505e-06,0.0007373794751841147
ABCB,-0.0005319711991792712,1.0124923642845576,-0.0005386167771883115,8.188927071703317e-06,0.0007342488628080163
ROST,-0.0006361347431396701,0.7050849392849006,-0.00044852902674365013,8.111070830918993e-06,0.0007272679902519604
BCRX,0.0001070841124654372,0.7902429790578831,8.462246804445648e-05,8.065976229540736e-06,0.0007232246449527722
SLG,-0.00024485588644927215,1.092366419088866,-0.0002674723478734214,8.022086308662029e-06,0.0007192893156707127
PCT,-0.00011201412960384604,2.197959182614978,-0.00024620248474539763,7.947684482385146e-06,0.0007126181784318171
BRC,-0.0004265622071127864,0.6614724908018328,-0.0002821591656208221,7.913230437981246e-06,0.0007095289040126912
VRRM,-0.0003738233925536723,0.6176118010918972,-0.00023087773876535685,7.912959369900292e-06,0.0007095045990667024
SITM,-0.0003419803969678993,2.5565258033329235,-0.0008742817090824708,7.868789949131678e-06,0.0007055442088121219
HLNE,-0.0003659811513572388,1.4404710921768666,-0.0005271852688117089,7.759805388996303e-06,0.0006957722583914686
VIRT,0.00029467495676333526,0.8045483684779424,0.00023708025569524961,7.758403731987215e-06,0.0006956465807470154
SNA,-0.00031040393231990065,0.7205271178955739,-0.00022365445073791078,7.730247493570563e-06,0.0006931219904243326
KO,0.00030961526830868317,0.05008478016954838,1.5507012650376134e-05,7.722038302227167e-06,0.0006923859245935243
CDNA,0.00013964275768659347,1.2549613944722111,0.0001752462699143124,7.683404491102851e-06,0.0006889218771504851
ACN,-0.0010097539824270021,0.8111655851561899,-0.0008190776800191922,7.67877015388571e-06,0.0006885063456893107
HTH,-0.0003983561992623169,0.593029008461362,-0.00023623678186296854,7.672026313551727e-06,0.0006879016685377342
GTM,0.00022304001104010812,1.7050628147177551,0.00038029722901872595,7.639380065739301e-06,0.0006849744877091184
MKTX,-0.001307224611748232,-0.25252838952841167,0.00033011132595668424,7.6018523996042e-06,0.0006816096212324403
VSAT,-0.00026906200392358886,1.801312486034892,-0.0004846647471851297,7.575091024327955e-06,0.0006792100993913361
GBCI,-0.00020913965943250944,1.1015954660261051,-0.00023038730059709615,7.545755675545569e-06,0.0006765797857623415
EBS,0.00017255839844341214,1.5295717040959336,0.000263940443563155,7.4783699957555466e-06,0.0006705377416310244
YELP,-0.00018843595791954588,0.8342688803135144,-0.00015720625562434408,7.4507428063722525e-06,0.0006680605877609697
KE,0.0004366282391419986,1.1962825003607156,0.0005223307216488866,7.369263708717927e-06,0.0006607548767354021
FIX,0.00033212688733326483,1.676875176998612,0.0005569353329829666,7.360422598804062e-06,0.0006599621507966588
PMT,-0.0002242177792176077,0.5631048595102717,-0.0001262581210660361,7.331819504103239e-06,0.0006573974937209547
FTDR,-0.00023505613203016442,0.8404175238004633,-0.00019754529243490556,7.276168125638195e-06,0.0006524075895498876
DKNG,0.0004187878770007933,1.1477226336813433,0.0004806523251451689,7.2744699742334085e-06,0.0006522553271439676
PRK,-0.00022020440786145142,0.8053713235999149,-0.00017734631542191265,7.223922568482227e-06,0.0006477230636538032
GD,0.0010929457147640903,0.5661300972235908,0.0006187494637595013,7.192253721292151e-06,0.0006448835201052833
DV,-0.00038957186289688775,0.805268248559719,-0.0003137098517231238,7.1697731637575555e-06,0.0006428678318886788
ETN,-0.0005168614277177718,1.329407662647931,-0.0006871195425351555,7.151126326847755e-06,0.0006411958889496217
CBU,-0.0004486942532198501,0.8457254151154939,-0.0003794721335642943,7.124104964349316e-06,0.0006387730557124617
WMT,0.0002475928414593222,0.5753997543266183,0.00014246486014872332,7.123706708691388e-06,0.0006387373466676284
WTTR,-0.00019836699680064426,1.245934640591278,-0.0002471523128639819,7.121070818747475e-06,0.0006385010032276565
SUI,0.0007932852557807306,0.4277406317457059,0.00033932033646220364,7.0787436767959875e-06,0.0006347057983648382
ATI,0.0004783653573099903,1.5597561739562948,0.0007461333194710664,7.054516396012377e-06,0.0006325334926148254
APLE,-0.00016268501009878634,1.0584611568135847,-0.0001721957639853911,7.053276011738634e-06,0.0006324222752679781
PBI,-0.00023883401409037212,1.048258271718706,-0.00025035973083801453,7.022322710413182e-06,0.0006296468901534982
DRS,-0.00032031610983028757,0.8923218250415784,-0.00028582505571398087,7.018377194628678e-06,0.0006292931209169918
PPG,-0.0002963946919903572,0.9895091513198075,-0.00029328526012707413,7.01449059687013e-06,0.0006289446344841028
TECH,-6.142007503725041e-05,1.1951912231871915,-7.340873461202041e-05,6.955811614260003e-06,0.0006236832643589375
MGEE,0.000741591276172016,0.27436019295664743,0.00020346312562552073,6.943067328593639e-06,0.0006225405655443196
ATEX,0.00027129278431643137,0.6455055896518157,0.00017512100870846088,6.934131771133326e-06,0.0006217393710964581
CPT,0.0007386836419443237,0.5175261030636484,0.00038228806661230925,6.91366132393456e-06,0.0006199039166534942
GGG,-0.0008228668866279526,0.7666226164997502,-0.0006308283656577243,6.842064306156258e-06,0.000613484268704031
GH,0.00013026392320869868,0.9947506816685472,0.0001295801264086723,6.8085910157154214e-06,0.0006104829322376758
PRG,-0.00012131386855164422,1.0654779547869564,-0.00012925725255169955,6.787039697059948e-06,0.00060855056294482
OZK,-0.00019769693181190043,1.0100293855391453,-0.0001996797105609481,6.7545949205368765e-06,0.000605641446761768
OSBC,-0.00040244594212458584,0.811937773167413,-0.0003267610620688978,6.748452304483178e-06,0.0006050906775568889
THG,0.00010372977339738457,0.40752972197023457,4.227296571267157e-05,6.744464631630172e-06,0.0006047331283649212
BEN,-0.00028031789076952133,1.0718435810996745,-0.0003004569318887111,6.728386436321208e-06,0.0006032914991358119
GM,0.000541553081480772,0.8686266833569628,0.000470407457028386,6.660858150500734e-06,0.0005972366684312634
SCSC,-0.00017117165578437805,1.0041843687452932,-0.00017188790111092228,6.658537629890225e-06,0.000597028602148041
EE,-0.0003978195800779585,0.576653995408834,-0.00022940425030381934,6.654139223399788e-06,0.0005966342250904005
GFS,-0.0006039860445849715,1.5801569620770075,-0.0009543927533482966,6.645132756010413e-06,0.0005958266726014528
MRK,-0.0005567882697883884,0.4073573645950825,-0.00022681180221845366,6.5923520875122865e-06,0.0005910941666841744
KD,-0.0011583449401179444,1.3287235537865416,-0.001539120205344174,6.581927616688544e-06,0.0005901594708710736
ASO,-9.117767316724054e-05,1.6758481963296028,-0.00015279993912285008,6.391903076799252e-06,0.0005731211823263563
KIDS,-0.00015962688233374692,0.9999066443636571,-0.0001596119802645692,6.39025700516178e-06,0.0005729735895810147
EZPW,0.00020244119438172034,0.29004450108215996,5.8716955222922637e-05,6.3544016833451904e-06,0.0005697586715534238
NEXA,-0.0010500072904881471,0.5442059651710559,-0.0005714202309567474,6.279340153223366e-06,0.0005630283828782414
AXTI,0.0002568863880712336,1.6366843362321364,0.0004204419275474379,6.2780412360440135e-06,0.0005629119172590619
BZH,-5.446984606495971e-05,1.0447181371941276,-5.69056361142356e-05,6.258685714194315e-06,0.0005611764310613273
AAT,-0.00019407588263174104,0.6920642634978615,-0.0001343129827762333,6.235559566550167e-06,0.0005591028568970731
TRNO,-0.0002203993868342934,0.7881474648248025,-0.0001737072179823893,6.198335170414424e-06,0.0005557651827070282
HRB,0.0006137412974670854,0.20159865318489423,0.00012372941897331394,6.173953944827301e-06,0.0005535790737083205
BELFB,-0.0002122278269435998,1.5447756010684734,-0.00032784436893025536,6.162283289817559e-06,0.0005525326405072315
SMP,-0.0002828292026760293,0.765218954092646,-0.00021642626665860812,6.149977913841304e-06,0.0005514292959252273
SHO,-0.00022511949931028222,1.0772549124694812,-0.0002425110865246715,6.134429475841475e-06,0.000550035166655318
HELE,-0.00011949003933361537,1.2972077631189163,-0.0001550034066389505,6.1246570707482015e-06,0.0005491589374174939
STNE,0.0001252109319879986,0.9572136020997324,0.00011985360723049675,6.11662408811979e-06,0.0005484386710983263
MBWM,-0.00023998790212895952,0.7572874524554281,-0.00018173982702336235,6.090615691762777e-06,0.0005461066640745264
WCC,0.00161181580736703,1.5501304532896867,0.0024985247680933366,6.082527193507491e-06,0.000545381420023167
ROK,-0.0006146235317656938,1.1929591811693385,-0.000733220785182609,5.994786840941137e-06,0.0005375143022029543
AYI,0.0002048191841867051,1.1887965388687947,0.0002434883372550852,5.934689962908966e-06,0.0005321257984384123
EFSC,-0.0004300231378201081,0.7788537576166434,-0.00033492513675329095,5.927420280347146e-06,0.0005314739723680061
IESC,-0.00029883728161555275,1.8044737278144931,-0.000539244023566766,5.921239688179766e-06,0.000530919798087219
IIPR,-6.604265251557017e-05,0.7504312456402565,-4.9560469992645944e-05,5.919752361305936e-06,0.0005307864389723836
TVTX,6.48263001341988e-05,1.2165406914836423,7.886383199158434e-05,5.918151907168004e-06,0.0005306429364572846
VMC,0.0010775939365862653,0.6711611984710476,0.0007232392379443719,5.903848381216535e-06,0.0005293604305108947
NUE,0.0006917342180094783,1.1940931660513898,0.0008259951024490202,5.884555843460983e-06,0.0005276305916951794
KRNT,-0.00012768419193355296,1.5966461640591183,-0.00020386647526169556,5.841291541373261e-06,0.0005237513576600075
BR,0.0003714301859548459,0.5868903938624899,0.00021798880812745735,5.793279255550868e-06,0.0005194464022052543
AWI,-0.000508594756879113,0.8606696737043688,-0.00043773208345089894,5.7840538309633135e-06,0.0005186192172208209
ATR,-0.0004652282956220166,0.5905496235332643,-0.0002747403948366041,5.768789131459255e-06,0.0005172505289721868
ELAN,-0.00013688659476235283,1.3096667615940154,-0.00017927582326804294,5.718127094799607e-06,0.0005127079872595584
CPAY,-0.0011183495872143056,1.4440356641314114,-0.0016149366889040995,5.711272057064507e-06,0.0005120933397462236
AMSF,0.0005600574562211158,0.25228675002695516,0.00014129507545838902,5.678730006375785e-06,0.0005091755016091372
O,-0.000542247862115596,0.20487305462224237,-0.00011109197587400264,5.656898799405228e-06,0.0005072180365161523
PG,0.00035879368952437975,0.1343839650428832,4.821611863065133e-05,5.6392398333703754e-06,0.0005056346696579641
GIII,-0.00032842193167445543,0.944358102271059,-0.00031014791214028413,5.609540348178198e-06,0.0005029717062395092
HSY,-0.0004357279248082372,0.087097508927571,-3.795081682097743e-05,5.608372604238308e-06,0.0005028670020881098
AME,0.00031755181739082127,0.7994773245664772,0.0002538754773788363,5.5479015051275646e-06,0.0004974449443061763
NAVI,-0.0002911439675212369,1.0720514284990637,-0.000312121306280027,5.53822684373445e-06,0.0004965774791225513
HE,-0.00033804765270016427,0.6117078510756269,-0.0002067864031943773,5.519283646552916e-06,0.000494878963448068
COHU,-0.00010942184956807329,1.6156930170488897,-0.00017679211825971007,5.4997185033677495e-06,0.0004931246818421144
AOS,-0.000127853565223511,0.5829418846511464,-7.453119827076177e-05,5.4967505953571735e-06,0.0004928585684596647
UGI,0.00020365106345195973,0.435176938447453,8.862424630459182e-05,5.472765420702507e-06,0.0004907079708221189
CNP,0.0003071010024738157,0.16748046707248154,5.1433419332741965e-05,5.468133742647043e-06,0.0004902926777910125
ANIP,0.000482431712996607,0.5710704647857219,0.0002755025025683443,5.45818334323103e-06,0.0004894004889374887
PFBC,-0.00020255396235214107,0.6828003714331033,-0.00013830392072928876,5.4396379500565126e-06,0.0004877376418111819
UTL,0.0003901871191185796,0.1289219731264098,5.030369328527678e-05,5.415182589267356e-06,0.0004855448855817309
ALDX,-8.065728776311639e-05,0.9296486229983321,-7.498293650376137e-05,5.384479881984421e-06,0.0004827919696367934
TNET,0.0009038167377111261,0.7241189415978739,0.0006544708195098239,5.3820598993660445e-06,0.00048257498522967876
GT,-0.0002854776802202374,0.8929265403169675,-0.0002549105973367702,5.380968292910661e-06,0.00048247710784092183
EGY,-6.655159435857997e-05,1.0264724051768697,-6.831337512960696e-05,5.3535132811417585e-06,0.00048001539203942743
ZS,0.00028437831715655737,1.2573609361384783,0.0003575661870774541,5.3356519448818195e-06,0.0004784138799338417
RPD,-0.00013361852625166646,1.1309366529225338,-0.0001511140888475014,5.292602770482927e-06,0.00047455393502647596
DGX,-0.0018529210155256517,0.2523601147503949,-0.0004676033601014717,5.268207272775305e-06,0.0004723665463377486
VLY,-0.00022264141327263732,1.067069041887292,-0.0002375737595452657,5.233236635262444e-06,0.0004692309523092932
UBER,-0.0006513627760856498,1.1252960238842253,-0.0007329759420353727,5.231966110632223e-06,0.0004691170324689111
VITL,0.0003369146540373703,0.5665561530897486,0.00019088107031097604,5.2272764696250425e-06,0.000468696542269603
RIVN,9.042761296746938e-05,1.1618513481419137,0.0001050634440355095,5.2229989137080945e-06,0.00046831300111212096
CMS,0.0002350668918310402,0.10355472606950791,2.4342287591574014e-05,5.207011185269309e-06,0.0004668794834702768
TECX,-0.00024724888985698713,1.821487078839094,-0.00045036065813181236,5.118720013822611e-06,0.0004589629772341013
BDC,-0.00031386243056551747,1.3338339569084103,-0.00041864036768609535,5.1045009488238205e-06,0.0004576880443626594
VREX,0.0001442110840283793,1.8995666418210946,0.00027393856460116816,5.093738978031275e-06,0.00045672308707987876
ELS,-0.0012182085507145453,0.17356215925184756,-0.00021143490648108034,5.084182350822109e-06,0.0004558662052687247
KOP,-8.979555898278133e-05,1.0365390938442114,-9.307660733924659e-05,5.076761061074312e-06,0.0004552007855488791
LNTH,0.00021215916292700634,0.46790463177817976,9.927025500772775e-05,5.075566415121924e-06,0.0004550936692655957
CHDN,0.0005666323287204591,0.6231358385179582,0.00035308891128860663,5.043174025254145e-06,0.00045218925025980976
VYX,-9.316819886553468e-05,1.4246833061841189,-0.00013273517759096942,5.017748926028573e-06,0.0004499095437696072
ICFI,-8.970001777128348e-05,0.26432090029645655,-2.37095894539138e-05,5.015061399668356e-06,0.00044966857042151446
LFUS,-0.00023807563402804765,1.5410439372329203,-0.0003668850124218064,5.008220507025036e-06,0.00044905519120834426
FBNC,-0.00013870022715783747,0.8537515404171695,-0.00011841553259221506,4.992868857888993e-06,0.0004476787067407616
TPC,0.0003852606255893689,1.6256855010244402,0.0006263126131362425,4.926651785231315e-06,0.00044174144415780596
IRON,0.00015911578032241002,1.1960608789087184,0.0001903121600606683,4.902222213465229e-06,0.00043955100026557526
BDX,-0.0006533929716165459,0.5599287280982255,-0.0003658534955455725,4.9005960158790235e-06,0.00043940518949965715
RUSHA,-0.00016893304434752534,0.9369658412363309,-0.00015828449200969348,4.892653195897654e-06,0.0004386930074900063
ANGI,-6.514712980340269e-05,1.1537814643144335,-7.516555082045243e-05,4.877368130796454e-06,0.00043732249318816535
CPF,-0.0011160185181449261,0.7511209487092422,-0.0008382648881260995,4.877147152233129e-06,0.00043730267944975913
WAFD,-0.000328932787828289,0.8227861100775473,-0.0002706413289742011,4.857082385962775e-06,0.00043550359982827565
MOH,0.00013281665740824854,0.1269702702826878,1.686376688916847e-05,4.855888791405571e-06,0.0004353965778168928
GVA,0.00024519090793837276,0.7797613240236398,0.00019119038701258392,4.829145317938477e-06,0.0004329986611168402
DNOW,-0.00027261730175864873,1.1147179684515436,-0.00030389140478114234,4.825336185874136e-06,0.00043265712053868654
BKR,0.0008906173834135634,1.1375027172505296,0.0010130796936634852,4.801408045665389e-06,0.00043051163681614936
DXPE,0.00012679604085982712,1.4606838453519402,0.000185208928538534,4.797240530346783e-06,0.00043013796229729874
BCPC,-0.0008996408465590232,0.5353021775847049,-0.0004815797042071925,4.793854252332954e-06,0.0004298343363449567
TK,0.00018365840900347804,0.48210464459689273,8.854257199985255e-05,4.757292711280476e-06,0.0004265560961426408
EGP,-0.0010953719344545996,0.6615794890277383,-0.0007246756046917993,4.757243863440352e-06,0.0004265517162683608
AWK,0.00047954627220807614,-0.22211808839367758,-0.00010651590127917203,4.721697660120273e-06,0.00042336451492484204
HFWA,-0.0012368569351843832,0.7782826877094051,-0.0009626243398273192,4.7083284916838635e-06,0.00042216578685763987
ADMA,9.405729302521357e-05,1.103845618702247,0.00010382473081287541,4.6962481316860995e-06,0.0004210826180233099
LLY,0.0003116371861725006,0.6597439364106514,0.00020560074393738458,4.68928673028429e-06,0.0004204584335583522
ITRN,0.00015102766224407173,0.9004177797132003,0.0001359879923130822,4.60989674814916e-06,0.00041334004019733493
EXPO,-0.00018119550009296123,0.5509818671254111,-9.983543495594238e-05,4.59391108736792e-06,0.0004119067079491557
TBPH,7.877925449382642e-05,0.4788354260224413,3.772229788728169e-05,4.564315891054519e-06,0.0004092530954493225
KNX,-0.00011351911009505836,1.118446019527622,-0.00012696499682613593,4.531411435582283e-06,0.0004063027627866601
OSPN,-0.00032092563836948554,1.0679250396550508,-0.00034272452508205534,4.480060623686922e-06,0.0004016984629915473
IBM,0.00024474305356968375,0.7415133403677462,0.00018148023918425845,4.448392736793095e-06,0.00039885900554666756
LDOS,0.0009995915796752553,0.4915811897764162,0.0004913804180272493,4.422819669369281e-06,0.000396566031691847
CPB,-0.00011734769177269196,0.161406851812995,-1.8940721496551904e-05,4.4100837426271415e-06,0.00039542408236865233
BOH,0.0008916737370382902,0.814161143631194,0.0007259661094929948,4.407481361877324e-06,0.0003951907434843985
EOG,-0.00018811809866725577,0.7839516299819038,-0.00014747549007929176,4.383100737048612e-06,0.0003930046883518661
ABEO,6.854475813201137e-05,0.6957831236811732,4.769228592506137e-05,4.377388185603831e-06,0.00039249248029758305
MS,0.00013505718749094397,1.306954378104054,0.0001765135824857093,4.359287046497609e-06,0.0003908694666001966
QLYS,0.0001539302472713433,0.8773886499810836,0.00013505665184465826,4.335319308037941e-06,0.0003887204323550509
AMBP,-0.00046830867681978334,0.636362616724397,-0.0002980141350157773,4.309938945473523e-06,0.0003864447371159305
TRMK,-0.00030820107489367706,0.8940074558682005,-0.00027553405886154093,4.2903712739940625e-06,0.0003846902288139527
BRSL,0.00017416115519996655,0.9062997214377976,0.00015784220644301473,4.282890082952446e-06,0.00038401943812713145
MTN,-0.00028647369516775597,0.8080288330800532,-0.00023147900561453275,4.23877671204149e-06,0.00038006407350581
BMY,0.00044520535020926524,0.30890705292359977,0.00013752707267896327,4.216873056232082e-06,0.0003781001123875128
NEO,-9.270217208772861e-05,1.0944197940559823,-0.00010145509208479417,4.1384314925311705e-06,0.00037106675765862565
WSFS,-0.00035169637548145016,0.9258172295869157,-0.00032560656400399584,4.128862483599727e-06,0.0003702087656574036
CHRD,-0.0001301404421291688,1.2577104315246384,-0.00016367899162908413,4.098166597651848e-06,0.0003674564613380751
ITRI,-0.00019595661901112893,1.0095835141323812,-0.00019783457203875572,4.08654678337562e-06,0.0003664145867013059
INDB,-0.0002709326320515787,1.0445881132814998,-0.0002830130069411494,4.057140534542384e-06,0.0003637779159169413
LAD,0.0014236608164757318,1.078874301557552,0.0015359510690301093,4.044884781060603e-06,0.00036267902066753206
UEC,-0.00017390093328233902,1.0278604966578095,-0.0001787458996528416,4.033370131321686e-06,0.0003616465754641003
TOST,0.00011066438332865107,1.4560495367764623,0.00016113282408333526,3.98263554002285e-06,0.00035709752823971815
MBUU,-5.02453485064229e-05,1.3354924804443349,-6.710228510763278e-05,3.962852235411499e-06,0.00035532368549007844
UNP,0.0012484086692433444,0.6985226693509591,0.0008720417560807395,3.931960317473388e-06,0.00035255380423244764
KNF,-0.00015901837605910711,1.327931890073307,-0.00021116557267655803,3.886585843759669e-06,0.0003484853645659211
KFRC,-5.919131215706675e-05,0.5806229897706222,-3.4367836633082276e-05,3.871093587951491e-06,0.00034709627279481573
PLXS,0.0008361393976344719,1.2747941945259273,0.0010659056499188306,3.816305947002359e-06,0.000342183814458016
NNN,-0.0005447052464508684,0.2723765992161232,-0.00014836496260346783,3.801920767447149e-06,0.0003408939871537529
CTS,-0.00011890482801226039,1.1606705445350376,-0.00013800933147683526,3.8010625386331882e-06,0.0003408170352496558
NSA,-0.0001550037719061331,0.586875566539072,-9.096792645310496e-05,3.784472885443884e-06,0.00033932954685441573
HXL,-0.00031286556258690383,1.0712882086684998,-0.0003351691880977866,3.781798329605305e-06,0.00033908973649027425
CIEN,8.702247091888277e-05,1.857097901107606,0.00016160924809265488,3.7451431737916117e-06,0.0003358031024493807
CASS,0.0008507995212938171,0.5937515306869221,0.0005051635180759044,3.726335486777466e-06,0.0003341167371073441
SMBC,-0.00018526005988186102,0.8094426947713841,-0.00014995740210428158,3.6798443523522758e-06,0.0003299481735967095
VHC,-8.636272055940346e-05,0.5340368020865658,-4.612087110703953e-05,3.6721132745217224e-06,0.0003292549771552637
BBIO,7.810045390001987e-05,1.0047834092712442,7.84740403352936e-05,3.657390026016131e-06,0.0003279348373643714
DCI,-0.0005014014834888845,0.8620781496333205,-0.0004322472631094995,3.6531300522692955e-06,0.000327552872687947
MP,-4.079470357518896e-05,0.9454700661310129,-3.8570171087028976e-05,3.6392288820340814e-06,0.0003263064434124713
PLPC,-0.00012334405794126353,1.0904279052753127,-0.00013449780272904878,3.638879013219765e-06,0.0003262750729073008
ILMN,-9.478049695364276e-05,1.1144674634870135,-0.00010562978002796486,3.6146591648765656e-06,0.0003241034335768167
CCL,0.00017396891541722394,1.7998290190254318,0.0003131143023763005,3.6085026443745776e-06,0.00032355141764873997
DDOG,0.0001502243966633538,1.270317359812766,0.00019083265894885728,3.5865767063037427e-06,0.00032158545862217354
SGHC,5.571602758271134e-05,1.0040466149259895,5.594148889154438e-05,3.577649827915621e-06,0.00032078504237136176
ESE,0.0009490606764132524,0.9346133804775296,0.0008870048070608806,3.57323252171253e-06,0.00032038897069702705
NRIM,-0.0002894397022834827,0.7484117235709774,-0.00021662006645585183,3.5591025322306897e-06,0.0003191220246590802
CBSH,-0.0006124979990143254,0.7437215564262653,-0.00045552796513490717,3.551555744428671e-06,0.00031844535232911975
LTH,0.0001877639883092617,1.0788955021139277,0.00020257772244583456,3.5428726790525077e-06,0.00031766679723608854
LIND,0.0004095279647300662,1.4051736784350797,0.0005754579166217787,3.5348042152703057e-06,0.00031694334954815385
FELE,-0.00020085450889833448,0.8554882930192624,-0.00017182868096265842,3.5301690541564833e-06,0.00031652774421341885
CAKE,-8.691668329661056e-05,0.9757379757915967,-8.480790862235406e-05,3.485119983887561e-06,0.0003124884813984144
FA,-5.8028702895745135e-05,1.1472435593067705,-6.657305565206975e-05,3.477939189786649e-06,0.0003118446253893809
JNJ,0.0004066555883984681,0.07105894592998115,2.8896517468131413e-05,3.4773087848958934e-06,0.0003117881010034518
VNT,-0.0002459827504732173,1.222517101221609,-0.000300718119059036,3.4772408150231205e-06,0.0003117820065784616
COLD,-0.00013475861442186968,0.8739788346452548,-0.00011777617679083489,3.466226358596991e-06,0.00031079441051923187
GOOG,-0.0005948320641597587,1.0129059519213977,-0.0006025089381811102,3.454859463200626e-06,0.0003097752135053424
TRMB,0.0010616998952229359,1.3445249284147196,0.001427481975622533,3.4496105346021073e-06,0.0003093045755547688
OWL,-0.0007420399344802909,1.6835322197898235,-0.0012492481380682993,3.432698913298829e-06,0.0003077882183322116
ITGR,-0.00014933029926284116,0.7379710478454383,-0.00011020143742207177,3.4235813883169677e-06,0.0003069707080172537
NVAX,-3.577485992852302e-05,1.3306621841337842,-4.760425324956864e-05,3.4087304752883637e-06,0.0003056391213628075
AGIO,9.775911203977539e-05,0.9013313431636663,8.811335176129808e-05,3.4003525789380257e-06,0.0003048879288300012
AGYS,-6.664203318826383e-05,0.9984811580768571,-6.654081447441402e-05,3.3832741079070178e-06,0.0003033566112565002
JBGS,-5.2012180992053826e-05,0.6459504628259011,-3.35972923844017e-05,3.380980301696819e-06,0.0003031509402831733
NTRA,0.00010852098011965307,1.162964118991928,0.00012620600603699286,3.37467473438388e-06,0.00030258556027815614
ATRC,0.00016044577094860923,0.9457642249161875,0.00015174387020229157,3.3130632936032503e-06,0.000297061255331607
EXLS,0.00011395668855936196,0.7485519482349875,8.53025012355181e-05,3.3116373879021934e-06,0.00029693340346159945
LYFT,-0.0004400773770108483,1.3585398666939599,-0.0005978626610993454,3.2936346100633522e-06,0.00029531920919172606
IRT,0.0002839058115864895,0.5713022784392318,0.0001621960370215007,3.2908401384381524e-06,0.00029506864674380267
SYY,-0.0004434348197073345,0.3342681166248554,-0.000148226122029453,3.2634199190358463e-06,0.0002926100505519206
MAA,0.00029836690326250727,0.4433939831963154,0.00013229408969151282,3.252119769955166e-06,0.0002915968382544609
XRAY,-3.996878492718416e-05,1.1137717581007558,-4.4516103857500886e-05,3.2419196420576894e-06,0.0002906822578407339
ERIE,-0.0002497815593955207,0.3350202177773942,-8.368187242546447e-05,3.2381168283428358e-06,0.0002903412837886813
TEX,-3.9157374542557604e-05,1.601485545859982,-6.270996934373162e-05,3.2360837819767266e-06,0.0002901589934874879
PRIM,0.00024361487789286183,1.254279162479411,0.0003055610650109827,3.192745342706842e-06,0.00028627311204402697
HNI,-5.5226467028846534e-05,0.775824707742825,-4.284605764232362e-05,3.180243944027511e-06,0.00028515219135644056
PAR,-0.00010582987910800032,1.3508633961150258,-0.00014296170990227592,3.171260658431204e-06,0.0002843467174310273
EXTR,-0.00022016612450918496,1.5001047030297134,-0.00033027223882405385,3.170292427020825e-06,0.0002842599022956889
CEG,4.38249329129132e-05,1.7297303847755787,7.580531807021727e-05,3.1556028201644667e-06,0.00028294277893692213
PI,-0.00012403702465449727,2.2244692325587194,-0.0002759165450420565,3.147515034051783e-06,0.000282217598738848
IFF,-0.00014399260978180089,0.7383361566314524,-0.00010631495008962733,3.137533466572738e-06,0.0002813226152438972
RLJ,-9.173843005482351e-05,1.2227594161354647,-0.00011217402917102016,3.1284266205516522e-06,0.0002805060624432433
AMCR,-0.00016141332674185247,0.5106266617551604,-8.242194819698708e-05,3.0365953053416297e-06,0.00027227213409430044
HALO,8.054706469395463e-05,0.542095647430643,4.366421318390722e-05,3.003538072808336e-06,0.00026930810288696154
DFIN,-3.391705132889522e-05,1.0237267766464364,-3.472179363028164e-05,2.997717547102827e-06,0.0002687862134693622
BCO,0.0006219358885393527,0.8552701120453435,0.0005319231770760725,2.9945410499394574e-06,0.000268501397227931
FRPT,-7.182144457328398e-05,1.072656600922153,-7.70397466092976e-05,2.994119221034896e-06,0.0002684635745204185
AVPT,0.000223867931331506,1.0850451794902685,0.000242906819733709,2.992274994611908e-06,0.00026829821449926035
VCYT,8.121033327611297e-05,1.1752195970360098,9.543997514791354e-05,2.990369782061073e-06,0.0002681273862409783
LPX,-3.0207351224077627e-05,0.9696100595841692,-2.9289351620257837e-05,2.9673764703002754e-06,0.00026606572262317734
DIS,-0.0007370185893430433,1.081786874348144,-0.0007972970361018891,2.956519961749209e-06,0.00026509228874253734
VRT,8.846867581686285e-05,2.146709550500464,0.0001899165512961889,2.9555629776169144e-06,0.00026500648207889143
RDN,0.0006775816520964226,0.606025738506137,0.00041063192110994283,2.912036962706178e-06,0.00026110378192404374
SUPN,-0.00034064417596473185,0.41974288625191275,-0.00014298296960434098,2.907614911972454e-06,0.00026070728483790705
ARLO,0.00013772305976315744,1.4454613039554147,0.00019907335354998307,2.882011628953736e-06,0.00025841160174340185
SYNA,-6.41612370541735e-05,2.04693979370889,-0.00013133418933977708,2.876806107704615e-06,0.0002579448558530034
PEGA,0.00010131353748775151,1.3657353408672974,0.00013836747865530604,2.871868258048268e-06,0.00025750211036716094
WLFC,-0.0005198742060238517,1.2834178848424052,-0.0006672158538792564,2.8164314489777915e-06,0.0002525314452652142
QCRH,-0.0001719152797615155,0.718187502685314,-0.0001234674054453699,2.787800699738099e-06,0.000249964308583386
CDW,-0.000765182508907381,1.143227075500208,-0.0008747773618820971,2.7799370741720276e-06,0.00024925922743186527
ADT,-0.00034817292338584955,0.657403814716435,-0.00022889020801483058,2.7737887993816685e-06,0.00024870795084416044
PEB,-6.254203711272431e-05,1.6709815743155771,-0.00010450659163552332,2.7376361446692095e-06,0.00024546637287214013
OMER,-0.00010600893622068184,1.242274170327946,-0.00013169216329089568,2.7336860783744198e-06,0.00024511219562039886
HIMS,-0.00014098851801507817,2.150625449411101,-0.0003032134949179826,2.7334575485507077e-06,0.0002450917048086345
GCMG,0.00025994117854257685,0.527940548393736,0.00013723348834988208,2.729885899890813e-06,0.00024477145785272504
BYD,0.0007726702899123715,0.9583411654823094,0.000740481746168176,2.7081284121797913e-06,0.00024282060269557268
UMH,0.0005891205162322081,0.39517572371542775,0.00023280612635766923,2.69772515930295e-06,0.00024188780936044583
FFIN,-8.527255472224606e-05,0.8125163356131161,-6.928534369128829e-05,2.692359472074389e-06,0.00024140670240818486
SMCI,-3.5889244641681e-05,1.961025934783131,-7.037973952211295e-05,2.685240422406534e-06,0.00024076838262866712
TEL,0.0010275785187880654,1.1924344402951141,0.001225320015910329,2.6590835784842394e-06,0.0002384230652584641
PIPR,-0.00030854862451013367,1.4373473354955146,-0.00044349154331044667,2.65522973404786e-06,0.00023807751560707833
ARES,-0.0005046180784909494,1.614006759247824,-0.0008144569895230413,2.6491406690642646e-06,0.00023753154798511502
CHH,-6.862998852673905e-05,0.8036463231480048,-5.5154237937203585e-05,2.6455777886267434e-06,0.00023721208721978342
CF,-0.00040775754722246875,0.38517380974817633,-0.0001570575279172502,2.636485833733288e-06,0.00023639686961157084
FLO,-5.336314185956732e-05,0.27939818658982196,-1.4909565066298529e-05,2.6122027424379763e-06,0.0002342195596889246
FSS,-0.0001400497046489557,0.99796582077577,-0.00013976481844939925,2.6034551710257954e-06,0.00023343522075105325
DAN,8.271650178829998e-05,1.579445181348183,0.00013064618016750876,2.5880838764540205e-06,0.000232056974802544
KEY,-0.0003780971205807461,1.155343692135662,-0.0004368321232776218,2.572976142505385e-06,0.00023070236065416276
NVDA,0.00022476840431921987,1.7806460213909256,0.0004002329648854058,2.549757366674482e-06,0.00022862048111117048
NBTB,-0.0003076093234156737,0.7365530275717367,-0.000226570578471108,2.542690143600288e-06,0.00022798680829176434
LIVN,0.00031558279424126885,0.9397847435516087,0.00029657989535533094,2.5292021393982924e-06,0.0002267774249793782
GNL,-0.0003037681438020419,0.4567272266702533,-0.00013873918186947727,2.4970138322248366e-06,0.00022389130476718427
APA,-5.700421990458203e-05,1.6135841861179345,-9.198110778002275e-05,2.4638916400857502e-06,0.00022092144904629625
INSP,-5.186806837036882e-05,1.0820327239417498,-5.612294730438709e-05,2.4568951581148405e-06,0.00022029411913044577
FNB,0.0005959710539413099,1.1291502969674765,0.00067294089254185,2.4492602673649517e-06,0.0002196095471710568
MXL,-8.473702472430076e-05,2.243219428004465,-0.00019008374013284617,2.4474816278627736e-06,0.00021945006791078444
AMCX,6.835630448837567e-05,0.9717771230625583,6.642709291890195e-05,2.426753391807282e-06,0.00021759149918517542
KAI,-3.101943783295493e-05,1.3478859236980245,-4.181066361606591e-05,2.4116461093313853e-06,0.00021623692551747523
SKYW,0.0005251978700929549,1.3034978863931785,0.0006845943136043658,2.3871036847661936e-06,0.00021403636283450639
KELYA,-4.730119452764466e-05,0.6954463293480335,-3.289544210802777e-05,2.3782175542621507e-06,0.00021323960018657624
GRPN,-0.00016864133554872607,1.0909622361509157,-0.0001839813285377151,2.36906530498242e-06,0.00021241897636529463
UNIT,-8.101460872032974e-05,1.108116317654138,-8.97736098913626e-05,2.3470014657509034e-06,0.00021044065262116216
TFIN,-2.805458473539804e-05,1.241713650962208,-3.483576083801973e-05,2.3364827637968003e-06,0.00020949750770359358
BGS,-3.682582984676842e-05,0.1657334426894807,-6.103271560401961e-06,2.335506593634598e-06,0.00020940998075101136
NTGR,0.00010859572918041425,1.4698353858366502,0.00015961784550010656,2.331047026509763e-06,0.0002090101198093575
OEC,-3.193992120040984e-05,1.2060624285966564,-3.852153893215212e-05,2.308851057873744e-06,0.00020701994886422422
MPC,0.00047704481434152014,1.0214730019727454,0.00048728839858096354,2.306975895405203e-06,0.00020685181500516666
LYV,0.0003612522410247991,0.9174612486421426,0.00033143493212538445,2.2996429724447965e-06,0.00020619431857155665
ROKU,8.73100891047776e-05,1.791027135691324,0.0001563747388062841,2.2968881166114024e-06,0.00020594730821902105
FHB,-0.00026172237886793647,0.8807530371212954,-0.00023051278007054537,2.2674122303360605e-06,0.0002033043934893596
WOR,-9.501798993470088e-05,0.8193952877333962,-7.785729320239317e-05,2.2613183319786343e-06,0.00020275799248959138
F,-0.00044263898093010963,0.8600067907136851,-0.00038067252943447963,2.254398131610142e-06,0.0002021375022585174
AXS,4.0364831742432064e-05,0.49640619305121375,2.0037352458413493e-05,2.251884454324226e-06,0.00020191211684813466
REYN,-0.0004903870916657684,0.26511821132155416,-0.00013001054859760754,2.2273184861013155e-06,0.00019970944315553598
SEIC,0.00036283805562094035,0.9935936126848963,0.0003605135745039735,2.2234713479066995e-06,0.00019936449481007778
KYMR,-0.00042165932431589717,1.4472131130773835,-0.0006102309034013157,2.2230966576994014e-06,0.00019933089872890562
LAB,-1.4132138272419793e-05,1.4892772330576312,-2.10466717835372e-05,2.2171930921973325e-06,0.00019880156366236371
GSIT,9.483589487686399e-05,1.7925782974205442,0.00017000076697272254,2.1946924465454492e-06,0.00019678407427240082
MLI,-0.00015399438044482656,1.0479906718064453,-0.00016138467421679113,2.1933116664005674e-06,0.00019666026852321167
DRI,-0.0015165957677210325,0.5889335095413715,-0.0008931740680395382,2.18115206879287e-06,0.00019556999495776427
PVLA,-0.00037908058446143336,0.7301611812145482,-0.0002767899273258615,2.1712999113106973e-06,0.00019468661483187604
CTBI,-0.00011593909871189996,0.6444611597752573,-7.471824601916909e-05,2.1564665473461602e-06,0.0001933566016900795
BBBY,-1.6406357657340635e-05,2.262147234215614,-3.7113596598105284e-05,2.1419276293002494e-06,0.00019205298963587562
RS,-0.0016355227122903774,0.722579261443913,-0.0011817947935215264,2.139835606414327e-06,0.0001918654112862937
TGTX,0.000227065578952729,0.47954326049667706,0.00010888776807755732,2.118093374719576e-06,0.00018991592403881983
SIBN,7.37153746022006e-05,0.8145110563196248,6.0041987634235255e-05,2.1069482595795395e-06,0.0001889166126460351
DAL,-0.00019281170901779227,1.88920117905538,-0.000364260108012096,2.095775845259018e-06,0.00018791485350984626
AOSL,-2.56108861130108e-05,2.759076813592299,-7.066240204996111e-05,2.0862412481625373e-06,0.00018705994699839198
HR,0.00037795170154433224,0.29790835473473853,0.00011259496957626696,2.0753597853325e-06,0.0001860842756267112
PENN,9.222589820567418e-05,1.5895654189175037,0.00014659909851634552,2.069084200206917e-06,0.00018552158393321248
ADEA,0.0001701738613180312,1.3647900291210222,0.00023225158914387257,2.062299727186661e-06,0.0001849132635078068
PAG,-7.116740787844714e-05,0.7503204531695892,-5.339836173026145e-05,2.039239574134507e-06,0.00018284560665771335
ENSG,0.00013654716080454347,0.4776266010978711,6.521855630463854e-05,1.9498609260529443e-06,0.00017483159332744752
IBKR,7.400292220211722e-05,1.6501725543001051,0.00012211759115593972,1.941417017268554e-06,0.0001740744818806968
EPR,-0.0005981846557378062,0.5779811721833735,-0.00034573946850544496,1.904630242651117e-06,0.00017077604642111595
SHAK,-0.00011946985537571598,1.5954110180212437,-0.0001906035235878218,1.895091812665516e-06,0.0001699207962389398
WSO,-5.991949150673262e-05,0.7797423345188973,-4.672176419064493e-05,1.8728231895969812e-06,0.0001679241108342216
BBY,-0.00017649956581101563,1.4498115501202753,-0.0002558911091040241,1.8694628428905405e-06,0.00016762280997682715
CYRX,-2.682571720914928e-05,1.5361520486218412,-4.120838044658485e-05,1.8651005477836547e-06,0.00016723167079663688
MCY,4.298599264209149e-05,0.6173557098100578,2.6537647999448317e-05,1.8344097200463597e-06,0.000164479820014791
ORN,3.863554439146548e-05,1.2513205079082133,4.83454490312389e-05,1.822126274056949e-06,0.0001633784417548412
NAT,0.00030354643753112263,0.3806259562321942,0.00011553765304615955,1.8120892312980129e-06,0.00016247848414535532
SHC,-7.093688132444992e-05,1.2543616254746097,-8.898050176423648e-05,1.7930567796256514e-06,0.0001607719655899308
AVB,0.001138427214891547,0.6141979466713589,0.000699219657821182,1.7839398204823556e-06,0.00015995450601010827
WRBY,-6.100728909465327e-05,1.7225175305181715,-0.00010508612495493033,1.761042362669697e-06,0.00015790143700449526
SBRA,0.00032392096846942445,0.10733942316168872,3.4769489905483584e-05,1.7463279631554812e-06,0.00015658209064622216
IDT,6.22465375753114e-05,0.6307732146750411,3.926344860876991e-05,1.7413355804233168e-06,0.0001561344555272747
GLW,3.0683995821212455e-05,1.2301353561035595,3.774546812620732e-05,1.7340314162170538e-06,0.00015547953770772986
BKNG,6.32920563620486e-05,0.9547315328211076,6.04269219859386e-05,1.730316206461033e-06,0.00015514641854394128
USLM,-4.644842465936907e-05,1.1155450969487564,-5.181531238975288e-05,1.7131974465297687e-06,0.0001536114885217107
CELH,-0.0005209202206928905,0.8105733636012241,-0.00042224405545492825,1.6817192110803534e-06,0.00015078903591228372
PECO,0.001500334851149354,0.4175046432515403,0.0006263967667869639,1.672683485614916e-06,0.0001499788600382589
J,-0.0004766710924094012,0.893506025677607,-0.0004259084933341274,1.666773630941983e-06,0.00014944896106187697
CNXN,-0.00015367026213477318,0.6269697100253597,-9.634659969015976e-05,1.660502465511612e-06,0.0001488866656542598
NABL,-9.625842575737426e-05,1.0382155324166098,-9.993699274727703e-05,1.647587679552093e-06,0.00014772867916577914
TWST,-2.046005520473829e-05,1.6669215679735472,-3.410530730270769e-05,1.6312664199018703e-06,0.000146265255907416
ESTC,0.00027970050604062295,1.4039359471614417,0.0003926815948696765,1.6130476590115618e-06,0.00014463169581482407
CSL,-1.8453500235222614e-05,0.9174609795115736,-1.6930366401224393e-05,1.5964673546145324e-06,0.0001431450456661621
YOU,7.711239647326976e-05,0.7163156812338355,5.523681881132384e-05,1.5941576591819109e-06,0.00014293795000759954
FCPT,-0.00019035681504124132,0.21510862050554636,-4.094739188735086e-05,1.573938861876519e-06,0.00014112505940559034
RARE,4.108177925797563e-05,0.9334837874464158,3.834917489677269e-05,1.5557518400437183e-06,0.00013949434515185834
ONB,-0.00023547250648467644,1.2214738617124403,-0.0002876235118229454,1.5434014214932145e-06,0.00013838696188949595
NBHC,-6.174395204415074e-05,0.786198209229985,-4.8542984527893385e-05,1.54046711268865e-06,0.00013812386113355886
CMCO,-1.1509424119181812e-05,1.5364688615199933,-1.768387177315003e-05,1.536534847992073e-06,0.00013777128003759345
CMP,-6.324534997764834e-05,0.6506670472885986,-4.115166512469048e-05,1.527678082858234e-06,0.00013697715039512172
UVE,1.661848577162334e-05,0.46167867222824116,7.672400445486982e-06,1.4918365842063482e-06,0.00013376347180254775
SABR,-2.8339801672369463e-05,1.8588913250548322,-5.268061148254202e-05,1.4865811213960266e-06,0.000133292247970876
ITIC,0.00018787232876742578,0.8480165685413349,0.00015931884756522193,1.4809942221886536e-06,0.00013279130635133083
NCLH,-0.0006807166501721435,1.8080231446724004,-0.0012307514584751012,1.4743517262176875e-06,0.0001321957161024273
VVV,-9.50754873037293e-05,0.6684263379386242,-6.355095980616193e-05,1.474290379049179e-06,0.0001321902154930899
KIM,-6.213181358241134e-05,0.726997426223333,-4.516966856100097e-05,1.4650697470569986e-06,0.00013136346023011726
OGS,6.094722193026152e-05,0.16039357486292904,9.775542803358952e-06,1.4643817980416638e-06,0.00013130177622954473
UAA,-5.0831273286744995e-05,1.217363742050962,-6.188014906156699e-05,1.4424357134531487e-06,0.00012933401079322926
THFF,-0.0004659520817525221,0.7671366375840315,-0.0003574489132709096,1.440769379084121e-06,0.0001291846012179817
MYRG,4.424042755210588e-05,1.337451340343861,5.9169419126949485e-05,1.4351633722806158e-06,0.0001286819463421566
PRGO,-1.7221013651947784e-05,0.6845552541628035,-1.1788735377450224e-05,1.432490160628643e-06,0.0001284422565026551
UCB,-7.212512600417609e-05,1.0512426845533216,-7.582101108437667e-05,1.4146590238816915e-06,0.0001268434521947911
DRVN,-0.00022333897422863338,0.7388498686235048,-0.0001650139717673341,1.3982567023444723e-06,0.00012537276063402116
OTTR,-0.00010921137944371706,0.43556697849204223,-4.756887056124777e-05,1.3934339715049163e-06,0.00012494033711827032
ARWR,0.0005014915638924926,1.7157770359235929,0.000860447709036148,1.386384344258794e-06,0.00012430824200454388
SBGI,6.324366102652625e-05,0.8908770477116302,5.6342326021786794e-05,1.371348323606667e-06,0.0001229600579300842
CI,-0.0005969553848257873,0.18635361566821548,-0.00011124479435489643,1.3686141382944754e-06,0.00012271490097135148
FTK,-0.00014805644257770122,1.7524600394964454,-0.00025946299920742147,1.3682489849492166e-06,0.00012268215999977373
OSCR,0.00010712287342454598,1.0175621881186991,0.00010900418547944345,1.3671126411176717e-06,0.0001225802712958245
ZD,-7.800308604571541e-05,1.287654758680217,-0.00010044104493850788,1.358698291180502e-06,0.0001218258102023823
NJR,9.157889616283934e-05,0.08347539160856748,7.644584220273351e-06,1.3441075423170802e-06,0.00012051755080934116
HWKN,-3.432027071683733e-05,0.7741597488796139,-2.6569372159627154e-05,1.3394634074173615e-06,0.00012010114085245822
COLB,-5.0050807525317024e-05,1.1349262901412798,-5.6803977303283295e-05,1.3391790971752923e-06,0.00012007564856633867
STGW,-5.569445133542199e-05,1.0672120660144289,-5.943779047521577e-05,1.3380700936150986e-06,0.00011997621129014946
TRUP,0.0001445831573244073,1.2986089804853904,0.00018775698652840736,1.3290141251245268e-06,0.0001191642203531677
ORC,-6.961689519948541e-05,0.6262020285022856,-4.359424099194879e-05,1.3105562825763591e-06,0.00011750922333314144
ODFL,-2.570318569152089e-05,1.1632676490343434,-2.9899684392068682e-05,1.3103367052257595e-06,0.00011748953523254359
INVH,0.000540208110886945,0.395737334401924,0.00021378051782469857,1.3004138040452269e-06,0.0001165998119704158
STRA,-0.00011548504418235693,0.5637816539334012,-6.51083492137011e-05,1.2939507425997693e-06,0.00011602031047100893
QNST,0.00016333533188881203,1.1537354980080994,0.00018844577047905675,1.2564153155529464e-06,0.00011265474812287456
SO,6.721750721198524e-05,0.028376095306953723,1.9073703909431425e-06,1.256118660724379e-06,0.00011262814897641557
CPNG,4.7443652104248644e-05,1.0082147300494815,4.783338889884656e-05,1.2426612497296673e-06,0.00011142150876180785
ROAD,0.00021161782248124995,1.2732693779975093,0.00026944649320388844,1.2349730492038785e-06,0.00011073215685481544
NEOG,-1.9882928300219883e-05,-0.13731732838299782,2.7302705946168943e-06,1.2299828300396082e-06,0.00011028471572920213
SVRA,0.0001762856561926337,0.7067500030569619,0.00012458988805304238,1.228076734446281e-06,0.00011011380829413167
CVI,0.00020095657231356738,0.8812773185440423,0.0001770984691923026,1.2247306278280574e-06,0.00010981378425462657
STBA,-0.00010053402156639095,0.7701001714385348,-7.742126724368302e-05,1.2183210169531802e-06,0.00010923907532698417
TFX,5.486109320786424e-05,0.7979568654823415,4.377678597308192e-05,1.2150878035145917e-06,0.0001089491736988817
TER,2.8803390285856376e-05,1.8573462165490489,5.3497867971220965e-05,1.212848112171048e-06,0.00010874835486051148
RIGL,8.226211229468106e-06,0.8747966888714734,7.196262345496032e-06,1.1963491117194755e-06,0.00010726899471809465
KEX,-0.00021104324152303972,1.0411941184197337,-0.00021973698180602428,1.1762078806998424e-06,0.00010546305899022364
MARA,-9.153999910219809e-06,2.1144352043139403,-1.9355539670455412e-05,1.17242646345074e-06,0.00010512400342279158
EIX,7.705699806622945e-05,0.5990414087933157,4.616033267897789e-05,1.1700099493882592e-06,0.00010490733001896225
SEB,8.349541280034207e-05,0.35969882056507846,3.00332015068774e-05,1.1688106422998628e-06,0.00010479979580134105
AMC,-1.8049671469086472e-05,0.948809057785208,-1.7125691779916486e-05,1.1661160400946768e-06,0.00010455818800735855
CVS,2.503798570359799e-05,0.3148771551120301,7.883889708084616e-06,1.1622828418517515e-06,0.00010421448956846159
PWP,-3.0251252225477536e-05,1.594401811169498,-4.823265133844669e-05,1.1592793634624974e-06,0.00010394518681701828
NWL,-1.2915244467663175e-05,1.6456496822749478,-2.1253967954713183e-05,1.1586872454312419e-06,0.0001038920953695929
FISV,-0.0001337790392015522,0.7007321811902094,-9.374327793723421e-05,1.1580737865124346e-06,0.00010383709042088966
ACM,0.00022025621319577568,0.7820481129648733,0.0001722509558985452,1.1546712024665774e-06,0.00010353200241065297
WKC,-3.9943315336156296e-05,0.7441618341493411,-2.9724290802559576e-05,1.1458160738453339e-06,0.00010273801950382824
TREX,-7.239370485134935e-06,1.2807554851622498,-9.271863457958265e-06,1.1385034033737316e-06,0.00010208233898172208
PKE,-4.700904845638697e-05,0.7670705322628444,-3.6059255820610594e-05,1.136559060944877e-06,0.00010190800219684229
NTLA,-1.4022354200531456e-05,1.4326837105620398,-2.008959844683261e-05,1.127698856791127e-06,0.00010111356419938864
ARMK,0.0017790921472244116,0.8598515324970193,0.001529755109244323,1.1226149251531225e-06,0.00010065772047393927
NIC,-5.075382345757025e-05,0.7335707385582824,-3.723151975842649e-05,1.1043261292459906e-06,9.901788078806132e-05
PRLB,-0.0003869275652398806,1.3186387148037986,-0.000510217667350079,1.1027524972636104e-06,9.887678324458293e-05
AMN,-2.182951828793336e-05,0.8742184490559847,-1.9083767621316358e-05,1.102120482394082e-06,9.88201145021255e-05
PB,-0.00021517272752295208,0.7433071308707818,-0.00015993942273672602,1.0952257573795214e-06,9.820190848356072e-05
IRWD,0.00012030456295854788,0.9385327074139364,0.0001129097671877363,1.09491389859132e-06,9.817394609500985e-05
PHR,5.483789019955725e-05,1.0295570236970286,5.645873501968061e-05,1.0772501543564068e-06,9.659015080609676e-05
MBIN,-2.695092537119564e-05,0.915243937671934,-2.4666671060635527e-05,1.0559014959716664e-06,9.467595276718176e-05
DKS,-1.460841129569535e-05,1.4643557040124302,-2.1391910407411103e-05,1.055130155623352e-06,9.460679159763797e-05
DHT,6.10907231336487e-05,0.41944193335515856,2.5624011021242323e-05,1.0478881439832604e-06,9.395744660230227e-05
CDRE,-2.019246114227181e-05,0.8325629112753837,-1.681149423442488e-05,1.046059173099932e-06,9.37934544480879e-05
MAC,-7.500944860940363e-05,1.2909922609335858,-9.68366176516356e-05,1.02796278451175e-06,9.217086669935604e-05
IDYA,-0.00011745092201762388,0.9857394350830906,-0.00011577600551964069,1.0216460073745482e-06,9.160448158089175e-05
ACHR,-9.699404012094297e-06,2.24615756870307,-2.178638973367453e-05,1.0034181176268702e-06,8.997010296188193e-05
RXO,-1.1011573325393168e-05,2.0182823058381243,-2.2224463602080105e-05,1.0025165557536486e-06,8.988926565873249e-05
SNPS,9.339070850835872e-05,1.3384579843538142,0.00012499953946747242,9.784911730941683e-07,8.773506282583542e-05
COO,-4.70896794218118e-05,0.8118803690185791,-3.823118630594716e-05,9.61402898575608e-07,8.620286623613073e-05
LTC,-0.001333838423699843,0.16537600242482944,-0.00022058486639211592,9.464961058928724e-07,8.486626920949036e-05
MAT,5.870905606497716e-05,1.1880126368374866,6.974710050199335e-05,9.414001471336846e-07,8.44093470887916e-05
CDNS,0.00010189056450620827,1.294511335950902,0.00013189849077972323,9.360688928058748e-07,8.393132751513329e-05
FOXF,-1.063551279247068e-05,1.5668089129732163,-1.6663816237283722e-05,9.266714956625706e-07,8.308872284844022e-05
WHR,-8.752438767015557e-06,0.9965002198105724,-8.721807155209578e-06,9.220219458033202e-07,8.267182736667186e-05
EBAY,0.0001773549461251336,0.5767865089489645,0.0001022959402203475,9.202950888530641e-07,8.251699111756921e-05
RXRX,-1.684163839710195e-05,2.373659622348261,-3.997631703739099e-05,9.153458311767419e-07,8.207322274733417e-05
OHI,0.00012641277685429856,0.1378728514209336,1.742889000094034e-05,9.084044755421053e-07,8.145083565847005e-05
BAND,0.000249083275626722,1.2696699125082997,0.00031625354077226086,9.045610073778333e-07,8.110621638122589e-05
IR,-2.65261279361572e-05,1.2001321683338881,-3.1834859437522465e-05,9.002651613125767e-07,8.07210352627968e-05
HTO,-0.0001785695718078183,0.035585516400481784,-6.354490426194128e-06,8.909987727317823e-07,7.989017729835161e-05
ENR,-2.3921202456578087e-05,0.7161504806934214,-1.713118063804305e-05,8.818320021442026e-07,7.906825144400983e-05
RITM,0.00013084452708870688,0.7784600050351288,0.0001018572312162938,8.736384349212461e-07,7.83335865284331e-05
GTLB,-5.438887556820687e-05,1.4669970015601212,-7.978831737678601e-05,8.725336229232126e-07,7.823452508288965e-05
SBCF,-4.347227704408996e-05,0.9895775131767555,-4.3019187809421494e-05,8.652027345181149e-07,7.757721107487812e-05
PEBO,-5.6712339027463555e-05,0.6683964553176964,-3.79063263787321e-05,8.597465317910918e-07,7.708798817516395e-05
EBC,-5.722774594485151e-05,0.9610012448281032,-5.4995935091708734e-05,8.544258826984629e-07,7.661091950530575e-05
EQBK,-4.829710014817861e-05,0.7078714627823921,-3.418813893003888e-05,8.515591550486701e-07,7.635387832049485e-05
CDZI,0.00017730100883881094,1.2063219305233692,0.00021388209526617536,8.50634521175288e-07,7.627097229824066e-05
PRVA,0.0002633017739138495,0.5362242664417481,0.00014118880056976496,8.442089884516582e-07,7.56948357599677e-05
SSD,-1.0803504162894355e-05,0.8397647069620011,-9.072401507515737e-06,8.196653818253579e-07,7.349416708911826e-05
HCI,1.7355453972254325e-05,0.2906239346236942,5.043910320596975e-06,8.103132243554985e-07,7.265561877541134e-05
TCBK,-5.103132737335767e-05,0.7710676381596755,-3.93486050699281e-05,8.07851949003836e-07,7.243493191226168e-05
COUR,3.578358663131468e-05,0.9504729457610464,3.401133099536126e-05,8.050804796746119e-07,7.218643193351333e-05
HTZ,8.014841065187396e-05,0.8430994734600289,6.757308281925311e-05,7.882162522088018e-07,7.067432421409128e-05
PAYC,0.0014759871877716262,1.0283431252315438,0.0015178212774747916,7.775632107646005e-07,6.971913393124212e-05
BLFS,-1.823278164224822e-05,1.3179907267219533,-2.4030637126829422e-05,7.620220937119165e-07,6.832566108397129e-05
DY,1.25135813031424e-05,0.9968240105298237,1.2473838300689425e-05,7.554099658896713e-07,6.77327937532802e-05
LNC,1.8540691219681724e-05,1.433932859819282,2.6586106383664467e-05,7.500856833322749e-07,6.725539929380998e-05
ALLO,-1.5408694407566285e-05,1.2753377838235247,-1.9651290177359526e-05,7.369466351507797e-07,6.607730464219454e-05
EXPE,5.123374845127748e-05,1.4982233894707617,7.675960025996534e-05,7.347718951057935e-07,6.588230957251662e-05
PATH,0.0002621369530542326,1.3795126533002569,0.00036162124363588925,7.235824643076056e-07,6.48790246773039e-05
ANGO,7.901810022012843e-05,1.009570764260033,7.977436382961093e-05,7.164761336185897e-07,6.424184532749901e-05
DNLI,-0.00011023667652821577,1.326466124163327,-0.00014622521705502878,7.064809348214447e-07,6.334563959919262e-05
PLAY,-7.410540140501595e-06,0.9879715701289037,-7.321402978114628e-06,7.024906675823442e-07,6.298785778517041e-05
BUSE,-4.8751829186027384e-05,0.8049495813017583,-3.9242764490987586e-05,7.014248912156245e-07,6.289229641572364e-05
BBSI,0.00010499026992827234,0.6421688177750388,6.742147751772086e-05,6.947757876210532e-07,6.229611370335384e-05
AFL,1.436692674272378e-05,0.46383373009279594,6.663865221047513e-06,6.884930364299983e-07,6.173277947446831e-05
QURE,1.0899962617955516e-05,0.9384057122000833,1.022858718345683e-05,6.856396016111336e-07,6.147693017302711e-05
INVX,-1.778478277937845e-05,1.2679482653935596,-2.255018447551416e-05,6.828306348101081e-07,6.122506803513541e-05
ABUS,1.349798701185313e-05,0.8353989400977125,1.1276204043154795e-05,6.766773457471996e-07,6.0673341849591325e-05
MATW,-8.668797930843782e-06,0.9473707955028104,-8.212565991796591e-06,6.554342378320375e-07,5.876860784809882e-05
HMN,1.4600699916270757e-05,0.3929855806455677,5.737864534427355e-06,6.380913292128038e-07,5.721357984260371e-05
INVA,7.207172015763198e-05,0.06339437996981456,4.568942012751066e-06,6.372707679930704e-07,5.714000535144289e-05
LE,-1.5263329037977433e-05,1.3119352777598392,-2.0024499820978744e-05,6.349910942983795e-07,5.6935601550646565e-05
WWD,1.9842747886892564e-05,1.1479327367816357,2.2778139887068598e-05,6.285004345792579e-07,5.6353625490057766e-05
AVNT,-2.6905603986644557e-05,1.373290832678637,-3.694921930254076e-05,6.280938674861367e-07,5.63171712118397e-05
ES,0.00017990924743403405,0.40083748948738085,7.211437107702223e-05,6.274228446646898e-07,5.625700487512043e-05
TENB,-6.330524668290207e-05,0.8743285619374711,-5.534958529535863e-05,6.073455792510537e-07,5.4456804535176424e-05
GXO,0.0006116720290298909,1.1910067518163423,0.0007285055164718017,6.060534019832776e-07,5.43409432408819e-05
PRU,0.00012274305617791182,1.0237594033663577,0.00012565935796006233,6.010309858128229e-07,5.389061521507156e-05
UWMC,-5.557905177949058e-06,0.9126020433800442,-5.072155622308839e-06,6.001874978202694e-07,5.3814985026415384e-05
IBCP,-4.8121228803508504e-05,0.691916200200082,-3.3295857782682346e-05,5.97971898758996e-07,5.361632638933949e-05
S,-0.00013053050220583495,1.4060613155904107,-0.0001835338896562133,5.768137132226945e-07,5.17192068359376e-05
XOM,-0.0010832530780955695,0.5235364639131531,-0.0005671224860291931,5.761863959462573e-07,5.1662959296692146e-05
IPGP,-1.188051288853987e-05,1.6496303730605033,-1.9598454908472143e-05,5.662570780863098e-07,5.077266069184582e-05
CNO,1.6228084415429563e-05,0.9592168946437707,1.5566252738985315e-05,5.554720590156131e-07,4.980563681696172e-05
AXGN,4.9606870233305095e-06,0.7092808862931305,3.518520488530695e-06,5.523635383938781e-07,4.952691559847498e-05
MATX,-0.000569882581067693,1.2204153231564956,-0.0006954934343349863,5.488881137438418e-07,4.921529643582767e-05
ADI,0.00015899185689032138,1.5777801146726758,0.00025085419019643294,5.469800999618238e-07,4.904421700901122e-05
AMH,0.0002509680228598264,0.4591247288121874,0.00011522562543604865,5.433660101327753e-07,4.8720164624146964e-05
BKH,1.4887371519813313e-05,0.2506856905137757,3.732051009379519e-06,5.430017617092733e-07,4.86875047911317e-05
FLEX,1.6361814086145122e-05,1.6583391233729277,2.713343642840872e-05,5.310157679149378e-07,4.7612797172410146e-05
GL,1.5463654024568997e-05,0.740167844033185,1.1445699460240319e-05,5.287589330798262e-07,4.741044118648957e-05
SXI,-1.9648342104190204e-05,1.177591874125346,-2.3137728001929284e-05,5.240509011430776e-07,4.6988301989821596e-05
FITB,-0.00012604391757486532,0.9971220978301502,-0.00012568117551098023,5.183030684675724e-07,4.647293049259777e-05
EG,1.0988912820194336e-05,0.46733603461905965,5.135514942164169e-06,5.080971771140237e-07,4.5557833306523236e-05
ESS,7.804329652033485e-05,0.6410377912477726,5.002870242309043e-05,4.989840624735186e-07,4.474071843874629e-05
TDAY,-0.00011919457766633454,1.1090043790950874,-0.0001321873085963545,4.9751777044605e-07,4.460924538442717e-05
ACT,0.00013640869831237944,0.4059963627017295,5.53814353557036e-05,4.96207888043198e-07,4.449179658359101e-05
APEI,3.36536500812755e-05,0.7508763762586111,2.526973082090346e-05,4.924165609485879e-07,4.4151852463515757e-05
FCBC,-1.8739426886401467e-05,0.6074297519840962,-1.1382885425930948e-05,4.870912953818235e-07,4.367436986386499e-05
EVCM,-2.9281895167351116e-05,1.1081279519399705,-3.244808652071771e-05,4.835638770690061e-07,4.335808876108364e-05
LZB,-1.1553256992404436e-05,0.8909747195513401,-1.0293659908712102e-05,4.813356380891673e-07,4.315829678312543e-05
BCSF,-0.0002649850614820538,0.774083982530849,-0.00020512069170321008,4.809970358377851e-07,4.312793647879683e-05
ETD,-5.799187115553869e-06,0.8949396616034576,-5.1899225547689115e-06,4.730540283945053e-07,4.2415737660632155e-05
DCOM,-2.6740421340798333e-05,0.8829238904850377,-2.360975684342679e-05,4.699841144538357e-07,4.2140478057009106e-05
EPRT,0.0001831213962032694,0.45359759183887344,8.306342433197522e-05,4.678250877691799e-07,4.194689190413463e-05
EBF,-3.620486617267107e-05,0.4757874557817659,-1.722582116321449e-05,4.674178136872827e-07,4.1910374234742076e-05
WINA,-1.5557846296866394e-05,0.5185633582097549,-8.067729022214235e-06,4.6305472093847066e-07,4.1519163535087524e-05
GHC,0.0003866023158898382,0.7893520384240588,0.00030516532610710566,4.6257140344821945e-07,4.147582753826098e-05
CPS,0.0001263624206097242,1.3885387533297713,0.00017545911798115863,4.624425482737229e-07,4.146427391658227e-05
LKFN,-1.9660383083791653e-05,0.6994206503368563,-1.3750877922337286e-05,4.551728296264127e-07,4.0812444610620274e-05
MLR,-7.728630748624527e-06,0.9641470524074012,-7.451536555431544e-06,4.4871268473639165e-07,4.023320462013806e-05
LBRT,-0.00011951740035405002,1.902540831046889,-0.00022738673419415807,4.4412641317618535e-07,3.982198289986576e-05
WMK,7.93477253460406e-05,0.21776172922292247,1.7278897881259312e-05,4.3727759092342664e-07,3.920789268919103e-05
AORT,7.541023552918988e-06,0.7029925014263256,5.301283010781357e-06,4.3199486755958355e-07,3.8734224577548614e-05
AWR,-0.00040186037227394033,-0.02892466886205094,1.1623678196804241e-05,4.27921185041348e-07,3.836896344745613e-05
GEN,-0.00013741911309619515,0.891396430648479,-0.000122494906916828,4.2603381126544797e-07,3.81997346783495e-05
AI,-6.838755792039072e-06,1.843001844027843,-1.2603839535584102e-05,4.251468391770933e-07,3.812020554815767e-05
SLGN,-9.460117786260618e-06,0.6612798466339962,-6.255785238837961e-06,4.2447458641465746e-07,3.8059928930474306e-05
GPRO,-1.1739071734378614e-05,1.6534926282742402,-1.941046857557754e-05,4.238422298516724e-07,3.800322955054389e-05
GNW,1.505948803492185e-05,0.9124818286595526,1.3741509180782142e-05,4.2381116397671313e-07,3.800044407166964e-05
APAM,-1.316410240082508e-05,1.1230183823735909,-1.4783528983574885e-05,4.14303498649186e-07,3.714795236017074e-05
FWRD,-5.842512443209543e-06,2.5359083041681196,-1.481607582194065e-05,4.102571469175677e-07,3.678514180740269e-05
AAMI,2.0756839194719306e-05,1.031514790106394,2.1410986625213054e-05,4.065477979671668e-07,3.645254814467473e-05
AGM,4.639268560499141e-05,0.7051044324431511,3.2711688253021014e-05,3.931838995139738e-07,3.5254292603256435e-05
JACK,-4.222940519073956e-06,1.0779477702993705,-4.5521093166426375e-06,3.890005096010476e-07,3.487919471077884e-05
POWL,-6.998956733451516e-06,1.540558138036559,-1.0782299753484505e-05,3.728641500173339e-07,3.343235026211549e-05
MGY,-9.126841174542224e-06,1.1693537393196234,-1.0672505855627254e-05,3.690081929046216e-07,3.308661118051727e-05
NUS,9.725243908891621e-05,0.9743967669439585,9.476246222565421e-05,3.6674839861131065e-07,3.288398983885493e-05
WHD,-7.413651871292031e-06,1.45192360053643,-1.0764056118089968e-05,3.6584398758809684e-07,3.2802897070597115e-05
KNSA,6.147919540640949e-06,0.4897627842190805,3.0110221913792016e-06,3.612773798819586e-07,3.239343848270608e-05
AGO,1.6964816434938795e-05,0.609110894720141,1.0333454517448522e-05,3.5093391875379644e-07,3.146600629234072e-05
SR,1.5337737206266263e-05,0.17364933670594848,2.663387892438284e-06,3.4633456944909545e-07,3.1053611974127416e-05
IVR,-2.7818274121082296e-05,0.7036760230248822,-1.957505250093919e-05,3.4430328277391153e-07,3.0871479453196244e-05
DUK,1.0573382726739525e-05,-0.04157970563648027,-4.396381413596746e-07,3.4253559418678606e-07,3.071298209163339e-05
MHK,-4.049774961633993e-06,1.1071395556833334,-4.483666051640948e-06,3.3882729145585624e-07,3.0380482236732772e-05
SPNT,5.449304607358841e-06,0.5762448076745887,3.1401334854277457e-06,3.368669813553517e-07,3.020471373257547e-05
DK,1.9005329801207233e-05,1.34365717621992,2.5536647773818405e-05,3.3403879144119045e-07,2.995112798073093e-05
POR,1.7393638444802814e-05,0.2356782754476248,4.099302712430634e-06,3.328347170895461e-07,2.9843166313019158e-05
JXN,1.6867208657978373e-05,1.3548504677405175,2.2852545539738906e-05,3.2840508641957446e-07,2.9445989582342807e-05
TYL,0.0006704882416219413,0.6218527371742285,0.0004169449482957397,3.2427862847061843e-07,2.9075996415971155e-05
PZZA,-4.8310493653692626e-06,0.7919425012339315,-3.8259133179951316e-06,3.1795270278711994e-07,2.8508791005708456e-05
FPI,-1.3999017496885552e-05,0.47311598925608317,-6.623159011652225e-06,3.1219945393717084e-07,2.7992933874665772e-05
BBW,-5.398369682911016e-06,1.4465761516481406,-7.80915284107941e-06,3.1038992102002576e-07,2.783068459890673e-05
WEX,-1.2555587223914213e-05,1.4657645662088867,-1.8403534860758456e-05,2.962908887263605e-07,2.6566514294583347e-05
HRTG,6.263182895050618e-06,0.32126778040067777,2.012158866936403e-06,2.8196610564677957e-07,2.5282102357090532e-05
RGR,-7.233181045711718e-06,0.38056574578480373,-2.7527009390577863e-06,2.7953779327128444e-07,2.5064371073781022e-05
RHI,-6.562705610664689e-06,1.0643806191356202,-6.985216661084091e-06,2.6851796926618356e-07,2.4076293737978495e-05
RDNT,-0.00040620240015021205,1.0926153251540378,-0.00044382296751847454,2.671036008687625e-07,2.394947634440486e-05
SMBK,-7.339413704125826e-05,0.7553682161105594,-5.543959836982918e-05,2.6539627910198434e-07,2.3796391690612298e-05
ASC,2.3510679548695232e-05,0.4436648356468561,1.0430861777917771e-05,2.608431957335475e-07,2.338814574382681e-05
ACLS,-6.479606471235943e-06,1.655647457687221,-1.0727943980915455e-05,2.429263571282464e-07,2.1781657096917812e-05
WTM,1.3793653773267141e-05,0.3603040075355846,4.969908733066489e-06,2.4212016811983163e-07,2.1709371270282196e-05
CXT,-5.426576722289567e-06,1.1729520930625814,-6.36511452457423e-06,2.408162509909772e-07,2.1592457337519803e-05
KODK,5.6986360671555005e-06,1.7043887495339425,9.712691200548187e-06,2.406503738404918e-07,2.1577584191374614e-05
NSP,-6.613843661714769e-06,0.8312875753033797,-5.4980060609824965e-06,2.405502815235831e-07,2.156860955169074e-05
ALHC,2.8377511547430302e-06,0.0509445481939022,1.4456795046510791e-07,2.3050873180540228e-07,2.0668247831914085e-05
URGN,-3.237614825158474e-05,1.0669197930867709,-3.454275339352741e-05,2.303541720867096e-07,2.065438944769692e-05
NWN,1.0004642432454627e-05,0.09320456489711035,9.324783448681012e-07,2.1816631256282776e-07,1.9561581816475374e-05
RDWR,0.0001089967806911786,0.8454250122924206,9.214860465567395e-05,2.0885235206888435e-07,1.872645838198443e-05
OLLI,-0.0006716828667915688,0.7913366136240249,-0.0005315272452361171,2.048564449043505e-07,1.836817087181918e-05
AVNS,-1.1734336810736248e-05,0.8193741313943819,-9.614812031786134e-06,2.0239935935015102e-07,1.8147859681086142e-05
PGNY,6.0563653402553535e-06,0.5549066430145086,3.3607173598305207e-06,1.990705415845549e-07,1.7849385822730523e-05
RYAM,-2.7407174678257244e-06,1.2832989880963646,-3.5171599531187827e-06,1.8570290551541744e-07,1.665079515312843e-05
CMRE,7.938763438202087e-06,0.877046762933149,6.962666775167176e-06,1.8543534844836597e-07,1.6626805017363557e-05
LAND,-5.836728966699386e-06,0.4657425938610686,-2.7184132886146067e-06,1.8453537619278048e-07,1.65461102450892e-05
SIG,-6.2035220419216665e-06,1.5271096727817675,-9.473458515533478e-06,1.838715195188321e-07,1.6486586451111544e-05
ECVT,-8.687913622666991e-05,1.176917238065824,-0.00010224955305343682,1.7848179672229668e-07,1.6003324382765463e-05
BLX,6.924019583185062e-06,0.7370860757896859,5.103598423260814e-06,1.7524534215006142e-07,1.5713132142880334e-05
SFL,-4.191152107659968e-05,0.777031579992021,-3.256657544201914e-05,1.7430824503132856e-07,1.5629108620904194e-05
TMUS,4.409465675986861e-06,0.24972726164728545,1.1011637885918953e-06,1.626535111822636e-07,1.4584102968750295e-05
GPK,-6.876162277057122e-06,0.48130524863516994,-3.309532994414754e-06,1.6240837475733614e-07,1.4562123148969294e-05
ACIC,4.826044108622703e-06,0.39555782949719953,1.9089795326645432e-06,1.5911173205226125e-07,1.4266534223083048e-05
MLAB,-2.6698617927340353e-06,1.4666326330491015,-3.915706430954713e-06,1.5810317293177866e-07,1.4176103159183616e-05
ADUS,-8.561063712178101e-05,0.4670776432143617,-3.998681462092142e-05,1.5732869223797297e-07,1.4106660414888263e-05
GEHC,-1.635217625526333e-05,1.3159424384647183,-2.151852269555609e-05,1.5599530113713484e-07,1.398710373903853e-05
ESRT,-2.0772565743568387e-05,0.8277857862768445,-1.71952346670272e-05,1.4898047955443393e-07,1.3358129427165959e-05
HSTM,-1.9337793958123982e-05,0.5260170946604724,-1.0172010194995213e-05,1.4886050053286987e-07,1.334737167350997e-05
ESQ,-9.951069236116449e-06,0.6509823768493341,-6.477970703519373e-06,1.4810461690015478e-07,1.3279596409073428e-05
RSI,6.571498990176392e-06,1.2253234265686799,8.052211660335556e-06,1.479562483855878e-07,1.326629315064367e-05
EVTC,8.356524969759847e-06,0.7166363765836303,5.988589775159327e-06,1.465850717017592e-07,1.3143348482557794e-05
CPRT,-3.228489771540608e-05,0.5757977717079629,-1.858957216435032e-05,1.4007911995184237e-07,1.2560001283097799e-05
INSM,3.69069316262157e-06,0.5729213374279578,2.114476862765369e-06,1.384475691825391e-07,1.2413710531393096e-05
CSR,1.6226664890250892e-05,0.414963652056879,6.733476123561646e-06,1.309446036407529e-07,1.1740967464016097e-05
ACHC,-4.181948954031045e-06,0.6626703339180943,-2.7712535097961774e-06,1.3053470309485883e-07,1.1704214296348124e-05
KLAC,-3.412119818301998e-05,1.7285633291774258,-5.898065192676375e-05,1.283027144205275e-07,1.1504086107199743e-05
AKR,-7.227772857984995e-05,0.7960578862745963,-5.753725583800433e-05,1.2813541854108807e-07,1.1489085752677679e-05
NPKI,0.0005731240165282586,1.3143361158904296,0.0007532775938072739,1.259989279057004e-07,1.1297520263609636e-05
IPI,5.194764783566131e-06,0.8396689550122135,4.361882717351221e-06,1.245632311604781e-07,1.1168790493117569e-05
VSEC,-4.041373880694367e-05,1.1856853395015656,-4.7917977617838606e-05,1.1845557244176006e-07,1.0621155689513758e-05
BOKF,-1.1323474410230907e-05,0.8357233064834453,-9.463291474998855e-06,1.1843476949628907e-07,1.0619290422071347e-05
ARDX,4.120461840312565e-06,0.6338598187626439,2.6117951953189123e-06,1.1746037560442575e-07,1.0531922736321653e-05
BNL,0.00011000547727217067,0.38749669402445297,4.262675876754823e-05,1.1717768937841836e-07,1.0506576065364645e-05
WDFC,-6.968515012446908e-05,0.13943460354972578,-9.716521280908472e-06,1.132943526049108e-07,1.0158382024206162e-05
IRDM,-2.3363624229704256e-05,0.9412821082658493,-2.1991761471667103e-05,1.1152422143494292e-07,9.999665651818246e-06
SENEA,8.808074942104193e-06,0.11010811663085193,9.698405430184929e-07,1.083363902260272e-07,9.713833158809684e-06
GOOD,-1.241502631163944e-05,0.4900540011353072,-6.084033318219024e-06,1.0687042466172648e-07,9.582389376360706e-06
HNRG,3.6337377483730208e-06,1.3806380771944677,5.016876697942682e-06,1.0626104971709901e-07,9.527750611575205e-06
PSN,-5.820799010632984e-06,0.6763022065064792,-3.936619214521818e-06,1.0293090756826242e-07,9.229158004221124e-06
CACC,-7.329605659241013e-06,1.1227571160739174,-8.229366911928503e-06,1.0285948939331818e-07,9.22275439196796e-06
CENX,4.308846996132127e-06,1.7840458508161712,7.687180605251243e-06,1.0275764307432991e-07,9.213622482104368e-06
DLB,0.0002901483478571316,0.8167363579551381,0.00023697470489553418,1.0022588177209346e-07,8.986615593315237e-06
SWKS,-1.682682504063775e-05,1.7249664586304732,-2.9025708800343465e-05,9.973420603903995e-08,8.942530166164188e-06
LRCX,0.00031844523821873336,1.9232870106005204,0.0006124615902536783,9.92234320986336e-08,8.896732324565224e-06
BANF,-9.8568428513485e-06,0.7802890181193681,-7.691186230235634e-06,9.687019587510674e-08,8.685732640978613e-06
RES,-7.860432616414923e-06,1.2017838479274905,-9.446540956129879e-06,9.576784356742683e-08,8.586891740181653e-06
TFSL,-7.364814044516137e-06,0.5867006969094563,-4.320941532526168e-06,9.458627792872885e-08,8.48094828520269e-06
CE,-3.7476820958559337e-06,1.8628985871831756,-6.981551681581701e-06,9.391072401217739e-08,8.420375674084022e-06
BHVN,-2.1421125603202064e-06,1.3897920653292264,-2.9770910393750967e-06,9.341057058930567e-08,8.375530106556369e-06
CARG,2.7579595547821265e-05,1.1447727371549203,3.1572369084905e-05,9.30004731820465e-08,8.338759287585341e-06
CAR,-2.3357061978651292e-06,1.4239055660137208,-3.3258250557129027e-06,9.24130785388178e-08,8.286091356239302e-06
GLOB,-3.30266019758479e-06,1.5577243795978313,-5.144634307305218e-06,8.512340512378307e-08,7.632472833523875e-06
PLSE,-2.566368247008249e-06,0.8898694548368065,-2.2837327128757214e-06,8.133325732721829e-08,7.292634453582955e-06
EYE,-6.7007304594423415e-06,1.2438559428307734,-8.334743403284535e-06,7.539453934237903e-08,6.760147488108155e-06
ARQT,1.9797360006247224e-06,1.1352401974418758,2.2474758882319992e-06,7.434562957107913e-08,6.666098438700151e-06
UPST,-3.7957425414879697e-06,2.4195599290156204,-9.184026554244203e-06,7.10152504318379e-08,6.367484581927974e-06
CMCSA,4.227810887061207e-06,0.5825836097887316,2.4630533280882175e-06,7.009434150842766e-08,6.284912552180606e-06
DOMO,-2.8293972603556625e-06,1.466178833485785,-4.148402374656142e-06,6.910990387265724e-08,6.19664430797221e-06
KNSL,-0.00010940689862959023,0.5226310638674463,-5.7179443825220596e-05,6.894743789469038e-08,6.1820770199108275e-06
NHC,0.0002770785047923792,0.4815398078814965,0.0001334243299658146,6.682182397059127e-08,5.991486776174046e-06
BPRN,-5.6918990180750144e-05,0.3414518020492756,-1.943509176804216e-05,6.098414572376278e-08,5.468059399590835e-06
YORW,-1.7231870477901723e-05,-0.07075702722499726,1.2192759285425187e-06,5.958363010073712e-08,5.342484095946379e-06
PENG,-2.9346155662663306e-06,1.7855739972141034,-5.239973246944901e-06,5.849103722851372e-08,5.244518261482632e-06
PTGX,3.0417619589426864e-06,-0.11062661106556038,-3.364998171859696e-07,4.919404700793982e-08,4.410916443170952e-06
COHR,2.2437796438651814e-06,2.441956641033712,5.479212602352837e-06,4.805020275908227e-08,4.308355224637782e-06
BTU,3.0459828172334616e-05,0.9899894031653758,3.0154907112849445e-05,4.742385257490185e-08,4.252194398387024e-06
DAVE,1.7745076495847007e-06,2.1825506144282687,3.872952760908752e-06,4.681804548008262e-08,4.197875539938633e-06
LRN,-1.959104884230404e-06,0.49301474277742025,-9.658675905728402e-07,4.6179728060134105e-08,4.14064168798173e-06
PTCT,2.812587982465393e-06,0.9139084356571595,2.5704478832030738e-06,4.0049431475786346e-08,3.59097709134771e-06
EOLS,-3.8637574599536965e-06,1.1696840976993348,-4.519375658275013e-06,3.900947214620505e-08,3.4977305709640786e-06
ZYME,2.5654887929405e-06,0.7062710825099253,1.8119305469571684e-06,3.4478731948439054e-08,3.091487993791354e-06
ACAD,1.1264557516023816e-05,0.8458140510957383,9.52772102642905e-06,3.377410701900535e-08,3.0283087703579643e-06
LQDT,-9.116052131641298e-06,0.7372887786097708,-6.72116294188081e-06,3.210755391246256e-08,2.878879582312493e-06
VERX,-4.479949587723475e-06,0.6793357476910035,-3.0433899027941298e-06,2.5576761442153923e-08,2.2933050738852424e-06
SIGA,-3.2484783439430084e-06,0.620415330906593,-2.0154057667003024e-06,2.3236025724456005e-08,2.0834262309300184e-06
RCUS,3.5228376679481267e-06,1.3424333346474056,4.729174718005094e-06,1.7375466544855672e-08,1.5579472670362092e-06
KURA,-0.00014561535279487703,0.9303820263507256,-0.0001354779070010735,1.3614718690998934e-08,1.220744992449627e-06
ALKT,-1.2581765500227594e-05,1.2349902025381587,-1.5538357123413692e-05,6.920824892577931e-09,6.205462281656113e-07
TTI,5.62429689146738e-06,1.4935046824867955,8.39991374310246e-06,4.534830527310243e-09,4.0660933093546755e-07
NNI,4.3136395505292154e-05,0.6802937847812691,2.9345421760116924e-05,3.1763344943837713e-09,2.848016559407522e-07
UNFI,5.061035022537677e-06,1.0429524793675744,5.278419024921798e-06,-2.066886220712254e-09,-1.8532450513029967e-07
BWXT,-0.00029920681313256757,1.1288981564963574,-0.0003377740197565056,-3.762072532813778e-09,-3.373210501000622e-07
AKAM,-8.287596955673057e-06,1.1929231678843453,-9.886466414510158e-06,-7.640918032383958e-09,-6.851123873692311e-07
BWIN,-5.788533387173041e-06,0.8567442701799951,-4.9592928122061025e-06,-1.2402727686544029e-08,-1.1120734889715215e-06
TTMI,8.81566401206554e-05,1.8048395227173817,0.00015910858827973169,-1.5718275617300258e-08,-1.4093575258700043e-06
IIIV,-5.042568590115207e-06,0.7888575124953529,-3.977868114585481e-06,-1.647716187480348e-08,-1.4774020165210207e-06
CHCT,1.2001796023148946e-05,0.40175050892177494,4.821727660275424e-06,-2.4136842760606717e-08,-2.1641967492897784e-06
LASR,5.287367832755521e-06,1.9989876792189298,1.0569383153176782e-05,-2.706535953736674e-08,-2.426778171034323e-06
SITC,4.593826329553706e-06,0.8202927602249488,3.768282479863655e-06,-2.9158589838846564e-08,-2.6144647818685736e-06
USPH,-1.0046175113657671e-05,0.7907323059454741,-7.943835213554566e-06,-4.523469187228352e-08,-4.05590632031196e-06
KDP,2.5746036347503323e-05,0.17764342827356708,4.5736141612263574e-06,-4.638671421553027e-08,-4.159200816410386e-06
GO,-0.00011755339317622405,0.1597282628100839,-1.8776599279469037e-05,-4.971380478628133e-08,-4.45751980822003e-06
NYT,5.7187970855796065e-05,0.41606951610346654,2.3794171360910216e-05,-5.132846577596848e-08,-4.602296161106961e-06
ESI,-6.469899357461993e-06,1.4578324390110027,-9.432029160444535e-06,-5.1699533370191785e-08,-4.635567425669181e-06
IMVT,-2.732295967785676e-06,1.0047154641761458,-2.745180011540397e-06,-5.356833128202524e-08,-4.803130615518947e-06
HLIT,-3.4635824293824983e-06,1.1423250793210122,-3.956537073379227e-06,-5.4198452284907875e-08,-4.859629547033034e-06
SGRY,-5.57495143526256e-06,0.7199305668211209,-4.013577946788796e-06,-5.702523859263757e-08,-5.113089446440843e-06
GBTG,1.1305819103720348e-05,1.0664401918805952,1.2056979894338827e-05,-5.958682113465791e-08,-5.342770215606135e-06
TRIP,-1.0692400626870232e-05,1.7781918465225783,-1.9013139614453552e-05,-6.840791599782089e-08,-6.133701532405839e-06
GPN,-7.647405459842679e-05,1.2784283087573904,-9.776659628408709e-05,-7.567236019419653e-08,-6.785057911992163e-06
CRDO,4.823811844801858e-06,2.585991525578839,1.247433655164443e-05,-8.038115290002678e-08,-7.2072653219716225e-06
UHT,1.2919776965434586e-05,0.29035537511177134,3.751326687159182e-06,-8.435042934171402e-08,-7.563165025065852e-06
TMDX,-3.81478406062086e-06,1.1703202832769906,-4.4645191624663535e-06,-8.746776856213514e-08,-7.842676951053116e-06
HCC,2.742273226780745e-06,0.6116711794601148,1.6773694990268734e-06,-8.878375879032064e-08,-7.960673401632164e-06
NOMD,7.683546619273551e-06,0.13770143628678283,1.0580354052504224e-06,-9.539772649143466e-08,-8.553705702526961e-06
WIX,-3.4614179066836767e-06,1.1930886414895598,-4.129778387912864e-06,-9.762234315273112e-08,-8.753172890284067e-06
PLAB,4.375948496430738e-06,1.6986932946277367,7.4333943685232205e-06,-9.896910931730111e-08,-8.873928822794545e-06
CNNE,-8.863101918011856e-06,0.8835121365059534,-7.830658111652669e-06,-1.129456985095776e-07,-1.0127120435139585e-05
PSX,1.2493897736738513e-05,1.1030576313332814,1.378148924360703e-05,-1.1582413289700935e-07,-1.0385211288450804e-05
CFG,0.001156804033595842,1.2395738938016074,0.0014339440802898034,-1.2183292851841408e-07,-1.092398166865209e-05
FRSH,2.860884909832102e-05,1.2586240930615,3.600778674990761e-05,-1.2756368820294607e-07,-1.1437822339664246e-05
CVX,4.7127623042771697e-05,0.6752244164130072,3.182172176598771e-05,-1.2759830409543377e-07,-1.1440926125968804e-05
PLUS,0.00015795695613901882,0.9550771267577106,0.00015086107582064782,-1.2828718889900526e-07,-1.150269403270422e-05
BRBR,-4.693328858145255e-06,0.8498812281146705,-3.9887720939065134e-06,-1.3034786589160494e-07,-1.1687461795951163e-05
NWPX,0.00028704379276163505,0.9009623875911643,0.0002586156608697461,-1.3900681222503919e-07,-1.2463854288248361e-05
PARR,4.167338430652187e-06,0.9095813898413319,3.790533481691811e-06,-1.391968379517363e-07,-1.2480892683206566e-05
HCSG,1.3049650365854953e-05,0.7489752454447,9.773865085733731e-06,-1.4186567640797964e-07,-1.2720190406138586e-05
NEXT,-3.196122771856248e-06,1.0798173096121473,-3.451228692695933e-06,-1.4360580779543557e-07,-1.2876216889362632e-05
UVSP,1.5259202454737176e-05,0.8027857981424956,1.2249871021644113e-05,-1.4380105948494048e-07,-1.2893723863075429e-05
KALU,6.255776050707299e-06,1.1954490495093406,7.4784615337613375e-06,-1.546576032724596e-07,-1.38671609031434e-05
MYGN,-2.9212222849218188e-06,1.2776990496982628,-3.7324429374019957e-06,-1.579360017144478e-07,-1.4161113982317752e-05
RL,1.671406438556149e-05,1.4198603407212802,2.3731637153320752e-05,-1.6435231038006665e-07,-1.4736423458138488e-05
ERII,-1.4567216965301764e-05,0.8726970427888494,-1.2712767167282406e-05,-1.7225708500779495e-07,-1.5445194183575648e-05
OI,0.0005608467866544095,0.9973630966245112,0.0005593678878695485,-1.7418238368544823e-07,-1.5617823436743324e-05
PLNT,2.665187512103981e-05,0.4783967720629393,1.2750171027330004e-05,-1.761495586339233e-07,-1.5794207468035205e-05
DX,9.853393076167356e-06,0.5138211590494084,5.062881850965726e-06,-1.8918494929365355e-07,-1.6963007810785642e-05
FET,7.225604709868538e-06,1.4663411289017891,1.0595201367266717e-05,-1.8998129680591013e-07,-1.7034411213228297e-05
OCFC,1.707882827195781e-05,0.9071458923732528,1.5492988913454706e-05,-1.9338426373895452e-07,-1.7339533554517067e-05
CRVL,-9.530127335968201e-06,0.559666503434201,-5.33369304340402e-06,-1.9491400009990483e-07,-1.7476695257581328e-05
PAX,0.00011239850471924297,0.957037092581505,0.00010756953816701287,-1.9670017262114993e-07,-1.763684995562901e-05
CTO,5.022836972090547e-05,0.46469393141629867,2.334081859423894e-05,-2.018022071586264e-07,-1.8094316852616542e-05
HP,5.373544577602311e-06,1.5384011753186768,8.266667293810698e-06,-2.037745890974562e-07,-1.827116776152415e-05
LADR,1.4802276007394025e-05,0.5782325635749783,8.559158002499841e-06,-2.1138637561144706e-07,-1.8953668111435397e-05
ACA,0.00018696963595326687,1.0698769549794895,0.00020003450478730484,-2.1242555246847454e-07,-1.9046844472495614e-05
BRX,0.0001714304232192857,0.681052108375101,0.0001167530511731304,-2.3056717843869442e-07,-2.0673488368757794e-05
AMG,0.00019302402616986565,1.1698382978873318,0.0002258068982259154,-2.313063339646301e-07,-2.073976373054871e-05
TOWN,1.4748973949718809e-05,0.6902062820242884,1.0179834473508502e-05,-2.515612939354203e-07,-2.2555896808124297e-05
DXCM,-1.885665101116836e-05,0.9962338014070717,-1.878563311866276e-05,-2.5496946952680144e-07,-2.2861486176586108e-05
CRAI,2.463165648143623e-05,0.6426256480897553,1.5828934209907178e-05,-2.600218263242934e-07,-2.331449878746618e-05
BLK,0.00019726957549000615,1.1030297206190276,0.00021759420473937567,-2.7399245687181125e-07,-2.4567156126139026e-05
VICI,-0.0005031449997267402,0.33626978508608674,-0.0001691924609252501,-2.7450969249022893e-07,-2.4613533345193683e-05
BV,0.00021703168337695896,0.8650073964674593,0.00018773401138885324,-2.7657985343911697e-07,-2.4799151474313796e-05
DUOL,-4.829696736241956e-06,1.4558171874557881,-7.0311555188201645e-06,-2.9671989329364606e-07,-2.6604980398006994e-05
CRC,-0.00016554414635357688,1.266821004988796,-0.0002097148018536506,-3.0141956276141344e-07,-2.702636978541596e-05
XPRO,4.089007863676406e-06,1.6899052750186088,6.910035958419331e-06,-3.188109872432044e-07,-2.85857478988799e-05
SCHL,1.3338148070326742e-05,0.5516232173042454,7.357632151434049e-06,-3.4190092514363146e-07,-3.065607536635481e-05
RGP,-7.472717272797876e-05,1.1862654365721528,-8.86462621799584e-05,-3.4905927311435817e-07,-3.1297918774052534e-05
FBRX,9.086120567536485e-06,0.802580751329428,7.2923454717632e-06,-3.569282282867211e-07,-3.2003477797378036e-05
CMG,-4.291205734566893e-05,0.9108913091453035,-3.9088220093714706e-05,-3.6388697268485423e-07,-3.262742402576203e-05
SOC,3.604516101679649e-06,2.2884786070613115,8.248857987501912e-06,-3.756290754496632e-07,-3.3680263491365245e-05
WWW,3.148637477443844e-06,1.7739930167300393,5.585660897199866e-06,-3.7929954784084856e-07,-3.4009371340977044e-05
BHE,2.458099068941492e-05,1.2523965894695839,3.078514890520684e-05,-3.811840887801113e-07,-3.4178346107689794e-05
CENTA,1.1015496291761172e-05,0.5562277373497373,6.127124578150738e-06,-3.930222689789021e-07,-3.5239800224031135e-05
GKOS,-0.0008366882734785264,1.3905569816055916,-0.0011634627201130934,-4.0206330886691045e-07,-3.605045260843334e-05
PD,1.2373223065905408e-05,1.3269253353731694,1.6418343166373567e-05,-4.20210973152489e-07,-3.767763792192229e-05
ASUR,8.858739524577806e-06,0.9587193656449898,8.493045137417433e-06,-4.2780960804265237e-07,-3.835895904960395e-05
META,-2.4879126250572185e-05,1.4214381369465037,-3.536413886647018e-05,-4.339775612569958e-07,-3.891200007608151e-05
GBX,1.0855656595477018e-05,1.0356366127106589,1.1242515425289943e-05,-4.346441167552018e-07,-3.897176585641766e-05
REZI,1.781616923261117e-05,1.5204686119863584,2.708892610402237e-05,-4.406698447038526e-07,-3.951205445041134e-05
TMP,1.4979939888851098e-05,0.9053552254728189,1.356216685564006e-05,-4.478326374499245e-07,-4.015429639276617e-05
RAMP,9.21244675290332e-05,1.0688179875505674,9.846428798854886e-05,-4.66429613524803e-07,-4.182176862876047e-05
AKBA,0.00019140717464268366,1.0267583499684427,0.00019652891480824344,-4.668615170888845e-07,-4.186049466673746e-05
NXRT,9.21402621705795e-05,0.7028304319095887,6.475898025761113e-05,-4.772240057108298e-07,-4.2789632931115945e-05
TDOC,-4.8223098458876525e-05,1.447132916722148,-6.978523312617331e-05,-4.772589627940031e-07,-4.2792767309813215e-05
CXM,2.0487451895540917e-05,1.0716392378261264,2.1955157334336896e-05,-4.843585346939421e-07,-4.34293406421081e-05
OFIX,3.2931023545761e-05,0.9000792645165718,2.9640531452846467e-05,-4.91176491674618e-07,-4.4040663360689105e-05
BFH,0.00020759577455886047,1.4481263849106674,0.0003006249185346525,-5.183319601515714e-07,-4.6475521025635266e-05
BPOP,-0.00029362524745827923,0.8960490460293611,-0.0002631026228751262,-5.315718140154612e-07,-4.766265427986796e-05
OIS,1.4982612453837792e-05,1.8179638038314097,2.7237847127910805e-05,-5.486914471872239e-07,-4.9197662600004646e-05
CGNX,8.716790538589978e-05,1.4221419687744605,0.00012396513657944943,-5.495603886305187e-07,-4.927557503725063e-05
PRDO,-9.343335887614417e-05,0.5318643207142703,-4.969386995071306e-05,-5.502953338209245e-07,-4.934147288510744e-05
IMKTA,8.063333797038413e-05,0.3188661886869705,2.5711245159724764e-05,-5.530566701517307e-07,-4.9589064302514365e-05
INSW,-0.00022780792838913852,0.6298147477483873,-0.00014347679295348797,-5.654261078142659e-07,-5.069815288735164e-05
XHR,3.265727326288929e-05,1.2773105673468583,4.171348023942251e-05,-5.753430712199186e-07,-5.158734374707616e-05
MTUS,1.550332637625568e-05,1.2080922606366173,1.872944860927802e-05,-5.845377311762907e-07,-5.241177026324348e-05
STAA,3.02466509899168e-05,0.6019211370871562,1.820609855692908e-05,-5.865125569821914e-07,-5.258884029812473e-05
ADC,-0.0008344372610619717,0.08225960295355232,-6.864047778460747e-05,-5.873929548889264e-07,-5.2667779963379834e-05
PRTA,-2.2875446340455193e-05,0.515957706606517,-1.1802762831421702e-05,-5.880815299275086e-07,-5.27295200954643e-05
BW,1.1838573515469684e-05,2.775009849586124,3.28521581104778e-05,-5.96553718384575e-07,-5.348916720010047e-05
WLY,0.00017638431246843545,0.5257729122187326,9.273809363622821e-05,-6.005199722765451e-07,-5.384479589043891e-05
SNX,0.0005373239376785982,1.0491622646830225,0.0005637399993232774,-6.017635403943263e-07,-5.395629871227504e-05
GTY,8.99054092274115e-05,0.2165390122484003,1.9468028509891903e-05,-6.047434608842923e-07,-5.422348917713782e-05
CLFD,0.0003942809807584743,1.2575606211304093,0.000495832235062534,-6.191924193899602e-07,-5.551903513311617e-05
ADM,1.7096720611111703e-05,0.3553385320700774,6.075123605164669e-06,-6.211989939137455e-07,-5.569895187304172e-05
SFM,-0.00011318780214317365,0.7601788813673622,-8.604297681762807e-05,-6.258451979800447e-07,-5.61155473588951e-05
DRH,2.155505773930047e-05,1.1004828926445718,2.3720972292066144e-05,-6.281712507019079e-07,-5.63241096712597e-05
MOS,0.0010570913046316528,0.6778492412675162,0.0007165485387950547,-6.299224648143297e-07,-5.648112987174753e-05
VTOL,5.017202675710211e-05,1.0517513818651787,5.2768498472758865e-05,-6.655980763697497e-07,-5.9679934426383664e-05
BFST,4.4314697315883424e-05,0.8476660199350301,3.7564063098380465e-05,-6.819094351530814e-07,-6.114246993715891e-05
WASH,5.6669287031784004e-05,0.8634309878501951,4.8930018482619516e-05,-6.831560022460718e-07,-6.125424165797504e-05
ALK,0.00011796371442831464,1.7652009261674961,0.00020822965796301902,-6.845308009399691e-07,-6.137751108860315e-05
DBI,2.4990129707007023e-05,1.9951659068620355,4.985945479948056e-05,-6.910134318018782e-07,-6.195876725277251e-05
SHBI,4.529271445813974e-05,0.8910746207033818,4.0359188356413445e-05,-7.023464147975466e-07,-6.297492355797957e-05
DORM,0.0002580322226864346,0.683797436659091,0.00017644177244843174,-7.353409273067583e-07,-6.593333106077768e-05
AZZ,6.455914418603593e-05,1.11876704561914,7.22266430087115e-05,-7.384624306862967e-07,-6.621321636035462e-05
BMI,-3.4146362761598404e-05,0.9065741657867783,-3.0956210335248784e-05,-7.384798288519302e-07,-6.621477634290416e-05
SPB,2.205777887204722e-05,0.8993407099760412,1.9837458511281467e-05,-7.538904987402439e-07,-6.759655282491776e-05
LXU,3.9599960344029795e-05,1.194475934738053,4.730119964752482e-05,-7.552004995603901e-07,-6.771401224347744e-05
BE,-0.0003182827904021639,1.811541640057833,-0.0005765825281273195,-7.623394472114564e-07,-6.835411614824345e-05
WING,-6.179475361515846e-05,0.9464821012850524,-5.848762825006727e-05,-7.77634536266903e-07,-6.972552923413055e-05
COLL,-0.0005634508718595899,0.4926161245138738,-0.0002775649848494345,-7.859738678078084e-07,-7.047326390643544e-05
TGT,1.961364112901269e-05,0.9758679223269867,1.914032321783675e-05,-7.963310656831427e-07,-7.140192778330888e-05
BJRI,6.725230829255572e-05,0.9771437177376741,6.57151705514281e-05,-8.158528189166483e-07,-7.315231888903144e-05
HAFC,-0.000178525849877536,0.7464390350327104,-0.0001332586631109825,-8.175739722458763e-07,-7.330664373081332e-05
KN,2.9200047848506314e-05,1.434073608375738,4.187501798285165e-05,-8.371262809123366e-07,-7.505977454733109e-05
LGND,0.00023739643409642397,0.8361477105730821,0.00019849848486793847,-8.384086283023314e-07,-7.517475445917841e-05
NAGE,-8.055751628594959e-06,1.5579693104101282,-1.2550613809637354e-05,-8.630389105970045e-07,-7.738319478440681e-05
HIFS,0.00028999234211095576,1.0106472271723301,0.0002930799564556472,-8.695399955748267e-07,-7.796610561145259e-05
U,5.120668925008635e-05,1.9114807803223404,9.788060232547866e-05,-8.80548027795179e-07,-7.895312565312289e-05
DLX,1.4469135039192703e-05,0.9080653991258618,1.3138920884370514e-05,-8.876212829139456e-07,-7.958733932749442e-05
BOX,-0.0002533564764458215,0.5280954921058003,-0.0001337964131068477,-9.02685971043911e-07,-8.093809383185512e-05
NTAP,-0.0012910482485084106,1.2638861759592395,-0.001631738033786169,-9.213270146149663e-07,-8.260951731917591e-05
RWT,3.872699774137673e-05,0.9386943702793032,3.6352814757649626e-05,-9.217090420675927e-07,-8.264377128434085e-05
HAE,2.1225298347142873e-05,0.6758293971475929,1.4344680586227368e-05,-9.259064352831093e-07,-8.302012476365081e-05
AVA,-3.903991308840501e-05,0.12446048366136142,-4.858926465080402e-06,-9.372446405916051e-07,-8.403674932034201e-05
LKQ,0.0002256001331828026,0.5994620708601875,0.00013523872302409696,-9.480587302078407e-07,-8.500637976563713e-05
USB,0.0012651611903174212,1.0076460838406844,0.0012748347188505683,-9.558251281274108e-07,-8.570274313419901e-05
MCHB,-3.320369102218047e-05,0.8198743109402714,-2.7222853297483888e-05,-9.593135724370618e-07,-8.60155296866866e-05
ZBRA,0.00015899364410509848,1.691027644591918,0.00026886264749613036,-9.896094352172161e-07,-8.873196647985113e-05
STWD,0.00022763024085215394,0.6708260275295028,0.00015270029021643438,-9.90162045656016e-07,-8.878151553343432e-05
ALGT,3.990249361096298e-05,1.945082307422179,7.761363434471063e-05,-1.005855514120209e-06,-9.018864876010138e-05
AVXL,0.0008977366836275609,1.0850542066375297,0.0009740929650229101,-1.0126215959001202e-06,-9.079532016028184e-05
MSEX,0.0004104518951504136,-0.1224988734899391,-5.0279894777736263e-05,-1.0273562291711032e-06,-9.211648075047648e-05
PGC,0.00019475413153632784,0.9895103442266747,0.00019271122773607883,-1.0280319829957547e-06,-9.217707128607949e-05
SRRK,-1.546240267490229e-05,1.2349849280849572,-1.9095834255484857e-05,-1.042200440765202e-06,-9.34474665300313e-05
CCS,1.017188928272631e-05,0.6897116076370974,7.015670109895724e-06,-1.0608765361383286e-06,-9.512203288888885e-05
EIG,-0.00026839213620401096,0.3489279241929014,-9.364951095536401e-05,-1.0862926664373957e-06,-9.740093519265411e-05
OPY,-0.0002242655435659632,0.9590622192046033,-0.00021508460990349933,-1.106996025214651e-06,-9.925727333138712e-05
RKLB,-0.00015277365332618372,2.1625572625528733,-0.0003303817735272735,-1.126724193799425e-06,-0.0001010261723851727
FSK,2.602577471397383e-05,0.7694982953372173,2.0026789277233314e-05,-1.1278168292012542e-06,-0.00010112414203299495
ATEN,-7.727230736836962e-05,1.0337757545136868,-7.988223785274982e-05,-1.1312482122380932e-06,-0.00010143181226507746
ACI,-6.147179221973841e-05,0.03997323459925671,-2.457226371636367e-06,-1.1374283982330613e-06,-0.00010198595012697487
LMAT,0.0003187548277772832,0.6859404493367103,0.00021864682979379536,-1.1444130418842749e-06,-0.00010261221857620115
CWT,0.00023988209703759312,-0.001399745973276103,-3.3577399938939835e-07,-1.1478857988428389e-06,-0.00010292359854396826
AMPH,0.000861859797712049,0.771589201564422,0.0006650017131771141,-1.1498700506837654e-06,-0.00010310151375129249
KRNY,3.799090732402494e-05,0.7899682014162065,3.001160872892977e-05,-1.161591957139925e-06,-0.00010415254234270804
IVZ,8.323812878698617e-05,1.5209926614599252,0.0001266045830386621,-1.1664498454408455e-06,-0.00010458811820379058
CSV,-0.00016204951535085386,0.4680751973773974,-7.585135888276251e-05,-1.168204830884923e-06,-0.00010474547655553501
SLM,-0.00014760456411800572,1.1179632383485152,-0.0001650164764963867,-1.1694701448562926e-06,-0.00010485892918937071
GATX,0.0006754054695126116,0.6212271778683703,0.0004195802337421814,-1.1840498036106262e-06,-0.00010616619420306093
WRB,-2.7006594084730088e-05,0.24039227431909713,-6.492176573640941e-06,-1.1874419939786754e-06,-0.00010647035027849785
BRSP,5.40601337411114e-05,0.7212365774902992,3.899014583810703e-05,-1.1960493740958863e-06,-0.00010724211915706765
CASH,-0.0004078657455539401,0.7899454707682209,-0.00032219169838183857,-1.1996012196242584e-06,-0.00010756059049247479
INN,3.1465947332974664e-05,1.6278215775841072,5.1220948027741245e-05,-1.2554394540580995e-06,-0.00011256724884652547
NVCR,-0.00012751433968851008,1.2541842796861353,-0.0001599264802718872,-1.2555295868124446e-06,-0.00011257533047575482
FIVN,0.00010362469510548998,1.758102566105755,0.0001821828423768884,-1.2587216603661185e-06,-0.00011286154335276082
VRTS,3.9921940918834064e-05,1.0662523067335639,4.256686159398787e-05,-1.2784020137513304e-06,-0.00011462615512255962
PYPL,-0.0001121214787747749,1.2268525170229798,-0.0001375565184471712,-1.3341839062147567e-06,-0.0001196277616514636
QTWO,0.00010434802502685835,1.2692965030285626,0.00013244858326452824,-1.342630575155555e-06,-0.00012038512058383554
RJF,-0.0006182033922729173,0.9953114655891667,-0.0006153049243953518,-1.3447923804973647e-06,-0.00012057895588117517
AN,0.0001752733375791282,0.9452212610190677,0.0001656720851695643,-1.3595431695734217e-06,-0.00012190156505937156
SDGR,0.0002809819360167713,1.3174134132543944,0.00037016937139068253,-1.378928263682947e-06,-0.0001236397028130376
EGBN,0.00017819740796666235,0.8735548218184057,0.00015566520496481948,-1.3934887641669923e-06,-0.00012494525002681954
MGNI,-0.00013454229002537015,1.7985819894414194,-0.0002419853396578347,-1.3959076585249619e-06,-0.0001251621368565642
SNOW,-0.00033604948001231407,1.3998052873782736,-0.0004704038389419567,-1.4036280409785078e-06,-0.00012585437431176721
NSSC,0.00018364717718225758,1.0797329580687973,0.0001982899098599835,-1.4078596309443225e-06,-0.00012623379399557484
FISI,8.7366639788239e-05,0.880208447142993,7.690085434010708e-05,-1.442732622429869e-06,-0.0001293606327275322
HLX,3.8327903990002206e-05,1.3537416131544,5.188607857625255e-05,-1.442769855592521e-06,-0.00012936397118775984
EPAM,-0.00029982710185969653,1.2699289023199383,-0.00038075910235045276,-1.4482594937782584e-06,-0.00012985619203181075
SAIC,5.708596742122716e-05,0.36830846143394624,2.1025244830380554e-05,-1.4675503290074218e-06,-0.0001315858781928433
CNOB,5.199432303630917e-05,0.8975862855606611,4.666939128440186e-05,-1.4841430860438843e-06,-0.0001330736448902622
KSS,8.095423533555359e-06,2.081715309599087,1.685236710749093e-05,-1.5023877671388232e-06,-0.0001347095290822883
LUMN,0.00010465181301406449,1.9333349307321375,0.00020232700566453896,-1.5290692076766524e-06,-0.00013710188368521012
BH,5.8151168845435605e-05,0.8297769471753444,4.8252499359243556e-05,-1.5664185742877316e-06,-0.00014045076318073608
TEAM,-3.236018369277779e-05,1.4041582984874916,-4.5438820472793534e-05,-1.5755420689728134e-06,-0.0001412688087609079
KFY,0.0001131001285524084,0.7680020058596791,8.686112559123722e-05,-1.6026533464481008e-06,-0.00014369970410057806
CYTK,-0.00014562664847053957,0.5729015645697222,-8.342973475181706e-05,-1.6226714259251965e-06,-0.00014549459761507125
MAGN,0.00019023924814033313,1.6845733134559109,0.0003204719605891222,-1.6785783336250978e-06,-0.00015050741346290207
ASB,0.00016877421753616007,1.1513723523938517,0.00019432196786804028,-1.6825724618759766e-06,-0.00015086554146922552
ECL,-0.0001837238865553606,0.5550443520299425,-0.00010197490556554278,-1.6916757829108436e-06,-0.000151681778206847
CAC,0.00013623579306250598,0.8040706415693777,0.00010954320153248215,-1.7166418885792e-06,-0.000153920329672164
BROS,-0.0004106870878749429,1.630128634095219,-0.0006694727815981238,-1.726201011554394e-06,-0.00015477743526274025
ASH,9.286356537868377e-05,1.1282005749011466,0.00010476872784760124,-1.7320724931364635e-06,-0.00015530389356880207
BANC,8.534993665547668e-05,1.1395731953919397,9.72625000409812e-05,-1.742148856291842e-06,-0.00015620737678745752
PRSU,-0.00012474551181932873,1.2289323016983549,-0.000153303788966667,-1.743047711437383e-06,-0.00015628797139559896
HAS,0.0002213023749587165,1.116277612588076,0.00024703488677898724,-1.7471710322815264e-06,-0.00015665768327779002
RIG,0.00010953230856677088,1.655333575154428,0.00018131250793475083,-1.7509144168063153e-06,-0.00015699332869339972
WU,0.00011678524570659194,0.7292418591912251,8.516468970517914e-05,-1.7611833468655776e-06,-0.00015791407815816448
CMC,0.0006866092162214169,1.230322355896928,0.0008447506684820769,-1.7625974158316228e-06,-0.00015804086870363637
STAG,0.00015015202584430605,0.6660260456076376,0.00010000516001305896,-1.8083379449095278e-06,-0.00016214213022002486
RBC,0.0004010723244805059,0.8801177185398948,0.0003529908591912753,-1.826690073795414e-06,-0.00016378764857017978
DOCN,-7.090157197580932e-05,2.0437439674121394,-0.0001449046600055979,-1.8440435662663464e-06,-0.00016534362556215452
TRN,0.00010568005167985982,0.978031949834697,0.00010335846700308484,-1.8706663958392346e-06,-0.0001677307248936618
FIS,0.0011396846926623187,0.6376344129334868,0.0007267021799350189,-1.898211437722949e-06,-0.0001702005131213532
NOW,-0.00011266700999688702,1.268245566068329,-0.00014288943587072807,-1.8996767362590128e-06,-0.0001703318970956344
SHOO,2.9203463766028288e-05,1.4006734518049424,4.09045163978234e-05,-1.9031621989153696e-06,-0.0001706444163022876
OPLN,-0.0014179535820597609,0.8816850452714191,-0.0012501884681911312,-1.9070653852726424e-06,-0.00017099439012902473
BL,0.00028497685693878934,0.9071916970670465,0.0002585286384711332,-1.9213046535388497e-06,-0.00017227113449860262
NGVT,-0.00014721189290847409,1.4049688729026153,-0.00020682812725747934,-1.924010841215152e-06,-0.00017251378108788974
VTRS,0.0001846335226216465,0.846848829542529,0.0001563566825264554,-1.92811561190846e-06,-0.00017288182969636543
UE,0.00013172676584490174,0.7004461632160092,9.226750772891507e-05,-1.9328304612582745e-06,-0.00017330458016698262
FBP,0.0002234837184858028,0.8776588092490599,0.0001961424542528018,-1.9408784668008234e-06,-0.0001740261934950471
SYF,-0.0015023163330659592,1.549617410824068,-0.00232801554628438,-1.986446356036424e-06,-0.00017811197549784638
LNN,0.00018559143697471765,0.791009727303263,0.00014680463195119214,-2.0072033377883837e-06,-0.0001799731216667221
HUM,-0.0008129934649610941,0.36507658602100834,-0.0002968048786453865,-2.0211993706578675e-06,-0.00018122805666959354
MANU,0.0007768769829610446,0.6884957581649344,0.0005348765073846512,-2.0409836983692763e-06,-0.00018300199115409024
KLIC,2.9399797509703375e-05,1.5577491795354046,4.579751044924746e-05,-2.075538493535422e-06,-0.0001861002992514939
PAYX,-0.00038600131619078126,0.5820204415315433,-0.00022466065648111535,-2.114344056324931e-06,-0.00018957974657094541
INCY,0.00017589335805115594,0.5673651462153894,9.979576080900992e-05,-2.127590712869762e-06,-0.0001907674897781917
ASMB,-0.00026672811446636655,1.0035145446302742,-0.0002676655423288075,-2.140774295884215e-06,-0.00019194957758424217
CPRI,0.00018491488643637222,2.152880055670567,0.0003980995710054536,-2.150590882643775e-06,-0.00019282976831029827
LMT,-0.00031916807728951847,0.2159268975449933,-6.891697272452636e-05,-2.1659840344802567e-06,-0.0001942099740603315
TMHC,3.6642684585434306e-05,0.6935950372953277,2.5415184181635238e-05,-2.173363279816639e-06,-0.0001948716239259583
WEN,0.0009136065938869581,0.5414408053285972,0.0004946638899476712,-2.1804345522379395e-06,-0.00019550565982449336
CCBG,0.00014115914019367651,0.5639937873627078,7.961287809869504e-05,-2.1888514479547705e-06,-0.0001962603491817612
PNC,0.001050527232561086,0.9246796708862991,0.0009714011756616795,-2.1986032973692475e-06,-0.0001971347353229685
ALX,0.00015445289057393653,0.3958446323433429,6.113934768360647e-05,-2.206038795020985e-06,-0.00019780142897494462
ANDE,7.180784639294665e-05,0.7294740766172155,5.238196244136561e-05,-2.2367750133669226e-06,-0.0002005573496431732
SXT,-0.00017232735943792252,0.5142059628053243,-8.861175577747613e-05,-2.254452232400593e-06,-0.00020214235313135065
MDU,-0.0004646982701821077,0.47705255424618415,-0.00022168549674415785,-2.256403250038935e-06,-0.00020231728843969174
HIW,0.00010440545682872514,0.6585856652227544,6.875993723843151e-05,-2.2633937429299657e-06,-0.00020294408135294688
CRK,-3.00901259252431e-05,1.0817296668564658,-3.254938189278232e-05,-2.2664879331850267e-06,-0.00020322151765885083
GEF,0.00046563280521997387,0.7566398204549145,0.0003523163221395592,-2.2831980449713284e-06,-0.00020471980680821734
SCCO,-0.0006748285204470849,1.2283576956313405,-0.0008289308063226881,-2.291005166216074e-06,-0.0002054198215776206
UAL,0.0003207576164410488,2.1221835433709915,0.0006807065350220982,-2.2916133089296943e-06,-0.0002054743498561107
SKT,-0.00029133238649762286,0.7819972107088065,-0.00022782111363028103,-2.314924537457667e-06,-0.0002075645190428002
CNXC,3.722032059664256e-05,1.0028862205882143,3.732774665224853e-05,-2.319316741373503e-06,-0.00020795833995513525
CPK,-0.0002630469887873326,0.12425460903864674,-3.268480075056331e-05,-2.319559329734498e-06,-0.00020798009130627458
CTRE,-0.00022430464301135077,0.20897636768518318,-4.687436955143379e-05,-2.322145804237107e-06,-0.00020821200397878878
PRGS,7.983102940960872e-05,0.7641875340449228,6.100587750479659e-05,-2.3314739555715902e-06,-0.00020904839981544394
MD,-0.00032934056586926194,0.7708513681228342,-0.00025387262577866894,-2.3328877341255315e-06,-0.00020917516432151468
TCBI,0.00015014211596518141,1.0783598196353046,0.00016190722509187603,-2.3600977994047765e-06,-0.00021161491733351237
BEPC,0.00027881781899057105,0.8073409301365174,0.0002251010373224828,-2.3623652608046858e-06,-0.00021181822613572376
GTN,0.000361053546531083,1.3090588245523156,0.0004726403312224243,-2.4211017883368465e-06,-0.0002170847559470352
DVN,0.00020166186143428464,1.2702580924420428,0.00025616261142382595,-2.470741856473816e-06,-0.0002215356642601924
AAOI,0.00025317232290552607,3.7940088973433346,0.0009605380456646456,-2.480994319382177e-06,-0.00022245493722056076
PSKY,-0.0002844293615402337,0.44612991448812295,-0.00012689244674185586,-2.4835984743126636e-06,-0.00022268843518427972
MMS,6.924810982180379e-05,0.4099532371900943,2.8388486790743626e-05,-2.5210783737301455e-06,-0.00022604901872403773
SWX,-0.0006307537993556151,0.33762344614523965,-0.0002129572714076458,-2.5557095351702883e-06,-0.0002291541740981784
WMG,0.0010739224199605543,0.559713086873255,0.000601088432738518,-2.558606013317689e-06,-0.00022941388282036573
LXP,0.0002788784604998173,0.6328262160443155,0.0001764816008943635,-2.563200671048282e-06,-0.0002298258564750509
CAG,0.00010213198656265664,0.09044349496800419,9.237173812751907e-06,-2.601732463978053e-06,-0.00023328075659724158
DINO,0.00028778809639491324,1.0538964549699124,0.00030329885457313846,-2.614822928380346e-06,-0.00023445449505123578
CASY,-0.0008573708272466319,0.4866826336930053,-0.00041726749225594144,-2.619510330199327e-06,-0.00023487478447681924
ZWS,0.001655445880300791,0.8871632871042017,0.0014686508087907585,-2.6490359360468446e-06,-0.00023752215724341395
SLDB,9.959998203667303e-05,1.5050347633021313,0.00014990143538946073,-2.6550100703107657e-06,-0.00023805781976075446
EMR,0.00010089743462991786,1.2529821479362433,0.00012642268436385118,-2.6584921690143978e-06,-0.00023837003734322162
CRNX,-9.945644050212739e-05,1.0322965355971232,-0.00010266853897316752,-2.670741016729253e-06,-0.00023946831339655448
PANW,-0.0018065101319755723,1.1485429149141075,-0.002074854412801093,-2.6787408484827895e-06,-0.00024018560728820322
FULT,0.00038648194445100036,1.0642143742134884,0.00041129964065873354,-2.7153954035960044e-06,-0.00024347218746811607
RYN,9.546074551473892e-05,0.4978760185372556,4.7527615903476394e-05,-2.728709043668108e-06,-0.00024466593666104227
TJX,-0.0003648879608315688,0.4283796388148088,-0.00015631057286889953,-2.7372116273851084e-06,-0.00024542830911478044
DOCS,-0.00015784331148842637,1.1962325398054592,-0.0001888173053931045,-2.7493639633318943e-06,-0.0002465179315734077
PLD,0.00021111601258303354,0.8461991974106652,0.00017864620040830288,-2.76182434802419e-06,-0.0002476351747983575
DOX,0.0007396905616449142,0.5842224699088195,0.0004321438468924337,-2.773959211560963e-06,-0.0002487232306174152
TBBK,0.00020891075817517076,1.4145138501866679,0.0002955071608917767,-2.7930391333314323e-06,-0.0002504340055137801
TCMD,-0.00045345807283415923,0.5768031058052107,-0.0002615560247631885,-2.8040689193542927e-06,-0.00025142297608017893
MWA,0.00031626973071090925,0.9252118630986961,0.00029261650679276324,-2.807258572340319e-06,-0.00025170897192032196
TWI,5.046434432287064e-05,1.5897425232715905,8.022531407908674e-05,-2.8081072175475218e-06,-0.0002517850645235238
RGNX,0.0001484653849067103,1.75116568612692,0.0002599874876262566,-2.8082367772753966e-06,-0.00025179668131801046
WTS,0.00024028059269988545,0.9152734728771619,0.000219922452545407,-2.820795762938947e-06,-0.00025292276546319087
SB,-0.0002697436207250413,0.8146784248131768,-0.00021975430803567966,-2.8273792667713313e-06,-0.00025351306626327056
FLYW,-0.0005915810090373303,0.8940887292237214,-0.0005289259126030735,-2.861848140711646e-06,-0.0002566036703523463
LEVI,0.000458318578685552,1.4946489147807698,0.0006850253662562251,-2.9223620152516278e-06,-0.0002620295635342044
CACI,0.00011224810060133816,0.36415141205283075,4.087530433422549e-05,-2.92682678641634e-06,-0.00026242989108892347
CROX,3.083057917146611e-05,1.169346111924912,3.605161788254707e-05,-2.9810588028706313e-06,-0.000267292530120958
FTI,-0.0003260763932149478,1.2911501801803689,-0.00042101359385204466,-2.9962080440878676e-06,-0.00026865086596138777
UNH,0.0005807394768722032,0.28508822958274105,0.0001655619893103036,-3.0146861640504356e-06,-0.00027030768112783714
RNG,-0.00020173757657853246,1.381503932177894,-0.00027870125531128157,-3.014936121885148e-06,-0.00027033009325268335
RELY,-3.802154903454889e-05,0.9668387515363874,-3.6760707000042786e-05,-3.0184068009981884e-06,-0.0002706412869132945
SD,0.0003728860632606446,0.8473576957848135,0.00031596787535481,-3.0194588832399594e-06,-0.0002707356204178962
LYTS,0.00015728577250895625,1.087300253718328,0.00017101686035527136,-3.0663764644991393e-06,-0.00027494242069632264
NHI,-0.00023922553356858547,0.2022402600951817,-4.838103413031935e-05,-3.1105885811192075e-06,-0.0002789066392155954
NXST,-0.0007986116025298646,0.8377625112950464,-0.0006690468616847808,-3.1275384401638943e-06,-0.00028042642497255033
KMX,9.211868255590935e-05,1.2286630634826499,0.00011318282271312931,-3.1622161842123976e-06,-0.00028353575711208604
IVT,0.0002752927029347165,0.5563117849368115,0.00015314857494969157,-3.1867561802374542e-06,-0.0002857361020433498
MTCH,-0.001289624723094239,0.8656192395797924,-0.0011163239721481354,-3.1972231916423657e-06,-0.00028667461219904667
WRLD,0.0002020818458371222,1.3197721457421032,0.00026670199129598366,-3.1982004736067467e-06,-0.0002867622388398394
KRG,0.00027637513204678045,0.6841538728237885,0.00018908311694199078,-3.216159813739388e-06,-0.00028837253832763676
REX,0.00015670944363498,0.6751604754657861,0.0001058040224745719,-3.238348803764578e-06,-0.00029036208354524555
NBR,4.759655863442088e-05,2.164628489792484,0.00010302886683614588,-3.243481301077081e-06,-0.00029082228184498283
CNMD,5.3257989588510056e-05,0.9410364839825254,5.011771126634945e-05,-3.2450637688049506e-06,-0.0002909641716334062
AMZN,-0.0007438140194655279,1.3348799796975652,-0.0009929024432029083,-3.2619829076796357e-06,-0.0002924812029086456
JOE,9.992551251785509e-05,0.6910655145057025,6.905507572039754e-05,-3.282009419177456e-06,-0.00029427685246865903
MRCY,0.0003027621048424779,0.7881141891801287,0.00023861111077239856,-3.2876859786445646e-06,-0.00029478583335185545
AES,-0.00019409366482786878,1.1249021088910838,-0.00021833637288726877,-3.3038663609879104e-06,-0.0002962366250406047
LMB,-9.452487580065874e-05,1.1358754984381492,-0.00010736849041487739,-3.330202038412344e-06,-0.00029859797727037205
VSTM,-0.00013268242065804506,1.2069590546415443,-0.00016014224900498577,-3.373164140717538e-06,-0.0003024501149784282
LFST,0.00014117358647176706,0.6613456006889342,9.336453034658198e-05,-3.456305519480972e-06,-0.0003099048721492775
TNDM,7.83348408916073e-05,1.1712690219986646,9.175117247953387e-05,-3.515751659933112e-06,-0.0003152350284253219
LIN,-0.0003557994894580861,0.5876052069466388,-0.0002090696326345271,-3.6055157753967195e-06,-0.0003232836041572843
IBOC,0.00019953180412300326,0.8266312423321293,0.00016493922312696925,-3.6068874400106437e-06,-0.0003234065925749499
XYL,-0.0002786753985099886,0.8607686079600154,-0.00023987503484814546,-3.6100958453138617e-06,-0.0003236942698157762
UVV,-0.0009966535024673385,0.16011846846135738,-0.0001595826324017179,-3.6123478736782384e-06,-0.0003238961948361209
FCX,-0.00016699954838131578,1.604550741939632,-0.0002679592492588237,-3.6288797656390252e-06,-0.000325378504150392
HOOD,-0.0009886395917981748,2.5336789976251466,-0.002504895369959734,-3.641562038122863e-06,-0.0003265156426384433
MSBI,8.203199364532412e-05,0.6858810637031973,5.626419105914883e-05,-3.6519636086353374e-06,-0.0003274482851266873
FAST,0.0010453902457616142,0.6342007889443898,0.0006629873186167853,-3.6660722331926105e-06,-0.0003287133155081104
BFS,0.00040843103986295994,0.4303309411590495,0.00017576051378279684,-3.7042063730852045e-06,-0.00033213256061862705
APLD,0.00016337166370844022,2.0047628773726673,0.0003275214466172924,-3.719123357058938e-06,-0.0003334700714333327
CHD,-0.001612583544693552,0.047314171605137456,-7.629805456125157e-05,-3.727184029128018e-06,-0.0003341928204880461
SEI,0.00013366540670449505,2.117393058667849,0.00028302220434011277,-3.7436755330942933e-06,-0.00033567150846843777
CCOI,0.00044087035646892187,0.9811261066718319,0.000432549416389376,-3.757698814137108e-06,-0.00033692888664122714
JKHY,0.00039529273870146523,0.37653424413357134,0.00014884125257844552,-3.8092774020945294e-06,-0.00034155360966310437
CHCO,0.00013193594969430466,0.49390855567782666,6.516429435549641e-05,-3.8109394856335936e-06,-0.00034170263809354023
STE,-0.0010772457128743619,0.5411117742583414,-0.0005829103390056378,-3.81635351013597e-06,-0.0003421880791408565
ROP,-0.0002888608033883608,0.5971161314042158,-0.0001724834454335718,-3.846800127619213e-06,-0.0003449180331467568
PFE,0.0010243567637716576,0.4920132081782933,0.0005039970576624274,-3.865898090992744e-06,-0.00034663042571860176
CBRE,0.000573846087449168,0.941180734200281,0.0005400928819033666,-3.909669512923257e-06,-0.00035055512995574474
DPZ,-0.0008047877290066694,0.5231983857825941,-0.0004210636407139293,-3.928897329966106e-06,-0.00035227916567793073
GRC,0.00013449406809060583,0.9388617303834009,0.00012627133349384914,-3.944890303481765e-06,-0.0003537131536123658
GLPI,0.0013559519712488973,0.32346232642633266,0.00043859937914254003,-3.952487917663891e-06,-0.00035439438321966765
MCB,0.00017586376860519846,0.9195642278706266,0.00016171803058785786,-3.969254070469351e-06,-0.00035589769720980116
CVCO,0.00011877492040905657,0.8040986795802614,9.550675666817303e-05,-3.9722266690845135e-06,-0.00035616423116884813
SAH,0.00023789300138270442,0.9248263191059383,0.00022000970880983042,-4.032984075299076e-06,-0.0003616119602827585
BXMT,0.0002281084713953289,0.7029599987939954,0.00016035113077696053,-4.060531938049872e-06,-0.0003640820014396101
BGC,-0.00015093261565049502,1.0119975187771473,-0.00015274343254084578,-4.061950533140784e-06,-0.0003642091978138319
AMT,-0.0007900786837553382,0.024426889548723053,-1.929916474289214e-05,-4.076564645448436e-06,-0.0003655195520579087
SSTI,0.00025004949165397455,1.0975418484348236,0.00027443978127009123,-4.153771683790258e-06,-0.00037244221477145833
GIS,0.0001987472519288677,0.043518687005112994,8.649219449818733e-06,-4.186924842457837e-06,-0.00037541484706345656
CTMX,-0.00022391089502213991,2.1339807396792376,-0.00047782153738158624,-4.219256153470234e-06,-0.00037831378951783194
DCO,0.00046790020965916843,0.8419672763058453,0.000393956665109664,-4.22700750417003e-06,-0.0003790088036981655
USFD,-0.00035083626975154113,0.7673002486956828,-0.00026919675703182316,-4.240178764673929e-06,-0.00038018978662328573
ASTH,0.00025476987953268514,0.5199374099580644,0.00013246439129955238,-4.247001427926414e-06,-0.0003808015313232439
DXC,0.0006769154806255921,1.2824846038273525,0.0008681336819947144,-4.302868317950299e-06,-0.0003858107590412929
APO,-0.00016494912214269535,1.6199068777731103,-0.00026720221744158906,-4.364421455288829e-06,-0.00039132983629003933
NMRK,0.0004788886139984123,1.2503326914389612,0.0005987700896401086,-4.3731580446639686e-06,-0.0003921131905386909
PLOW,0.0003017106075227305,0.6551476070310626,0.00019766498253440498,-4.440001637534579e-06,-0.000398106629193291
OCUL,-0.00026576967581791195,1.1378643450695207,-0.0003024098381138872,-4.466690108114633e-06,-0.0004004996141352627
BLBD,0.00026910419360529796,0.8189110419987045,0.00022037239559153567,-4.469034634221885e-06,-0.0004007098328382747
M,7.807015385930426e-05,1.463565351264863,0.00011426077215639454,-4.482835305590225e-06,-0.00040194725102132405
MFA,0.00012247998770105486,0.8011160665706436,9.812068598068987e-05,-4.505786638228504e-06,-0.0004040051506389451
MAR,0.000412686662664034,1.0741274368363862,0.0004432780671838812,-4.506932627406254e-06,-0.000404107904179572
CMPR,6.034209051948208e-05,0.9900247510250448,5.9740163142880966e-05,-4.53093131757426e-06,-0.0004062597136669991
WBS,0.0007029817113039862,1.3531382906107192,0.000951231471164474,-4.5682925979779115e-06,-0.00040960966139632076
APPN,0.0005892401188244707,0.999401445982338,0.0005888874267839806,-4.573368963818168e-06,-0.00041006482674493957
BATRK,-0.00030257196755682813,0.49394357127430855,-0.0001494534782225139,-4.623684965977044e-06,-0.00041457634175083835
CHE,-0.00020335403737181326,0.26214229916235715,-5.330769490059503e-05,-4.6968081659908316e-06,-0.00042113283272760297
ALGM,0.00010458339174563044,1.9213870880947417,0.00020094517852920851,-4.704820769565792e-06,-0.00042185127178702214
HBAN,0.0010490889473685752,1.1312295230975726,0.0011867603896186878,-4.716478722706617e-06,-0.000422896566092536
FRME,0.00019348028830780924,0.7920987422867218,0.00015325549302588803,-4.750188220356751e-06,-0.0004259190817528558
SYBT,0.00035921884160525425,0.8275770128054044,0.00029728125587909405,-4.772025428797069e-06,-0.00042787708495935765
RMBS,-0.00018855136025259882,2.21080224342821,-0.00041684977024788615,-4.824783329104061e-06,-0.000432607549398149
TNK,-0.0002790908261112096,0.4813314809714088,-0.00013433520065764246,-4.840093642347011e-06,-0.00043398032753983194
IART,5.306226756632608e-05,1.3521641712988595,7.174889705105965e-05,-4.855496609553235e-06,-0.00043536141337146905
GHM,0.00015310909724739881,1.4786643912642352,0.00022639697007834157,-4.863574278835394e-06,-0.0004360856864578737
STRT,-0.00019816981739282592,1.307334757040079,-0.0002590742900739269,-4.877522823536745e-06,-0.00043733636349958083
NTCT,-0.0006790820919520265,0.9168442549871105,-0.0006226125146708443,-4.881264513900262e-06,-0.00043767185701055436
CSGP,0.0001609763516709009,0.8438166629026183,0.0001358345278731779,-4.884271590611587e-06,-0.00043794148240058824
MKC,0.001293183957729667,0.29051628448249606,0.0003756909985519921,-4.9256344572854025e-06,-0.0004416502268492565
MSM,0.0003927364704293233,0.8024347235778514,0.00031514538108789504,-4.929428800076658e-06,-0.0004419904413676163
CTSH,-0.000148191197119147,0.8694982823548266,-0.00012885199135520385,-4.939742500638915e-06,-0.00044291520511784523
HAIN,0.000155420445890618,0.5704777185128668,8.866390138193222e-05,-4.948273561514572e-06,-0.0004436801309367772
XENE,-0.00022729303603591966,0.8765291534204912,-0.00019922897245493786,-4.952325119573131e-06,-0.00044404340830767687
FR,0.0005818355379158235,0.7851923697512283,0.0004568528248216061,-4.991696013100173e-06,-0.0004475735452287709
HON,-0.000896000272253532,0.7935740271222446,-0.0007110425443548629,-5.028171095532779e-06,-0.0004508440332380626
RBCAA,0.00020887606566360168,0.5910043848611768,0.00012344667069973968,-5.043369564571081e-06,-0.0004522067830232398
NPK,0.00014785155788012779,0.606919338887827,8.973396976214244e-05,-5.086864267891028e-06,-0.00045610667566744193
BKU,0.00031037124561901963,1.204569328988684,0.0003738636830726845,-5.120440787040809e-06,-0.0004591172679937515
XYZ,0.0011568128828145265,1.6076896394317421,0.0018597960864620803,-5.146218304767023e-06,-0.0004614285736032358
OMC,0.0002764721314244741,0.6904103533437379,0.0001908792219464675,-5.169940224815919e-06,-0.00046355556687927946
ABG,0.0008966339555699298,1.056668843861783,0.0009474451651992951,-5.197279504414823e-06,-0.00046600690571521196
R,0.0005435136786952761,1.147266580305511,0.0006235550795059977,-5.22177317727554e-06,-0.00046820309714377137
PII,6.413377398661866e-05,1.4302850303271875,9.172957687144786e-05,-5.242573509685754e-06,-0.000470068130289689
SOFI,-0.00014992758494731406,2.3010812892238026,-0.0003449955604607766,-5.2486497304997204e-06,-0.0004706129462568798
MOD,0.00021264598720658812,1.9709954627806903,0.0004191242759627059,-5.255729590692265e-06,-0.00047124775216609086
WEC,-0.0002556813008816973,0.10569777868840151,-2.7024945555356236e-05,-5.2678538767731835e-06,-0.0004723348595721434
RUN,8.928353679916297e-05,1.6364515511608482,0.0001461081822881169,-5.275953491099073e-06,-0.00047306110033065724
GSAT,-0.00014233282345443493,1.3975105813640114,-0.00019891162685298856,-5.3107009252295295e-06,-0.0004761766811353691
STC,0.0004869639124000174,0.6007092383998707,0.00029252372094603577,-5.333999572318054e-06,-0.0004782657222246257
URBN,0.00018175257931528759,1.301134186667716,0.00023648449446215625,-5.412580576360433e-06,-0.0004853115796796034
MOG/A,0.0006807672682531526,1.1487141706769182,0.0007820070079754113,-5.479171385337367e-06,-0.0004912823528146741
TXT,0.0015181680732111544,0.981203547753213,0.0014896318995204442,-5.496292974955248e-06,-0.0004928175365568563
BSX,-0.00011927132115835903,0.6522345707177212,-7.779287895465776e-05,-5.5295050769840324e-06,-0.0004957954539241222
CRWD,-0.000315786435317379,1.5041641410205593,-0.0004749946322251098,-5.538574458666518e-06,-0.0004966086475364756
SBAC,-0.0003431931087139137,0.09082742263048926,-3.117134552903009e-05,-5.548845186661251e-06,-0.000497529558210647
CRGY,0.00024567953140564107,1.7310146032824336,0.00042527485659074995,-5.558874294613787e-06,-0.00049842880435665
GIC,0.00019774838191335481,0.660557258208695,0.00013062412897189154,-5.597126696537945e-06,-0.00050185865326928
BHB,0.00031113436128636505,0.7623787149726622,0.000237202214541339,-5.603996629143915e-06,-0.0005024746363106885
DAR,0.00024714383170486813,0.9535557088893283,0.0002356654116389604,-5.6572747961558995e-06,-0.0005072517497467358
TNL,0.00017437904252239438,1.3374793042912192,0.00023322836047582097,-5.670869057179452e-06,-0.0005084706604306213
NBIX,-0.00018809632848592667,0.8337483195163643,-0.0001568249977823394,-5.671134611569831e-06,-0.0005084944709991419
SYK,-0.0012053903642989282,0.6880321810164359,-0.0008293473613247878,-5.684516254067962e-06,-0.0005096943175359009
ASTE,0.0001290883589625747,1.066840260657467,0.00013771665852347785,-5.691768119746852e-06,-0.0005103445460800482
FIZZ,0.0002890151330433257,0.10015725048231582,2.89469610734002e-05,-5.7960795923821135e-06,-0.0005196974905487964
CCK,-0.000804804337109361,0.5648207200612995,-0.0004545701651945661,-5.859478021447898e-06,-0.0005253820233377402
AVY,0.000443306714994646,0.5764328866011731,0.0002555365693740473,-5.904105916705208e-06,-0.0005293835220756425
SCL,0.00015658971999763473,0.9604800395576881,0.0001504013004576555,-5.905470949744139e-06,-0.0005295059158822737
ALLY,0.001143801001623824,1.216749757385194,0.0013917195912227297,-5.947949825143361e-06,-0.0005333147257156179
WK,0.0005473940007335571,0.8864235896378908,0.0004852229550764859,-5.9773842361898825e-06,-0.0005359539216260336
HGV,0.00012638936982916222,1.3985982511557704,0.00017676795160774617,-5.980350757382198e-06,-0.0005362199106613347
HHH,0.0002897821472086955,0.8475765036079556,0.00024561253913915203,-5.984785950667964e-06,-0.0005366175861562919
EPAC,0.00032874339283722346,1.023461946796567,0.00033645635282969336,-6.0341220250219036e-06,-0.0005410412372857501
AFRM,-0.000223267272150768,2.4220417459408035,-0.0005407626536514866,-6.043633826445376e-06,-0.0005418940998545931
MGPI,0.00011944300005588488,0.6004225954867578,7.171627610627935e-05,-6.0649078677589085e-06,-0.000543801607456629
WABC,0.0012128791227990847,0.6173295139817354,0.0007487460793961525,-6.085918998876664e-06,-0.0005456855415782102
EME,-0.0009938399230815212,1.3177666007082558,-0.0013096490570872906,-6.151245207349134e-06,-0.0005515429260514723
ALNT,0.00020397428718698643,1.1447584690413108,0.00023350129272396724,-6.185022089181923e-06,-0.0005545714836216849
EVR,0.0006682092144034556,1.783364500787507,0.0011916605920662309,-6.189966564391209e-06,-0.0005550148231786027
WSBC,0.0002773737329621215,0.8271334746534332,0.00022942509952255305,-6.227174687912417e-06,-0.0005583510383070865
JBSS,0.0004310425067403883,0.14472152820849274,6.238113029828853e-05,-6.239857927755071e-06,-0.0005594882635320331
OMCL,0.0007352581477203948,0.9151469762974916,0.0006728692706844137,-6.242083785218381e-06,-0.0005596878419745932
IPAR,0.0009634461263048966,0.7782666190822206,0.000749817959387174,-6.244391450109384e-06,-0.0005598947555674394
UPWK,-0.00017043644483399586,1.1216916066430336,-0.00019117712963637157,-6.2910136177235975e-06,-0.0005640750679884242
LEA,0.00013157061122436977,0.9879937472114299,0.0001299909412064633,-6.303216314030903e-06,-0.0005651692059393886
CWH,7.664302217060676e-05,1.6595974955637423,0.00012719656764677536,-6.318017297938443e-06,-0.0005664963157679892
ZTS,0.0003897032505478116,0.6329273140137102,0.00024665383163163833,-6.329968432408323e-06,-0.0005675678977734143
DTE,-0.0002692673523262698,0.26392157527803967,-7.106546379689604e-05,-6.377595702555902e-06,-0.0005718383313281774
DLTR,-0.0004624292416977332,0.6683355019310194,-0.0003090578793576352,-6.413269041304345e-06,-0.0005750369320947075
CUBI,0.000567736063560438,1.2966708957737625,0.0007361668300999828,-6.426517595833536e-06,-0.0005762248454821063
RCL,-0.0006706378893661267,1.589420338048698,-0.0010659255008245744,-6.438383488326646e-06,-0.0005772887843831344
OSIS,0.00038091985125607704,1.1759457987894095,0.0004479410987600706,-6.438647619036083e-06,-0.0005773124672992649
WD,0.00013184104766586887,0.9147592429360201,0.00012060281695072194,-6.511709308341926e-06,-0.0005838634430031539
TALO,0.0001751727919204744,1.4968878313327847,0.00026221402060634804,-6.548274632800863e-06,-0.0005871420224393969
FAF,-0.0005850728110356935,0.6558715778430587,-0.00038373262772705406,-6.552845727015062e-06,-0.0005875518833038516
TNC,0.00012106871935943838,0.83436809356053,0.00010101587656174942,-6.5865899269084046e-06,-0.0005905775104929943
AIT,0.000331082210520744,1.2155618246174649,0.00040245089591897925,-6.659269830887077e-06,-0.0005970942539415639
ATKR,0.0001347914228064746,1.3730991124783047,0.0001850819830252582,-6.680011101387093e-06,-0.0005989539913826817
JBLU,0.00020046081873356726,1.8572671021409266,0.00037230928390209,-6.712893735149262e-06,-0.0006019023674317779
SFIX,0.00017823568747417985,1.889810729291917,0.00033683171453142605,-6.733077972855179e-06,-0.0006037121592949179
CABO,0.0003685472319705789,0.7169406754074462,0.0002642265014085316,-6.7523775898578155e-06,-0.000605442632861569
GCO,6.098892069042719e-05,1.8802395327632582,0.00011467377974270423,-6.759776472510735e-06,-0.000606106043480126
KMT,0.00011458191760826611,0.9926686145854932,0.00011374187340874665,-6.799621673793395e-06,-0.0006096787085526046
WPC,-0.0018482018330789518,0.28964702560684574,-0.0005353261636724384,-6.897617459519754e-06,-0.000618465365656707
AD,-0.00019712498190054895,0.5224204194175813,-0.00010298211572216792,-6.9355211644538394e-06,-0.0006218639491341726
ANF,0.00018409545816325796,1.373586538830765,0.00025287104319293344,-6.965387340769842e-06,-0.0006245418586825705
CVNA,-9.180701696194481e-05,2.413567347796026,-0.00022158241843790594,-6.978766269022341e-06,-0.0006257414618502349
WGO,9.902856780980617e-05,1.2923460166044738,0.00012797917513904903,-6.983817626914779e-06,-0.0006261943848956696
FCNCA,-0.0008571913549849257,1.1646212022185776,-0.0009983032263739156,-7.062470815933603e-06,-0.0006332467147171005
EXR,0.00018138271167948198,0.5652478557361132,0.00010252618884442885,-7.077229030863759e-06,-0.0006345699897242729
ODC,0.00016252294311879239,0.4444458573137826,7.223264878759081e-05,-7.132686905044735e-06,-0.0006395425436003282
ARVN,0.00022792637691162397,0.9547199800615599,0.00021760586602056922,-7.164781145551331e-06,-0.0006424202294544475
LZ,-0.0005006882751271643,1.07079633064611,-0.0005361351678036975,-7.173902928370636e-06,-0.0006432381215425331
IDXX,0.0002581896934109789,0.9752660320288884,0.0002518036378036806,-7.175951506095726e-06,-0.0006434218044416297
KRYS,0.0002482923735587565,0.8150939452989632,0.00020238161035165082,-7.208612182617146e-06,-0.0006463502790005569
GSBC,0.00025351646541641885,0.7068728134391298,0.00017920389716204784,-7.216149686610211e-06,-0.0006470261189105792
LNT,-0.0002700412672354223,0.22950097051022314,-6.197473290833995e-05,-7.223089590570623e-06,-0.000647648375837074
HCKT,0.0011072619836687784,0.6008152007597535,0.0006652598310116,-7.238196123188049e-06,-0.0006490028822697477
ECPG,0.00016500973039099265,1.4788267262694,0.00024402079939670797,-7.2503091188352856e-06,-0.0006500889773346206
SKWD,-0.00010070918490957317,0.5987093271802061,-6.0295528338077516e-05,-7.251139921112952e-06,-0.0006501634700761305
RVLV,0.00022411601223509923,1.6154619379065231,0.00036205088744119544,-7.267844232049889e-06,-0.0006516612391003313
LILAK,-0.00014304763241868785,0.713858197488442,-0.00010211572503339374,-7.339759368200105e-06,-0.0006581094106952942
SSNC,-0.0004043008105427669,0.8180954692504369,-0.0003307566613193169,-7.348684602553596e-06,-0.0006589096795360061
TRST,0.00031581810076004564,0.6977760203004035,0.0002203702974871765,-7.355667337488557e-06,-0.0006595357768428195
CECO,-0.0005285497024362994,1.0032778819597508,-0.000530282225970747,-7.376498941015543e-06,-0.0006614036138703356
MSFT,-0.0005945632259984608,0.8533106805278374,-0.000507347150993573,-7.419347096544627e-06,-0.0006652455346977129
EYPT,-0.0003389294394306443,0.9642041574704626,-0.0003267971745881606,-7.42953502405742e-06,-0.0006661590211807576
MATV,0.0002998551698946281,1.693888414503965,0.0005079211983136287,-7.5803275327553946e-06,-0.0006796796237043829
HLMN,0.00013442943658992178,0.9890788943807718,0.0001329613185145899,-7.772466848001229e-06,-0.000696907530667611
BRZE,-0.00032446809019192696,1.3376383354501609,-0.00043402095607102185,-7.846918008694094e-06,-0.0007035830914089405
DOW,0.00018499909895961902,1.4611164428681247,0.0002703052254056867,-7.870940524745207e-06,-0.000705737037211348
BOOT,0.00022026398836190767,1.5048757753809328,0.0003314699402746226,-7.90732264640078e-06,-0.0007089991900206526
EAF,0.0001100452132363899,2.1594781572264146,0.0002376402342913071,-7.915756463008407e-06,-0.0007097553965662793
STLD,-0.0011482971367014988,1.218603316990181,-0.001399318699674774,-7.951837450048283e-06,-0.0007129905485551845
GPI,0.0007360521659186788,0.8853040975132973,0.0006516299984713437,-7.96641425294788e-06,-0.0007142975575025947
NOVT,0.0006722197290079271,1.5934766437534327,0.0010711664376443937,-7.99447711560924e-06,-0.0007168137754168366
MMYT,-0.00018671891424902222,1.012975490374369,-0.00018914168372357305,-8.00208768334669e-06,-0.0007174961664868286
HOPE,0.00033581165442821717,0.9143830270887756,0.0003070604771077631,-8.078128402993868e-06,-0.0007243142528416299
MIR,-0.00020463951571378407,1.3956699551656462,-0.0002856092237213766,-8.167576047628995e-06,-0.0007323344526528045
ZION,0.0008828291702937156,1.2158485381654818,0.0010733865561514593,-8.199274842338792e-06,-0.0007351766814044171
SFBS,0.0002451198951414223,1.0710845303539027,0.0002625441277679482,-8.255430388409095e-06,-0.0007402117910691447
USNA,0.0004427648913620005,0.8135439775847421,0.0003602087108535181,-8.302335172993758e-06,-0.0007444174439513824
FLG,0.0008535467792085827,0.905885787520663,0.0007732158962690923,-8.377713306769172e-06,-0.000751176120456933
FDS,-0.0008305609908988142,0.5743822102585882,-0.00047705945770702403,-8.455432485013594e-06,-0.0007581447034891996
ALKS,0.00035749294329727254,0.5978315842800166,0.00021372057266033458,-8.598293753598602e-06,-0.0007709541622961193
WAB,-0.0005496380771455946,1.0842182248826355,-0.0005959276203307016,-8.61891802167962e-06,-0.0007728034088765488
ST,0.00023946298061908568,1.8204528032054894,0.00043593105433195633,-8.62754130573598e-06,-0.0007735766037599094
MCS,-0.0004273705236356738,0.8874283263915691,-0.00037926070853909455,-8.639162509374445e-06,-0.0007746186029719293
MTB,0.0013915489992301169,0.9358063667573397,0.001302220413134348,-8.640059619934952e-06,-0.0007746990411542574
LQDA,-0.00047045334042263937,1.1077027450338401,-0.0005211224565964973,-8.693277300345632e-06,-0.0007794707311425398
LHX,0.0004179747169522011,0.4349633355427599,0.00018180367705807036,-8.722484201260586e-06,-0.0007820895276704824
GWRE,-0.001596797774557102,0.8405439962656587,-0.0013421787826543368,-8.753012839002923e-06,-0.0007848268359099031
AMAT,0.0013245823506883323,1.6277754433087057,0.0021561226230905877,-8.794985360507221e-06,-0.0007885902442189365
GSM,0.00022980477226950015,0.8650910287031033,0.00019880204684350427,-8.807208773044578e-06,-0.0007896862396621246
HOMB,0.0004833379016422979,0.8257063077711109,0.00039909515417089813,-8.807758326362273e-06,-0.0007897355146031562
IDCC,-0.0003064698327459061,0.893962604713587,-0.0002739725699476676,-8.820391680393995e-06,-0.0007908682668856007
RF,0.0007300664290359482,1.069967018144958,0.0007811470001233311,-8.839457117027886e-06,-0.0007925777429921525
MDT,-0.000763243628667009,0.4346601115582557,-0.00033175156078253,-8.865783711498493e-06,-0.0007949382808113799
NKE,0.0002311338645291438,1.0569412177978021,0.0002442949082497455,-8.866269074177264e-06,-0.0007949818001872172
GPRE,0.00018040009817211033,1.6130191619331113,0.0002909888151662284,-8.904808252130897e-06,-0.000798437362477397
CVBF,0.00023978132268411142,0.7422543698780383,0.0001779787345774177,-8.905087133633886e-06,-0.0007984623680031069
BXC,7.40666801900318e-05,1.1345821411888395,8.403473260075528e-05,-8.90612813807268e-06,-0.0007985557082317681
MNKD,-0.00024689124503773306,0.5239598611306802,-0.00012936110246435133,-8.941552438396021e-06,-0.0008017319793110479
HEI,-0.00033259856588235126,0.6792813759593704,-0.0002259280114746769,-8.94818396395559e-06,-0.000802326585913129
XNCR,0.00025349870985614414,1.3940513616286172,0.0003533902216460555,-8.989038197635711e-06,-0.0008059897244852354
GEO,-0.0004078308268343732,0.8779922749994313,-0.00035807231546721043,-9.010104834171827e-06,-0.000807878635423676
RILY,0.00043031855613719945,1.2738709286292158,0.0005481702987128776,-9.078364344661255e-06,-0.0008139990303806516
ICHR,8.438792059069142e-05,2.722378321723888,0.00022973584563145525,-9.182908775829892e-06,-0.0008233728627553142
BWA,0.0006028657170471006,0.9011533445433085,0.0005432744572274945,-9.208646636332503e-06,-0.0008256806125544856
HLF,9.207873999449234e-05,0.8597595131404584,7.916557266825158e-05,-9.218789737110512e-06,-0.0008265900797101201
AEIS,0.0006262355346125844,1.954608549961837,0.0012240453302436794,-9.26699048349036e-06,-0.000830911933221088
HPP,0.0002858843069298492,1.3614369927511294,0.0003892134711013147,-9.294926001721917e-06,-0.0008334167329724926
INTC,0.00023146807562773747,1.5076021317857131,0.0003489617642567137,-9.367586024001458e-06,-0.0008399316937559035
ABM,0.0005633767168705999,0.6788434438828768,0.0003824445906838664,-9.379478460660175e-06,-0.0008409980127029671
DIOD,0.00015214558920068958,1.6657106256541572,0.000253430524578001,-9.381717772877192e-06,-0.0008411987975474796
CCRN,0.00041345130721257185,0.3765779977090233,0.00015569666542028857,-9.42750399494343e-06,-0.0008453041560627092
GMED,0.0009165273882919626,1.0344215208496628,0.0009480756548973414,-9.531023033237009e-06,-0.0008545860479980625
ORA,-0.0004960031523050703,0.4855327512683067,-0.00024082577517643374,-9.531546525227844e-06,-0.0008546329861861296
BC,0.00013408181178798024,1.508463388860363,0.00020225750419423404,-9.578069895164992e-06,-0.0008588044400495284
OSG,-0.0002206686024131787,0.8272526716161107,-0.00018254869088809542,-9.725254635111725e-06,-0.0008720015569590216
CLBK,0.0006109618266038557,0.7444674389649316,0.0004548411863571091,-9.76674968309407e-06,-0.0008757221532625937
PFGC,0.0007117314711067013,0.76171496688737,0.0005421365139467401,-9.789928952268543e-06,-0.0008778004904956713
CBT,0.00021277451102271592,0.8251784445512638,0.00017557694004588045,-9.922385533441427e-06,-0.0008896770273418345
HOG,0.00034976661539844704,1.1654960157975995,0.00040765159670590136,-1.0011590874592564e-05,-0.0008976755013449738
PGEN,-0.00013449203567631932,1.6967670606366485,-0.0002282016560535476,-1.0051474017946181e-05,-0.0009012515684409665
PNW,-0.0008209296495145851,0.19064495257707548,-0.00015650609410082327,-1.0068509215874954e-05,-0.0009027790059913793
CLF,0.0004194508720284187,2.027997556188142,0.0008506453434146182,-1.0191151472469385e-05,-0.0009137755549468384
WFRD,0.00019885606753607316,1.7205675664526188,0.000342145300194879,-1.037511061422591e-05,-0.0009302699979251628
MITK,-0.00048782210036140897,0.9954333863852007,-0.0004855944053162986,-1.0379985835053599e-05,-0.0009307071278833764
PEG,-0.0007641685747074658,0.46794739604855773,-0.00035759069467649636,-1.0425462710006127e-05,-0.0009347847492158877
HUBG,0.0002292339688045499,1.1387106090373245,0.00026103115222947203,-1.046028318388798e-05,-0.0009379068790292711
WMB,-0.0003078126569892789,0.5678005323678592,-0.00017477619050807781,-1.0477864043787255e-05,-0.0009394832426084309
SLVM,0.0002181339884638237,0.9645165428097986,0.00021039384042243972,-1.0478686041091344e-05,-0.0009395569458641168
HTLD,0.00018636998093257703,0.8234855673848349,0.00015347298949176406,-1.0503322351849052e-05,-0.0009417659267231769
EL,0.0009199194422313144,1.4031937110954507,0.0012908251760534151,-1.0523149839779785e-05,-0.0009435437311092712
ALV,0.0008915660570254239,0.9255041078975671,0.0008251480482390663,-1.0563531455613076e-05,-0.0009471644930533358
MTRN,0.00015229190313467618,1.071522371934236,0.00016318418127324712,-1.0607841440076795e-05,-0.0009511374867579628
RRR,0.001320611720116071,1.104586548245006,0.0014587299414949107,-1.0632526837611593e-05,-0.0009533508689152567
EEFT,0.0004923725529555954,1.0886667378904404,0.0005360296210529562,-1.0633364547017659e-05,-0.0009534259809749175
SRCE,0.0007315458995533669,0.6944464924167751,0.0005080194839867102,-1.0663051353202538e-05,-0.0009560878075476526
FTNT,-0.0005566002272458243,1.2073903639244994,-0.000672033750934795,-1.0675591555684485e-05,-0.0009572122075247348
TRS,0.0006536272142107164,0.8468489459354255,0.0005535235173890537,-1.0686878148553408e-05,-0.0009582242043231458
GSHD,-0.00019481535322851212,0.8804034671154777,-0.00017151611242970853,-1.0703702094372256e-05,-0.0009597327002441948
HBNC,0.00047420315512848766,0.8953514677208345,0.00042457849094214203,-1.0841612857428683e-05,-0.000972098278793926
ONTO,0.00034620367548943295,2.2454839285327544,0.0007773947893104907,-1.1055087477610604e-05,-0.0009912391864774946
CHRW,-0.000300411728295392,0.6821121706998331,-0.0002049144960912583,-1.1099594783083049e-05,-0.000995229872698491
SJM,0.0015968725053295018,0.21521616330297413,0.0003436727738810235,-1.1100316117989416e-05,-0.0009952945501989824
RUSHB,0.0005019885541140594,0.9237973067962832,0.0004637356743331284,-1.1130334858215533e-05,-0.0009979861391801713
PRKS,0.0010099295387473934,1.360832413862489,0.0013743448520446453,-1.1135863902250632e-05,-0.00099848189329541
TEN,-0.00044179148400277533,0.7555120361704613,-0.00033377878364170655,-1.1264472655442994e-05,-0.001010013419947412
COP,0.0018387114265926948,1.0032793351831941,0.0018447411776656613,-1.1390303894109905e-05,-0.0010212959045864756
TRU,0.00040877269548572685,1.6064332729898485,0.0006566660591180188,-1.1418978920924893e-05,-0.001023867011356085
ALL,-0.00019087576820410937,0.47251506905600626,-9.019167679408298e-05,-1.1491808236398736e-05,-0.001030397151580503
TFC,-0.0011938109400483835,1.0854297249629459,-0.0012957978803144728,-1.1505937520361199e-05,-0.001031664034359027
RIOT,0.00010796958842928798,2.25331466645233,0.00024328945713853638,-1.167460955726762e-05,-0.0010467877801442354
TROX,0.00011510899102283721,2.1132750602878665,0.0002432569599434618,-1.1793777990891333e-05,-0.0010574728535494163
UDR,-0.0013368434667322866,0.6084845529606012,-0.0008134485992328958,-1.1804756349880353e-05,-0.0010584572129816844
TT,-0.0016078872302975342,0.8934219123800866,-0.0014365216841839437,-1.183067054155466e-05,-0.0010607807732724089
HUN,0.0001678674682280182,1.46233033048074,0.00024547769029084295,-1.1841682258448593e-05,-0.001061768123695259
MSCI,-0.0008110349177976946,0.8040141932126512,-0.0006520835851004023,-1.1846097487703951e-05,-0.0010621640091429368
BKE,0.000306576559725499,0.8442809444888036,0.0002588367474031724,-1.192595026314762e-05,-0.0010693238982283067
EAT,-0.0003014439583911805,1.0491374579813213,-0.0003162561482303503,-1.1979285223732594e-05,-0.0010741061039818232
KEYS,-0.0013117513551690416,1.3227452677589895,-0.0017351128975262914,-1.2003283372190586e-05,-0.0010762578648975684
SNEX,-0.0004921218736210003,1.0038417623515452,-0.0004940124889074493,-1.2076688464892244e-05,-0.0010828396313937864
OSW,-0.0010796388198322617,1.391234663108389,-0.0015020309497880753,-1.2133234574789716e-05,-0.0010879097604259405
HRL,0.00040718401816434795,0.06342598458897089,2.5826047260967177e-05,-1.2143150411812519e-05,-0.0010887988502900987
SEDG,0.000470034995160137,2.058139157718578,0.0009673974290371402,-1.2197318370857103e-05,-0.0010936557457027533
FCN,-0.001490682394042639,0.334341435772215,-0.0004983968919045786,-1.2268135821124711e-05,-0.0011000054948054935
ALLE,0.00035805299642001,0.653299026206588,0.00023391567389154346,-1.2306252198962762e-05,-0.001103423147305863
WT,0.00047036101813043626,1.1492135013223843,0.0005405452325312402,-1.2357999307701772e-05,-0.0011080629805114257
EWBC,0.0015003791779050928,1.2323333091092428,0.0018489672372263882,-1.2375922283371149e-05,-0.0011096700194297292
TRGP,-0.0002761814736677918,1.0118581677537606,-0.0002794564799130253,-1.2619054918303152e-05,-0.0011314701721417018
BBWI,0.0008658708197717746,1.655966750462367,0.0014338532877376513,-1.2620186264566169e-05,-0.0011315716127455549
WGS,-0.0007360970471955917,1.6509269191781155,-0.0012152424303427261,-1.2764927853156697e-05,-0.0011445496678549791
NTNX,-0.0006891485130749933,1.182679087314966,-0.0008150415344679989,-1.2783763261041131e-05,-0.001146238518750655
AMRX,-0.0010495382155824068,0.8524639422349294,-0.0008946934847815917,-1.2805502328651982e-05,-0.0011481877222949057
MMI,0.0005674296759681622,0.808684780404831,0.0004588717429054977,-1.3022713276643431e-05,-0.001167663642663433
NBN,0.0004383418494259061,0.8697029049867778,0.00038122717982298727,-1.3065879051457205e-05,-0.0011715340423863417
FSLR,0.0006444643111811414,1.0902782655030496,0.0007026454313731925,-1.3140915010836002e-05,-0.0011782620382960831
PCOR,0.0012098329335601184,1.5031511822119261,0.0018185618043598147,-1.3267691151400599e-05,-0.0011896292462618737
TDC,-0.00039483474170441983,1.2498137397688753,-0.0004934698851202789,-1.3432601190486682e-05,-0.0012044156776959733
EXPD,0.0011201136775553155,0.7502318660579307,0.0008403449745093357,-1.3457612359282874e-05,-0.0012066582696845577
STEP,0.0008923776314053656,1.654516186041742,0.001476453235221769,-1.3461866601774077e-05,-0.0012070397204758424
PRMB,-0.0005604352440655624,0.4200980393003946,-0.00023543774718678086,-1.3616584056867509e-05,-0.0012209122479100469
ALSN,0.0008613931752142615,1.0242309244523096,0.0008822655281666133,-1.3698205866867199e-05,-0.001228230755041426
COCO,-0.0003273972432988677,0.7331852008444083,-0.00024004281358398592,-1.37738445517437e-05,-0.0012350127935024562
AVGO,0.0013840351654321294,1.767282160040157,0.0024459806567364295,-1.4179187708650357e-05,-0.0012713573291662497
Z,0.00035213644628490797,1.0903663796510599,0.00038395774207886503,-1.4225633321429942e-05,-0.001275521811041253
ENS,0.000599990385884014,1.152301919908919,0.0006913700735810425,-1.434540450799761e-05,-0.0012862609294586533
MTH,0.0001438955356766377,0.8231791716584526,0.00011845180786364394,-1.43654856774102e-05,-0.0012880614798452845
TTC,0.000438069695465381,0.8017792666016542,0.00035123519915064317,-1.4429769202375076e-05,-0.0012938253735384948
SAFE,0.00026921977192592825,0.6762760509145422,0.0001820668841861805,-1.4583390942523294e-05,-0.0013075996552018624
SITE,0.00019042904687519488,1.0539345668718236,0.0002006997550382227,-1.4705803418476366e-05,-0.0013185756011927163
G,-0.0005641596216801231,0.6167949045855765,-0.0003479707800252265,-1.4830537829015275e-05,-0.001329759740248942
UFPT,0.00037698114954339283,0.8480199868024233,0.00031968754946055033,-1.48573706283952e-05,-0.0013321656662338914
DSGR,0.0006214857787480362,0.9787074769630778,0.0006082527784869241,-1.4865600239712508e-05,-0.001332903562993525
JANX,0.0005237075384564943,1.1758889237195107,0.0006158218937394014,-1.4908046880131974e-05,-0.001336709482521824
AA,0.0008437140553221457,1.7111594860770565,0.001443729309301032,-1.4933613571876674e-05,-0.0013390018847101617
AEO,0.00014566222466798063,1.6695920080334001,0.00024319648617802605,-1.4977091006321715e-05,-0.001342900228964489
VISN,-0.0004376717637426075,2.5523455444385337,-0.0011170895761149987,-1.501825779625495e-05,-0.0013465913924623767
APOG,0.0003013435208660909,0.750653197310682,0.00022620447742698936,-1.503350243314645e-05,-0.0013479582818244989
XPO,0.0006757991375378178,1.5347936037625143,0.0010372121937212663,-1.5100193294383955e-05,-0.001353938026007657
KMPR,-0.0006830420975476621,0.6987258961685592,-0.00047725920172984263,-1.5210226605944692e-05,-0.001363804011279848
IDA,-0.0007153068525330053,0.22619502547704243,-0.00016179885173260618,-1.5210287457665547e-05,-0.0013638094674655542
PLTR,-0.0020387809218754124,2.004438031596727,-0.004086610017900912,-1.525434317866476e-05,-0.001367759662986972
ETSY,0.0004375264689767369,0.9652791262027551,0.00042233516766444144,-1.527462459555863e-05,-0.001369578168288102
ANET,-0.00032958061558901916,1.5773239333430618,-0.0005198553929344993,-1.5456773953112067e-05,-0.0013859103394594596
SMPL,0.000650385602536791,0.45016747117377265,0.00029278244198181763,-1.55260888764017e-05,-0.0013921253665509698
CMI,0.0017101032019691176,1.2238800146997268,0.0020929611319640135,-1.556916659691099e-05,-0.0013959878710059922
MSTR,0.00041532261764158006,1.9883784130068247,0.0008258185273520052,-1.5645582628965154e-05,-0.0014028396092306435
PSA,0.0005483299049794176,0.44660694780505444,0.00024488794525309325,-1.565250526310878e-05,-0.0014034603176828113
HLIO,0.00020211215997955123,1.368345927865771,0.00027655935108017416,-1.574204048488494e-05,-0.0014114883699776692
EMN,0.00037028207909946617,1.2453244206763507,0.0004611213156413774,-1.5745705892355025e-05,-0.001411817023688109
MA,-0.0003791195137573271,0.7636484922776221,-0.00028951404507380807,-1.5754461225329612e-05,-0.0014126020585557791
SWK,0.00019959390923012085,1.622884285612859,0.0003239178187936025,-1.5786188309170002e-05,-0.0014154468238133085
LECO,0.0005203934777138488,1.0920334018028015,0.0005682870597438446,-1.5873584402557436e-05,-0.001423283074108579
AIR,0.0006363175220402956,1.1855682556908873,0.000754397854670861,-1.612749336800091e-05,-0.0014460494716477445
MOV,0.0005343358709609692,0.9985784973876576,0.0005335763111245299,-1.6206538611184614e-05,-0.0014531369544656793
MSGE,-0.0006718565264895617,0.9776908842300753,-0.0006568680014593266,-1.622774760112951e-05,-0.0014550386293263771
KTB,0.0005130359412565707,1.2615964889812927,0.0006472443422105024,-1.6503101267012453e-05,-0.0014797278363829637
ASAN,0.0005206096579387136,1.7020559854479171,0.0008861067843765803,-1.667077344565698e-05,-0.0014947619312547693
FRT,0.0010587301066805,0.7304248787339878,0.0007733228097841262,-1.683692787838331e-05,-0.0015096599395300393
INTA,-0.0005604545021421153,1.4314993351493743,-0.0008022902471979115,-1.686936333128996e-05,-0.0015125682197238716
HSIC,0.0017833582198144482,0.5689751984812792,0.0010146865970821464,-1.688142057527956e-05,-0.0015136493158931796
VSH,0.0002386666349284841,2.127698237490578,0.0005078105784851428,-1.7180220535341374e-05,-0.0015404408026119438
VRSK,-0.001644554309350591,0.2677597156172182,-0.0004403453941887849,-1.7186883068924e-05,-0.001541038189505688
TDY,-0.0012063359498032712,0.8043668408445309,-0.0009703366369404439,-1.719689813174425e-05,-0.0015419361763142569
GPOR,-0.0002608531311184872,0.8143302805359374,-0.0002124206034423953,-1.769794934070093e-05,-0.0015868622425942072
TLRY,0.00025057703691149,1.5180302418246054,0.00038038351993844227,-1.7702095102103426e-05,-0.0015872339665781434
RLI,-0.0006089773905653634,0.28819798015791764,-0.00017550605392277705,-1.7704343921588577e-05,-0.0015874356038787537
SFNC,0.000852253416386397,0.8238683138172399,0.000702144585103243,-1.7723052211280444e-05,-0.0015891130568968423
CEVA,0.00085420085390257,2.184019136038072,0.0018655910109432745,-1.7750309948734712e-05,-0.0015915570843687285
PRI,-0.001196858903742205,0.8531836850406548,-0.0010211404899684929,-1.7805358555551874e-05,-0.0015964929418505144
CYD,-0.0002791077625657831,0.5563383093432677,-0.00015527834075042995,-1.783979264742397e-05,-0.0015995804272533679
DTM,-0.0003821743943867431,0.6487742409622228,-0.0002479449026334564,-1.8070633385492368e-05,-0.0016202784439694
HQY,-0.0006355170402513453,0.9933868154309108,-0.0006313142487673619,-1.8117688011320018e-05,-0.001624497532160232
ZBH,0.0005554163244359269,0.3322092256359105,0.0001845144270464029,-1.8193809809897434e-05,-0.0016313228883455988
VCEL,0.00020740232978276986,1.1764800678808964,0.00024400470702148916,-1.8240576376165726e-05,-0.0016355161480729428
NCNO,0.0010417214739254022,0.8860546745988886,0.0009230221816016469,-1.8296322110056664e-05,-0.0016405145124932655
OII,0.0005255230461669849,1.4523948448307613,0.0007632669630926871,-1.8361492905914925e-05,-0.0016463579621086091
NEE,-0.0010256507091539458,0.36313338929414063,-0.0003724480182470112,-1.8773856988648748e-05,-0.0016833320194129442
JPM,-0.0005442268030402004,0.9686417376909954,-0.0005271607961948748,-1.893875065444449e-05,-0.0016981169827585253
ED,-0.0009608362881650918,-0.16654947962642785,0.00016002678380008453,-1.9016254322689534e-05,-0.0017050662423836371
ENTA,-0.0004252737157004118,0.8993489571546546,-0.0003824694727204504,-1.9129791943965602e-05,-0.0017152464367580559
PWR,-0.0011964010829069117,1.1395166779802473,-0.0013633189875260545,-1.9200658429043268e-05,-0.0017216005824994777
MYE,0.0006193071407243394,1.0617840714150881,0.0006575704573347261,-1.9256774604958487e-05,-0.0017266321620934956
SM,0.0005263507644348881,1.6827591776891593,0.0008857215795365127,-1.9974573997928383e-05,-0.0017909926556474826
WSC,0.00028477081539754267,1.7042048045612277,0.00048530779179931067,-1.998664399928208e-05,-0.0017920748956882647
ENPH,0.0004025500518300364,1.1100663655048344,0.0004468572729687512,-2.008115232295496e-05,-0.0018005488543125258
TDG,-0.0014519107122644862,0.6537950423801628,-0.0009492520256571722,-2.021928035343158e-05,-0.0018129339138461275
BBT,0.0010947159613996908,0.8008867485942597,0.0008767435069596374,-2.0323808618201798e-05,-0.0018223062966829507
ARR,0.0014037214099036394,0.6853518638813155,0.0009620430846475674,-2.0389331460688863e-05,-0.0018281813120742002
OLN,0.0003575540050646729,1.8455275806314824,0.0006598757779121026,-2.0472232344437526e-05,-0.001835614505590915
MLKN,0.0003147423982168958,1.1297552888641245,0.0003555818890153164,-2.0484929901980097e-05,-0.001836753014592697
LNG,-0.0006719575648663405,0.650235105882401,-0.0004369303983393452,-2.0554356612379993e-05,-0.0018429780649214238
CATY,0.0008705528101298179,0.9283642997761185,0.0008081901499943006,-2.083702538723401e-05,-0.0018683231711448115
FIBK,0.0008520542647384838,1.1298865381716061,0.0009627246435197187,-2.0930849962114056e-05,-0.0018767358223756633
PRM,-0.0007368025418942612,0.9540496356231671,-0.0007029461966204432,-2.0935404242020444e-05,-0.0018771441756083756
MUR,0.00028213849935231045,1.5628987012118984,0.00044095389419960006,-2.1057946506258074e-05,-0.001888131758886936
RYAN,-0.0006167476842521889,0.42591355815593196,-0.00026268120068428106,-2.147408855424358e-05,-0.0019254445622401111
LAZ,0.0013375329880343874,1.713959414813073,0.0022924772574646,-2.1628176178807413e-05,-0.0019392606167876881
MSI,-0.0009521760124944495,0.5114437221331248,-0.00048698444395603804,-2.176007853030806e-05,-0.0019510874593939328
COF,-0.0011922510166109612,1.464990208183113,-0.0017466360650314201,-2.19271446930513e-05,-0.001966067216684946
WH,0.000734227558919549,1.070604475178909,0.0007860673103789553,-2.1989191948201104e-05,-0.0019716305983264225
RSG,-0.0008102851264174803,0.2667211572633943,-0.00021612018663138608,-2.202695371622715e-05,-0.001975016455226596
LGIH,0.0001784858396782117,0.9854729680267702,0.00017589297017843756,-2.2071731375423433e-05,-0.0019790313823417347
REPL,-0.00010843196751765487,0.7814403565957639,-8.473311536337652e-05,-2.2091388443683563e-05,-0.0019807939062828762
IOSP,0.0008044734580663156,0.7394385163471734,0.0005948586602732363,-2.216854111347592e-05,-0.00198771169411535
FCFS,-0.0005948107512455178,0.3233491446186058,-0.0001923315476251885,-2.2458615647683496e-05,-0.0020137208275471823
CL,-0.0022113111012646053,0.037665343618605046,-8.32897924767673e-05,-2.2519670613208393e-05,-0.0020191952369066632
HPQ,0.001644827698701204,1.214745837015482,0.0019980475996050433,-2.2614971615928803e-05,-0.0020277402700055315
CHTR,-0.0005156531064170217,0.7375003350819498,-0.0003802943387686018,-2.2875685802954634e-05,-0.002051116848361335
HAYW,0.0006309501181073497,1.0554629089204408,0.000665944447041279,-2.3052591471733406e-05,-0.002066978851403705
COST,-0.0009066085603980392,0.47376202537044615,-0.0004295167077923595,-2.3165286775028e-05,-0.002077083520496899
CBOE,-0.0006631315680011583,-0.11781406418675526,7.812622511675213e-05,-2.3182672334043093e-05,-0.0020786423726913733
UHAL,0.00042725338289551255,0.811821832126463,0.00034685362408446417,-2.323871477620092e-05,-0.0020836673410496286
GILD,-0.0013056630401778906,0.36997299100219877,-0.0004830600602156382,-2.3334490166700832e-05,-0.002092254909475113
CNK,-0.0006179284452442001,0.27637711569760814,-0.0001707812814040994,-2.3625308966236254e-05,-0.0021183307764320843
PKG,0.00095604788736125,0.8093821984494853,0.0007738081408954345,-2.3631226287598436e-05,-0.0021188613448988695
JBL,-0.0008058299967872305,1.4201479161982498,-0.0011443977907474277,-2.397673181823225e-05,-0.0021498406222499123
PFG,-0.0014460386141878134,1.1047236422616862,-0.0015974730447166025,-2.3986303885540945e-05,-0.0021506988884763168
GDDY,-0.0010755475509207548,0.7389488805683585,-0.0007947746587509313,-2.4051145630376208e-05,-0.0021565128341850645
HURN,-0.0007073947128072157,0.7411950072082023,-0.0005243174292581884,-2.4102661842630567e-05,-0.0021611319643754707
ICE,-0.0012947402214305553,0.43158824661395445,-0.0005587946619877765,-2.4165431937272716e-05,-0.002166760158424067
KBH,0.0002528336074255004,0.6306617300227023,0.00015945248026684683,-2.4180045778995797e-05,-0.002168070488406551
ETR,-0.00051981012027754,0.4611661238773155,-0.00023971881832059427,-2.423591622521244e-05,-0.002173080034985724
SLP,0.00036551680232530496,0.6823896359485718,0.00024942487767185093,-2.4396767822168627e-05,-0.0021875025717981523
MQ,-0.0006566658383513439,0.6962377122550857,-0.0004571955210098076,-2.440722833723172e-05,-0.002188440499468311
MDB,-0.0012386637982284452,1.6515526925339594,-0.0020457185311085297,-2.4573051051727516e-05,-0.002203308764685497
NTB,-0.0009441665970464099,0.5529376223688864,-0.0005220652332909644,-2.505695066404618e-05,-0.00224669695668515
LBTYK,-0.00046375091060351384,0.559982357876342,-0.0002596923283870564,-2.5311032443195475e-05,-0.002269478849327137
NDSN,0.0008001731872084776,1.0564840373683695,0.0008453701994159286,-2.5338017859884833e-05,-0.0022718984595328532
LCII,0.0008094158660435785,0.9143575506953938,0.0007400955087695974,-2.5354592125008037e-05,-0.002273384568178349
LOPE,-0.0008111354413135619,0.5926351542205407,-0.0004807073773566091,-2.5427518561952492e-05,-0.002279923416665611
KWR,0.00047628335716727306,1.2939086313865136,0.0006162671468244803,-2.542790647307842e-05,-0.0022799581981822357
OPCH,-0.0010765791913249475,0.3373789844229264,-0.00036321519422006615,-2.5530065066589555e-05,-0.002289118107710654
GPC,0.0009002514889400546,0.6312043777565003,0.0005682426809007701,-2.5563532765928646e-05,-0.0022921189428585747
WNC,0.00016128047626716782,1.1298420914592338,0.0001822214706172382,-2.5715316071534505e-05,-0.0023057283838217807
ENVX,0.0001905497906837744,2.4526788812749962,0.0004673574474414645,-2.571662137087732e-05,-0.0023058454216888535
GAP,0.0006022509842144377,1.4816640502068177,0.0008923336325122061,-2.5821134929558665e-05,-0.0023152164859244805
NE,0.0004676562636927582,1.5240155855906703,0.0007127154345668639,-2.5902771294830156e-05,-0.0023225362981342504
DASH,-0.0004675996693752668,1.2999530686365532,-0.0006078576250978158,-2.6094355248784716e-05,-0.0023397144093924988
NN,-0.0006211969824562323,1.1949597882160115,-0.0007423054145963248,-2.6108679138535104e-05,-0.00234099874123086
VFC,0.0008600674321325233,2.467487748620438,0.002122205851774441,-2.6196847448801886e-05,-0.002348904231288622
MGM,0.0008657400321726257,1.386730801467788,0.0012005483686774938,-2.6399899686288508e-05,-0.00236711063038825
ENTG,0.0005370007174270689,2.342131458329588,0.0012577262734314958,-2.6911843384867857e-05,-0.0024130133567420494
TR,0.0015852190073715724,0.1176408111577664,0.00018648644988990105,-2.7082996187911404e-05,-0.0024283595370048305
MUX,-0.0002942622808799023,0.7187818178294596,-0.0002115103771694992,-2.7600801204736474e-05,-0.0024747878103831417
PINS,0.0004603244630495692,1.3893679834116037,0.0006395600709422092,-2.776738236968302e-05,-0.002489724081014966
MCHP,0.0005324472591423324,2.233809421699259,0.001189385704030089,-2.797385027833912e-05,-0.002508236741563738
RBLX,-0.000575081997404004,1.17672121978859,-0.0006767111894636983,-2.810881352508975e-05,-0.002520338035125132
GTES,0.000991174925489694,1.5175988569460748,0.0015042059339567704,-2.846397218299967e-05,-0.0025521828468328686
ELF,0.00045526426860139805,1.6268712536438856,0.0007406563513988231,-2.87366367235487e-05,-0.002576630937171589
SPGI,-0.0008212692287084311,0.7568716968090401,-0.0006215954346696019,-2.8745467133979054e-05,-0.0025774227037558854
COR,-0.0006556232844208266,-0.025304931733543496,1.6590502455190588e-05,-2.912148638096551e-05,-0.002611137951440501
HWC,0.0012230376912265699,1.096940307178366,0.0013415993407047931,-2.9469419844601605e-05,-0.002642334926058877
VAL,0.000646961009983902,1.5691072763365626,0.001015151228271792,-3.0116440421613693e-05,-0.0027003491346022793
GFF,0.0005343037539731813,1.0941569477341062,0.0005846121646101709,-3.0173965282797844e-05,-0.0027055070220199855
CBZ,0.0010749955801957155,0.704004856726714,0.0007568021094175355,-3.024428099951212e-05,-0.0027118117838749777
RGLD,-0.0006652336356174935,0.2945543477924897,-0.00019594745966893754,-3.044807185079385e-05,-0.002730084409762848
BLMN,0.00031308548139629826,1.427528259085716,0.00044693837220267094,-3.048714025006867e-05,-0.002733587423953607
TXN,0.0021597205205795065,1.3206734903967154,0.002852285638195148,-3.0832961974645936e-05,-0.0027645950523989228
HZO,0.0004048930267193195,1.6637899983705373,0.0006736569682655785,-3.0910912668278226e-05,-0.00277158439393945
CALM,-0.0009960579828515233,0.3544926760252188,-0.000353095259817318,-3.0978689903267294e-05,-0.002777661546328187
SPG,-0.0015090071463309325,0.873060539443388,-0.0013174545931996116,-3.178406976259512e-05,-0.002849874821725807
BLDR,0.00023958896530107792,1.0983919566156253,0.00026316259238056414,-3.184225858133991e-05,-0.002855092241983357
SRI,0.0005325286234549139,2.0231768409606095,0.0010773995781226146,-3.207367076962522e-05,-0.002875841496995718
BRK/B,-0.0010120909127000399,0.47652133665897783,-0.00048228291454022784,-3.215036101619601e-05,-0.002882717822287178
SHEN,0.0005852861756657499,0.5296549440532109,0.0003099997166273605,-3.2487361988080125e-05,-0.002912934550095896
PLMR,-0.0004829767534842524,0.6842570739102162,-0.00033048026010579033,-3.3430155189614553e-05,-0.002997468803488117
DEI,0.0005620077708803349,1.0264518598676855,0.0005768739216802119,-3.370511297454668e-05,-0.003022122514424711
RPRX,-0.0018211583583431319,0.36900479056238683,-0.0006720161586013477,-3.370720739961774e-05,-0.0030223103081629134
AMR,0.0007989809958423467,0.852393512544325,0.0006810462175022206,-3.3805452276365684e-05,-0.0030311192996702574
WFC,-0.0009548195456528021,1.002537184825414,-0.0009572420993150412,-3.4020191710472695e-05,-0.003050373615151701
THO,0.0005236503326561958,1.0521940731047146,0.0005509817764001615,-3.432756386207004e-05,-0.003077933715613343
DGICA,-0.0007665174934754111,0.27073499621495184,-0.0002075231106947598,-3.441104134922545e-05,-0.003085418609480053
LSCC,0.0011985516697067772,2.107567546435436,0.0025260286018000074,-3.4447697449605926e-05,-0.003088705328214226
ACGL,-0.0007962404115699135,0.4346842487985767,-0.00034611316516633736,-3.449036646851072e-05,-0.003092531187003009
MSGS,-0.001683382572466982,0.6296797778150716,-0.0010599919642087729,-3.564735356462034e-05,-0.003196270840826222
APH,-0.0011591072229713813,1.25861350654288,-0.0014588680063631902,-3.570276200250296e-05,-0.0032012389620647004
LOVE,0.0007926609568320754,1.6702774871520478,0.0013239637511410168,-3.597350738258206e-05,-0.003225514973524191
WTW,-0.0009163992492087666,0.3578285513771524,-0.00032791381582748303,-3.621559391361602e-05,-0.0032472213287715154
LAMR,0.0015327279345911317,0.8488566391944111,0.0013010662833564193,-3.633436962543883e-05,-0.0032578711893175285
TLN,-0.0010016306524476368,1.502651829228792,-0.00150510213211207,-3.6598810258876274e-05,-0.003281581894356362
CINF,-0.0008855633999444409,0.6391175465472114,-0.000565979107484498,-3.6644401842900586e-05,-0.003285669800919743
NX,0.00032711404886434257,1.284586234891668,0.0004202062044108149,-3.8414430860151365e-05,-0.0034443770139250297
ADSK,-0.0020210686747877222,0.9130225820868785,-0.0018452813400295918,-3.879030349533734e-05,-0.003478079115864564
IBRX,0.0003492763604932433,1.4748949148042976,0.0005151459279528372,-3.881274207511316e-05,-0.0034800910402032663
AZTA,0.00041568355467388123,1.5355260590477873,0.0006382929305193603,-3.9074454288121876e-05,-0.0035035571051837
AR,-0.0005742347477791794,1.0770451293373153,-0.0006184767381918069,-3.927072160639626e-05,-0.0035211551438507323
HIG,-0.0007468858549217406,0.505409616705978,-0.00037748329365911354,-3.950328959586705e-05,-0.0035420080321838746
JBHT,0.0008336371504848227,1.004216871348329,0.0008371524910996047,-3.9743334900716156e-05,-0.0035635313636978284
ZM,-0.0019232887171706818,0.8872785106244782,-0.0017064927484720658,-3.9802474215319976e-05,-0.0035688340088569416
LPLA,-0.0010200258240739472,1.244018559251993,-0.0012689310560642987,-3.9814041903414754e-05,-0.003569871209671473
ARCB,0.0003521545027483954,1.7182332450014213,0.0006050835739992373,-4.013631372372332e-05,-0.0035987672683986654
CNS,0.0007955068502684168,0.934049308638689,0.0007430426235105558,-4.0202462103668765e-05,-0.0036046983717442265
LAUR,-0.000995616034172044,0.6823809687682247,-0.0006793894339194974,-4.0203091353995645e-05,-0.0036047547926077762
HOV,0.00019176114524953666,1.326511964073796,0.00025437345341800335,-4.026783589806771e-05,-0.0036105600229440196
ITW,0.0017329005633549652,0.7836165024552278,0.0013579294785589118,-4.093744334423007e-05,-0.003670599451988566
HWM,-0.00088637147967982,1.1706516557114568,-0.0010376322402625951,-4.1161106768857374e-05,-0.003690653924784131
NFG,-0.0010513034580095354,0.2926909748628383,-0.0003077070340014839,-4.148645447850797e-05,-0.0037198257788910766
CAL,0.0003164953014093134,1.5781673374555474,0.0004994825471423271,-4.169514431552599e-05,-0.0037385376655849453
GRMN,0.0011715366467969861,1.2005488586476123,0.0014064869841759727,-4.1947769410859864e-05,-0.0037611889466797085
ALG,0.0011996188160578807,0.774150724322594,0.0009286857753622211,-4.205604717719834e-05,-0.003770897523408415
WY,0.0007191110301182421,0.6674822206132079,0.0004799938272507757,-4.283547864379222e-05,-0.0038407841719244225
MKSI,0.0008534407201734834,2.4493616851827302,0.0020903850005676862,-4.319539398781997e-05,-0.0038730554853389355
GNRC,0.0011251187427353236,1.3382841728836294,0.0015057286060174116,-4.4008417947968216e-05,-0.003945954158504229
KRO,0.0005700820436693538,1.3018338493921735,0.000742152101379432,-4.428349333078582e-05,-0.003970618413693192
MKL,-0.0016592155907438366,0.6061891035974696,-0.0010057984116279522,-4.444000332802646e-05,-0.00398465166694918
BRKR,0.0004661758061199086,1.1902393644263616,0.0005548607951871068,-4.482218512096156e-05,-0.004018919470825244
THRM,0.0007384238362594756,0.9932920984013386,0.000733470561827741,-4.637719659522126e-05,-0.004158347432099189
MHO,0.0004709384447189433,0.699256246780815,0.0003293066493189626,-4.641545951786251e-05,-0.004161778224337421
NPO,0.00148188782348448,1.4340195989229767,0.002125056182282057,-4.7582273355675877e-05,-0.004266398979415768
GRBK,0.0005667684461479967,0.6992227079184431,0.0003962973676783306,-4.7651854337412306e-05,-0.004272637862271323
SNAP,0.0008325769691093228,1.6789378826325463,0.0013978450136450293,-4.801991715926175e-05,-0.004305639708058753
UFCS,-0.0008492812813988377,0.5580808871760023,-0.00047396765098503546,-4.825166551667792e-05,-0.004326419105213045
BF/B,0.0008609213100206761,0.5674996906137934,0.0004885725770795553,-4.9799060372653324e-05,-0.0044651641329030494
MCK,-0.0012161490589191518,0.15232576994102365,-0.00018525084176291114,-5.013925567652835e-05,-0.004495667276088438
ALB,0.0016764031743584954,1.6607084042308924,0.0027840168405364996,-5.1639031219770473e-05,-0.004630142583714269
ABR,0.0006885014417299135,0.8743491133578881,0.0006019906251221775,-5.168709836706103e-05,-0.004634452458246975
SG,0.0006791746745550216,1.4757492770499658,0.001002291534965219,-5.172038793976506e-05,-0.004637437321915594
XEL,-0.0014992701863643665,0.20851653459122466,-0.0003126226236766373,-5.203415927337475e-05,-0.004665571196215289
FTAI,-0.000569648046943498,1.914488198582126,-0.0010905844632186838,-5.225888002477299e-05,-0.004685720472758937
TGLS,0.0013939525367596855,1.1235019541774118,0.001566108399080067,-5.227603920983158e-05,-0.00468725902744451
UFPI,0.0006130908827192872,0.7298438049174014,0.00044746058260401283,-5.244792775721646e-05,-0.0047026711772099146
CG,0.0020246153528923885,1.717630438538556,0.0034775409564604463,-5.30922495286837e-05,-0.0047604434010726756
AIZ,-0.0010617711315055955,0.6692814236205831,-0.0007106236944533022,-5.370418572300282e-05,-0.0048153118167827726
T,-0.001285352819097349,0.12924652444718507,-0.00016612738455672378,-5.404931231177411e-05,-0.004846257116833835
APP,-0.0011959881619271842,2.0747942581879726,-0.0024814293712273087,-5.512121822228186e-05,-0.004942368083378785
MCO,-0.0019237568304763255,1.0400705751542765,-0.00200084287313048,-5.512934893916649e-05,-0.004943097112905373
TARS,-0.0011721552027035044,0.5301322974398078,-0.0006213973305652324,-5.685156338038399e-05,-0.005097517097831733
PRCT,0.0009780564010007466,1.062932543423827,0.0010396079779276782,-5.714436222995742e-05,-0.00512377050324716
CARS,0.0010454813725433235,1.1493351533104592,0.00120160849359531,-5.7400444148899556e-05,-0.005146731735667789
NI,-0.0012688600825878048,0.3915627444716024,-0.0004968383362885449,-5.7743219131033034e-05,-0.0051774661821498225
UPBD,0.0004859397875252859,1.2660022231065768,0.0006152008513029496,-5.9949693235219254e-05,-0.005375306642521279
MRTN,0.0012949652546930498,0.6699448788116775,0.0008675553406206684,-6.273377588315012e-05,-0.005624937577112271
BRO,-0.0018225522758552608,0.3179941006862807,-0.0005795608719143279,-6.499920297203831e-05,-0.005828063975628925
BCC,0.000681427567089293,0.9752660532491302,0.0006645731739303317,-6.536864446910927e-05,-0.00586118943843049
TPB,-0.0011431308314979688,0.585616604781849,-0.0006694363963632924,-6.7845591083015e-05,-0.006083281443716618
EVRG,-0.0025169715916750594,0.19522591024276634,-0.0004913780700399479,-6.820689166503452e-05,-0.00611567696258702
CME,-0.0014163632678687711,-0.06781662987188443,9.605298350118915e-05,-6.848947418178452e-05,-0.006141014334596362
TKO,-0.001405884951127077,0.7894034106731314,-0.0011098103754337433,-6.964361752648242e-05,-0.006244499007367493
TOL,0.0010229255241332054,0.8618079366880789,0.0008815653353388094,-7.002599441247652e-05,-0.006278784303993885
NFLX,-0.0010027840874025583,0.7620258493670554,-0.0007641473959347021,-7.012534994000999e-05,-0.006287692880473607
HY,0.000836373726051696,1.0717482495911057,0.0008963820768998962,-7.404826942332856e-05,-0.006639436050768436
VIAV,-0.0010892299502903069,0.8735403948325534,-0.0009514863608400372,-7.406581337521962e-05,-0.0066410091050418925
CALY,0.0006752450591968798,1.3328875838674898,0.0009000257554713893,-7.442843168589734e-05,-0.006673522776236805
WLK,0.0008886672622368196,1.2445675662014317,0.001106006451724968,-8.231968918033179e-05,-0.007381081506541694
MRNA,0.0008432731350614031,1.3100680509577165,0.0011047451924748957,-8.542077232728597e-05,-0.007659135854099901
PGR,-0.0019333410730408228,0.2946767469968277,-0.000569710658239026,-0.00010501417461965232,-0.009415951273963882
