ticker,weight,beta,beta_contribution,component_contribution,percentage_contribution
LITE,0.0013846550970602219,2.3820616945138293,0.003298333866820483,0.0001760937529767836,0.015446797678752032
CAH,0.002367664643729527,0.34726482497092787,0.0008222066480945884,0.0001673689226926615,0.01468146281648664
MPWR,-0.0024610453227874507,2.2367445491827573,-0.00550472971103655,0.00015980249608702165,0.014017742162274367
WWW,-0.001008005149985934,1.8137682978617007,-0.0018282877851258158,0.00015666093620314128,0.013742167139869218
IQV,-0.002278212562676216,1.0927018625439757,-0.0024894071105073853,0.00014126007610610735,0.012391216490137693
PM,0.002177180716066823,0.09642001929684099,0.00020992380665587316,0.0001321219558125826,0.01158962817168789
UHS,0.0017148305127889895,0.6802688426432233,0.001166545768264251,0.00012934246182038658,0.011345813268427698
FLS,0.0023164670919968494,1.5344894891545213,0.003554594404641505,0.00012816302366860021,0.011242353933855805
W,-0.0010838222804538155,2.574381589263766,-0.0027901721248341726,0.00012663103643351177,0.011107969286661865
CRS,0.0012548241893587733,1.5427634128669394,0.0019358968489231318,0.00012518704270983184,0.01098130335716684
ALNY,0.0016416542437528415,0.8905289568628876,0.0014619406412187505,0.00012335814674891863,0.01082087412327211
POOL,-0.0013408782267196285,0.7508916655930057,-0.0010068542850188978,0.00012306201275045034,0.01079489749501124
TW,0.0017934796370976313,0.438517461184037,0.0007864721371453213,0.0001220944116512528,0.010710020330657698
TTEK,-0.0014621701757852334,0.5209387078852181,-0.0007617010420818617,0.00012172979627839203,0.010678036573142542
EQT,0.0013363145672141419,0.7654025424191158,0.0010228185672174045,0.00011579565834095494,0.010157498924487382
MAN,-0.0011456833565471147,1.010928724743831,-0.0011582042145944066,0.00011377204121156633,0.009979988911505581
PHM,-0.0013227002832188407,0.8056439604410291,-0.0010656254946488977,0.00010986290140018766,0.0096370824157125
RKT,-0.0010393166108642663,0.8094632581719611,-0.0008412886101024291,0.00010877250906011276,0.009541434105747646
FOR,-0.001165699552980222,0.8493439438977307,-0.0009900798557280434,0.00010771978554957338,0.009449090074207179
HRI,-0.0011606104051611328,1.7496585355059402,-0.0020306719017871835,0.0001068217370027883,0.009370314001953695
CCS,-0.0010501218154361086,0.7686017226068312,-0.000807125436291206,0.00010427527481168388,0.009146940454637865
BMRN,0.001862856809814062,0.7713381663170131,0.0014368925557931393,0.00010288023866675719,0.009024569043267754
CRL,-0.001014135880527625,1.4223328905941333,-0.0014424388184060835,9.994809918834075e-05,0.008767364204803372
ISRG,0.0015461541656176716,1.2134535664077382,0.0018761862864849442,9.94175411629503e-05,0.008720824095705208
GE,0.001961212970445369,1.1173301859071028,0.0021913224528711454,9.831533960585495e-05,0.008624139891036676
WSM,-0.0014820819656786016,1.456238359885757,-0.0021582646109160656,9.481291127748561e-05,0.008316909788559484
ORCL,-0.0014334336177084521,1.4193160496857464,-0.0020344953397727085,9.315232937519015e-05,0.008171244924019189
ALGN,-0.0015411770065613228,1.3245642206197628,-0.0020413879205329975,9.168964677770675e-05,0.008042939622044415
BXP,-0.0018783317579140943,0.946648004960142,-0.001778119011282654,8.698114427973062e-05,0.007629913695646419
AVTR,-0.0005546702769563329,1.238596054673707,-0.0006870124166828863,8.633499323325215e-05,0.007573233862795206
V,0.0019035338593837094,0.7657796127082442,0.0014576874216158863,8.238501186267598e-05,0.0072267447793683
IEX,-0.0019846993423384253,0.9277584634722347,-0.0018413216123022522,8.066923553154733e-05,0.007076238305396848
TMO,-0.0017780755794276977,0.9232338275359613,-0.0016415795228432555,8.02727756003179e-05,0.007041461169684144
MAS,-0.0013822341536451946,1.0420182423795465,-0.0014403132033383459,7.981234030476125e-05,0.007001072168175625
SMR,-0.0012890697021414542,2.384103983164424,-0.003073276211452019,7.908513548940555e-05,0.0069372823660734766
RVTY,-0.0011974950347932631,1.1959184847664721,-0.001432106447525333,7.860869454825024e-05,0.006895489362633595
SKWD,0.001243169373214839,0.6377265578185898,0.000792802125165793,7.773384173687483e-05,0.006818748001014794
FERG,-0.0016595455389645773,1.0013735546486786,-0.001661825015454316,7.765733107212104e-05,0.006812036549082286
LII,-0.0011301494281460342,1.058897023575137,-0.0011967118656589788,7.760409937814488e-05,0.00680736710912177
STX,0.0007940603817209005,1.5388983998574177,0.001221978250820464,7.71067236461338e-05,0.006763737723224648
BG,-0.0015418203883777028,0.4686664461233688,-0.0007225994819815302,7.71003474357418e-05,0.006763178407347638
IONS,0.0016727280388446986,0.7369033044596796,0.0012326388192870177,7.575309278351364e-05,0.006644998348811038
QS,-0.0003586033504896562,1.8002650905276247,-0.0006455810932327705,7.487368687892792e-05,0.006567857593639408
FICO,0.0019951747537593567,1.0071767049049025,0.0020094935342007993,7.400466375771245e-05,0.006491627607597015
UPS,-0.0015290492073205893,0.8072573507813526,-0.0012343362123159462,7.390033827811397e-05,0.006482476263220198
KTOS,-0.0011281725144718314,1.1186502646222967,-0.001262030481853516,7.385593183239537e-05,0.006478580966703132
L,0.0020172803558742972,0.5414103667568371,0.001092176497325266,7.333474372803096e-05,0.00643286277929105
HAL,-0.0014175303411081471,1.289197479360849,-0.0018274765426741476,7.241206052472505e-05,0.006351925775438743
NOC,-0.002041266114446021,0.07970093565427928,-0.00016269081924072303,7.147930960891107e-05,0.006270105640211409
SMG,-0.0011088224129744495,1.023673662630402,-0.0011350723006962348,7.131237321027956e-05,0.006255462118046142
MANH,-0.0011392746335284712,1.3548251066299295,-0.001543517876850985,7.075997068282553e-05,0.006207005827379553
BAC,0.002224595241766587,1.0149915332559918,0.002257945335314652,6.949317096307981e-05,0.006095883208662966
AER,0.0009450568971830455,0.8320204195523477,0.0007863066360950775,6.925956383467733e-05,0.006075391385484985
CLH,-0.0017374327169608762,0.8058612135779005,-0.0014001296378000406,6.797722856823323e-05,0.00596290600152192
WMS,-0.0008466368580004325,1.1433517702656304,-0.0009680037503669257,6.767541313272446e-05,0.005936431002325083
FUL,-0.001334144742998969,1.0375658580104128,-0.001384263034979807,6.763250798887074e-05,0.0059326673987600345
DD,0.003069093589797346,1.3945380130115463,0.004279967676462465,6.72939644908383e-05,0.005902970644439321
VRSN,0.0018172433975737732,0.43563652844616696,0.0007916576050607561,6.59696598963478e-05,0.0057868037458961704
LLY,0.0013984336066377927,0.6955711661096068,0.0009727100944959126,6.580993051800906e-05,0.005772792417562015
ARW,-0.0016743864991528338,1.062766108741358,-0.0017794812242337224,6.570433216041418e-05,0.0057635294173851055
CB,0.001249062941214944,0.24775556974989718,0.0003094623006541908,6.561240113926035e-05,0.005755465304603368
HD,-0.002262801526677148,0.6530035297916564,-0.0014776173841381268,6.503215708980543e-05,0.005704566778762922
CCEP,0.0019350908702184522,0.18031550753442324,0.00034892689238866893,6.382998455786163e-05,0.00559911320325569
EXEL,0.0009086780286648498,0.6147625211363658,0.0005586211958032259,6.354916203791208e-05,0.005574479685166779
NEM,0.0007222345200212026,0.530801671528218,0.0003833632904626346,6.311347653687444e-05,0.005536261715066605
ALGM,-0.0009444489438068853,2.0016834884410097,-0.0018904878564937934,6.29892707808414e-05,0.005525366489361285
EW,0.0015195359330290388,0.5393537074128819,0.0008195673390263047,6.290915895538057e-05,0.005518339146604089
AROC,0.001546746149356005,1.2665943922330094,0.0019590999989823167,6.286494686230783e-05,0.005514460898539611
DT,0.0012036321397702208,1.0630327321984314,0.0012795003621017822,6.285032115990299e-05,0.00551317794407849
PSMT,-0.001658575987360491,0.43557145333100294,-0.0007224283532745122,6.274375739032012e-05,0.005503830258764242
AXSM,0.0007781903192833015,0.5620240481524691,0.00043736167347666353,6.164082657869319e-05,0.005407082084494204
AOS,-0.0011741445054707091,0.6289996613182509,-0.0007385364962797612,6.163369999551705e-05,0.005406456946540121
KHC,-0.0018510253547139176,0.23846817201541684,-0.0004414106326928165,6.15335696710458e-05,0.00539767359768493
WDC,0.0006631798058289592,1.8527116680737952,0.0012286809642902267,6.087598112425436e-05,0.005339990476810726
EXP,-0.0011620225774203528,1.0974628852885226,-0.001275276650586146,6.076268593153062e-05,0.0053300523166523155
NXPI,-0.0020219155097037497,1.86655556310353,-0.0037740176427628436,6.0572390722088875e-05,0.005313359779013743
JOBY,-0.0006534899932301766,1.992293374049344,-0.0013019437835200317,6.0344417351598644e-05,0.005293362144398221
TTWO,0.0009929927174889995,0.593877297418004,0.0005897158314181265,5.863018496529266e-05,0.005142991103983608
SCHW,0.0014777678485389824,0.874567680905711,0.0012924080002137599,5.8566782968035595e-05,0.005137429533470724
ABBV,0.002032982099671192,0.4328779229951052,0.0008800330687918935,5.802582682899739e-05,0.005089977310484122
MELI,0.0012502197334675789,0.8987372704487872,0.001123619070717862,5.779472463317375e-05,0.005069705217910379
BX,-0.0020961516460268176,1.5704189785842995,-0.003291836326911233,5.750458197363975e-05,0.005044254144922074
NOW,0.0012586833060189775,1.2979861821232936,0.001633753538881898,5.6893544988861906e-05,0.004990654488383761
ICLR,-0.0007284285923196502,1.041408114127314,-0.0007585914466040209,5.6778370944171746e-05,0.004980551516892166
ROL,0.0015713852875425803,0.28904598279453203,0.00045420260478661343,5.615943071217565e-05,0.0049262585940753984
RHP,-0.001694612615804176,0.9894542659059802,-0.0016767416817655338,5.609437913586994e-05,0.004920552323859153
MDLZ,-0.0021448064019818935,0.07803029986756695,-0.00016735988670452448,5.6049113300396895e-05,0.0049165816423869715
TSLA,-0.0011362037661135009,2.2812388415309046,-0.0025919521631518135,5.570951462134501e-05,0.004886792328464078
IMVT,0.0015303901872027765,1.0526155402593151,0.0016109124937100049,5.525663242063971e-05,0.004847065878159364
ABT,0.0017682519707876304,0.23182682185371475,0.000409928234624264,5.5151895892948824e-05,0.00483787847698546
RRC,0.0011660970828932576,0.9208868083036318,0.0010738434208377476,5.4767580137931034e-05,0.004804166618318337
UCTT,-0.00042731590445537013,2.359051292147846,-0.0010080601365607665,5.3742346125466174e-05,0.004714233942705434
VNO,-0.001115817986633554,1.257010804796331,-0.0014025952653844655,5.355043083598496e-05,0.004697399292992071
CRM,0.001463036763484931,1.0549787399179673,0.0015434726811949936,5.3541947131918726e-05,0.004696655109521265
SGI,-0.0023398830096053778,1.0253671805611702,-0.0023992392444020516,5.280960792104602e-05,0.004632414922511002
SPOT,0.0007354259776603568,0.9933970586841733,0.000730570003087731,5.2623343842881455e-05,0.004616075992358229
UI,-0.0010983072787569077,1.5561149157907834,-0.00170909233859521,5.2504116780975444e-05,0.004605617493564482
ELF,-0.0006455722400859163,1.6977306246256516,-0.0010960077624020438,5.215457506079235e-05,0.004574955984336139
AMKR,-0.001510908906537535,2.0956791900401366,-0.0031663803534770097,5.2115667942546405e-05,0.00457154308425508
HUBS,0.0007981224067205458,1.4819926635533245,0.0011828115513773715,5.174208455502091e-05,0.004538772659945877
CNH,-0.001435452032311208,1.1441996840558721,-0.0016424437618478436,5.150729304022919e-05,0.004518176943378046
MOD,-0.0005128494859515174,2.06267630674223,-0.0010578424835971272,5.150543423509037e-05,0.004518013890535921
CARR,-0.0009782940749554902,1.1124974003984545,-0.0010883496152131935,5.139855161346717e-05,0.004508638235785659
WELL,0.0013331849543457386,0.30828448376514306,0.00041100023541393185,5.128207793481528e-05,0.004498421261482925
WM,0.001423824928185855,0.21108579473035638,0.0003005492165230038,5.1184508689249906e-05,0.004489862568341122
CORT,0.00036488334346556885,1.2760328441159865,0.0004656031305329202,5.10619660156891e-05,0.00447911322684826
PPL,0.0018266730996640095,0.20392859701198635,0.0003725108824140178,5.021202582887395e-05,0.004404557179953711
ALL,0.0009351563256245455,0.4918056672844224,0.00045991518073902816,4.966063900819868e-05,0.00435618998624171
DHI,-0.0005520914488446438,0.628181931548154,-0.0003468138727264473,4.9568058637032516e-05,0.004348068913016494
DELL,0.0020639753084814123,1.8335035097878538,0.003784305972216138,4.941220631173625e-05,0.004334397676553427
HTB,-0.0012121337576352644,0.7330512128377058,-0.0008885561211560563,4.939053221201385e-05,0.004332496442536767
CRDO,-0.000870906715087102,2.665436300249935,-0.0023213463725245895,4.933901874574763e-05,0.004327977724083135
NRG,0.0009210854978655012,1.7105108385684165,0.0015755267273471257,4.8661231611294394e-05,0.004268522799884088
PK,-0.0006992383086505071,1.3563235287397917,-0.0009483933702188993,4.7663264020104134e-05,0.004180981912087234
EWTX,0.00045043336429477287,1.1111772899096677,0.0005005113250219598,4.748460547058089e-05,0.00416531013258675
BALL,-0.0013818640673534657,0.48377556979344755,-0.0006685120765610138,4.730379180137599e-05,0.004149449307778677
PDFS,-0.0006080667069091364,1.5922718085947212,-0.0009682074751564467,4.720876678884465e-05,0.004141113792644384
AGNC,-0.001633304337447149,0.6664634727902707,-0.0010885376808584392,4.7060404643454506e-05,0.004128099588538408
MUR,-0.0005173993565470319,1.6056899210399698,-0.0008307829319601348,4.655570297190671e-05,0.004083827577312918
VC,-0.0009050825116777591,1.0570156819467285,-0.0009566864082991243,4.6481100221390056e-05,0.004077283486031832
OUT,-0.0014287896738682628,1.3008369866591076,-0.0018586224539244402,4.629270500529826e-05,0.004060757614231039
CWEN,0.0011096419976014686,0.583532889189992,0.0006475126008269391,4.619080777446108e-05,0.0040518192738177115
ROCK,-0.0006052409533050055,1.248569527588479,-0.0007556854111452313,4.599252171938721e-05,0.0040344257858406125
EXE,0.0005206195870452023,0.5408482784605428,0.0002815762073862364,4.598633819070516e-05,0.004033883371843081
XMTR,0.0004410022531188461,1.6638099005586886,0.000733743914907825,4.5899443548551704e-05,0.004026261046042069
QDEL,-0.0005924038471673692,1.7354700816386401,-0.0010280991530065987,4.587755378868302e-05,0.0040243408944965866
CSTM,-0.0006724039491566694,1.552172316953042,-0.001043686795690883,4.57393561697986e-05,0.004012218314209061
SPXC,0.0014463070245774503,1.1992719669131628,0.001734515470125323,4.560953245251149e-05,0.004000830285611011
AVAV,-0.0004377656839365972,1.254034235134884,-0.0005489731546237301,4.491670146675692e-05,0.003940055727277121
JJSF,-0.000698516185783752,0.11169155707779552,-7.801836043422996e-05,4.483899973176625e-05,0.003933239795653203
ESAB,-0.000841088415345538,1.1284967855393735,-0.000949165573071845,4.4309056328055344e-05,0.0038867536006580244
FTDR,-0.0009145509300748266,0.898494717822192,-0.0008217191798516046,4.425143482442438e-05,0.0038816990902424825
MTZ,0.0013533988924707553,1.596471087636048,0.0021606622018682095,4.374878201419197e-05,0.003837606803428993
TREE,-0.00040143157066390665,1.3450652031418797,-0.0005399516371426115,4.3590892990101136e-05,0.0038237569094401454
PH,-0.0025041157044025223,1.3439376115135944,-0.003365375278728408,4.3538068609434014e-05,0.0038191231986646245
MTW,-0.0004467676278707691,1.526842955127818,-0.0006821440051936504,4.3463416783784386e-05,0.0038125748025536546
PDM,-0.000899584460611132,0.9473507919758376,-0.0008522220512091125,4.3256762617872234e-05,0.0037944472708476484
SPSC,-0.0005547706239872967,1.0730399484164908,-0.0005952910417463133,4.2485382293626365e-05,0.0037267824298151163
SLAB,-0.0008711802454593679,1.8964773490267934,-0.0016521736024332934,4.244914170468349e-05,0.00372360343546866
PEP,-0.0017429814951123634,0.1421603146983103,-0.000247782797858505,4.243233783616933e-05,0.003722129414086466
FMC,-0.00043854960527578126,1.1432381041178743,-0.0005013666192971263,4.234871781369622e-05,0.003714794335202634
ZETA,0.0006021960197766734,2.112309406655611,0.0012720243172248357,4.232625221067709e-05,0.0037128236711745153
FWONK,0.0008286051910141889,0.6003528362107692,0.0004974554765243345,4.196465861680856e-05,0.0036811049816014877
BAP,0.001391477822874617,0.6007523731411829,0.0008359336042652528,4.166305820285101e-05,0.0036546488439164427
QCOM,0.0018916065529069475,1.5199753552579534,0.00287519534226301,4.159707544594297e-05,0.0036488608913115643
MIRM,0.00125824803273923,0.7624346646589136,0.0009593319168992726,4.141934981382854e-05,0.0036332709465509354
CSCO,0.001664823370067565,0.8686288142453793,0.0014461135498697853,4.1410977575160055e-05,0.003632536540732193
ENOV,-0.000726483819219056,1.4874055924628642,-0.0010805760955402042,4.122825493807575e-05,0.003616508262848074
WMB,0.0009434086359713371,0.5768847053110824,0.000544238012950255,4.108313964621368e-05,0.003603778870035474
CIEN,0.0008233658078207584,1.9268803777178787,0.0015865274187736491,4.1066784238713354e-05,0.003602344187280746
DHR,-0.0009652310789617925,0.983919763454888,-0.0009497099348913931,4.098693083405848e-05,0.0035953395129819025
PRAA,-0.0010077845945257013,1.6268691868710825,-0.0016395337038372312,4.045742060779006e-05,0.0035488913159520126
UTZ,-0.0008940399432663754,0.23878391781584937,-0.0002134823603370048,4.0448734324832084e-05,0.003548129362429164
REGN,0.0012043715742611743,0.580157327478703,0.0006987249938146811,4.0381121525392375e-05,0.0035421984238479588
GABC,-0.0012090060906471004,0.6291106131049418,-0.0007605985629346061,4.0273887501842124e-05,0.0035327919444126683
LCID,-0.00032857368789450744,1.379060721591551,-0.0004531230671237965,4.027350537970109e-05,0.003532758424975997
UNM,0.0011766037625966562,0.8494029384925809,0.0009994106933910267,4.014771236993564e-05,0.0035217239666922645
NWSA,0.0024087695856538764,0.8249264759365668,0.0019870578056366364,4.0023599695846705e-05,0.0035108369060577317
META,-0.0011840083401522764,1.4331561363419894,-0.0016968688181693283,4.0010326017469346e-05,0.003509672550020781
CVLT,0.0009693335313008933,1.4569027411381608,0.0014122246788294047,3.9779155276748e-05,0.003489394444745572
STZ,-0.0011058554824039878,0.4380107147509742,-0.0004843765502590541,3.956756505470173e-05,0.0034708339262973
TRV,0.0008307452231319045,0.4569193519122058,0.0003795835689575906,3.946563254836498e-05,0.0034618924915464635
AGCO,-0.000686979699288166,1.1604515158201278,-0.0007972066333766078,3.943115655768555e-05,0.0034588682862933115
KMB,0.0018744583155493693,0.07146793437685042,0.0001339636638878239,3.9352508555661916e-05,0.003451969348911601
RMD,-0.0019627634679498795,0.6471492461820475,-0.001270200898717426,3.935019237742184e-05,0.0034517661756811057
JBTM,-0.0011612028585946967,1.1915541295072496,-0.0013836360613541337,3.8716174010135945e-05,0.003396150611366515
OVV,-0.0015943269136175961,1.4714202875096587,-0.00234592496561959,3.867522166457847e-05,0.0033925583056452547
RUM,-0.0005064656567800739,1.9999872932353264,-0.001012924878020232,3.8467852009449784e-05,0.0033743680118197396
CAMT,-0.0009586368263272244,1.9437067331981752,-0.0018633088540239559,3.843354277179238e-05,0.003371358434003109
MCD,0.0017508008471058994,0.17704432848787502,0.0003099693602918667,3.835377811863922e-05,0.0033643615449122444
IRM,0.002519996167234504,1.0454737100796423,0.0026345897423451356,3.8120443470220636e-05,0.003343893623452022
CAT,-0.0022117708174001654,1.192947077268156,-0.002638525532204528,3.808348473848221e-05,0.0033406516342163106
COIN,-0.0004597505743773789,2.197554897274148,-0.0010103271262476114,3.7859174475634005e-05,0.0033209753243591362
BEAM,-0.0006557353712780912,1.745190039948985,-0.0011443828387967747,3.766133010492337e-05,0.003303620580567344
CFFN,-0.0014718507286780493,0.8166328178407514,-0.0012019616080013187,3.7322324665882353e-05,0.003273883305165227
CHWY,0.00047596559441189174,0.7364710225586295,0.0003505348680192518,3.728934474611644e-05,0.0032709903340093862
GME,-0.0006941743566255516,0.7254052046667766,-0.0005035576912423862,3.727819714853718e-05,0.0032700124760132896
NFE,-0.0002404006205026582,2.2906396213314486,-0.0005506711863160542,3.695494680968776e-05,0.0032416572249076283
FSLR,0.0011994672850648234,1.1606732093208492,0.0013921895432315544,3.676437505737141e-05,0.003224940429157901
WDAY,0.0006211370502782205,0.993832381987456,0.0006173061142186662,3.669942697524463e-05,0.0032192432373650288
CLX,-0.0014147448470951754,0.25350020883832286,-0.0003586381141915681,3.641236537745906e-05,0.00319406243255296
JCI,0.0008809175643757182,1.1217039082306195,0.0009881286747892414,3.635678943064992e-05,0.003189187356681989
SOUN,-0.00032242135137222806,2.840527484336549,-0.0009158467101097454,3.611705991169181e-05,0.0031681584824921213
HP,-0.0005317322406948621,1.5710533958801987,-0.0008353797424426502,3.6097086071562174e-05,0.003166406393834036
OKTA,-0.0013327898735578318,1.1676619073208103,-0.0015562479658163995,3.605338663215336e-05,0.0031625731153229475
RTX,0.0013130163753600948,0.5845526076217032,0.0007675271460667405,3.594331607642698e-05,0.0031529178176423
CPNG,0.001167413839921431,1.0274981825570841,0.001199515598811257,3.583650671879539e-05,0.003143548589548501
TSN,0.0022909498921270966,0.2896636345759548,0.0006636048723849264,3.577741307199106e-05,0.0031383649439571297
CW,0.0018219820185525046,1.0874043763980195,0.001981231220692491,3.577391106676754e-05,0.0031380577509690583
MRVL,0.0013052468781602775,2.3229293888214464,0.003031996332945954,3.5506285294468797e-05,0.003114581840617693
EQH,0.002128175668119005,1.3737047438713688,0.0029234850110866966,3.5330973891254996e-05,0.003099203670010024
MTSI,-0.0014944356212257374,1.7620282123183426,-0.0026332377260932377,3.523423701385854e-05,0.0030907179915123074
RH,-0.00035067714283125244,2.8481419251534974,-0.0009987782726907314,3.511396552844394e-05,0.0030801678767562934
IONQ,-0.0004339005618873785,2.541615956266106,-0.0011028085915257902,3.511381003210626e-05,0.003080154236746768
BH/A,-0.0010278552756055105,0.4428469104660557,-0.0004551825332081365,3.487573329604539e-05,0.0030592703432991974
FNF,0.0009837163037921012,0.6093108166252114,0.0005993889843910997,3.433519420297864e-05,0.0030118547032386496
HCA,0.0007090658090510533,0.31464470087993407,0.00022310379939305712,3.433110673414571e-05,0.0030114961538692765
FLR,-0.001179885959315552,1.5522732702270385,-0.0018315054365617184,3.4311627528642694e-05,0.0030097874541496015
CTAS,0.0017287436571493278,0.633785510516316,0.00109565268129823,3.4073641089610086e-05,0.0029889114814823144
PLTR,-0.0020359025639635243,2.0802586723382372,-0.0042352039647207745,3.390728443297888e-05,0.002974318813803554
YETI,-0.0005477858197688272,1.4577694480834442,-0.0007985454321523403,3.3868366660500534e-05,0.002970904979142083
STT,0.0015688758065766626,1.1506085229304512,0.001805161874466494,3.381120239273416e-05,0.0029658905770766244
RRX,-0.000711710864190199,1.6433530389869184,-0.0011695922115469695,3.380584906455005e-05,0.002965420987576883
IT,0.001610598028682457,0.923110981300263,0.0014867607267373322,3.375109796908145e-05,0.00296061826698006
KMI,0.0007400067139424264,0.5402229782713968,0.00039976863094680717,3.368150290139714e-05,0.0029545134454756856
XP,0.0010828687320372148,0.8081269529413768,0.0008750954088567267,3.3598954550408943e-05,0.00294727237272396
SF,0.0010278249343001302,1.4536885339221108,0.0014941373218713462,3.34997285965394e-05,0.0029385683545064254
OMF,0.001766566033308529,1.5350799276020002,0.0027118200585154093,3.336998288870715e-05,0.0029271871688329306
AMPL,-0.0009640173193876674,1.5198401062044944,-0.0014651521850811244,3.3365378965846656e-05,0.002926783316545428
FBK,-0.0009025273360758761,1.0481755848902559,-0.000946007118370776,3.3246645448129494e-05,0.002916368111037795
FISV,-0.0012178858131724455,0.7531959408274566,-0.0009173066508728321,3.271356919706655e-05,0.002869607105276265
FBIN,-0.0004814208361132532,1.3298477398683008,-0.0006402164108307174,3.2653641147277556e-05,0.0028643502665484603
ORLY,0.0010725185279447874,0.1550947698286303,0.0001663420142285382,3.2604190868068565e-05,0.002860012529148998
C,0.0009581138542380692,1.290635299636697,0.0012365755613506211,3.243479527096005e-05,0.002845153288136901
UBSI,-0.0012449295560899693,0.8491578844132338,-0.0010571417480928647,3.2311165590887874e-05,0.0028343085953361547
CNC,0.0005254252402432136,0.1478691812621495,7.76942000892322e-05,3.213817742114924e-05,0.0028191342168383407
NOV,-0.0007175648100426717,1.4403379091743982,-0.0010335357981939859,3.182629783272237e-05,0.002791776398510751
PAGS,0.0012558576866134837,1.1573556896508943,0.0014534740389939252,3.1663960782425093e-05,0.0027775363273593455
MSTR,-0.000335317504910231,2.0926431811441413,-0.0007016998901686619,3.14625214114656e-05,0.002759866233133137
AEE,0.0012738618764287612,0.21998822018590777,0.00028023460695824395,3.1299774421862195e-05,0.002745590202446454
MIDD,-0.00047157651055856843,1.3067649176938478,-0.0006162396400064197,3.1170850319834396e-05,0.002734281087351379
SAIA,-0.0002855184036261203,1.5891104935305251,-0.00045372029129835166,3.115269031298532e-05,0.002732688106641385
ARE,-0.0006092886526001302,0.8305287061008171,-0.0005060317162858964,3.0827890346030234e-05,0.002704196923446022
DECK,-0.0004960384226698959,1.3653047464461747,-0.0006772436128908827,3.074644315362441e-05,0.002697052443410089
PVH,-0.00036119938957656565,1.4481891910095985,-0.0005230850517840474,3.071851453109736e-05,0.002694602567850458
WIX,0.0009456844100105769,1.2239627489768503,0.0011574824901410966,3.068245519407018e-05,0.0026914394727714282
STRL,0.0007366638594395178,1.7767662332199763,0.0013088794706856421,3.066094864070081e-05,0.002689552935781625
AX,-0.0007353623675063255,1.1607480765769318,-0.0008535704536700262,3.06347320877453e-05,0.002687253241542094
AZO,0.0007207073395299051,0.14212168574941983,0.00010242814202596959,3.061243834139848e-05,0.00268529765263846
GWW,-0.002251082160988723,0.6847671106501604,-0.001541467027216367,3.0500965947514025e-05,0.0026755193868795014
AD,0.0008909611916814696,0.5352237732474272,0.0004768636108287804,3.0415759447292464e-05,0.002668045143485924
MNRO,-0.00038118173440344,0.8193467805553393,-0.00031232002688995895,3.0286392774839923e-05,0.0026566972064809625
MU,0.0007047132104522179,2.254802079839484,0.001588988812618021,3.026855981789068e-05,0.002655132914316406
SDRL,-0.0008195456758646598,1.4710137468578834,-0.0012055629553748496,2.9960540748606917e-05,0.002628113737519992
TMP,-0.0008101213081702522,0.9573572750051171,-0.0007755755280134534,2.9958140536318907e-05,0.0026279031928926433
SNDX,0.0005817121410929358,1.0588206632118207,0.0006159288350303905,2.9840722597921832e-05,0.002617603388909734
DAKT,-0.000533269888679861,1.2455702331169278,-0.0006642250995572126,2.976934210190207e-05,0.002611341951115449
OLED,-0.0005472350014624537,1.6321191955268706,-0.0008931527503510458,2.9676623766455444e-05,0.0026032087757781987
NAVI,-0.0008998101827188968,1.1244327512576202,-0.001011776039364231,2.966098873259893e-05,0.002601837283600882
WLDN,-0.0006300813223480572,1.1043522766461387,-0.0006958317428072865,2.9571313502282797e-05,0.002593971046916884
MTD,-0.0007663386337386,1.1900313321673113,-0.0009119669851992234,2.9501255214958458e-05,0.0025878255921706183
MMM,0.0015487655368988807,1.1141949434572884,0.0017256267298136454,2.9249505073729077e-05,0.0025657422789841467
VTR,0.0009843899138515099,0.2419553961862729,0.00023817845160771314,2.8350883104574285e-05,0.0024869159065968997
RGEN,-0.0008488287243417651,1.5244276489435042,-0.001293977976604031,2.8303837579328035e-05,0.0024827891122167194
RGA,0.0011426181925742252,0.9138486788539172,0.0010441801257184064,2.819898787250009e-05,0.0024735917830629632
CRSP,-0.0003805272811994914,1.3356681939815378,-0.0005082581864404294,2.8108902572054387e-05,0.0024656895753679643
TAP,-0.0009001199131735464,0.2682183489335536,-0.00024142867695362227,2.7874578604616924e-05,0.0024451348716655213
DE,-0.0009389776653683789,0.7824917894399344,-0.0007347423136182347,2.7847539577974765e-05,0.0024427630307176664
BJ,0.0013452720243000832,-0.014075877990589396,-1.8935884878201184e-05,2.7715843483818586e-05,0.0024312107587765907
DFH,-0.00024780815042829696,1.0471293837015179,-0.0002594871958341956,2.757098211137251e-05,0.002418503639564157
CIM,-0.0010496593333826699,0.9067752396265859,-0.0009518050935543529,2.7443044838742926e-05,0.0024072810883238463
CRBG,0.0008048304933491159,1.44313939309099,0.001161482589712965,2.7376696460882963e-05,0.0024014610637528933
SBSI,-0.0008716359504816286,0.6864061143118311,-0.0005982962458645943,2.7344856672173644e-05,0.002398668103945898
GTX,-0.0007049194402079298,0.9642958626347896,-0.0006797508996833387,2.731526093444538e-05,0.0023960719904261743
TRTX,-0.0008798511884548946,0.6619181090402211,-0.000582389434898855,2.7266080701964957e-05,0.0023917579413013355
LEVI,-0.0008832322895694042,1.5309076796073233,-0.0013521470949789602,2.7144900719717354e-05,0.0023811281339580835
MTX,-0.0008804621613003914,0.9578372711390344,-0.0008433394739211432,2.6993373015999867e-05,0.0023678362497061844
ABNB,-0.0021038770925239756,1.2985990847597357,-0.0027320928667986084,2.6887079977599225e-05,0.002358512312706267
VRNS,-0.0005362930820289674,0.8435754519410296,-0.0004524036790454338,2.6682956260599574e-05,0.0023406067498760843
PNR,-0.001609264396175656,1.1345835451040847,-0.00182584490362276,2.6662288427339663e-05,0.0023387937847173137
GNTX,-0.0005532821933524895,0.674735427021794,-0.0003733190969952468,2.658346559743877e-05,0.0023318795115794913
CNX,0.0012795061704602734,0.46742404021407763,0.0005980719436753833,2.656178124408183e-05,0.0023299773781225285
PHR,0.0006428691775858424,1.0518666492367486,0.0006762126477248043,2.6546960629466787e-05,0.0023286773261242985
FA,-0.0003589273395495082,1.2235866320425617,-0.00043917869454737965,2.631691070722724e-05,0.0023084975381149225
PBI,-0.0007471149473574575,1.1041636143896971,-0.0008249371406387785,2.6194755262508398e-05,0.002297782164014294
OC,-0.00036116959747910796,1.2818991410168739,-0.00046298299676987857,2.600250999620801e-05,0.002280918569008562
BAX,-0.0005972637501644671,0.9442320871884621,-0.000563955597419803,2.5993235724410433e-05,0.002280105037593317
RSI,-0.0008497326863619216,1.304272161420977,-0.0011082826874713166,2.5987093532233266e-05,0.002279566249599644
CELC,-0.00016362906932703447,1.097915077617037,-0.00017965082235059458,2.586826345363333e-05,0.0022691425738516156
ATO,0.0011338979651291882,0.17202542747354221,0.00019505928216272827,2.585001620125743e-05,0.0022675419400365092
CHEF,0.0006486831993437492,0.7540679000556566,0.0004891511779305258,2.568521198242057e-05,0.002253085450911007
HL,0.00047330248955604326,0.89893439711962,0.000425467888104277,2.5635695537684056e-05,0.002248741909526453
HON,-0.0017093894552125866,0.8213684679027118,-0.0014040385978770133,2.558678172441575e-05,0.0022444512304735094
SIRI,-0.0010972692522981918,1.014881493113772,-0.001113598257120221,2.5503895784190822e-05,0.0022371805446744714
ADNT,-0.00027345978378286146,1.4326902234473542,-0.00039178315873173293,2.547404102922583e-05,0.002234561710377983
FUN,-0.0006201303927509494,1.680279424237041,-0.0010419923392834553,2.5469465906385296e-05,0.0022341603844042985
LSTR,-0.0004871410530237595,0.8231530346036544,-0.00040099163607652734,2.5449881680722195e-05,0.0022324424724034517
MEDP,-0.00026861350194743903,1.0578184954883518,-0.0002841443304978974,2.5258604067480594e-05,0.0022156637591199254
AON,0.0012736982211906998,0.3516324450362426,0.00044787361975559873,2.5208412619035093e-05,0.0022112610069709416
MRSH,0.0014254818116600032,0.35719305437239013,0.0005091722022591247,2.5145888376967503e-05,0.0022057764324138716
QBTS,-0.00024515856608514603,2.3589507332790816,-0.0005783169792362034,2.504191493070814e-05,0.0021966559681090266
IIPR,-0.00029689519374344233,0.8058181987448777,-0.00023924355023835218,2.5040145268033623e-05,0.002196500734769792
INTU,0.0005349314020069925,0.9459630715816287,0.0005060253521280017,2.480792926767297e-05,0.002176130940187625
ZUMZ,-0.0004096944827030367,1.6271427615616543,-0.0006666314119819926,2.4742830931364847e-05,0.0021704205682228253
NVST,-0.0004990076010675307,1.336395162864073,-0.000666871344299053,2.4667609298644537e-05,0.00216382218910912
NKTR,-0.0003285833501963856,2.2168620043733975,-0.0007284239443200853,2.466529863791717e-05,0.002163619499870254
CDP,-0.0006957919198990011,0.4480360724781972,-0.00031173987905361284,2.466164621772731e-05,0.002163299112606329
FOUR,-0.0007881720810173055,1.336243309953101,-0.001053189670351188,2.435833817169929e-05,0.0021366931828550894
MNST,0.0007234237883440392,0.31303679452620153,0.0002264582637872193,2.426678625803861e-05,0.0021286623250676155
ESI,0.001398661308175456,1.5292723492482714,0.00213893406455614,2.4264689201040744e-05,0.002128478372970399
MDGL,0.00046636673493946916,0.8300698041594645,0.00038711694433769405,2.4010821353642837e-05,0.0021062092963586194
CTVA,0.0009059511123570143,0.6578976346024824,0.0005960230938851675,2.3813784966022e-05,0.0020889254281720375
FHN,0.0012255649611397704,1.223272610707688,0.001499200049605313,2.380764102527742e-05,0.002088386486795484
AES,0.0007426509638897488,1.1733238085957962,0.0008713700574084592,2.3767850794837476e-05,0.0020848961208466263
PCG,0.0016629096639514816,0.5473677694886403,0.0009102231536182269,2.3765819830987173e-05,0.002084717966385391
TPG,-0.001219002647780855,1.631428111990913,-0.0019887151881810444,2.3440944832902677e-05,0.002056220201521706
CVLG,-0.0004829763660666586,1.2989634861267734,-0.0006273686641827875,2.3375577789215458e-05,0.002050486258768906
CSX,-0.0011446165109310607,0.7281797666463921,-0.0008334865838293872,2.3373146560182733e-05,0.0020502729933784855
OTIS,0.001100372058988815,0.44697996805789336,0.0004918442677786189,2.3142696320370053e-05,0.002030058089844255
WAT,-0.0008118718958428229,1.03569939361664,-0.0008408552302188037,2.3105142215305463e-05,0.0020267638749551222
CUBE,-0.0008144936339687554,0.5270572202534852,-0.0004292847506337319,2.3070663477523543e-05,0.002023739428728422
ASIX,-0.0005999655377774875,1.197324263237629,-0.0007183532954873981,2.3040681166995774e-05,0.0020211094053639647
GS,0.000782209501368022,1.37023110436091,0.0010718077889011015,2.2965524859747943e-05,0.00201451675654642
HOOD,-0.001462561968706529,2.634826711581446,-0.00385359734249111,2.287729783168011e-05,0.0020067775549602
BURL,-0.0009587897792239695,1.1463374466840253,-0.0010990966274223453,2.2793943991339717e-05,0.0019994658253518543
EHC,0.0005841726395562767,0.49338290695479814,0.00028822079506773333,2.2665308395244096e-05,0.001988182017757404
COKE,0.0005815407358835766,0.3746944552093677,0.00021790008921395153,2.2602722020097652e-05,0.0019826919929382893
FND,-0.00023244512399168632,1.3763369715013039,-0.0003199228179949626,2.25679520120641e-05,0.001979641996727159
TREX,-0.00016736354900294222,1.3559639366153613,-0.00022693893675194746,2.250469060998768e-05,0.0019740927591066883
BLDR,-0.00020644051467163532,1.192812053978351,-0.00024624473432982124,2.2450159561913524e-05,0.0019693093408844485
DY,0.00041566125605973256,1.0416952204897691,0.0004329923437801975,2.2288039650622576e-05,0.0019550883169862374
CXW,0.0008038708053448634,0.5866439560478587,0.00047158594939888883,2.2238084894584566e-05,0.0019507063272985493
CERT,-0.0002778631094665573,0.9864051978764915,-0.00027408561547593663,2.2125176177565577e-05,0.0019408020684678017
ULTA,-0.0014186037289077645,0.9254543012497802,-0.001312852922686668,2.2060494627900733e-05,0.0019351282566810047
AJG,0.000574050237650491,0.3403351903982873,0.0001953694969289619,2.1956668574192944e-05,0.0019260207215283016
CWST,0.001058418612631131,0.4597955790077495,0.00048665619882730973,2.1865507459777258e-05,0.0019180241443258479
VOYA,0.0012373425690367394,1.2549976660840731,0.0015528620362875792,2.185816336384482e-05,0.001917379926333534
WST,0.0014806707663595014,0.6113297860319883,0.0009051781427823741,2.1587926231512416e-05,0.0018936749496500334
PPG,-0.0006961698903606655,1.0250893391190736,-0.0007136363328244125,2.1543142996330933e-05,0.0018897466014743912
CC,-0.00023437845665845954,2.2460705911669563,-0.0005264305587036651,2.1479017013989053e-05,0.001884121523591493
NCLH,-0.0009936477745868158,1.8570773897733541,-0.001845280815583786,2.147300926670726e-05,0.0018835945289923197
AVT,-0.0005230690476706337,1.152646752358618,-0.0006029138390568711,2.143574534615267e-05,0.0018803257688472636
VZ,0.0008207335351018058,0.09555452173330845,7.842480041714057e-05,2.131953830965243e-05,0.0018701321841724952
TXRH,-0.0012625437982152128,0.7401523137803131,-0.0009344747134979745,2.126195529140368e-05,0.0018650810496627004
AFG,0.0008690600076406393,0.5176110720243081,0.00044983508220832467,2.095185912045694e-05,0.0018378796712344636
MUSA,0.0008901036288401238,0.1942469413128049,0.0001728999073536222,2.0901322998268565e-05,0.0018334466845911755
PR,-0.0005483799171356968,1.3958950034288493,-0.0007654807863104456,2.0880257683454652e-05,0.001831598852680792
DVA,-0.0007879325364499093,0.5231412287590999,-0.0004121999952976798,2.081894721726207e-05,0.0018262207495348408
TROW,-0.0006249131986309778,1.2081399705992322,-0.0007549826134211016,2.0704012736417942e-05,0.0018161387923847439
MORN,0.0010248827757916052,0.8834085119828905,0.0009053901679189564,2.0578212579262646e-05,0.0018051037071379137
PAHC,-0.0006050435806593486,1.1884921336623158,-0.0007190895361365167,2.0560358644762383e-05,0.0018035375748400144
CCNE,-0.0010125337500974528,0.808829795293506,-0.0008189674658190887,2.0544407528135592e-05,0.0018021383561447508
CRUS,-0.0008551554519930815,1.397894815872889,-0.0011954173731065659,2.0461578177187306e-05,0.001794872634310035
APTV,-0.00039004825748632706,1.290782561089074,-0.0005034674887465318,2.0234943004771316e-05,0.0017749923853175539
ON,-0.0004169404039198315,2.0145893354020257,-0.0008399636912351054,2.017085345319397e-05,0.0017693705031110469
BY,-0.0009303138013509645,0.8475051603093166,-0.0007884457473519189,2.01480190866256e-05,0.001767367491450829
COLM,-0.00029764945718380604,1.1162428077976008,-0.0003322490658262834,2.0031199059307773e-05,0.001757120135730932
DIN,-0.0003058702308508563,1.0713955367817687,-0.0003277080001680167,1.989046626217163e-05,0.0017447751717138754
DGII,-0.00046510795172256483,1.367200064522225,-0.0006358956216048905,1.9827640983707133e-05,0.0017392641904942277
ARI,-0.0016727034804940916,0.7137940098089391,-0.0011939657245632462,1.981997987199699e-05,0.0017385921641413307
DLR,-0.0009937454711946947,0.7989591007113652,-0.0007939619880017051,1.9700097831561416e-05,0.0017280762111752514
A,-0.000544140548636996,1.1329619597436849,-0.0006164905423597748,1.960069766074705e-05,0.0017193569107920893
GOOG,-0.0006873966209042767,1.036277977545537,-0.0007123339800823201,1.9376091664417253e-05,0.0016996546594396616
MBWM,-0.0007057529143938987,0.8124477919806452,-0.0005733873969832284,1.936381934539535e-05,0.0016985781418132504
LHX,-0.0007130776773100465,0.45101703681412253,-0.00032161018103867424,1.9312306050209634e-05,0.0016940594383666578
ADP,0.00158442426198022,0.5788263828641036,0.0009171065644841376,1.930475029723019e-05,0.0016933966539940657
TKR,-0.0006172100626572543,1.349567194749771,-0.000832966452831681,1.9293760886297965e-05,0.0016924326719991954
BCPC,-0.0013331242965617257,0.5590437346260162,-0.0007452747854705479,1.918883838727205e-05,0.0016832289575743232
TEAM,0.00022414829324700475,1.4662607298089168,0.0003286598400417763,1.914273326443463e-05,0.001679184654511979
D,0.001686946585753637,0.32557927949069077,0.0005492348539289499,1.9100467428002666e-05,0.0016754771304627082
UTHR,0.00038443380352828525,0.415844883174931,0.00015986483011671415,1.8996319096648206e-05,0.0016663413253826492
BFAM,0.0005082769357863167,0.7474208915268461,0.0003798968004879423,1.895634441668529e-05,0.0016628347796749123
FFBC,-0.0005600270168579922,0.8894899819026221,-0.0004981384210899949,1.8890931125213703e-05,0.001657096780104899
CFR,-0.0007416508149963817,1.0302274976370713,-0.0007640690632542169,1.887794077233772e-05,0.0016559572771454873
WEN,0.0010825822850461186,0.5707059223521057,0.0006178361215092953,1.8821373105058728e-05,0.001650995208379012
PJT,-0.0012182606635157951,1.04329613115145,-0.0012710066369800274,1.8812663077480458e-05,0.001650231171997803
NVT,0.0006299514851665695,1.5828879532825546,0.0009971426170226167,1.8786297808863324e-05,0.001647918432544016
NU,0.0005877258839726505,1.2284845041538608,0.0007220121411505311,1.873166204930974e-05,0.0016431258291178148
LUMN,-0.0004181795270363865,1.9935355383612894,-0.0008336557485621521,1.8600278816677226e-05,0.0016316010011296102
SGRY,0.000861758964333616,0.7137151077032582,0.000615050392043615,1.8451092738976553e-05,0.0016185145223660351
NVR,-0.0002557745505785411,0.5324300129794474,-0.00013618204728434494,1.832936741332303e-05,0.001607836877952391
AXTI,0.0004245222914248479,1.7695487432827315,0.0007512128872863451,1.81821891369611e-05,0.0015949265218537854
CDE,0.0004324357166630587,1.323556599823928,0.0005723531467889815,1.8045221519692025e-05,0.0015829118362858364
NDAQ,0.0005689942033451301,0.9124764363127016,0.0005191938029509489,1.8020387571977926e-05,0.0015807334230291494
MTDR,-0.0003704804331264472,1.4574292975570755,-0.000539949037410119,1.802011836914344e-05,0.0015807098087802134
RIOT,-0.0001293535295992809,2.3989123497402853,-0.0003103077796382105,1.8012413562513153e-05,0.0015800339495452317
LOW,-0.0005072201215183934,0.6852814969883586,-0.0003475885641767418,1.7954052895879884e-05,0.0015749146003653659
NTAP,-0.001515862010488166,1.3074066390442904,-0.0019818480563872543,1.7946358138096006e-05,0.0015742396226068407
JAZZ,0.0005908582143634569,0.7969884189867271,0.0004709071541108522,1.7807407540874e-05,0.0015620509916852597
BAH,-0.00047540474475738767,0.39010681723242796,-0.00018545863187449928,1.7658944087409516e-05,0.0015490279009191888
KR,0.0005695079828276373,-0.23251896985367027,-0.00013242140949052398,1.762823682749011e-05,0.0015463342855965231
OGE,0.0007807172125223955,0.2879432259100606,0.00022480223269720893,1.7508059156090317e-05,0.0015357924001279293
SSB,-0.001186537313470247,1.0659922543138343,-0.0012648395856136292,1.746612987538539e-05,0.0015321143984673594
FBNC,-0.0005888481200762073,0.9059255577574552,-0.0005334525616144671,1.7349330116145587e-05,0.001521868820646424
SHW,-0.0006388172510336461,0.7299884151535524,-0.00046632919265480034,1.7308430859562564e-05,0.0015182811718458865
VMC,0.0017411652843062038,0.7082762169628434,0.0012332259606754317,1.7246122156861114e-05,0.0015128155042229033
EAT,0.0004144461880488949,1.102178709928486,0.0004567937648785097,1.712940496059387e-05,0.0015025771687573117
CLSK,-0.0001264213900255125,2.220041517071353,-0.000280660734502508,1.712542106577968e-05,0.0015022277048147928
PNFP,0.001699206402903713,1.2723344470800062,0.0021619588391133017,1.6939949997450594e-05,0.001485958336825804
WCC,0.0018112106655868952,1.6291885760087819,0.002950803725119432,1.691852597185745e-05,0.0014840790391039518
KYMR,-0.0007538152169154107,1.4771675301522778,-0.0011135113621621407,1.6902615407695285e-05,0.0014826833776371865
TRNO,-0.0004594617789101318,0.8153527277423157,-0.00037462341472771276,1.6901506393902644e-05,0.0014825860958688768
ADAM,-0.00044596401288157637,0.8552256156836043,-0.000381399847489377,1.6872043378156685e-05,0.0014800016246111502
PCRX,0.00019984475230239894,0.24615652819226877,4.9193090404202436e-05,1.675619103784834e-05,0.0014698391535915853
ATRO,-0.0002590551865672863,1.0540039704610469,-0.000273045195210447,1.6690923004607425e-05,0.0014641138959528583
LYB,-0.0002476840502385494,1.317188908856284,-0.0003262466838748199,1.6670074567845945e-05,0.0014622850884050101
DOCU,0.0012083401634596716,1.3126764727052713,0.0015861597035983527,1.6618258983641423e-05,0.0014577398684168877
GT,-0.0005302391466574123,0.938761831225999,-0.0004977682723038234,1.6558918554317294e-05,0.0014525345752679538
TPL,-0.0008733505393697711,1.36076278877359,-0.0011884229155297288,1.653214276142122e-05,0.0014501858249655602
PUMP,0.0003514146985412851,2.092256357701052,0.0007352496372126023,1.632585003541341e-05,0.0014320899984676095
CUZ,-0.0009672568073902755,0.8035533015214802,-0.0007772424009975824,1.629680394728542e-05,0.001429542099754068
DCI,-0.001191038134463866,0.904222033379355,-0.0010769629237772705,1.629315913362764e-05,0.0014292223797288158
RNST,-0.0004996436690581833,1.1117798691351333,-0.0005554937729997049,1.622172545841661e-05,0.0014229562771000646
DTM,0.00029087477448152724,0.6607664315237419,0.00019220028675443195,1.6215573811929805e-05,0.0014224166597822069
IBM,-0.0013549615014022728,0.7552094988069649,-0.001023279796376743,1.5937126543722265e-05,0.0013979914968022904
SCI,0.0008634172568934548,0.30323544647166184,0.0002618187173854243,1.5921422310932608e-05,0.0013966139345520621
AGX,0.0001824867624748825,1.5860098216887855,0.00028942579761335216,1.590120384089671e-05,0.001394840387161885
DX,-0.001424906032407111,0.5266248270389873,-0.0007503908928632044,1.5808934915804227e-05,0.0013867466337274437
RPM,-0.0003864767764816481,0.9066161698461093,-0.00035038609482826265,1.580494619967978e-05,0.0013863967468635957
AAP,-0.000210034689672354,1.0530436401060237,-0.00022117569416111473,1.576413153176575e-05,0.0013828165181108097
CYRX,-0.0002323375637839732,1.6713232187808669,-0.00038831116494713507,1.5680467207828475e-05,0.0013754775531393546
ORI,0.00039015821414620396,0.4560973158159065,0.00017795011421561127,1.5667497837791466e-05,0.0013743398907771415
HST,-0.0003297334996164793,1.0796241022869988,-0.0003559882335173919,1.565415872961371e-05,0.0013731697952924712
SANM,0.0007756067606696515,1.353477005852015,0.0010497659161497403,1.5557512123318704e-05,0.0013646920353007593
CPF,-0.0013201076997468389,0.7988544134130637,-0.0010545738621233298,1.5543806813774424e-05,0.0013634898169365276
FANG,-0.0006789440190914691,1.1918471660675978,-0.0008091975050727124,1.5517381851497485e-05,0.0013611718412045075
QGEN,-0.000562389281918905,0.4557749092715249,-0.000256322923941867,1.532436981138422e-05,0.0013442409854370924
HPE,0.0004087198986500555,1.6523846789079883,0.0006753624984941775,1.527429907838375e-05,0.0013398488223466329
MO,0.000919660308338473,-0.017660198367198583,-1.6241383475696444e-05,1.5250978770434325e-05,0.0013378031843122818
PBF,-0.0003503805638430479,1.3053780476051227,-0.0004573790963482199,1.5169063901705833e-05,0.0013306176800979594
SON,-0.0005364599244846621,0.6864410309415568,-0.0003682481036220812,1.5162353279574453e-05,0.0013300290299010631
APLD,-0.00014266720864726187,2.1201143413720684,-0.00030247079509658107,1.5152185800165924e-05,0.0013291371470564336
FFIV,0.0006483489105384923,1.0500146996203028,0.0006807758865482257,1.511051454139186e-05,0.0013254817788652248
VLY,-0.0005333830852303364,1.1290405711670342,-0.0006022111431992939,1.5100303046731174e-05,0.0013245860350392523
MS,0.00044427264035766864,1.3502253054951305,0.0005998681615500615,1.4928427833393735e-05,0.0013095092841520941
KN,-0.0004238628393216637,1.4886282639452832,-0.0006309742026503268,1.4875232912606813e-05,0.0013048430699051801
AEP,0.00041714314451097624,0.09039950063306003,3.770953195629665e-05,1.4790577913158322e-05,0.0012974172037011238
AXP,0.0012219993704487746,1.359559220499693,0.0016613805115384514,1.4790515244220232e-05,0.001297411706433952
RGTI,-9.336769533977492e-05,2.506953333789915,-0.00023406845510032985,1.4787694674893829e-05,0.0012971642884365084
ZBRA,-0.0006522500649217983,1.7597589523161905,-0.0011478028908949512,1.4753803690611345e-05,0.001294191399458361
LNT,0.0006324441577531782,0.241213054803151,0.00015255378728405003,1.4687510381450075e-05,0.0012883762054678957
ELAN,-0.0002908232086551844,1.3399158416575019,-0.0003896786243987467,1.459433393302893e-05,0.0012802028448412079
INN,-0.00026653630834159097,1.6950050159028678,-0.00045178037955923006,1.4514750345217612e-05,0.0012732218386516659
EGY,-0.0001574074527583023,1.0810072122631575,-0.00017015859169569703,1.4478318705788412e-05,0.0012700260855153108
FTV,-0.0018014733802202045,1.0060956775551386,-0.0018124545810701926,1.442617415098289e-05,0.0012654520084994403
REXR,-0.00045996653353428757,0.9177161894217282,-0.00042211873441660796,1.4341898796003e-05,0.0012580594443926886
ADI,0.0010874045117758235,1.6260024587563706,0.0017681224098102597,1.43172971024613e-05,0.001255901404279003
TDW,-0.0001597035578910773,1.2914991063252466,-0.0002062570022932886,1.4209667722278223e-05,0.001246460244488419
NEU,0.0008069972645452926,0.5359393308871183,0.00043250157398813893,1.4172767520086335e-05,0.0012432233894158924
AR,0.0002141219775654517,1.100435386005094,0.0002356274010344119,1.4147857101525713e-05,0.001241038268200095
KRC,-0.00039573862962641055,0.9248601625011411,-0.00036600289330426095,1.4133726720912363e-05,0.0012397987629549148
ABCB,-0.0006835333776359786,1.0600848136014767,-0.0007246033532216241,1.4128829792214026e-05,0.0012393692084388017
XOM,-0.00135765003689987,0.5368893876872138,-0.0007289078970046945,1.4124161202653457e-05,0.0012389596836421058
PODD,0.00028414280049553626,0.8350574218006735,0.00023727555440502567,1.4103865608685508e-05,0.0012371793710046987
SLB,-0.0002826711446903788,1.1762225764513576,-0.0003324841820961718,1.4084560083239665e-05,0.0012354859063553126
BZH,-0.00011444422875503202,1.1230754489049246,-0.00012852950358363546,1.4074247232977452e-05,0.0012345812717001997
GPI,0.0009893322148118466,0.9292428726606019,0.000919329909307436,1.4047909570993818e-05,0.0012322709538773625
EGP,-0.0011016111485557109,0.6845204914646548,-0.000754075404812298,1.4017336035283482e-05,0.0012295890687311932
OFG,-0.0004177114421898447,0.8593487150999143,-0.00035895979112837516,1.3962885472514425e-05,0.0012248127106130337
AAL,-0.000740846763861618,1.8759920249218913,-0.001389822620693587,1.3896998969334e-05,0.001219033201305156
RS,-0.0019944158940156695,0.7474940550250349,-0.001490814024024153,1.3894555927497502e-05,0.0012188188997054046
FOXA,0.0006442484711789494,0.8504255903999481,0.0005478853864666221,1.3853702061591792e-05,0.0012152352325373616
PBH,-0.0004587781710522522,0.5257806762002394,-0.00024121669700176223,1.3812915902558612e-05,0.0012116575045599133
WAL,-0.0005517336417282183,1.574895232943782,-0.0008689226822124835,1.3734782293473764e-05,0.0012048036892993374
PSX,-0.0005718426700686064,1.1374084856670532,-0.000650418705402538,1.3588902629897652e-05,0.0011920072464351678
BE,0.0001921813726749448,1.9620055356987613,0.00037706091704642835,1.3499332880754691e-05,0.0011841502624720269
NTRS,0.0018737371320730748,1.1395006223396273,0.0021351246280981373,1.3413108607977443e-05,0.0011765867409156245
PAYO,0.00033959320768995276,1.579073748488341,0.0005362427194281535,1.335710922775982e-05,0.0011716745218179308
EXC,0.00048452860815345264,0.009088690802898551,4.403730704665521e-06,1.3328533433401345e-05,0.0011691678768830408
AVXL,0.0010967480583409794,1.130357309223637,0.001239717184122558,1.3315288942835789e-05,0.0011680060811766863
WKC,-0.0003068393127597125,0.7670623044441843,-0.00023536487033953488,1.3304559952473327e-05,0.0011670649430577885
ROIV,0.0003345859881388722,0.7629056775251307,0.00025525754997150166,1.3280238254685463e-05,0.0011649314639389557
SMP,-0.000466128398159808,0.8212684297509772,-0.0003828165376190438,1.3255950176537644e-05,0.00116280093390701
RYTM,0.00016630096419361932,0.6767017476274505,0.00011253615310195227,1.3175261920181502e-05,0.0011557230271106857
TT,-0.0009648789752874478,0.9259831685501213,-0.0008934616908040651,1.3095196468099492e-05,0.0011486997521877435
ATEC,0.00020715673279835372,0.7283119951526794,0.0001508747333736795,1.306629923470287e-05,0.0011461649108875406
CSW,-0.0002558902298038046,1.3749486323379123,-0.00035183592149737525,1.3055927029647881e-05,0.001145255069679329
GBCI,-0.0003660168858043095,1.160675961103314,-0.0004248270007109588,1.30259790645468e-05,0.0011426280590671595
GL,0.00045882668385959874,0.7588904250489885,0.0003481991771380288,1.2995328075942391e-05,0.0011399393798174847
ACIW,0.0007200347359602755,1.0645884085333337,0.0007665406336446689,1.2879410998494222e-05,0.0011297712301098107
BANR,-0.0006371497658671593,0.8326655059518931,-0.0005305326321629085,1.2851036856988294e-05,0.0011272822739955746
SXC,-0.0003246691785452716,0.798516514170126,-0.0002592537007104485,1.2767778824198817e-05,0.00111997894854598
SMCI,-0.00019401902171339684,2.041330068652169,-0.0003960568629140351,1.2721826948741787e-05,0.0011159480882164967
TWI,-0.00019549118076344385,1.6857396298274085,-0.00032954723069469086,1.2634183139950492e-05,0.0011082600461405643
GSIT,0.00015752095125571135,1.9327402121215194,0.00030444707674354707,1.2627867834118298e-05,0.0011077060727609283
URI,-0.0004039953349785703,1.3582251385437565,-0.0005487166198223,1.2565102882334365e-05,0.0011022003833475685
VSEC,-0.0005877907019144164,1.2323382121997555,-0.0007243569427448513,1.242672493375589e-05,0.0010900619846891321
KRNT,-0.0002537780774529668,1.6531595911056136,-0.00041953566275371537,1.234719683382331e-05,0.001083085845850203
SUPN,-0.0004388092796387568,0.4288476403128055,-0.00018818232412044284,1.230425541798352e-05,0.0010793190605366781
DHC,-0.00034830189405219076,0.8734392411291573,-0.00030422054202479366,1.2294245160128573e-05,0.0010784409690360792
SNPS,0.00033657018208914293,1.3903623036894326,0.0004679544937226326,1.2288435639125102e-05,0.0010779313626813158
OBK,-0.0003463406816185399,0.8911896786263731,-0.0003086552407468656,1.2221406657450888e-05,0.0010720516361093523
AIV,0.0015029950116040942,0.572071419865478,0.0008598204903390848,1.2190972042317213e-05,0.001069381936960726
CHRD,-0.0003055835825618043,1.2842848350597136,-0.0003924563609273432,1.2018778229735107e-05,0.0010542772388125786
CAAP,0.00038122612060269284,0.8796967158999258,0.00033536336630945795,1.1986773971744073e-05,0.001051469851896864
DKS,-0.00017450610371943625,1.5249627235950431,-0.0002661153032119506,1.1986216458088543e-05,0.00105142094726229
JNJ,0.0007671255074478024,0.06903970564780428,5.2962119229118764e-05,1.1965640056327629e-05,0.001049616002398633
WWD,0.00023682573655603654,1.191998150872905,0.00028229584005390925,1.1927630914470673e-05,0.0010462818720602058
HSY,-0.0007044592395313232,0.08932168743106597,-6.292348800134328e-05,1.1885445815103877e-05,0.0010425814301991997
DG,0.00035009096318397757,-0.052719989028911396,-1.845679173818032e-05,1.1770665810809952e-05,0.0010325130236037182
UEC,-0.00040923471817200105,1.1239040270642793,-0.0004599405477680274,1.1707534834375104e-05,0.0010269752268121436
JOE,-0.00044447192533390563,0.7324951988930709,-0.00032557355134984534,1.1588030755930287e-05,0.00101649242835781
LMND,0.00021988124627938217,2.2024938451935956,0.0004842870916038364,1.1579025704331537e-05,0.001015702512714687
CLB,-0.0001394264793072598,1.6846624070295533,-0.0002348865482334245,1.1543222063903108e-05,0.001012561847128818
NGVC,0.0001611641758583254,0.4003592187208705,6.452356353243214e-05,1.1511574438580274e-05,0.0010097857437343992
FTAI,0.00010649047682634369,1.9767069573330909,0.00021050046643235186,1.1495070874291219e-05,0.0010083380647892813
AMBA,-0.0003599381907841918,2.2615012713077554,-0.0008140006760506631,1.1423547820851029e-05,0.0010020641219765406
FORM,-0.00027751016705073015,2.1066083909705573,-0.0005846052464887092,1.1308869500478815e-05,0.0009920046350101732
SNDR,-0.0002045352295200362,1.013197529075121,-0.0002072345891585134,1.1279229951618934e-05,0.0009894046784143908
HXL,-0.0004805808868430396,1.1140108086376694,-0.0005353723023678228,1.125215257888944e-05,0.00098702947377962
ICUI,-0.00016207726338581126,1.0074966610886977,-0.0001632923016995983,1.1210250520205874e-05,0.0009833538600121424
IBP,-0.00011586394968759447,1.027124465687107,-0.00011900669741526832,1.120923471575968e-05,0.000983264754490247
TRMB,0.0015441795668699604,1.4036665503112686,0.002167513205689506,1.1182282049528912e-05,0.0009809004890059144
IRTC,0.0003224073611643003,0.7898569618604773,0.00025465569877068786,1.1149178267934561e-05,0.0009779966527934114
SBH,-0.0001913425640931473,0.9994008229271033,-0.00019122791601567342,1.1135159090295582e-05,0.0009767669021807344
GOLF,-0.00022055220591570603,0.9840921841573237,-0.00021704370204030297,1.1118653249637363e-05,0.0009753190235544048
SKY,-0.0005137324458849527,0.8775447461884153,-0.0004508232088328646,1.1032206182051859e-05,0.0009677359586225629
CSIQ,7.249615034283568e-05,2.144288124601976,0.000155452634259502,1.0912759626708664e-05,0.0009572582060469026
NWBI,-0.00038966583934632945,0.6901264705727055,-0.00026891871041083323,1.0858066796218503e-05,0.0009524605964055704
ROOT,0.0002701185396635992,2.0705961232901746,0.0005593064010562518,1.0824494772848804e-05,0.0009495156864136387
GSAT,0.00020583672145322842,1.48969229876553,0.00030663337875201993,1.0686899350541798e-05,0.0009374459303094629
ALRM,-0.0003436542597494785,0.9175225083466256,-0.00031531051840934433,1.0621722520515841e-05,0.0009317286729409627
GM,0.0008056878213428466,0.9344866610846166,0.0007529045220432158,1.0566121810453563e-05,0.0009268514248580043
MSA,-0.0006064290138401072,0.8117085957827497,-0.0004922436432660711,1.0482443036274265e-05,0.0009195111923233271
ITT,0.0022125533967529776,1.2365901762818683,0.002736021794923811,1.0480879657853016e-05,0.000919374054067369
TWLO,0.0002648187335337706,1.583050108320433,0.00041922132480591546,1.0365234311119587e-05,0.0009092297403521861
WMT,0.00040966281182465826,0.5824441536288502,0.00023860570970642798,1.035686144333087e-05,0.0009084952793475399
PPC,0.00042633625440383473,-0.016059612722858888,-6.846795135439828e-06,1.0327784296833609e-05,0.000905944656219655
BILL,0.0002199592492372527,1.752477415834092,0.00038547361669210754,1.031151902015579e-05,0.0009045178796657798
YUMC,0.0005790425276031834,0.657425720001565,0.0003806774506210489,1.0288448494468291e-05,0.0009024941523238778
DNLI,-0.0005326051021808482,1.3861376597359651,-0.0007382639899003956,1.0191709675087748e-05,0.0008940083034769309
SHO,-0.00028292937641800437,1.116957938910483,-0.00031602021314108234,1.017650316529935e-05,0.0008926744010747695
MOH,0.0003275890724933958,0.1413161978475696,4.6293642181178547e-05,1.0162106027227847e-05,0.0008914114960870334
LAD,0.0009228366223326208,1.1340871200425078,0.0010465771272909572,1.0134518744332203e-05,0.0008889915625562187
MA,0.00032653101688807825,0.7792748165970752,0.00025445739829871365,1.009284408590542e-05,0.0008853358961502986
CZR,-0.0001846240435205353,1.6271147119835525,-0.00030040449739815467,1.0069003086495714e-05,0.0008832445834937415
BNL,-0.0008546948822702227,0.4036359165883122,-0.00034498555220848095,9.99129273150737e-06,0.0008764278957307907
HASI,-0.0005316662485150207,0.7655844244084923,-0.00040703539884679455,9.990206977234135e-06,0.0008763326542681948
CR,-0.0013703299964333492,1.2115781859937569,-0.0016602619312915486,9.920552614117838e-06,0.0008702226314178009
DOC,-0.0007266220102657092,0.4953171416862058,-0.00035990833721109594,9.897589668024531e-06,0.0008682083408685038
AAON,-9.61069243725732e-05,1.625828691009853,-0.00015625339504964363,9.869321080634568e-06,0.0008657286438736055
THC,0.00014812567111591613,1.0061946767139376,0.00014904326176151428,9.857964244482636e-06,0.0008647324316437897
RARE,0.00016138439582196506,0.9930995158438781,0.0001602707653555503,9.853959647870284e-06,0.000864381151756739
OKE,0.00045043450498318904,0.9170261086773787,0.00041306020131875516,9.837440645749445e-06,0.0008629321186178455
NDSN,-0.00022973129205097748,1.099156026593979,-0.00025251053415505337,9.802760990945403e-06,0.0008598900481169254
AYI,0.00029872509281059624,1.2461848694899065,0.00037226669079753306,9.701537383026103e-06,0.0008510107973461789
BLKB,0.0011720252405921002,0.5649845566695294,0.0006621761609614263,9.69355908223228e-06,0.0008503109474304431
MMSI,0.0002732405032096822,0.8967494846347545,0.0002450282804346235,9.673631120179789e-06,0.000848562883159161
GLOB,0.0011630381927066572,1.6563914557629629,0.0019264465251253053,9.67116965003681e-06,0.0008483469650436792
EXR,-0.00029398549889174505,0.5844813256142378,-0.0001718290341036102,9.665929197906493e-06,0.0008478872769375777
TFIN,-0.00013064827805095398,1.3080397253336538,-0.00017089313773708466,9.649716462591034e-06,0.0008464651092683471
ATEX,0.0002628179660518061,0.6801714658691513,0.0001787612812262058,9.603891427809946e-06,0.000842445375297554
VRRM,-0.00036943338180937986,0.6413315558395141,-0.00023692928553486282,9.599337478467454e-06,0.0008420459066455227
AXS,0.00016930583942874832,0.5165704269346956,8.745838975624554e-05,9.5430780046071e-06,0.0008371108723496241
EXLS,0.0002899542724793363,0.7903683464462974,0.00022917067888453217,9.531130465831473e-06,0.0008360628441765265
BFST,-0.0005906413493657472,0.9036482402348961,-0.000533732015964322,9.426754887436587e-06,0.0008269071051749215
APLS,0.0002596034054460574,0.8590198993683248,0.00022300449122194665,9.420555108103167e-06,0.0008263632656837565
CRH,0.0008776027238383244,1.2593485257781942,0.0011052076964847214,9.411216411385074e-06,0.0008255440829680208
COCO,0.00038473700857420137,0.7192480179228838,0.0002767213308385739,9.365043078402698e-06,0.0008214937965684433
CBU,-0.00042567163565311844,0.8929998567968406,-0.0003801247096807117,9.346947772164529e-06,0.0008199064913422727
KKR,-0.0017933702652083163,1.8344277957141726,-0.0032898082625054327,9.28688951959691e-06,0.0008146382313349248
LMT,-0.0009669754263977334,0.2306881640742672,-0.00022306978582062483,9.276763118034998e-06,0.0008137499518048651
ADTN,0.0004639643780356937,1.761032210847241,0.0008170562144065627,9.255289237806884e-06,0.000811866280875862
INGR,-0.0005610992639691931,0.3247049157361242,-0.00018219168922671816,9.148847445257636e-06,0.0008025292952856423
DEA,-0.00014363826998601667,0.6585137146851987,-9.458777073944732e-05,9.024506675335004e-06,0.0007916222262741233
MLI,-0.000536493675441917,1.0877531239202973,-0.0005835726714254273,9.014878376113226e-06,0.0007907776398674215
ENVA,0.00022820880851198174,1.4127785471866174,0.00032240850894474653,8.978772819481172e-06,0.0007876104904430602
BDX,-0.0008561309754365231,0.5855046301929755,-0.0005012686501697128,8.968102637682126e-06,0.0007866745109624757
DNOW,-0.00030598510488429666,1.174256801296352,-0.00035930509050576296,8.94906845108478e-06,0.0007850048479313994
VAC,-0.0001900646911201017,1.8002699560550424,-0.0003421677531304007,8.86240344638378e-06,0.00077740266573689
T,0.0002092581492582157,0.1252805125849771,2.621596820165291e-05,8.84639598747899e-06,0.0007759985047438204
BSY,-0.0009931567082236538,0.8283131385775987,-0.0008226447500881311,8.829721820087154e-06,0.0007745358606362962
AMGN,0.0004947373668822746,0.4492030271991196,0.00022223752287203922,8.813476825995441e-06,0.0007731108632540194
SEIC,0.0008872950862112136,1.0268449046660808,0.0009111144382112356,8.799519079552697e-06,0.0007718865013348273
O,-0.0007273641958287252,0.2160585960601259,-0.00015715328697515685,8.740476664369552e-06,0.0007667073497386933
PTON,-0.000329748496314186,2.1030091519158476,-0.0006934641055792223,8.714525587547893e-06,0.0007644309428450158
UMBF,-0.0003518368874539057,1.1781564491771104,-0.00041451889801222015,8.66005043303131e-06,0.000759652427559199
ROST,-0.0005268403648724519,0.7302192403672805,-0.00038470897103198273,8.652863911861027e-06,0.0007590220318940781
ELS,-0.0012744980115187328,0.18666806623122573,-0.0002379080792257443,8.644016498809308e-06,0.0007582459441733043
JBGS,-0.0001236746458690312,0.6898321905207636,-8.53147518717135e-05,8.637503776833386e-06,0.0007576746536135915
VRT,0.00027425806437622564,2.2175484924325555,0.0006081805571949699,8.596853050948368e-06,0.000754108805719356
SAM,-0.00016606625077716242,0.43163289438657365,-7.16796564828732e-05,8.582362275599287e-06,0.0007528376869474424
CHKP,0.0021320703138684068,0.6145290825811099,0.0013102192139799712,8.487732483687911e-06,0.0007445368402375076
CELH,-0.0004112882592680432,0.8028283303225832,-0.0003301938664694448,8.469576796658248e-06,0.0007429442384584829
SAFT,0.0006175630050730814,0.25464188050967707,0.00015725740494501668,8.461198361836225e-06,0.0007422092891183012
HELE,-0.0001581668492965387,1.3738719877073091,-0.00021730100363243803,8.441949484446347e-06,0.0007405207935893103
FHI,0.00040724478722999015,0.7705883274690418,0.00031381807946204393,8.44088197897974e-06,0.0007404271528968672
APG,0.0003388188144540096,1.1203309983191847,0.0003795892206465832,8.438185303061825e-06,0.0007401906027262617
EPR,-0.0005458679870446502,0.5949312933001799,-0.0003247539475036396,8.400310545685798e-06,0.0007368682604828294
MZTI,-0.00015967195411201748,0.257130290727734,-4.105649598188846e-05,8.377118071088012e-06,0.0007348338358838556
PCVX,-0.000302141857212941,0.8352991268013484,-0.0002523788295001073,8.369265835612787e-06,0.000734145044313108
DRVN,-0.0007000169291435219,0.7891724814478883,-0.0005524340970277238,8.363505790379492e-06,0.0007336397779317906
SBUX,-0.001618915995712497,1.0756012868208475,-0.0017413081282432153,8.349236798515054e-06,0.0007323881138228498
HII,0.0007865745804401167,0.6358616804087832,0.0005001526344854862,8.302009211092814e-06,0.0007282453490998837
WVE,0.00024604437773962165,1.0394499860066888,0.00025575082499847417,8.26482904551779e-06,0.0007249839358720358
RNR,0.0003509509080511336,0.3790135311842919,0.00013301514293279388,8.243616637851441e-06,0.0007231232010988691
WTFC,-0.0014360012402339353,1.2474302341222194,-0.0017913113633048153,8.191128889510894e-06,0.000718519019431297
BBIO,0.00023539011308496629,1.0414122283704648,0.0002451381422041904,8.13397547205796e-06,0.0007135055691463166
DLB,-0.0005208346068116506,0.8562353799607502,-0.0004459570174600816,8.10507100844152e-06,0.0007109700936172395
BRK/B,0.0002351432882415024,0.4897681204714478,0.00011516568632351653,8.063242461205404e-06,0.0007073009282128449
CAG,-0.0002258767045947787,0.10284961076033802,-2.3231331147400843e-05,8.042748474092553e-06,0.00070550321269363
LW,-7.30880669818507e-05,0.4793730753435659,-3.503645144000631e-05,8.035935451216204e-06,0.0007049055799884791
NOG,-0.00011999243656231153,1.7188741631948221,-0.000206251898985751,8.022555962133888e-06,0.000703731942324417
ORRF,-0.0002642097401181723,0.7722181573318382,-0.00020402755866317886,7.909654471253527e-06,0.0006938283173645451
KD,-0.0005341350672938677,1.3785967512102062,-0.0007363568684787709,7.900269622804286e-06,0.0006930050862573048
WULF,-0.00012590428912673458,2.703223464819697,-0.00034034742868883233,7.85517444457425e-06,0.0006890493746966654
ATRC,0.00035826171430901294,1.0102125397458315,0.00036192047630580345,7.84622209337787e-06,0.0006882640818890448
AMN,-0.0001365573124439959,0.9123091577826026,-0.00012458248670483763,7.813213769768129e-06,0.000685368619171627
GIII,-0.000258093972724529,0.9831933979139702,-0.0002537562900241452,7.786784119118136e-06,0.0006830502321794185
ASO,-0.0001071667373088368,1.7592377286148269,-0.00018853176752625986,7.746213053424587e-06,0.0006794913720109818
IMAX,0.00037452746142838594,0.6696904767491769,0.00025081747419963477,7.711385590845635e-06,0.0006764363359348734
MET,0.0003427714340146805,1.1367997813971518,0.000389662491257077,7.679244599134813e-06,0.0006736169548508837
AUB,-0.0004428098752122255,1.285968025553238,-0.0005694393409221414,7.669767533022181e-06,0.0006727856344868428
GFS,-0.0007013587142175325,1.633092548012675,-0.0011453836896724036,7.63212134742136e-06,0.0006694833423695904
DOV,-0.001276745268347568,1.129182029639578,-0.0014416778134454346,7.616338689225262e-06,0.0006680989007078799
UBER,-0.0004481546714351741,1.1672090124728929,-0.0005230901714809634,7.612758300699298e-06,0.0006677848320016539
ERIE,-0.0004533427907491958,0.3532111952918632,-0.00016012574899747247,7.606933303845751e-06,0.0006672738681181823
CFG,0.0018026764374530129,1.2950581472184588,0.0023345708071222707,7.555351969098728e-06,0.0006627491962978123
MATW,-0.00010396979027422012,1.013626713304684,-0.00010538655679863503,7.523944255441113e-06,0.0006599941377553022
ICFI,-0.00011880159140548794,0.2880091480573356,-3.421594512855026e-05,7.458953872626922e-06,0.0006542932353812821
ZS,0.0004476160316551261,1.2864765453420006,0.0005758475260433822,7.425785639188382e-06,0.0006513837455065658
BKH,0.0002633285247670207,0.26769347352736844,7.049132747372144e-05,7.4256929775852466e-06,0.0006513756173077398
SEDG,0.0005472609688987512,2.1961810274339717,0.0012018841569505702,7.421524445403736e-06,0.0006510099571287915
CPT,0.0007277256598580143,0.5385504767754679,0.0003919170010782755,7.398323029339074e-06,0.0006489747481917735
AAT,-0.0001698488742141645,0.7276756260213318,-0.0001235948858728106,7.383117712294355e-06,0.0006476409504160965
SLM,0.0004921301557588186,1.1633703948882932,0.000572529653641574,7.3791908676600526e-06,0.0006472964908679492
ODFL,-0.00014302129175150518,1.221417503635964,-0.00017468870913791434,7.219223222873726e-06,0.0006332642619990089
TBBK,-0.00017344667257808747,1.477785604597587,-0.0002563169959012487,7.216844233002113e-06,0.0006330555789843908
ETN,-0.00037093657429427857,1.3679397402842703,-0.0005074188811020524,7.201761886486247e-06,0.0006317325680813173
KELYA,-8.801451170200145e-05,0.7577374185085193,-6.669188888836244e-05,7.087993765175815e-06,0.0006217529230202819
EFX,0.0012709550332981043,1.0518887229808058,0.0013369032669419704,7.083049293357096e-06,0.0006213191980611567
OZK,-0.00021479749995544024,1.0654759579373376,-0.00022886157202756794,7.065096613522521e-06,0.000619744403904588
GRC,-0.00020553410352635,0.9896674573909188,-0.0002034104136440447,7.0448178299917384e-06,0.0006179655658647598
DBI,-0.00019453045271975317,2.1414376339113392,-0.00041657483239588986,7.018783891996507e-06,0.0006156818904577933
CMP,-0.00033476282839303804,0.71695709918047,-0.00024001058635812202,7.014577486713917e-06,0.0006153129080818906
HLT,-0.0021758287989957037,0.959516721980518,-0.002087744116803165,7.0104201334018205e-06,0.0006149482285040778
VICR,-0.000430457024856913,1.6187777424276748,-0.0006968142509100071,6.995529722649058e-06,0.0006136420540466468
OHI,0.0005662447081165862,0.14293319900594767,8.093516755129277e-05,6.938188378311882e-06,0.0006086121189715463
MGRC,-0.0004810865137583371,0.8338235759993234,-0.0004011412772670244,6.873238269533787e-06,0.0006029147494025052
VKTX,-0.0001027730739270192,1.506066996968722,-0.00015478313481851025,6.869450114972285e-06,0.0006025824556322936
LYFT,-0.00042727587971182624,1.4051643604100197,-0.0006003928382338968,6.8656261655718285e-06,0.0006022470219685541
FIX,0.00018865000263643415,1.739484041946355,0.000328153669099215,6.8419299963262505e-06,0.0006001684136936418
CCBG,-0.0002470756607168185,0.6100499531326469,-0.0001507284952405129,6.83527461840664e-06,0.0005995846094730945
KO,0.00033898468396958466,0.05295803548902845,1.7951962923898358e-05,6.806909792836172e-06,0.0005970964705449755
KREF,-0.00020228887853200182,0.8130616342579255,-0.0001644733261714324,6.806902319249401e-06,0.0005970958149681544
NSA,-0.00033350069021020374,0.6104078507010506,-0.0002035714395185274,6.749024733584568e-06,0.0005920188412494037
NNN,-0.0007575049413458134,0.28134612030792583,-0.0002131210763617275,6.721131717078844e-06,0.0005895720890203749
CTSH,0.0001842268826537519,0.8946733634871626,0.00016482288474858704,6.704860784915882e-06,0.0005881448163720424
OLLI,-0.0010266624510187883,0.8345317026938809,-0.0008567823633405825,6.689181809370238e-06,0.0005867694696662703
CNR,-0.00030681311047579986,0.601291249735837,-0.00018448403863333314,6.677492498341026e-06,0.0005857440930165033
PEB,-0.0001225952862300587,1.7214733582643014,-0.00021104451909383242,6.632788347198767e-06,0.0005818226820270636
GCMG,0.0006144758996230102,0.5553640966223359,0.00034125785289033017,6.623693330725228e-06,0.000581024874739884
RCL,-0.001059765765650629,1.6188528045772315,-0.001715604781918458,6.60653488191456e-06,0.0005795197498687334
ITGR,-0.00035044551598345107,0.7604345552871203,-0.000266490880099241,6.604946108498213e-06,0.0005793803839849083
REYN,-0.000585381165383551,0.2784952045562401,-0.00016302584739686225,6.5983149071851165e-06,0.0005787987005161938
EFSC,-0.0003455656844887294,0.8217329759283438,-0.0002839627182936387,6.59242760684579e-06,0.0005782822714227233
CDNA,0.00012170206010087798,1.327922412637179,0.00016161089327207284,6.5708558057982935e-06,0.0005763900109608152
ROK,-0.0005955724782895373,1.2343325629623636,-0.0007351345035569712,6.569725085692642e-06,0.0005762908251327661
EQR,0.000769344079317937,0.6530247462578429,0.0005024007221815696,6.541235203447527e-06,0.000573791716337068
AMCR,-0.0002596007885726321,0.5440025803958723,-0.00014122349885631514,6.500509558726089e-06,0.0005702192966247587
FCF,-0.0002521907759722052,0.7311636844796927,-0.0001843927369516303,6.42794957132833e-06,0.0005638543948269433
SNA,-0.00022509570207595363,0.7532962292437637,-0.0001695637435927935,6.3496708711481565e-06,0.000556987852296055
F,-0.0005060026714817455,0.9093410913998361,-0.0004601290215364432,6.211335814724618e-06,0.0005448532161018065
SITM,-0.00011529179379790663,2.627534041292916,-0.00030293311288572314,6.199041362722439e-06,0.0005437747569887576
STLD,-0.0017539755507164007,1.2457645165587257,-0.0021850405039940415,6.198809129790075e-06,0.0005437543857089142
SYNA,-0.00013428163905373407,2.1412913840292207,-0.00028753611673908245,6.1794559812169575e-06,0.0005420567435983778
AAOI,0.00027400838781172133,3.9407779211468945,0.0010798062048974872,6.152111296221517e-06,0.0005396580905537723
ABEO,9.634536180121231e-05,0.7488168066992974,7.214502616427227e-05,6.135588308514245e-06,0.0005382087078025489
AIG,0.00014544408039779378,0.5563344742674949,8.091555600342587e-05,6.121937438665872e-06,0.0005370112648432034
MAA,0.0005206990326384227,0.46105901441741887,0.00024007298279637458,6.109011356626575e-06,0.0005358773996681775
SYY,-0.0003857485140272413,0.35716992529507074,-0.0001377777679377943,6.067902344464168e-06,0.0005322713512825214
NEO,-0.00012476313101533303,1.1765725340700648,-0.00014679287321722588,6.0612505268314435e-06,0.0005316878593673812
RVMD,-0.0009643225541879713,1.0788147873232836,-0.001040325431207342,6.053456007685928e-06,0.0005310041306251139
SFBS,-0.00017672652082083233,1.1252056761963405,-0.0001988536843620313,6.042643701388972e-06,0.0005300556841016771
STNE,0.00015947817127990555,1.0098657860357938,0.00016105154879513276,6.014554689185966e-06,0.0005275917392929534
ANAB,-0.0002673050967714516,0.5433854887131914,-0.00014524971064468214,5.980121846439908e-06,0.0005245713189406608
HRB,0.000642517879103321,0.20843798582684922,0.00013392513257803524,5.959684338712175e-06,0.0005227785577461746
SONO,-0.00011368442962088401,1.6418275316504134,-0.00018665022647154113,5.948194965140677e-06,0.0005217707194440519
VYX,-9.46179569432173e-05,1.4901355969358987,-0.00014099358575043628,5.9317505801782365e-06,0.000520328231660287
ESNT,0.001227112338525966,0.5451251910152821,0.0006689298479361768,5.908316045945365e-06,0.0005182725737912729
SMTC,-0.00014357093581980328,2.4318050658793626,-0.00034913652903963843,5.89607767646465e-06,0.0005171990341904028
SCSC,-0.00013236387342887567,1.063026806585471,-0.0001407063456783812,5.894782167526473e-06,0.0005170853932229025
DBX,0.0003390957668915241,0.8495494782595256,0.000288078631842708,5.872318174526457e-06,0.0005151148704243231
BCSF,-0.000902475300554303,0.807121056804904,-0.0007284068183237124,5.8331829017352534e-06,0.0005116819568161488
PG,0.0007367622605902422,0.14036517246343222,0.00010341576177229753,5.829555892650195e-06,0.0005113637985932203
MTG,0.0004487385026062981,0.7142330563390024,0.0003205038722134837,5.80273743201282e-06,0.0005090113055120165
VNT,-0.0002423624032805171,1.2710592055059384,-0.0003080569637582439,5.790152984670693e-06,0.000507907408248731
ATI,0.0003385357895281619,1.617696899221372,0.0005476482969951666,5.787583681241704e-06,0.0005076820310870088
IR,-0.00011866601723226006,1.2541978159345188,-0.00014883065963834855,5.769110540776904e-06,0.0005060615825564549
QCRH,-0.00038370812439764444,0.7645531674132485,-0.00029336526187041584,5.758066250458481e-06,0.0005050927865874318
AMD,-0.00019290061027100013,2.0451191984082353,-0.00039450474144988717,5.7306072368740756e-06,0.0005026841047340082
NUE,0.0017787853895694901,1.215132377124321,0.0021614597188215857,5.7284185366553125e-06,0.0005024921137696092
HTO,-0.00045141308144562684,0.039711568550226,-1.7926321528296762e-05,5.624876872244907e-06,0.0004934095250097476
MGEE,0.0006912350374246931,0.29018385172458216,0.00020058524560688314,5.580219801809977e-06,0.0004894922439008312
MC,-0.00035833039046159824,1.5385801052518135,-0.0005513200098713292,5.578553848946046e-06,0.0004893461078999995
NBIS,0.00030122514632225083,2.5675633344995665,0.0007734146411262782,5.540043388024703e-06,0.00048596800226983605
WTTR,-0.00011276449796290114,1.315897275764185,-0.00014838649567229758,5.507475919757016e-06,0.0004831112110166764
CAKE,-0.00016625109262507112,1.0302873433679276,-0.0001712863965526998,5.445329185381696e-06,0.0004776597511206671
CALX,0.00010394435963247135,1.2630783477985952,0.0001312898700275649,5.433466603665915e-06,0.0004766191753102606
MAT,0.0004929350120854054,1.2401139210114742,0.0006112955706410705,5.4221814197929965e-06,0.00047562924835881744
RLJ,-0.00011471467255864254,1.2531429075506315,-0.00014375387830885595,5.369183167475384e-06,0.0004709802857066015
KOP,-0.00010046720584338814,1.1017691988994653,-0.00011069167289773744,5.321142169024269e-06,0.00046676616924412
LFUS,-0.00028808924691889614,1.6099733140860752,-0.00046381599961457684,5.321071553036964e-06,0.00046675997486839485
WAFD,-0.00034408396378578216,0.864659067006429,-0.0002975153190988883,5.295933835905752e-06,0.00046455491521086846
PRK,-0.00012987603199320598,0.8386165591838882,-0.00010891619107059898,5.275422296111336e-06,0.00046275565998501274
KBR,-0.00017360710704885602,0.8608674459797696,-0.00014945270684908513,5.246992298267022e-06,0.00046026180419918956
ESTC,0.00027536433084195605,1.4409394818577457,0.000396783336205513,5.222452570988005e-06,0.00045810919971457333
MTRN,-7.237278824559266e-05,1.1525221851765426,-8.341124405612965e-05,5.217309536679523e-06,0.0004576580570188499
BCRX,7.252587534097473e-05,0.8210814967784055,5.9549654280131574e-05,5.187005582120335e-06,0.0004549998193072396
NMIH,0.000741463574347833,0.6636295867500337,0.0004920571654346553,5.1537031692303805e-06,0.00045207855932254717
PTC,0.0006766051045934283,1.0211530359468823,0.0006909173566927372,5.103923499736052e-06,0.0004477119280809755
MXL,-0.00013919186653978078,2.3320593222010486,-0.00032460368993866,5.09697790149728e-06,0.0004471026659752019
APPN,0.00033598037907866374,1.0411612701712405,0.0003498097582341564,5.079245089494986e-06,0.0004455471584421726
FSS,-0.0001849073368436574,1.0311138077307556,-0.000190660508170217,5.073704736635158e-06,0.0004450611632932934
WRBY,-0.00010273039876039066,1.798467791611747,-0.00018475731338999396,5.07041898630435e-06,0.00044477294000470473
GLNG,0.0002819161096078512,1.0578860601890707,0.00029823512249688,5.064421760594992e-06,0.000444246868349122
DV,-0.0003992637258786323,0.803295925588987,-0.0003207269242337835,5.063473121034754e-06,0.0004441636544752092
WOR,-0.0001264447070387254,0.8736348203176045,-0.000110466498913889,5.019277051882049e-06,0.0004402868120156815
NBTB,-0.00038239982188361456,0.7984014249643391,-0.00030530856269798734,4.99902875461204e-06,0.00043851064820531465
GTM,0.00027430459775367355,1.7472119659076386,0.0004792682754987,4.99713047396909e-06,0.0004383441326047697
BDC,-0.00028000136345232975,1.3857675702856003,-0.0003880168091079903,4.944546014437895e-06,0.00043373146751192004
MTCH,-0.0006148517229064793,0.9034710955685816,-0.0005555007597065468,4.890269488895045e-06,0.0004289703757946202
DXPE,0.00013731187783129324,1.5512793045706568,0.00021300907435141956,4.88590949758791e-06,0.0004285879209802729
WK,0.0002648391652762838,0.9095319343250218,0.00024087967827876255,4.8775518571714935e-06,0.00042785479570807113
KIM,-0.00015702783836333233,0.7577097346461233,-0.00011898152173833489,4.816598493213943e-06,0.0004225080172734281
APD,-0.00020614521057048412,0.8732359972076975,-0.00018001341852210749,4.8083267048931535e-06,0.00042178242287571236
FIVE,0.00045001392645421475,1.8437586285478669,0.0008297170598666636,4.7739912318041074e-06,0.0004187705437088196
DKNG,0.0003570915021926583,1.2140514921651557,0.0004335274710764938,4.756260340407365e-06,0.0004172152046497133
BELFB,-0.00012425934933129693,1.6049564126892066,-0.00019943083954585328,4.7446297830057204e-06,0.00041619498181933275
CUBI,-0.00021878638669781353,1.3618793806650817,-0.0002979606688139694,4.688846282037183e-06,0.0004113016994699749
THFF,-0.0003665149304966055,0.8301277548337916,-0.0003042542163662103,4.654583695252445e-06,0.00040829621382912823
APLE,-9.322611577753249e-05,1.0911879951566015,-0.00010172721837152289,4.640074236630154e-06,0.00040702345617601434
VPG,-8.789205544555953e-05,1.9037726966328348,-0.00016732649540819548,4.617814493092038e-06,0.0004050708499705033
VMI,-0.0007935262040455392,1.1082861523347587,-0.0008794541034584372,4.605109363778674e-06,0.0004039563665849866
OSPN,-0.00014281788016717439,1.1006140406000242,-0.00015718736416072386,4.60274561089284e-06,0.0004037490201460992
RXRX,-6.187255007677972e-05,2.506741088106911,-0.00015509846350341612,4.567705501021066e-06,0.0004006753308261727
LBRT,-0.0001101792283166267,1.9458088073773874,-0.00021438771284853627,4.549792709922534e-06,0.00039910403567638243
UGI,0.00019587230489308228,0.4645083685617844,9.098432479232207e-05,4.519967581197486e-06,0.0003964878001690428
BUSE,-0.0002688534155610872,0.854683907378866,-0.00022978468772390405,4.5135435634659475e-06,0.0003959242906719349
DDS,-6.737382191069968e-05,1.1306726108765355,-7.617773512450154e-05,4.496989662995485e-06,0.00039447219627881274
GD,0.000888771237670717,0.5921856298944818,0.0005263175552121317,4.473056990603398e-06,0.00039237284214442065
BL,0.00021215019698912164,0.9434041689499122,0.00020014338028308246,4.4677398604427735e-06,0.0003919064279052194
EPC,-0.00019430868947178579,0.6660221525621101,-0.00012941389162352137,4.4523652799329575e-06,0.0003905577824790406
KE,0.0004515199706601539,1.2405567103838229,0.0005601361294747608,4.44828065540173e-06,0.00039019948260944864
TILE,-0.0005284777224448879,0.9909275608780888,-0.0005236831404807204,4.44428043413686e-06,0.00038984858652424317
RBC,0.0011714546615363994,0.9248225421724524,0.0010833876781218626,4.442902222087268e-06,0.00038972769090853517
CMS,0.00019409954089571481,0.11648817103382766,2.2610300517447453e-05,4.441920587051519e-06,0.0003896415826989294
AVPT,0.00021411285205812233,1.1331127529761376,0.00024261400324315145,4.387040729136338e-06,0.00038482756716729254
PVLA,-0.00028933461027208084,0.7784882118447044,-0.00022524358337549664,4.381307878393389e-06,0.00038432468626406995
PKG,-0.0001514533947224809,0.8470075359908705,-0.00012828216668134127,4.349145971836673e-06,0.0003815034705471784
SWBI,-7.612270076477803e-05,0.6614070802324954,-5.034809325224378e-05,4.32184890332628e-06,0.0003791089943810724
FAST,-0.0002444570427092007,0.6617887813711687,-0.00016177892839212168,4.314137286530472e-06,0.00037843253776403035
SIBN,8.434199824681922e-05,0.851754270687223,7.183865720502254e-05,4.29708596722696e-06,0.0003769368102042238
HLNE,-0.00035262691483108223,1.5072638287236697,-0.0005315017937593124,4.284770765008526e-06,0.00037585653089944825
IRON,0.00015495715339138835,1.2230960085139628,0.00018952747580369296,4.2813723877205465e-06,0.0003755584280677685
SXI,-0.00012884961371660756,1.2308026879556684,-0.00015858845090445015,4.268326322139666e-06,0.0003744140380361803
PFE,0.0013215251057529097,0.5174380253611507,0.0006838073411859714,4.251528123997795e-06,0.0003729405140543314
HTH,-0.0003185338852499161,0.6301218261326611,-0.00020071515345880864,4.241446856111879e-06,0.00037205619361282445
ACN,-0.0007054892811711261,0.8336701577356094,-0.0005881453603147144,4.207372561009411e-06,0.0003690672247618777
LASR,-0.0004133071435660292,2.078550526387753,-0.0008590797808189886,4.167668874356632e-06,0.0003655844503621129
SRE,0.0012454311234964916,0.668111277304158,0.0008320865787135935,4.150790263788027e-06,0.0003641038726690129
MLM,-0.0017184495145375898,0.712134283476025,-0.0012237668137249494,4.127338647654069e-06,0.0003620467163898304
MBIN,-7.394277810215602e-05,0.9780291086581788,-7.231818935896116e-05,4.1203400968184565e-06,0.00036143280932626515
PCTY,0.00018975754398921794,0.8774207206497003,0.0001664972009957368,4.114434945760105e-06,0.0003609148143825555
FTK,-0.00017419469578182147,1.84671247847443,-0.00032168751838434687,4.093244854639999e-06,0.00035905603719828055
BRSL,0.0002974021626451119,0.9278053270017096,0.00027593131076396365,4.093144167753909e-06,0.00035904720502830264
ABG,0.0005164728491558264,1.1119199298073377,0.0005742764541807421,4.0688366204245475e-06,0.0003569149671759307
H,-0.00015548475533352688,1.2910545118402708,-0.00020073929489573047,4.0572407922031994e-06,0.00035589779076038603
SBRA,0.0004203984344031141,0.1274838131006948,5.3593995439271295e-05,4.032566501807957e-06,0.00035373338251103533
IIIN,0.00020043559535231644,0.8818030643056393,0.00017674472217759778,4.004811020728018e-06,0.00035129869477526553
PFBC,-0.0001589423496712387,0.7257433528577337,-0.00011535135376149109,4.002141120462215e-06,0.0003510644933426131
CDW,-0.0010076801208866437,1.1811031321208385,-0.0011901741469551202,3.982647775093742e-06,0.00034935455328569045
WYNN,0.0013987103913270106,1.2530265374889764,0.0017526212385943353,3.95794730729797e-06,0.0003471878487765184
VISN,-0.0007033074126282647,2.6725062678810936,-0.0018795934684962719,3.9448319212968046e-06,0.00034603737801526747
ATEN,0.00021746419462483375,1.0753720803620737,0.00023385492337797033,3.942854180605475e-06,0.0003458638922453093
AIN,-8.690817813695244e-05,1.1800145549129843,-0.0001025529151425743,3.904670624668916e-06,0.000342514462448756
PRLB,-0.00014987035404845017,1.3838007329887794,-0.0002073907057855332,3.904210408915543e-06,0.0003424740927053054
AGYS,-7.809011988539922e-05,1.0424974222704073,-8.140874868531576e-05,3.86129293637574e-06,0.0003387094076781589
AWI,-0.00030268100023787847,0.9004201556027631,-0.0002725400733321905,3.854883548024678e-06,0.00033814718145814946
CHH,-0.00011927910370629284,0.8277745952862644,-9.873621179658492e-05,3.7576629642343363e-06,0.0003296190726375171
CPAY,-0.0008024282706439775,1.4928047893677943,-0.0011978687655414461,3.734359868804225e-06,0.0003275749444710566
WEX,-8.937451424101136e-05,1.5117781199941756,-0.00013511443511466883,3.6988702135185156e-06,0.00032446182140098787
IRT,0.00031123515686938455,0.6028543357544458,0.00018762946375792356,3.670079088674759e-06,0.00032193628785486694
DRS,-0.0001554644242399916,0.9214023693665618,-0.0001432452888469366,3.6679063526668993e-06,0.0003217456972577822
BRZE,8.122070569392215e-05,1.4110405402036925,0.00011460570843807703,3.6257170816842763e-06,0.00031804488946610235
VCTR,-0.0003262551380396613,1.359042182484446,-0.00044339449484818554,3.6103102893213426e-06,0.0003166934184429358
AMR,-7.119828177284779e-05,0.9151810508045354,-6.515931832835223e-05,3.5425399857624818e-06,0.0003107486637312831
EBS,-0.00022389432232611015,1.6582738007724944,-0.00037127808885510064,3.5378521731133682e-06,0.00031033745270123424
STE,-0.000929583089771429,0.5493847628520494,-0.0005106987853253519,3.5312150440241096e-06,0.0003097552492529208
CPRI,-9.043324083951487e-05,2.1980159816573903,-0.00019877370863832547,3.517464235589096e-06,0.0003085490397638032
FE,0.00024961872489169453,0.12840814268837863,3.2053076843583843e-05,3.470821866150193e-06,0.00030445760987602447
TECH,-3.734922531410511e-05,1.2538406250603689,-4.682997601335811e-05,3.465914857486227e-06,0.0003040271711537027
TER,7.774140472664377e-05,1.9086800912505124,0.00014838347146759346,3.4022546978370946e-06,0.00029844295485031774
INVH,0.0006716886704204114,0.40553244514497677,0.00027239154889176784,3.3942972139761388e-06,0.0002977449309786343
CMCO,-2.6500473284492516e-05,1.6773140074423831,-4.4449615043931957e-05,3.348862612993496e-06,0.00029375944553619365
QTWO,0.00037208739470755825,1.3310369928006376,0.0004952620869105722,3.348790446559537e-06,0.00029375311515657644
COO,-0.00020546462218194145,0.8510997217169463,-0.00017487088276172788,3.3396124082062083e-06,0.0002929480252590922
KFRC,-4.761646109908543e-05,0.635764405046736,-3.0272851061091098e-05,3.3262491635983137e-06,0.00029177581254682727
HIMS,-0.00014851541750799443,2.2690722145287245,-0.00033699220729652303,3.3007163583328084e-06,0.00028953609608647543
TBPH,7.303525981811382e-05,0.5022547790645883,3.668230828387156e-05,3.272247906135921e-06,0.00028703886711679973
SB,-0.00031406621131968457,0.8457930187226455,-0.0002656350089508603,3.2719078757907834e-06,0.0002870090399374865
INDB,-0.00017696489115015285,1.1017870844078093,-0.00019497763146287224,3.2603169212086062e-06,0.00028599229103352
BA,0.0001578244414737315,1.264488741854224,0.00019956722943296438,3.2462660578236584e-06,0.00028475976097353716
QLYS,0.00015957291551776638,0.9185357268402173,0.00014657342393912414,3.2433562432156587e-06,0.00028450451445415396
HRMY,0.00032486544405217163,0.5937653547231202,0.00019289384562492165,3.23972839099034e-06,0.00028418628227166255
REG,0.0022132599525778182,0.5559137111584828,0.0012303815539959826,3.238402290725685e-06,0.00028406995785842476
ARLO,0.00015192480098529334,1.497065533025854,0.00022744138316689496,3.228806675362818e-06,0.0002832282384526667
TCMD,-0.0002896683622827888,0.6108321538092601,-0.00017693874962359694,3.2095084704191076e-06,0.00028153541595164424
CBSH,-0.0005825062279788876,0.7823914130484408,-0.00045574787081791913,3.2056793538811845e-06,0.0002811995290309
CECO,-0.0007122039435329185,1.0592304420870804,-0.0007543880979645353,3.19879704380282e-06,0.0002805958185099655
BF/B,-4.322907150355677e-05,0.5976964118299902,-2.583786092441796e-05,3.1951851753355873e-06,0.000280278988409451
BGS,-4.4488156667394835e-05,0.18930798317205166,-8.42196321374678e-06,3.188386370901449e-06,0.00027968260293423553
NBHC,-0.0001350366741362616,0.8365334814033593,-0.00011296269913233787,3.1823895081284393e-06,0.0002791565631151277
OGN,-0.0002663681909988429,0.9483729144844505,-0.00025261637762352343,3.1741138981750386e-06,0.00027843063348697504
NSIT,-0.00015354102227237092,0.9351305342700604,-0.00014358089818993346,3.167805392589502e-06,0.0002778772566193248
IBCP,-0.00016202593240708353,0.7354940653043655,-0.0001191691117108162,3.1285585993581326e-06,0.00027443456053081165
NVAX,-3.0657410270295264e-05,1.3811664159437567,-4.2342985465141024e-05,3.1227139383739156e-06,0.00027392187172613837
WSFS,-0.00017414098277728353,0.9670410775663355,-0.00016840148363340493,3.0447708933372756e-06,0.0002670847725855143
AVB,0.0012198119326624695,0.63244421693439,0.0007714630025599404,3.0414458389863024e-06,0.0002667931015809381
ILMN,-0.00013308428526300644,1.1964616734436972,-0.00015923024665483507,3.0237579757200223e-06,0.00026524153691367996
HNRG,0.00022250382314679731,1.4142352348436833,0.0003146727465816283,3.0230808033097335e-06,0.00026518213591257377
PTEN,-5.145296528892193e-05,2.002732342159661,-0.00010304651768414236,2.9968518844784876e-06,0.00026288135694869946
DLTR,0.00010193490278874836,0.6934841206213861,7.069023642108163e-05,2.995178058262799e-06,0.0002627345303039942
INSP,-0.00010460911258182486,1.1199982347684305,-0.00011716202143233586,2.9790254105568867e-06,0.00026131763346994084
THR,-9.878589821727019e-05,1.1591114699784297,-0.00011450386769575959,2.972755567240459e-06,0.00026076764802440884
GNL,-0.00020731783826230828,0.4837445019722629,-0.00010028886442016645,2.959672872525418e-06,0.0002596200449156105
BANF,-0.00014540586733585205,0.8288919443295872,-0.00012052575209294442,2.9256388342393055e-06,0.00025663460735914144
SRPT,0.0004627213463838303,1.5680261982065542,0.0007255591935992555,2.9180864710877062e-06,0.000255972120339431
YELP,-7.86991133009975e-05,0.8726392766252327,-6.86759373020297e-05,2.91485719209485e-06,0.0002556888506696803
BRSP,-0.0001456384000244545,0.7563224979961904,-0.00011014959851066387,2.9044428866341943e-06,0.0002547753164488685
AXON,0.00027353976617063073,1.1663936297795858,0.00031905504075282115,2.8359768359810115e-06,0.0002487695313802617
NHC,0.00032685789121863,0.5061610204353848,0.00016544272375657975,2.7896310597006136e-06,0.0002447041183978807
TPR,0.00022256484997706244,1.3750253888670605,0.00030603231938784926,2.786547173892871e-06,0.0002444336024975077
PEGA,8.233421888606117e-05,1.4258860841424146,0.0001173992169583702,2.7684363580910315e-06,0.00024284493678530016
EZPW,0.0001669139500186742,0.3334136503329093,5.565138936721094e-05,2.761308554549766e-06,0.00024221969178180286
QNST,0.00023701324560185952,1.2164599559971367,0.00028831712231557657,2.7525075912101874e-06,0.00024144767859117874
HOPE,-9.006610691780419e-05,0.9786438569463901,-8.814264225418584e-05,2.7385107774969688e-06,0.0002402198897234852
OXY,-7.283886011257656e-05,1.0049631403333332,-7.320036959703531e-05,2.7271250981541324e-06,0.00023922114739293173
UMH,0.00040650605728188204,0.4190700836691258,0.00017035452743712474,2.7213832075007172e-06,0.00023871747351627515
PLPC,-6.469213054359946e-05,1.1628755484852613,-7.522889678856835e-05,2.709227943407198e-06,0.00023765122385091
STRA,-0.00012709577172708485,0.6087580251541854,-7.737057100202733e-05,2.6724667683555327e-06,0.00023442656412359347
EOG,-9.701434200763749e-05,0.7973144392640106,-7.735093569838643e-05,2.65841449453361e-06,0.00023319391034125128
SPNT,4.0874757711897724e-05,0.6032003016316672,2.465566618093802e-05,2.6516859489366315e-06,0.00023260368791284698
MKC,0.0017649277363456328,0.3041397724687325,0.0005367847201559159,2.6511138930850017e-06,0.00023255350764891543
AN,0.00030706305543757857,0.9890245617488849,0.0003036929038334247,2.6341531043725876e-06,0.00023106572135732982
COLB,-0.00010970416514095063,1.1999675295726286,-0.0001316414360280142,2.6191762154601312e-06,0.00022975196110759308
TEX,-3.018825183465585e-05,1.6927865959978867,-5.110226806231404e-05,2.580353162107157e-06,0.00022634643512908857
RUSHA,-0.00010340753153402556,1.0077838423892944,-0.0001042124394613524,2.5784601055333563e-06,0.0002261803777795483
LTC,-0.0007031697919258194,0.17304947495055156,-0.00012168316329385165,2.5611962617435116e-06,0.00022466600774840656
FRSH,0.0001961184251937009,1.3125704041048338,0.0002574192406088996,2.5224181491609124e-06,0.000221264423936934
ANGO,0.0002054824706006886,1.0675315081220595,0.00021935901173299985,2.5053329086231773e-06,0.00021976572083464961
GIS,-8.004583017492496e-05,0.04614198331770081,-3.6934733605828995e-06,2.490105865501678e-06,0.00021843001726557158
HAFC,-0.00017409324161210083,0.7961774169130881,-0.00013860910740874858,2.452085945489586e-06,0.00021509494147633248
NIC,-9.283690618000296e-05,0.7848071719696993,-7.285906979354443e-05,2.439552303507173e-06,0.0002139955008169823
BBY,-0.0005409756750766692,1.5018182843051295,-0.0008124471601944526,2.413695024441698e-06,0.000211727321784532
COHU,-7.042878678716231e-05,1.7092760951704624,-0.00012038224166715386,2.402051098786999e-06,0.00021070592630210237
BBT,-0.00017014471510986445,0.8579934698301863,-0.00014598305449038112,2.3845557470774744e-06,0.0002091712485886274
SBLK,0.001050171770878805,0.8033679554620357,0.0008436743484548509,2.374799368037798e-06,0.0002083154271267328
ONB,-0.00021414881729289102,1.2779680971540586,-0.0002736753565435881,2.3441794906709067e-06,0.00020562947692895987
SMBC,-9.012028961757233e-05,0.8549196236699623,-7.704560408488295e-05,2.3415114230448843e-06,0.0002053954362539461
CSGP,-0.00015603755306979912,0.8764609220985504,-0.00013676081764555764,2.338172255839215e-06,0.0002051025272814836
CRC,-0.00022643349474050752,1.3052878513470627,-0.0002955608898228435,2.335847257917028e-06,0.00020489858039580232
VVV,-0.00010628827302974768,0.7212527187744885,-7.666070589655065e-05,2.3104967267878414e-06,0.00020267485287122012
DGX,-0.0013575354648133634,0.2625923373219173,-0.0003564784107027365,2.27559746217644e-06,0.00019961351838049222
WTM,9.63894460535314e-05,0.3874301509478349,3.734417763429786e-05,2.26436722894937e-06,0.00019862841165403942
LDOS,0.000571494625903037,0.53886304020816,0.00030795733157673556,2.2543934188243465e-06,0.00019775351731802148
KURA,-0.00017986254167416178,1.0018696688520914,-0.00018019882506598795,2.243777957159838e-06,0.0001968223378421668
LUV,0.0005322435375025812,1.3874352274247719,0.0007384534335002589,2.2248174568335995e-06,0.00019515913850955938
LE,-3.5286994856304536e-05,1.3844178752755802,-4.8851946443825455e-05,2.2194012557717676e-06,0.0001946840338532313
HUBB,-9.856967066308713e-05,1.1754022079582034,-0.00011585900853510555,2.2104014893977487e-06,0.00019389458182562965
GPN,-0.0001737875706662262,1.3155562334763444,-0.0002286273218906646,2.1781559710413994e-06,0.00019106603175115492
XYZ,0.0011811036441998148,1.6890462282177416,0.0019949386553699266,2.1723862686818805e-06,0.0001905599182547502
SVRA,0.00019628664318542687,0.7487743240155029,0.00014697439856444023,2.1664227421719666e-06,0.00019003680266493903
TGTX,0.00017855128679011349,0.5129351737669265,9.15852353159952e-05,2.1615770162278987e-06,0.00018961173961188135
CTRA,0.00016785223334029372,0.6885220682204322,0.0001155699668548776,2.16025837187028e-06,0.00018949606922461298
GTLB,-8.289449819635709e-05,1.50082317268943,-0.00012440998378155488,2.157208847228726e-06,0.0001892285674571842
SLDB,0.00012975666230541957,1.5830744007627076,0.00020541445042412108,2.1426568632619718e-06,0.00018795207951619218
SMMT,-9.181132664488703e-05,1.6183725326108296,-0.00014858492922464596,2.1409107228239397e-06,0.0001877989095279955
GLW,5.528983852501072e-05,1.267926265377399,7.010343847433628e-05,2.1346178539562427e-06,0.0001872469043002402
CAR,-5.432964727586885e-05,1.4828307759378598,-8.056167302650684e-05,2.09184079816749e-06,0.00018349453651381073
FLEX,7.182542555412691e-05,1.7141297469015082,0.0001231180985261887,2.076714662367907e-06,0.0001821676844511581
POR,0.00012058770816725647,0.2406576534150583,2.90203548782318e-05,2.0758718502412655e-06,0.00018209375367177864
AGIO,8.114441376867586e-05,0.9560921771738828,7.75815392255917e-05,2.0364023908232924e-06,0.00017863152549041022
CTS,-6.452471774369666e-05,1.223766451726603,-7.896318488186425e-05,2.01817527431483e-06,0.00017703265797686262
UNP,-0.00015437962955621267,0.7244399963956678,-0.00011183877827926724,2.0145039293978447e-06,0.00017671061065160023
ES,0.00044048219985004994,0.4195293033612909,0.00018479519044614038,2.0009821715567706e-06,0.00017552449329024395
CPB,-4.313399176910296e-05,0.15975862887074074,-6.891027382753706e-06,1.9869758686074483e-06,0.00017429587203464486
TOST,5.1735721817495225e-05,1.5267922899980082,7.898970118843345e-05,1.9812545378092702e-06,0.0001737940016514046
BGC,5.64206297916888e-05,1.059906941271386,5.980061714711411e-05,1.956097703032548e-06,0.00017158726500990064
AMBP,-0.0006982402062863572,0.6850026567958044,-0.0004782963963878052,1.944628661459416e-06,0.00017058121021377892
THG,3.497753279892911e-05,0.43424623522693684,1.5188861935461669e-05,1.9408612226825604e-06,0.00017025073361498188
LYV,0.0005275278644908103,0.9347634812582194,0.000493113783072144,1.926669655930723e-06,0.00016900586117257876
LULU,-0.00013950666299298477,1.2289410776546434,-0.00017144546875860186,1.8917803400585305e-06,0.00016594539937698696
STAG,-0.000133202883308629,0.6888270229963198,-9.175374556400909e-05,1.88758240948711e-06,0.0001655771603957056
SG,-2.225234832471466e-05,1.550239265655931,-3.449646412602564e-05,1.8845271778093067e-06,0.00016530915801179954
COLD,-7.388983673978195e-05,0.9170582460711725,-6.776128408306972e-05,1.8829850616699966e-06,0.00016517388486554432
HE,-0.0001415739594493395,0.6433866693990972,-9.108679824375339e-05,1.8764994999631672e-06,0.00016460497678206642
CCI,0.0013944964199203993,0.15987793417235116,0.00022294920682761296,1.8727381487350113e-06,0.0001642750341779826
TRMK,-0.00015362469512266304,0.9402450112095659,-0.00014444485318767446,1.8592899307431452e-06,0.00016309536767108787
EXPO,-6.787656355529755e-05,0.596423139127122,-4.048315310881217e-05,1.853010374091901e-06,0.00016254453017989747
OMER,-7.416990929561131e-05,1.2492788281312222,-9.265889736742034e-05,1.8520973933786805e-06,0.00016246444427041277
SEI,-2.7900299269090538e-05,2.1689621973421906,-6.0514694409191326e-05,1.821062301741437e-06,0.000159742071821884
AWR,-0.00022522396242345436,-0.024689139257820934,5.560585772470894e-06,1.802139490905182e-06,0.0001580821785800183
WPC,-0.0017272448596697973,0.2980931673133075,-0.0005148798909445992,1.8018923533143144e-06,0.00015806049987591658
GNW,0.0001084995981734737,0.9579926862840451,0.00010394182151494555,1.8000823797638743e-06,0.00015790173050014419
FELE,-9.927008690027562e-05,0.9008440806752283,-8.942687017222881e-05,1.788382752770178e-06,0.00015687544894254506
PATH,0.00019586123350551354,1.4335834068849722,0.00028078341440552714,1.787985807982036e-06,0.00015684062927558688
GEN,0.000422648207456397,0.9194384619784416,0.00038859901782165496,1.7605998121924902e-06,0.00015443835248245136
J,-0.00040192126149103706,0.9369302095980451,-0.00037657217177070805,1.7572181287489995e-06,0.00015414171402093775
HWC,-6.32267485247309e-05,1.1501223285367348,-7.271849523907005e-05,1.7267349479409727e-06,0.00015146775473171478
ASUR,-2.616625157855431e-05,1.0283260625249713,-2.690743845681257e-05,1.725477199264598e-06,0.00015135742606300136
KNF,-0.00010773889319852461,1.398731907042168,-0.0001506978275461848,1.7034341810006472e-06,0.00014942383081844335
EAF,-3.469735959412185e-05,2.2661091586772195,-7.862800435815642e-05,1.698886706569758e-06,0.0001490249301402773
PRGO,-2.91795477781674e-05,0.7207534242648246,-2.103125897961321e-05,1.6849252090019073e-06,0.00014780023917550803
NXST,-0.0006020251178122034,0.8726861820237454,-0.0005253790015459273,1.6713415271256395e-06,0.00014660868988924288
HBAN,0.0015324964683632368,1.1773539478673773,0.0018042907671202701,1.6392442210946906e-06,0.00014379314087678913
EXTR,-0.00012583034567763922,1.559182355863611,-0.00019619245481279407,1.6358215017139266e-06,0.00014349290277695844
FTI,0.00015928063088595213,1.3245253083941024,0.00021097122674542293,1.6249510855276492e-06,0.00014253935890231914
CDNS,9.84984111867357e-05,1.3220067459250735,0.00013021556405176633,1.6169108201988452e-06,0.00014183407350906675
LTH,0.00013741484173568233,1.1070958320431192,0.00015213139854643878,1.6156557908573163e-06,0.00014172398337814626
BOH,0.0008031746163647466,0.8573362128773849,0.0006885906838733983,1.5405794002170773e-06,0.0001351383447790097
FHB,-0.00018110797212666504,0.9279287699126463,-0.00016805529779687013,1.5275813025263494e-06,0.00013399816245088475
FCPT,-0.00011800173397813674,0.23170649919264244,-2.734176867873555e-05,1.524786957967282e-06,0.0001337530448682393
ITRN,4.0041317075588074e-05,0.9491400840305866,3.800481905381903e-05,1.5057547620465824e-06,0.0001320835564576642
CHCO,-4.79123355444447e-05,0.5315069571015947,-2.5465739672858378e-05,1.4895706123734352e-06,0.00013066389629722282
OXM,-1.5691578250127312e-05,1.543067856810261,-2.4213170020394455e-05,1.4892610906045013e-06,0.00013063674530486183
PCT,-2.0229773564205682e-05,2.3229390708198103,-4.699253140613111e-05,1.4884025369851191e-06,0.00013056143369482017
PRSU,-5.367106746382639e-05,1.2987506335228678,-6.97053328704931e-05,1.48292857169665e-06,0.00013008126200853302
NABL,-0.00012024935985322448,1.0916177998185534,-0.0001312663416325664,1.4806864073450473e-06,0.00012988458121482944
WLK,-1.5870599232147618e-05,1.3179266434511159,-2.0916285575582168e-05,1.4746964698124933e-06,0.0001293591488720596
DFIN,-1.770234353056299e-05,1.099598403319893,-1.94654686812273e-05,1.4501476652260796e-06,0.0001272057481335817
SHC,-5.734495645503988e-05,1.2862414041424952,-7.375945731122075e-05,1.4480079040082459e-06,0.00012701805005767622
CARG,0.00016756085454928054,1.198279364848158,0.00020078471436272646,1.444014291278631e-06,0.00012666773366769172
ARES,-0.00021577986752937883,1.6745720189282218,-0.0003613389284127362,1.4158764887809105e-06,0.0001241995090148599
JBSS,-5.4756264743516926e-05,0.17413195659084943,-9.534815515395149e-06,1.4008767037290568e-06,0.00012288374033480172
OTTR,-9.790112660223282e-05,0.4574200678084021,-4.478193996891229e-05,1.3917256540927101e-06,0.00012208101786514376
LMAT,0.0003525283459320613,0.7181546305155343,0.000253169864019092,1.3913159534778103e-06,0.00012204507926766237
VIRT,0.00015237322573148586,0.82740715665051,0.00012607469745215503,1.387513954128872e-06,0.00012171157104420178
PI,-2.5784926150960098e-05,2.284091405281779,-5.889512820723334e-05,1.381408667502376e-06,0.00012117602037476544
AMPH,0.0010173444357443589,0.8026131752831561,0.0008165340479294307,1.371062690583944e-06,0.00012026847987689707
ADC,-0.0006402547197359777,0.08665337756870516,-5.548023396942718e-05,1.3522383074552208e-06,0.00011861722063174351
ROAD,0.0002474559796546337,1.3432143735330495,0.00033238642868880586,1.3495236193460095e-06,0.00011837909044668562
ADUS,-0.0002568347198123944,0.4986646062579932,-0.00012807438442862966,1.3388952822419662e-06,0.00011744678154797429
TFSL,-5.027013850067085e-05,0.6220745115662315,-3.127177185417163e-05,1.3362706588318525e-06,0.00011721655176347826
PATK,-2.9548392732502334e-05,0.9556564446470431,-2.823811194377771e-05,1.3208494869671584e-06,0.00011586381938236648
ANGI,-1.985301089027615e-05,1.2036902288242806,-2.3896875221367432e-05,1.3103299341872215e-06,0.00011494105295416694
BYD,0.0007261044732213605,0.993586823072706,0.0007214478367668923,1.3056041603124841e-06,0.00011452651199695181
BKNG,7.685453961286614e-05,0.9838764879289142,7.561537451570035e-05,1.3052540676797375e-06,0.0001144958021621312
STWD,-0.0002541590002846495,0.6910810066946985,-0.00017564445777723374,1.2882786206631762e-06,0.00011300673005628671
GO,-4.503598905409076e-05,0.1500287808090235,-6.756694530313764e-06,1.2875630381206147e-06,0.00011294395975029607
ENSG,6.161891465247808e-05,0.4999808740061925,3.080827880325898e-05,1.2676709256326007e-06,0.00011119904017301929
MRK,-0.00046525057132424557,0.4211596424243635,-0.00019594476425665008,1.2643708590841383e-06,0.00011090956107771468
CYTK,0.00010740185332120528,0.634957000858832,6.819555867151269e-05,1.2473968212253744e-06,0.00010942061258202118
VEEV,-0.00022050090848663758,0.6696988685689066,-0.0001476692089319172,1.2413734358002917e-06,0.00010889224621791364
EYE,-7.114359582819015e-05,1.2962294095560705,-9.221842121407064e-05,1.240985874763516e-06,0.00010885824968582751
CF,-0.0005397648007732441,0.40496565294578685,-0.00021858620498228936,1.2344558128776413e-06,0.000108285438083623
LPX,-1.4210159494113737e-05,1.0314891424404438,-1.4657625230525309e-05,1.2301248290538809e-06,0.00010790552778161249
UAA,-4.169115512128341e-05,1.2726223611620058,-5.305709627001914e-05,1.219120669023461e-06,0.00010694025200810497
RKLB,-0.0001333784151260822,2.283540341148022,-0.00030457499157879623,1.2130613565854557e-06,0.00010640873415627888
CTBI,-4.925683814085841e-05,0.6941343182562646,-3.4190861762363925e-05,1.2116563686845476e-06,0.0001062854897851439
HR,0.0006265431081790496,0.3161527287761552,0.00019808331334670033,1.2093686799274727e-06,0.00010608481562842268
MARA,-7.575311771793853e-06,2.245942245260516,-1.7013712729291104e-05,1.2058816793079294e-06,0.00010577893883174341
FFIN,-3.706901855963856e-05,0.8597411690511557,-3.1869761352042645e-05,1.2043564647072718e-06,0.00010564514827441374
JPM,3.7009031768811666e-05,0.9975908039647442,3.691986975620559e-05,1.2026035272895156e-06,0.00010549138206080386
AMG,0.0003221451370272181,1.2132131465368095,0.0003908307153343229,1.1934019214338333e-06,0.00010468422484159755
ASTH,-0.00017292500892564488,0.5450219237839996,-9.424792103502027e-05,1.1854476038367425e-06,0.00010398647871194922
ABUS,2.3652207858971985e-05,0.8749028124787981,2.069338317714772e-05,1.1814783062320937e-06,0.00010363829522452109
MBUU,-1.4056971749753787e-05,1.4192009476303062,-1.9949667628063017e-05,1.181183397632744e-06,0.00010361242608725261
INCY,-0.00014819542085759904,0.6013658417030344,-8.911966400056547e-05,1.168225057432009e-06,0.00010247573125311172
STBA,-6.370107360790237e-05,0.8206873944809173,-5.2278668124906525e-05,1.1550942555008374e-06,0.00010132390821929112
TSCO,-0.0006325855360174649,0.5715664674208684,-0.0003615646801630389,1.1380576947320796e-06,9.982947526588895e-05
LAB,-6.33414212602154e-06,1.5766936986717492,-9.987001976589439e-06,1.1157060026691134e-06,9.786880341218653e-05
WING,-8.313981330515252e-05,0.9885104685763952,-8.218457580763033e-05,1.1000955742349766e-06,9.649946960207379e-05
SM,-2.2094564277030726e-05,1.7376793457046178,-3.839326799653937e-05,1.0883730501132046e-06,9.547117952742717e-05
CNO,4.3484048914230365e-05,0.9833282221672103,4.2759092511462156e-05,1.0852932771360215e-06,9.520102440113312e-05
CCC,-3.933432510517694e-05,0.7392479414054514,-2.9077818860574816e-05,1.0732159523829618e-06,9.414161150994616e-05
TWST,-2.497040752249516e-05,1.7604967978005976,-4.396032248312869e-05,1.0707455523791576e-06,9.39249100744933e-05
BBBY,-6.942800045026846e-06,2.3733433118894545,-1.6477648052650268e-05,1.058796328035826e-06,9.287673404479735e-05
BLD,-1.1274799153052594e-05,1.0291213632827068,-1.1603136675128193e-05,1.0539560059232955e-06,9.24521450113516e-05
ADEA,3.833857121717796e-05,1.4399406330890554,5.520526651019307e-05,1.0393913423843273e-06,9.117454482882156e-05
AWK,-0.0006054740563378161,-0.22206064199776143,0.00013445195766336422,1.02439483476353e-06,8.985906364229214e-05
NEOG,-2.3053078043207643e-05,-0.03771616502651814,8.694736958468213e-07,1.0110563191889847e-06,8.868902014028301e-05
ECVT,-9.69229527357066e-05,1.2278484811884514,-0.00011900670030883741,1.0090756975867982e-06,8.851528165921848e-05
PSKY,-0.00038320903966591023,1.0214519373720166,-0.00039142961598521395,1.0061544455410624e-06,8.825903185730149e-05
MYRG,2.221376621652063e-05,1.3929719673475884,3.094315362882614e-05,9.969343288418037e-07,8.745025088227899e-05
NTRA,2.3298225403706577e-05,1.1996797812133604,2.795040995497826e-05,9.961823489067056e-07,8.738428782726094e-05
MASI,-5.393946473821965e-05,1.2610308628529248,-6.801932976066203e-05,9.875684411729384e-07,8.662868299893701e-05
DHT,0.00012261461083381504,0.42438258399182094,5.203550538080595e-05,9.763881104126047e-07,8.564795367539781e-05
WDFC,-0.00017425994986915833,0.1712490674662237,-2.9841853911804257e-05,9.747402874110436e-07,8.550340801102739e-05
ROP,8.327025438050765e-05,0.6083747122985168,5.065951705176565e-05,9.74088666275265e-07,8.544624834648837e-05
AMZN,-0.0007193533759295689,1.3657420965899525,-0.0009824511878311097,9.669217039464889e-07,8.481756836669125e-05
BKD,0.0001594648856148231,0.8923763001445509,0.00014230268462792986,9.376794521589912e-07,8.225246233994791e-05
EBC,-7.600708863883315e-05,1.0226852759452163,-7.773133041839759e-05,9.234374114417914e-07,8.100316236324665e-05
FIZZ,-3.3079964068968794e-05,0.1174659263977946,-3.885768624567178e-06,8.917019431346024e-07,7.821935345523713e-05
CCL,6.249529885269067e-05,1.8545330314189095,0.00011589959603071112,8.742843275532074e-07,7.669149469032366e-05
FLO,-1.92382469332784e-05,0.3039403613857931,-5.8472797253297626e-06,8.597211051290698e-07,7.541402092118901e-05
TFX,7.254577028893912e-05,0.8514105674936093,6.176623545096668e-05,8.546124811340621e-07,7.496589666956887e-05
IDT,7.2486991285847e-05,0.657215326666472,4.763956165699764e-05,8.47379631325555e-07,7.433143709480168e-05
KLAC,-6.047794777413457e-05,1.7739239821618717,-0.00010728328194847051,8.458571647634086e-07,7.419788759312662e-05
XRAY,-1.3214103659181066e-05,1.1807555527236928,-1.560262626984451e-05,8.402415987389857e-07,7.370529480795058e-05
CBRL,-9.824313182912842e-06,1.0277434212026566,-1.0096873241573205e-05,8.087375922045041e-07,7.094178953430025e-05
AUR,-9.30550125151068e-06,2.3114972440302286,-2.150964049718678e-05,7.99318370907892e-07,7.011554326945212e-05
LZB,-2.158836701752505e-05,0.9354967903254244,-2.019584805326194e-05,7.978092211456914e-07,6.998316190640216e-05
NWL,-8.863014795014096e-06,1.7191740825207382,-1.5237065328586087e-05,7.967060646627467e-07,6.988639393643165e-05
RXO,-8.28703424416617e-06,2.154954949579188,-1.7858185461798114e-05,7.910418830301534e-07,6.938953663050606e-05
YOU,9.365776569407543e-05,0.733885568882289,6.873408265664067e-05,7.839671002338366e-07,6.876894256269588e-05
DAN,2.899361556633147e-05,1.6408664888783135,4.7574652174213934e-05,7.763999840146449e-07,6.810516141615591e-05
MLR,-1.705248662993832e-05,1.0260925627912985,-1.7497429708077764e-05,7.72878546103782e-07,6.779626380889918e-05
CNXN,-5.904149562647964e-05,0.6604186764905591,-3.899210639966282e-05,7.645952025141885e-07,6.706965579260625e-05
APA,-1.3127109392618353e-05,1.6563241046070423,-2.1742747710807287e-05,7.591028158900081e-07,6.658786820205848e-05
HNI,-1.6193212755968312e-05,0.8335771447742488,-1.349829205384201e-05,7.571072348403427e-07,6.641281749069226e-05
VIAV,1.3838898964309265e-05,0.921043772847846,1.2746231714147554e-05,7.563654121874732e-07,6.63477454240307e-05
ARWR,0.0004990385674030638,1.808479715797917,0.0009025011265492925,7.48487467919128e-07,6.565669869931437e-05
SBGI,2.7902513546604284e-05,0.9512627373858945,2.6542621416289795e-05,7.478046924039929e-07,6.55968061985072e-05
POWL,-1.3285866380421963e-05,1.6332988955276562,-2.169979088527121e-05,7.37210199951362e-07,6.466746612449317e-05
MTB,-0.00010623808273943612,0.9737519037030382,-0.00010344953531328681,7.259275430592479e-07,6.36777608377063e-05
STC,0.0007215557768639214,0.6431770194666453,0.00046408809394227673,7.227954631974256e-07,6.340301739495827e-05
MP,-8.341787288142392e-06,1.0470477733345616,-8.734249805680042e-06,7.199670354692842e-07,6.315491006504444e-05
AFL,1.8537864245749194e-05,0.4813943667259403,8.924023419033885e-06,7.177767253623886e-07,6.296277788259614e-05
UWMC,-8.681980833435847e-06,0.9933123970953163,-8.623919193195753e-06,7.176720576443756e-07,6.295359651735e-05
ZD,-1.408280498741414e-05,1.3511576894871429,-1.90280902482925e-05,7.151797536811376e-07,6.273497368477761e-05
DIS,-0.00031257982721409475,1.1118654537683377,-0.000347546711424228,7.111242907489427e-07,6.237923184641976e-05
DORM,0.000226965458138355,0.7356395377439537,0.00016696476470874416,7.08637453756257e-07,6.21610885719612e-05
LOB,-1.139681926392363e-05,1.2440428783293247,-1.4178131840890648e-05,7.072723911020696e-07,6.204134641029103e-05
MTN,-6.660268299170856e-05,0.8593358092135149,-5.723407048447108e-05,7.007702044924482e-07,6.147098000415535e-05
AVNS,-2.1968719504999587e-05,0.8612210752110312,-1.8919924233105297e-05,6.952110552789461e-07,6.0983336054751405e-05
PGNY,4.118918511884943e-05,0.5949319293995711,2.4504761373153192e-05,6.868689320527657e-07,6.025157193758244e-05
AMH,0.00023402739302355314,0.46899769476697956,0.00010975830784037234,6.864699624148277e-07,6.0216574652482806e-05
VAL,-9.072968562908222e-06,1.6214774353171937,-1.4711613796097948e-05,6.813238584061192e-07,5.9765162685206406e-05
ESS,0.0002699451214746818,0.6667130460208197,0.0001799759341968453,6.786807364705982e-07,5.9533310225433755e-05
VCYT,5.198855204997367e-05,1.2339899277046447,6.415334958561617e-05,6.771683458110066e-07,5.940064457355781e-05
RHI,-1.299670186692253e-05,1.1120113684770077,-1.4452480228724201e-05,6.663301237006921e-07,5.844992473650898e-05
KAI,-8.694998101243919e-06,1.4061806906999146,-1.222673843564162e-05,6.65464759705973e-07,5.8374015726002146e-05
NJR,6.329673311402893e-05,0.09111884698958543,5.767525339557827e-06,6.582784446136328e-07,5.7743638137867166e-05
ALHC,9.964248811849626e-06,0.09361117842194766,9.327650733667353e-07,6.416452088928794e-07,5.628458452251635e-05
JLL,-0.00032127898547309173,1.1768679510418996,-0.00037810294134653767,6.404658796419019e-07,5.618113474063293e-05
LQDT,-4.918514251893611e-05,0.782167206817449,-3.8471005540954405e-05,6.354565577711664e-07,5.5741721188834746e-05
SR,3.672661073683136e-05,0.19046977387706504,6.995309242315258e-06,6.302094465584593e-07,5.528144895355969e-05
INVX,-1.4608897194884217e-05,1.320001288953191,-1.9283763127431823e-05,6.295654012207167e-07,5.5224953831728965e-05
EBF,-5.242603960723468e-05,0.5113381701651644,-2.680743516176981e-05,6.181954711167079e-07,5.422759301131796e-05
EE,-9.254415185295851e-05,0.5959256291584314,-5.514943191790771e-05,5.957194742993542e-07,5.2256017247856845e-05
ENR,-1.0098447449046253e-05,0.7507711977120942,-7.581623486353098e-06,5.923530538317433e-07,5.196071764190403e-05
OSCR,4.873722101763307e-05,1.0754485988168214,5.241437605363922e-05,5.89332076551166e-07,5.169572002525754e-05
NUVL,-5.7389409753611265e-05,0.948115676515903,-5.4411799053393505e-05,5.846155791702754e-07,5.128199279437396e-05
SWKS,-1.3476495544559774e-05,1.7504600751759136,-2.3590067404037968e-05,5.804234514962531e-07,5.091426283843023e-05
ADMA,1.0614642507023083e-05,1.1684013787283183,1.2402162939913983e-05,5.70168298623672e-07,5.001468935038992e-05
GRPN,-0.00016187858230344164,1.1792763147818002,-0.000190899577980905,5.695335682746345e-07,4.995901133162773e-05
GOGO,-8.529665380217674e-06,1.532878186139814,-1.3074937996407635e-05,5.650071412194766e-07,4.956195691177064e-05
PRIM,4.194559573740822e-05,1.3188771214902737,5.532108656534765e-05,5.581649530223236e-07,4.896176584891505e-05
ORC,-4.4809092708250565e-05,0.648321131711136,-2.905068169556222e-05,5.567902926944597e-07,4.884118178728556e-05
ACM,0.0004199393408652645,0.8262818234068663,0.0003469882442904283,5.520228119583896e-07,4.8422982338852364e-05
POWI,-6.165353790087481e-06,1.7473234249281644,-1.0772867100389497e-05,5.491098029998828e-07,4.816745561369716e-05
AFRM,-0.0003604937731421857,2.5014713200239753,-0.0009017648345624068,5.479422938333646e-07,4.80650426798001e-05
ESRT,-4.068721511641544e-05,0.8709641393209795,-3.543710529523632e-05,5.437936034001181e-07,4.770112300252126e-05
AOSL,-7.0202662083486e-06,2.8665833673789503,-2.0124178347424586e-05,5.398518700293315e-07,4.7355357426781873e-05
SYRE,-0.00023331835452392472,1.643486061798261,-0.0003834554636217755,5.394308385577315e-07,4.73184248959666e-05
SSTI,-2.1325337688619655e-05,1.1940928263879713,-2.546443275428177e-05,5.270302698417174e-07,4.623065731296219e-05
TRGP,1.0141391012949175e-05,1.038221232027563,1.0529007471937347e-05,5.247423663067354e-07,4.6029964316101427e-05
PIPR,-6.850555256783815e-05,1.5038098554979824,-0.00010301932510785012,5.238255594686353e-07,4.594954278212177e-05
RDWR,0.00010898318296261176,0.878648961763401,9.57579605597696e-05,5.211302528499719e-07,4.571311272530888e-05
RIGL,3.7747392670667507e-06,0.9391798907081613,3.545159212295556e-06,5.184535331265256e-07,4.54783130954989e-05
FNB,0.0003378692248972063,1.1826346848768243,0.0003995758643158845,5.147355148324557e-07,4.515217162038383e-05
TK,2.6639771469902616e-05,0.49194220747032263,1.3105227983408814e-05,5.073842885537027e-07,4.4507328160016474e-05
ITRI,-4.974783740470157e-05,1.048370655094943,-5.215417288952369e-05,5.070810750565732e-07,4.448073052401604e-05
MGY,-1.1306100985178708e-05,1.200176773364247,-1.3569319799722116e-05,5.070499205772422e-07,4.447799767897823e-05
CNNE,-0.00020966161746094737,0.9133055765648417,-0.0001914851244186878,5.021362519205774e-07,4.404697474763135e-05
WLFC,-0.00018412991273149317,1.3660120618416915,-0.00025152368173707773,4.943803446880348e-07,4.3366633010283925e-05
EVCM,-1.4002487103051956e-05,1.1474384201416454,-1.6066991679579703e-05,4.918815098487755e-07,4.3147437294694025e-05
ALLO,-6.273249494393571e-06,1.35515591034331,-8.501231129385628e-06,4.907386907209505e-07,4.3047190150473935e-05
AKR,-3.902040094311473e-05,0.829451558692095,-3.2365532383057004e-05,4.6846579234406774e-07,4.109343001343789e-05
AVNT,-2.5974649474296828e-05,1.4418627247041098,-3.7451878864243796e-05,4.6332782447840617e-07,4.06427317418685e-05
AMC,-6.9128401992727e-06,0.9685049347357184,-6.695119846035057e-06,4.607383604029884e-07,4.041558610499489e-05
AORT,8.272071096118745e-06,0.7314193862719589,6.050353164321183e-06,4.5826397757204116e-07,4.0198535299254735e-05
TECX,-0.00018811260419378026,1.9705184678719831,-0.00037067936060333664,4.5497905301669493e-07,3.991038444700339e-05
ACIC,2.0904658510667523e-05,0.4284616040908957,8.956843518453e-06,4.428697390915689e-07,3.884816549222549e-05
LKFN,-1.5504975045105402e-05,0.7401687937984237,-1.1476298677010326e-05,4.3326906877290594e-07,3.80060026699456e-05
TVTX,5.04429192460615e-06,1.2751440677919552,6.432198923872397e-06,4.311352490616831e-07,3.7818825778062686e-05
HWM,7.710483349110157e-06,1.2068909596459865,9.305712648541958e-06,4.252907080845061e-07,3.730614750030725e-05
SOFI,-7.657817093942341e-05,2.3885603818884547,-0.00018291158522338853,4.2175815468756805e-07,3.699627485184887e-05
CE,-7.774932244623837e-06,1.9450581634019055,-1.5122695432302295e-05,4.193622798523774e-07,3.678611070225702e-05
IRWD,0.00010526594781158376,1.0453666286637622,0.00011004150897689085,4.168072370887044e-07,3.6561984474245856e-05
ENVX,-2.4160116151101923e-06,2.5924624792550963,-6.263419461617679e-06,4.090000652484918e-07,3.587714584811405e-05
ASMB,-0.00019390387928268214,1.0346816528896439,-0.00020062878631791953,4.0044588769751683e-07,3.5126780501789395e-05
AKAM,-0.000141659242683278,1.2630716066432592,-0.0001789257672518353,3.805320346240744e-07,3.337995385842508e-05
BROS,-0.00014923485640200553,1.6986348152843749,-0.0002534955227384109,3.737905409272039e-07,3.278859563345801e-05
DCOM,-2.5809853547819368e-05,0.9516482279046676,-2.4561901391261302e-05,3.7350575381041615e-07,3.2763614344228997e-05
MOS,0.0012290669416767349,0.6978450604311752,0.0008576982941883608,3.7315731164754825e-07,3.2733049287254616e-05
HMN,1.0803090943306447e-05,0.41401164325328005,4.472605433652929e-06,3.6254133231245386e-07,3.180182440176629e-05
SCCO,-0.000307506477594073,1.2886362597747902,-0.00039626399714334657,3.400692579542723e-07,2.983059271316421e-05
TYL,0.000184858622738355,0.646205104695822,0.00011945658566056417,3.3881743098422085e-07,2.972078349160858e-05
PENN,2.6779505800883604e-05,1.6488791353931478,4.4156168371216744e-05,3.321303371501819e-07,2.9134197177403283e-05
LQDA,4.0450153223807605e-05,1.1648468540839862,4.71182337299675e-05,3.2342604852758044e-07,2.837066421261654e-05
MCY,1.4036103861669713e-05,0.6511121410021544,9.139077636700374e-06,3.2329799179171006e-07,2.835943118216002e-05
APAM,-1.370899468350293e-05,1.1747500615730526,-1.6104642348549717e-05,3.2303842161886075e-07,2.8336661902298224e-05
HAIN,-6.0791982650072465e-06,0.6428295989714158,-3.9078885827623345e-06,3.1648378591104085e-07,2.7761694704853316e-05
ETD,-4.537255923617991e-06,0.9428073889803688,-4.277758410481989e-06,3.1587328650436253e-07,2.770814220421917e-05
MHK,-4.025623619305847e-06,1.1827430667875742,-4.761278425230292e-06,3.103650400196573e-07,2.722496339988557e-05
CDRE,-6.329411624060359e-06,0.8898104482743707,-5.6319765945181614e-06,3.080779607338688e-07,2.7024342705479125e-05
ACLS,-5.567901457288095e-06,1.7269390358343002,-9.615426374269498e-06,3.0509356324441077e-07,2.6762553837712124e-05
SSD,-4.180052701059867e-06,0.88519632745645,-3.7001672995526083e-06,2.987589171956461e-07,2.620688395035005e-05
SGHC,6.925823917421473e-06,1.0370622940968053,7.182510840311635e-06,2.980243982771317e-07,2.6142452561196778e-05
CPK,-0.00034636768909427577,0.13174857258506886,-4.563344862775975e-05,2.9801069068315475e-07,2.6141250142444013e-05
PEBO,-2.015824569057988e-05,0.7131694154945981,-1.4376244296547355e-05,2.8970305652782596e-07,2.5412511377910025e-05
BKR,-7.02307431483194e-05,1.168718860142601,-8.207999407927163e-05,2.8308067432857845e-07,2.483160151453383e-05
FWRD,-3.149440717049063e-06,2.615652892082797,-8.2378437199927e-06,2.7474207364406616e-07,2.4100146391792785e-05
WINA,-9.097258516240811e-06,0.5469666348392955,-4.975896876891359e-06,2.7039770314142514e-07,2.3719061821435074e-05
QURE,1.825319538659585e-06,0.9921120606935552,1.8109215289237704e-06,2.701391839633231e-07,2.3696384733959146e-05
ACHR,-2.417957495349543e-06,2.40974681596055,-5.826665375546507e-06,2.6618305373288835e-07,2.3349356277655093e-05
HCSG,7.483841980680632e-05,0.7894344285599868,5.908002517451855e-05,2.6462063298317455e-07,2.32123020278482e-05
CMCSA,-0.00012595937766730377,0.5886517633014122,-7.414620976820689e-05,2.6266726985649436e-07,2.3040954637603522e-05
SABR,-6.048668075045014e-06,1.9003221624950357,-1.1494417996584225e-05,2.5825289718074397e-07,2.265372953479185e-05
AMT,0.00015270576995445913,0.02993079044835282,4.5706044007612884e-06,2.5711829639910443e-07,2.2554203297069776e-05
IOSP,-6.555066632506489e-06,0.7732839712341234,-5.06892795728891e-06,2.5665884268037726e-07,2.2513900398665057e-05
SO,1.9139946431531867e-05,0.033212028924221974,6.356764544920956e-07,2.538949650307464e-07,2.2271455347997637e-05
SEB,5.05985561155503e-05,0.4040266105473032,2.0443163125953308e-05,2.534166770321601e-07,2.22295003222148e-05
FPI,-7.311510800724582e-06,0.4841699010027367,-3.540013460567261e-06,2.5101539019721366e-07,2.2018861436501692e-05
NSP,-4.5237689605797295e-06,0.8792557867269114,-3.977550036405312e-06,2.5043445005652536e-07,2.1967901850116702e-05
JACK,-2.624992442884641e-06,1.1507468179463871,-3.020701700782814e-06,2.495155688248787e-07,2.1887298352058935e-05
EG,6.6351832189128765e-06,0.4903668988294309,3.253674218223388e-06,2.4237447147667063e-07,2.126088722686368e-05
BLK,0.0004502559536963989,1.1424141030426673,0.0005143787514816923,2.3853676499357296e-07,2.0924246803266936e-05
STGW,-9.041901578397202e-06,1.1194387229062608,-1.0121854755565067e-05,2.3804650371615467e-07,2.0881241491414646e-05
RDN,9.105793549566516e-05,0.6333423859681393,5.76708501281575e-05,2.3697470366269698e-07,2.0787224081381823e-05
AMAL,0.00024295737293852836,0.9372004361264042,0.00022769975587811424,2.2282790741097636e-07,1.9546278870045077e-05
MITK,1.1497635990117597e-05,1.0310180821177826,1.1854270607419436e-05,2.1759811447549606e-07,1.9087525779657017e-05
LAZ,-1.3354307685392243e-05,1.7878915522853789,-2.3876053897332503e-05,2.1537651176065283e-07,1.889264863564343e-05
VITL,-5.662511496511717e-06,0.5832055535575214,-3.3024081518489447e-06,2.1492563371956968e-07,1.8853097988555333e-05
PAYX,-0.00029873398347031053,0.6090000369047185,-0.0001819290069581127,2.1369246728588842e-07,1.8744925653743355e-05
DGICA,5.261425319590295e-06,0.2964521258275167,1.5597607208752642e-06,2.134957161610833e-07,1.8727666808573915e-05
BLFS,-5.908900194404725e-06,1.3977072441484693,-8.258912606669782e-06,2.1348283491293498e-07,1.8726536876190548e-05
SLGN,-4.585299035734384e-06,0.7048631884524857,-3.2320084983358463e-06,2.129479156505434e-07,1.8679614203006796e-05
PRKS,-7.832067314410303e-06,1.4298330401304868,-1.1198548618669901e-05,2.0772425500621326e-07,1.822139903210255e-05
S,-5.8250193362249734e-05,1.442120714732807,-8.40038104848918e-05,2.0486791787718014e-07,1.7970843512734984e-05
SWX,-0.0007541319256991947,0.3444067636997609,-0.0002597281359327282,1.9988904567327822e-07,1.753410098040804e-05
AXGN,1.482894941022739e-06,0.6985578767737117,1.0358879414793231e-06,1.9879369702076198e-07,1.7438017906834488e-05
SRI,-2.3755842756547078e-06,2.106881154427938,-5.005073741132247e-06,1.8998683521780063e-07,1.666548730790399e-05
IPGP,-4.046122461137632e-06,1.711124648437906,-6.9234198738508455e-06,1.8770114927917757e-07,1.6464988836753036e-05
BFS,-9.86893422978072e-06,0.454825373785424,-4.488641699923781e-06,1.869361240039494e-07,1.6397881455339348e-05
MRTN,-3.95943014150861e-06,0.7273214996549086,-2.879778668300889e-06,1.8620985194024703e-07,1.633417347343712e-05
CASH,-0.00015501381876594463,0.8339158756601284,-0.00012926848441562316,1.8427923318133996e-07,1.6164821200233126e-05
HURN,6.156429580713906e-06,0.766587151386485,4.719439814990966e-06,1.8222934043487836e-07,1.598500631195649e-05
AI,-2.5501767026475213e-06,1.9398310228644968,-4.946911881581951e-06,1.816356537233246e-07,1.593292860696747e-05
NPO,-5.636342762258374e-06,1.5021452622068012,-8.466605576500012e-06,1.8133033580062049e-07,1.590614637250439e-05
SMBK,-3.692482212397078e-05,0.8080922951285991,-2.9838664257374824e-05,1.794211474239524e-07,1.5738673954621942e-05
INVA,1.404724234855703e-05,0.07025393157993817,9.868740028423357e-07,1.7650887340819087e-07,1.5483211698033622e-05
XERS,3.254853746567015e-06,0.9191103877670033,2.9915698891320925e-06,1.7262777726390223e-07,1.5142765169413638e-05
LAND,-4.273153005615027e-06,0.5002051693822545,-2.137453222969954e-06,1.7127784082677505e-07,1.5024349866934236e-05
UVE,2.3427056095415344e-06,0.484812827403894,1.135773730336794e-06,1.709159216251737e-07,1.4992602615321464e-05
BOOT,-4.6921211509428995e-06,1.5734446271724742,-7.382792814993431e-06,1.6649091448568714e-07,1.4604444666188005e-05
GPRO,-6.081144145246597e-06,1.8076087342792655,-1.0992329271358967e-05,1.6523913542957546e-07,1.4494639647603355e-05
BIO,-3.9576520095657554e-06,1.0943148927516897,-4.330917534396459e-06,1.6011819648504524e-07,1.4045435138844721e-05
GH,2.9652530874966916e-06,1.044257428009866,3.0964875625476092e-06,1.598673475503224e-07,1.4023430878744108e-05
GGG,-9.990149148828575e-06,0.8135329718469618,-8.127315726240906e-06,1.5734867299372763e-07,1.3802494839636185e-05
PZZA,-2.407523551307506e-06,0.8352841040996201,-2.0109661526526257e-06,1.557503316826115e-07,1.3662289668032754e-05
LNC,4.88952734625914e-06,1.4780367994022228,7.2269013494545026e-06,1.5468113250537703e-07,1.3568500404700928e-05
ARDX,3.1867143885304264e-06,0.6968097375930175,2.2205336168557795e-06,1.5406949934299584e-07,1.3514848451958669e-05
CVS,3.2466676296980203e-06,0.3227177467750857,1.0477572619837534e-06,1.4984202456837227e-07,1.314401787772332e-05
PWP,-4.682257551108948e-06,1.6706759708274221,-7.82253517986297e-06,1.4877799845412144e-07,1.305068239117765e-05
HWKN,-4.219406451417778e-06,0.8352275931936791,-3.5241646951235533e-06,1.4670953757431085e-07,1.2869238721673598e-05
BBW,-2.616437279763356e-06,1.4989285840373943,-3.921852626978339e-06,1.444034811645319e-07,1.2666953369720534e-05
TENB,-4.278849737764024e-05,0.9084349030062915,-3.887056446504157e-05,1.4410297930105023e-07,1.2640593595970347e-05
HCI,3.228819210950869e-06,0.3142399650772451,1.0146240360899392e-06,1.4125687440132034e-07,1.2390935639254365e-05
CXT,-2.5509483448114013e-06,1.2240135521304776,-3.1223953448339658e-06,1.409305466974381e-07,1.2362310444245287e-05
PRU,-0.0001139005229764299,1.059108030245439,-0.00012063295853349205,1.3861852885853779e-07,1.2159502160683593e-05
RES,-3.3717407595652776e-06,1.2455413133708022,-4.199642414014802e-06,1.3839404371729591e-07,1.213981051063905e-05
HSTM,-1.3777234690517417e-05,0.5425034103918959,-7.4741968053752344e-06,1.2395328545968322e-07,1.0873079196425308e-05
WSO,-5.14544414739311e-06,0.8226107821292071,-4.232697834489198e-06,1.2306709352076345e-07,1.079534317596103e-05
WHD,-2.812132442455339e-06,1.5202883734985067,-4.27525225700281e-06,1.2252176410565517e-07,1.0747507332831714e-05
DOX,-1.0879483517530627e-05,0.6094227465432106,-6.630204726225105e-06,1.2091313778375322e-07,1.0606399968628906e-05
RAMP,7.677416804904908e-05,1.0976788791652878,8.427338273292764e-05,1.1842975670122398e-07,1.038855984373744e-05
SHAK,-3.0419778033479336e-05,1.6620152863581321,-5.055813609926397e-05,1.1653810096000793e-07,1.0222625374067376e-05
XENE,6.58485872996414e-06,0.8960760396929367,5.900534132683728e-06,1.1383624115700799e-07,9.98562047737013e-06
GOOD,-1.5846175080177827e-05,0.5261487647717275,-8.337445444792094e-06,1.1048329401102038e-07,9.691502739993904e-06
ERII,-9.86769289238665e-06,0.9163954201651269,-9.0427085741791e-06,1.0885752571146664e-07,9.548891695756313e-06
RGR,-2.361728266364156e-06,0.43514476061251595,-1.027693681098843e-06,1.0778648322057326e-07,9.454940738482107e-06
USPH,-1.2157859735465707e-05,0.8326543124749063,-1.0123294339200544e-05,1.0530229426194346e-07,9.237029747370438e-06
AKBA,-6.183034460538138e-06,1.1145598105207442,-6.891361716780618e-06,1.0392288637965289e-07,9.116029234211818e-06
GEHC,-1.5065340309649249e-05,1.3638339047445927,-2.0546621900815045e-05,1.0260077006501325e-07,9.000054289758743e-06
ORN,3.318329701961019e-06,1.3335335995019262,4.4251041517902315e-06,1.0253906752117957e-07,8.994641793887927e-06
FIBK,-4.849938748286134e-06,1.1922791708236633,-5.7824809493521475e-06,9.401446420630279e-08,8.246870674977872e-06
CSR,6.475755237923282e-06,0.43346996189303444,2.807045376211223e-06,9.262114687427533e-08,8.124650036446962e-06
OGS,6.633606384925816e-06,0.1718404291361145,1.1399217679057213e-06,9.088890927884804e-08,7.9726995940504e-06
CVNA,4.5889492386661324e-06,2.490430857560845,1.1428460787754483e-05,8.805154488996002e-08,7.72380834768218e-06
MLAB,-1.3198435968288362e-06,1.5340526053149914,-2.0247095083235853e-06,8.732152092621872e-08,7.659771252226333e-06
NTGR,6.024445221031022e-06,1.5013654311048845,9.044893796441e-06,8.621293145900909e-08,7.562526705390874e-06
HRTG,1.8628112829263928e-06,0.38096007377803154,7.096567237781882e-07,8.453333861671692e-08,7.415194216991994e-06
ESQ,-4.0425326475926226e-06,0.6908585469036428,-2.7928182307263752e-06,8.303782221301241e-08,7.28400876082011e-06
HAS,0.000416692069341699,1.1557508151737068,0.0004815921988180874,8.269210647178231e-08,7.253682863286169e-06
ACA,0.00015615299744744753,1.1258316888868378,0.00017580199284100194,8.112552753939026e-08,7.116263861150154e-06
PTGX,2.1399314687374297e-06,-0.12015248931942804,-2.57118092941782e-07,7.918969428721697e-08,6.9464541769300465e-06
SIGA,-3.290013789512531e-06,0.6679170884755297,-2.197456431335554e-06,7.880121480657569e-08,6.91237707971125e-06
FRPT,-3.0700286734879587e-06,1.122356923003112,-3.4456679355072712e-06,7.876384349877568e-08,6.909098899646264e-06
PSN,-2.1408037598792076e-06,0.7420148794535818,-1.5885082438205448e-06,7.571692177569546e-08,6.641825458063019e-06
JANX,-3.851131841290932e-06,1.2528986522938563,-4.825077893759367e-06,7.518375119828432e-08,6.595056178072608e-06
RGP,-4.5708726822357464e-05,1.2408681656650085,-5.671850400694168e-05,7.355501419828034e-08,6.452184721898488e-06
TEN,3.5340875609138985e-06,0.7697288829333043,2.7202892704507412e-06,6.9313363121446e-08,6.080110614213595e-06
CCRN,-2.245847743144868e-06,0.4105913371294784,-9.221256278470726e-07,6.81351513296183e-08,5.976758854918183e-06
KNX,-1.6854677838710488e-06,1.171293722090954,-1.9741778340347126e-06,6.561520950523059e-08,5.755711652132549e-06
EVTC,1.4131116496804923e-05,0.7361865554338538,1.0403137978217324e-05,6.530958173509152e-08,5.728902238109959e-06
KODK,5.977878293923793e-06,1.770613217573961,1.0584510320269948e-05,6.399682339851293e-08,5.613748167716002e-06
UPST,-2.3686394961797825e-06,2.558406542102638,-6.0599427829090525e-06,6.362533561037164e-08,5.581161567643357e-06
PLSE,-1.4165337149290063e-06,0.9675371443670803,-1.3705489854421025e-06,6.009114688383639e-08,5.271145469431663e-06
SIG,-1.844895764860643e-06,1.613600501719413,-2.976924731799154e-06,5.946456756848689e-08,5.216182452571146e-06
YORW,-5.179899647493344e-06,-0.04914042267735571,2.5454245810410874e-07,5.892741469148304e-08,5.16906384856972e-06
AAMI,9.802841400961383e-06,1.0792825771969832,1.0580035931082886e-05,5.5090278946427454e-08,4.83247348963975e-06
BLX,3.763298833245739e-06,0.7803495210689185,2.9366884421625325e-06,5.2540841611127236e-08,4.608838965147384e-06
GPK,-1.7085163998095696e-06,0.5200356418658907,-8.884894226133702e-07,4.9581270435391134e-08,4.349227840989623e-06
BPRN,-0.00020762085878509829,0.39235528644037276,-8.146114151962342e-05,4.878136804420444e-08,4.27906106794663e-06
DOMO,-1.371107476237948e-06,1.52828240757638,-2.095439434830905e-06,4.867184307305689e-08,4.269453628491862e-06
COHR,2.1726088368948086e-06,2.5108730582894037,5.4551449947606526e-06,4.8087803791763836e-08,4.218222188068379e-06
NEXA,2.6504901839520006e-06,0.600602428900732,1.5918908422591196e-06,4.786036255065254e-08,4.198271231399782e-06
NWN,3.3148740870532063e-06,0.10685061790924534,3.5419634449298065e-07,4.6665223387262963e-08,4.09343461713746e-06
DAVE,1.1500823207751017e-06,2.3237366934853934,2.6724884893139425e-06,4.3967339832412455e-08,3.856778513623655e-06
INSM,1.0589614461185912e-06,0.5828759862744026,6.172431973329415e-07,4.0655342933362193e-08,3.5662528978794753e-06
PTCT,1.2821002301172844e-06,0.9695740138613453,1.24309106628737e-06,4.042362676010615e-08,3.545926947715572e-06
ACT,-0.00023607358674420872,0.43724434614715774,-0.00010322184107858587,3.9968273830609913e-08,3.5059837671344716e-06
PENG,-1.3907675765872537e-06,1.854062408138986,-2.578569882208985e-06,3.7196103132025504e-08,3.2628112571042964e-06
SKYW,-4.428185981236432e-06,1.365773535794544,-6.047899224749114e-06,3.637168536499834e-08,3.190494015664641e-06
WMK,6.624594946438063e-05,0.2243071516658366,1.4859440233754171e-05,3.582158596006578e-08,3.14223975299176e-06
PRDO,-8.708179762382558e-05,0.5537535311938865,-4.8221852936904805e-05,3.2000480190215485e-08,2.8070555301660287e-06
UNIT,-9.08256376546778e-07,1.1762416730109964,-1.0683289998722875e-06,3.1213805307870825e-08,2.7380490632067147e-06
CENX,3.447328141966278e-06,1.8453703964351282,6.3615972999822845e-06,3.1203108240108767e-08,2.7371107253117965e-06
BHVN,-1.0960673693034587e-06,1.4852785006068077,-1.6279652988430894e-06,3.024083190460949e-08,2.6527006448050343e-06
ARQT,1.5538189207811567e-06,1.1906238122585269,1.8500138070198907e-06,2.9196092323191815e-08,2.5610569568925475e-06
UPWK,-0.0003383615996970807,1.1722059070652773,-0.0003966294658889747,2.841534076471982e-08,2.492570078981113e-06
TRIP,-4.052127850152181e-06,1.8435579283270391,-7.470332424742854e-06,2.816408813695983e-08,2.470530407262747e-06
HCKT,-3.0462084153855574e-06,0.6557680728114996,-1.997606221939559e-06,2.6777111049376986e-08,2.3488659297058313e-06
BJRI,0.00021427858737506014,1.038589739189647,0.0002225475421757897,2.566102603796946e-08,2.2509638799620643e-06
SDGR,-5.092569884337638e-06,1.3857778026188314,-7.057170304000249e-06,2.302673306763116e-08,2.0198858896784495e-06
ALLY,0.0008863954185474474,1.2740762352722264,0.001129335337825481,2.2044993263210483e-08,1.9337684898518745e-06
ZYME,1.4265986127187535e-06,0.745153965623223,1.0630356136199677e-06,1.721396594243954e-08,1.5099947878153761e-06
MGNI,5.1399420032680475e-06,1.8598400879951051,9.559470187647783e-06,1.688039853643959e-08,1.480734532152663e-06
NWPX,4.043673336008794e-06,0.9696467708839728,3.9209347927705484e-06,1.6671782967673718e-08,1.462434947818237e-06
VERX,-1.7566601609038601e-06,0.743738851411739,-1.3064964103913976e-06,8.716308339583419e-09,7.645873243721207e-07
ITIC,7.706658687950053e-05,0.8790561429399975,6.774585661184395e-05,8.513990518202478e-09,7.468401732049279e-07
CMG,-1.0100795925197196e-05,0.951696681341082,-9.612893960913696e-06,6.668281294897284e-09,5.849360939048478e-07
BWIN,-2.757379398479114e-06,0.9189928174930814,-2.534011862305699e-06,-6.290749446203669e-10,-5.518193138631143e-08
CPS,1.6355458908339032e-06,1.48143168845401,2.422949510602087e-06,-1.777941579913759e-09,-1.5595955793610345e-07
PNC,0.00019202919142036385,0.9654767006783765,0.0001853997101664693,-8.71290788155847e-09,-7.642890390199231e-07
OPLN,2.328044408427803e-06,0.931420657017375,2.1683886524634505e-06,-9.89914707293086e-09,-8.683449551326971e-07
IVR,-1.9647351478772316e-05,0.7287658381033377,-1.4318318566938358e-05,-1.2437561000975899e-08,-1.091012515500994e-06
IIIV,-5.851060581772979e-06,0.8280100618671601,-4.8447370343023466e-06,-1.3063190072947598e-08,-1.1458921778020542e-06
FBRX,8.822889402492306e-07,0.9018022904871377,7.956501871882254e-07,-1.9813429601993596e-08,-1.7380175798998504e-06
RCUS,2.1200365207730293e-06,1.3890150996464032,2.9447627391555633e-06,-2.5733006876375513e-08,-2.257277979291595e-06
FITB,-1.1860106509185689e-05,1.0407196880366754,-1.2343046346321473e-05,-2.9205174516768966e-08,-2.5618536393659115e-06
CRVL,-6.003979928858536e-06,0.5947549180994127,-3.5708965908587763e-06,-3.1404535038452844e-08,-2.754779716678628e-06
ALKT,-6.469347252997144e-06,1.3135753171988949,-8.497974869925523e-06,-3.164887976716294e-08,-2.7762134332327415e-06
ASC,9.942777029898165e-06,0.4577900043471857,4.551703939740179e-06,-3.301181294946379e-08,-2.8957687993985962e-06
EOLS,-1.797926241841823e-06,1.2296666800773448,-2.210849992829572e-06,-4.0652153380951385e-08,-3.5659731129924894e-06
TTI,1.939170307491274e-06,1.6009817534963626,3.1045762792154605e-06,-4.203409456624377e-08,-3.687195845385277e-06
PLAB,6.273249494393571e-06,1.7973278045328445,1.1275085741045174e-05,-4.261029392850039e-08,-3.7377395746257875e-06
LADR,3.74414197778592e-06,0.605238014946989,2.2660970583148438e-06,-4.303468394143238e-08,-3.774966713895786e-06
UNFI,4.6151984921017925e-05,1.088546511119594,5.0238582167018175e-05,-4.356601116363475e-08,-3.821574296299095e-06
CHCT,1.0331416283219602e-05,0.4282509670721339,4.4244390145135855e-06,-4.5491258779129866e-08,-3.990455417266365e-06
BRC,4.018712389490221e-06,0.7133266804494109,2.86665476847598e-06,-4.573616991248533e-08,-4.011938818365293e-06
TMDX,-1.398718845841154e-06,1.2231952673567432,-1.7109062725955858e-06,-4.6772025402963346e-08,-4.102803201203155e-06
GBTG,4.649982778863159e-06,1.1286570470373671,5.248235831966304e-06,-5.090151594809171e-08,-4.4650386802512225e-06
SXT,5.548711052168976e-05,0.5462258170552132,3.030849228074291e-05,-5.4837398812824196e-08,-4.8102910544612555e-06
SITC,3.976775315366275e-06,0.8682697776156164,3.4529138187003484e-06,-5.547479429038115e-08,-4.866202856082474e-06
CRAI,3.590149041602789e-06,0.6888018157686607,2.472901178736118e-06,-5.81083037984975e-08,-5.0972121217110294e-06
BRBR,-2.9402921409781184e-06,0.86765769887376,-2.551167113057675e-06,-6.66035522755204e-08,-5.8424082586381574e-06
MCHB,-4.376955651486619e-06,0.851143841746853,-3.7254188483619204e-06,-6.732474371911836e-08,-5.905670572766777e-06
TOWN,7.026976140208431e-06,0.7400558430113595,5.20035475126266e-06,-7.03548028254976e-08,-6.171464839625699e-06
VRDN,2.7030289504144807e-06,0.9434820337031669,2.550259251295591e-06,-7.374748107693541e-08,-6.4690677565558145e-06
NLY,5.636342762258374e-06,0.7171021039349156,4.041833253313814e-06,-7.878656279023545e-08,-6.911091817013581e-06
ACAD,1.0864050674253015e-05,0.8956699007239309,9.730603188867954e-06,-8.185968134495907e-08,-7.180663222899247e-06
PARR,1.7129785044963576e-06,0.9383654718575701,1.6073998826535995e-06,-8.223875738629171e-08,-7.213915458236065e-06
SAH,0.00011707599822909511,0.9653489331514518,0.00011301918998809822,-8.434421158293333e-08,-7.398604150751411e-06
NEXT,-1.4348518289063462e-06,1.1486240489072186,-1.648105317300335e-06,-8.794280128860062e-08,-7.714269449335917e-06
KEX,-4.098761876578009e-06,1.0818286808763546,-4.43415815416468e-06,-8.941645401654376e-08,-7.843537042038536e-06
OI,0.0001571234213426756,1.0661408562553667,0.00016751569896805292,-9.063440209719457e-08,-7.950374435569004e-06
UVSP,2.2064671530595173e-05,0.8660729549305363,1.910961527207424e-05,-9.161488758686199e-08,-8.036381807947746e-06
CWK,5.021377507304826e-06,1.3275267795502086,6.666013111178229e-06,-9.221345753390834e-08,-8.088887866296253e-06
NUS,7.960394761229578e-06,1.0244033229568055,8.154654845451526e-06,-9.455953270893883e-08,-8.294683631081939e-06
VSAT,3.877501873500069e-06,1.887149463805952,7.317425581482229e-06,-9.487566874762849e-08,-8.322414821689506e-06
GBX,2.3465973700202366e-06,1.106883384885702,2.5974096398918857e-06,-9.496444078175405e-08,-8.330201830754215e-06
NGVT,-6.833824041691325e-05,1.4917255081760927,-0.00010194189641377991,-1.0170078240586593e-07,-8.921108120180228e-06
YUM,-8.867711747315978e-06,0.37406911684613287,-3.3171371017645656e-06,-1.1047872928246163e-07,-9.69110232579798e-06
NAGE,-1.4871221980944327e-06,1.6528059890980984,-2.457924475531207e-06,-1.1344873718007703e-07,-9.951628950526168e-06
ACMR,2.201394444573485e-06,1.9233424070479386,4.234035289887926e-06,-1.2006981093089094e-07,-1.053242403789308e-05
AMRC,1.303202965816454e-06,1.6703286894996383,2.1767773020442394e-06,-1.223723296151158e-07,-1.073439906350036e-05
OCFC,8.870664117334305e-06,0.9693974026197969,8.599198754856508e-06,-1.2281775632890623e-07,-1.0773471524688344e-05
SCHL,3.458802125446589e-06,0.5934788018878899,2.052725741377329e-06,-1.232963978599577e-07,-1.0815457562045245e-05
KALU,3.8323104824241046e-06,1.252227180905799,4.798923351761679e-06,-1.2562268108153504e-07,-1.101951719312096e-05
CPRT,-0.0001295973685230672,0.5950829368700997,-7.712118267134345e-05,-1.2716134347124864e-07,-1.1154487379331626e-05
ADT,2.8327990325836197e-05,0.693187577382783,1.9636610986089308e-05,-1.3063372167803656e-07,-1.1459081510115086e-05
VST,-4.3636028870855554e-06,1.9387415967008959,-8.45989842867689e-06,-1.3670016998537548e-07,-1.1991225314469272e-05
CSV,-0.00021833903554071852,0.5099130284244887,-0.00011133391883584985,-1.3737122053841601e-07,-1.2050089311344835e-05
BTU,1.9879246723848092e-05,1.0363041169909468,2.060094522260257e-05,-1.3915805455521857e-07,-1.2206828906455288e-05
REX,6.228561348207094e-06,0.7124278704583472,4.437400697322352e-06,-1.4025282542348734e-07,-1.230286129727479e-05
AMSF,-2.144611646209662e-05,0.28041792172083585,-6.013875407284139e-06,-1.410160358595665e-07,-1.2369809482506446e-05
CLFD,0.00032849139058024657,1.328709411802074,0.00043646960235992473,-1.4485604237819992e-07,-1.2706651663309074e-05
PMT,5.575047534718815e-06,0.5778327124062498,3.2214448387803486e-06,-1.4504424768628188e-07,-1.2723160876537056e-05
NOMD,8.842012708292825e-06,0.1446579030662654,1.2790670172669103e-06,-1.4543624908603177e-07,-1.2757546913573376e-05
HCC,5.2522998122609245e-06,0.6705853000039633,3.5221150453157522e-06,-1.4811824907133387e-07,-1.2992809723565501e-05
SENEA,3.214077490654819e-05,0.13166065221104373,4.231675386764483e-06,-1.5131613570600627e-07,-1.3273325681743088e-05
VVX,4.588922398938693e-06,0.9288225634086918,4.262294665865801e-06,-1.5570279957999023e-07,-1.3658120191489577e-05
CENTA,4.7494239690258606e-06,0.5937821190539798,2.820123028613939e-06,-1.6076078761544259e-07,-1.4101802698815558e-05
NVDA,1.6792476770369852e-05,1.7792524723831855,2.987805581111777e-05,-1.6380357906332795e-07,-1.4368713836090932e-05
AGM,3.442195044093507e-05,0.741900553354482,2.5537664079670285e-05,-1.7151467238310894e-07,-1.504512453425089e-05
OIS,4.974106037352315e-06,1.894740154712211,9.424638442767867e-06,-1.8089989873410327e-07,-1.5868388790718947e-05
SNOW,-1.2039832034051272e-05,1.4218994998364527,-1.7119431147332405e-05,-1.818010762126793e-07,-1.5947439330269018e-05
KDP,4.013116306319121e-05,0.18775789365001538,7.534942646470081e-06,-1.8257363476240025e-07,-1.601520752426113e-05
EXPE,8.053179698987326e-05,1.5407778171784496,0.00012408160637951497,-1.8666111561232668e-07,-1.6373757947755774e-05
PRTA,-7.082265978733442e-06,0.5679601279373064,-4.022444691367479e-06,-1.8784005371282224e-07,-1.6477173418243976e-05
COUR,0.0004218280189355105,0.9970868099080669,0.0004205991537302478,-1.9830451705084654e-07,-1.739510744637779e-05
ROKU,5.1567101229857656e-05,1.860255297875116,9.592797325890511e-05,-1.996534168196436e-07,-1.7513431813172733e-05
CNA,-6.09141034099214e-06,0.4312486793378376,-2.6269126648577077e-06,-2.0128146900256717e-07,-1.7656243197761637e-05
M,4.432983582516211e-06,1.5097604990662246,6.692743505892055e-06,-2.0131378573678964e-07,-1.765907799483271e-05
EVR,0.00017313955899686298,1.866214457234827,0.00032311554811920797,-2.074013541485433e-07,-1.8193074437195537e-05
ADBE,-0.0002172216305881008,0.8749946352388467,-0.00019006776142242276,-2.0761346296514256e-07,-1.8211680446327046e-05
PEG,-2.475964856277786e-05,0.48262618475874836,-1.1949654721820906e-05,-2.141600329661291e-07,-1.878594012667107e-05
INSW,5.791382447811638e-05,0.6462322992852626,3.7425783952896274e-05,-2.2089579004023743e-07,-1.9376795139856524e-05
BHE,1.3560638090082058e-05,1.3111804968650609,1.7780444188761062e-05,-2.2190743059796627e-07,-1.9465535408916025e-05
FET,6.353567378755753e-06,1.5249964404567387,9.689167636804574e-06,-2.4444611325862804e-07,-2.144260992246075e-05
HEI,-1.0023430410853338e-05,0.6981965882153268,-6.998324915071552e-06,-2.585439777182353e-07,-2.2679262877655205e-05
PAX,6.162012244021286e-05,1.0057597386601875,6.197503824167724e-05,-2.670350485381627e-07,-2.3424092553973516e-05
DK,1.6311575953975736e-05,1.3888091797717232,2.2653666421425207e-05,-2.673323220144379e-07,-2.345016913628071e-05
CVCO,1.0358457308614721e-05,0.8760481499267624,9.074507361307277e-06,-2.7167580292729734e-07,-2.383117567256202e-05
ASB,3.1748378091385255e-05,1.2132945880713655,3.8520135318321236e-05,-2.777520097281574e-07,-2.436417548385866e-05
CTO,5.616598787760821e-05,0.4927895616338657,2.7678012544939566e-05,-2.781429437943308e-07,-2.439846789528059e-05
GRND,-4.50665863433716e-06,0.6811536448637978,-3.069726954935662e-06,-2.825216307502346e-07,-2.478256267640184e-05
HLIT,-1.0254788861380324e-05,1.2014620137767262,-1.2320739276249146e-05,-2.825763296325003e-07,-2.4787360816899896e-05
XHR,9.67588949017337e-06,1.3150304065010496,1.2724088889521922e-05,-2.870271002552736e-07,-2.5177778717378035e-05
ROG,5.324465129413411e-06,1.2451668720116407,6.629847590326753e-06,-2.8795226032976245e-07,-2.525893299031225e-05
PGC,4.0447469251063666e-05,1.0507129809760694,4.2498680989723005e-05,-3.2239945848598676e-07,-2.8280612587255306e-05
NNI,6.669189153578502e-05,0.7150259677309033,4.7686434285179125e-05,-3.2777359681578166e-07,-2.875202753568288e-05
ASH,1.9260490357393737e-05,1.1824287478628477,2.277415749651753e-05,-3.3155672803569495e-07,-2.9083880662544655e-05
APO,-1.7597165348660133e-05,1.6823584777023697,-2.960474030784875e-05,-3.528921703979893e-07,-3.095540793699877e-05
PAY,-7.098973709064422e-06,1.0101404514487702,-7.170960507297286e-06,-3.584481644490385e-07,-3.144277511817426e-05
CASY,-0.0011075171970290753,0.5030915751989855,-0.0005571825712133227,-3.621146747556996e-07,-3.1764398355436504e-05
VRE,3.227826141035614e-05,0.5382631080893301,1.737419731045818e-05,-3.749035944711724e-07,-3.288623176539715e-05
GATX,0.00022566272486776874,0.6596985396226431,0.00014886937004253336,-3.77517092176879e-07,-3.311548561234795e-05
IDYA,-8.577725267163716e-05,1.0259247192769547,-8.800100386749777e-05,-3.793472027544304e-07,-3.327602139140485e-05
HFWA,4.274226594712601e-05,0.8397332639960667,3.5892102494368056e-05,-3.821759180579083e-07,-3.352415394718821e-05
CVI,3.176817239037175e-05,0.9082166926713491,2.8852384460596697e-05,-3.832679405302385e-07,-3.3619945250999873e-05
CMRE,-0.00037508626455367276,0.9109079652800334,-0.00034166906604907437,-3.844077862638833e-07,-3.3719931571553344e-05
UNH,0.0005628775972100044,0.29793593643415417,0.00016770146402256928,-3.9671095004379866e-07,-3.479915487450582e-05
IMKTA,2.7622038394863336e-05,0.3441112468474341,9.50505407252412e-06,-4.047110351441864e-07,-3.5500915691510954e-05
APPF,0.0001917685105676094,0.8261623321288403,0.00015843191991941032,-4.0739129916870466e-07,-3.573602622446569e-05
SAIC,1.9789602034200744e-05,0.4166570701607031,8.245477603216371e-06,-4.0904926886102923e-07,-3.588146194811806e-05
RDNT,-5.527450633071101e-05,1.1381755131178426,-6.291208960529243e-05,-4.094826754768956e-07,-3.5919480016304746e-05
ACHC,-2.469322023736553e-05,0.6962457633682421,-1.7192549974184687e-05,-4.27005606067709e-07,-3.745657692632855e-05
MCRI,1.452566049016301e-05,0.7179565024834001,1.0428792401778748e-05,-4.3075015864160523e-07,-3.778504596642023e-05
BEPC,0.00036870874271817736,0.850933618140972,0.00031374666448138745,-4.343147156910172e-07,-3.8097725948678854e-05
OSBC,1.9573408029676975e-05,0.8673394448167744,1.6976788853632222e-05,-4.375539967174291e-07,-3.838187298850146e-05
DRH,1.2055365526306782e-05,1.1398647327509326,1.3741486003858486e-05,-4.553686974162095e-07,-3.994456372993771e-05
MYGN,-1.782446429041192e-05,1.3506635164620644,-2.407485361754026e-05,-4.998243867560906e-07,-4.384417985654234e-05
KRNY,1.8980719748498067e-05,0.8556368448345535,1.6240603158293785e-05,-5.064673717728859e-07,-4.442689698195307e-05
KRYS,0.00010121502774916634,0.8511463036214516,8.614879673964559e-05,-5.09491166844582e-07,-4.469214177289495e-05
KSS,3.401935452934518e-06,2.1643393735055074,7.36294284691047e-06,-5.193123239132901e-07,-4.555364550966623e-05
OFIX,5.1935778435896095e-05,0.9559814511575079,4.9649640836142756e-05,-5.328466643238784e-07,-4.674086660356431e-05
DUOL,-1.7780849733323014e-05,1.4939047533153111,-2.6562895934596532e-05,-5.346288207784882e-07,-4.689719588680622e-05
RGNX,1.2726056765356228e-05,1.8723753646313466,2.3827955176353083e-05,-5.430784175712506e-07,-4.7638387495926175e-05
BV,0.00017220489903844777,0.9195133933043488,0.0001583447110584759,-5.497056616500429e-07,-4.821972383933587e-05
EYPT,-0.00024436062098837487,1.025080902515196,-0.000250489405901937,-5.59302751900778e-07,-4.906157262103214e-05
LIVN,-8.575443890331372e-05,0.9738384045670241,-8.351096596614338e-05,-5.986217683189837e-07,-5.2510604067477744e-05
DLX,6.278080645332649e-06,0.9487367563787651,5.956245867737202e-06,-6.065484661811738e-07,-5.3205927416932336e-05
GTN,0.0005093469350703448,1.3964506073442366,0.0007112778368279084,-6.093855334175178e-07,-5.3454792597326327e-05
PD,1.3116977395510006e-05,1.3870313799278633,1.8193659257376832e-05,-6.27021082059508e-07,-5.500176826921474e-05
SFM,-8.7712900264902e-05,0.7867699224173391,-6.900987173641675e-05,-6.326771232628509e-07,-5.549791150345112e-05
TDAY,-0.0001365899227128347,1.2077711014635766,-0.00016496936140370514,-6.33689379728902e-07,-5.558670579947684e-05
CACI,2.2996379118992064e-05,0.41123959637179247,9.457021666907014e-06,-6.378635514251837e-07,-5.5952860671974434e-05
TRN,0.00010745687476245591,1.0410417551673048,0.00011186709350750036,-6.438533696594167e-07,-5.647828254999468e-05
MAGN,2.7561045114257466e-05,1.759113839311773,4.8483015886386434e-05,-6.516494513381887e-07,-5.716214835638075e-05
SHBI,3.961543770044457e-05,0.9496807382822043,3.7622018122730875e-05,-6.54509552438429e-07,-5.741303404817478e-05
MRCY,0.00017971898268202068,0.8660258140660442,0.00015564127828031826,-6.572481611091044e-07,-5.765326252500654e-05
KLIC,8.687348778923711e-06,1.6305497720027586,1.41651545707825e-05,-6.630469229388888e-07,-5.816192509399476e-05
BAND,8.279505700619438e-05,1.306747672802506,0.00010819224806239533,-6.79725551574789e-07,-5.9624960538141136e-05
BMI,-5.5235756474220466e-05,0.9554309303240804,-5.277395019531881e-05,-6.991377298325665e-07,-6.132778068356272e-05
HLX,1.3577949714280423e-05,1.4144665526987887,1.9205555725075732e-05,-7.026340904705993e-07,-6.163447853328578e-05
PLNT,0.0001594845457151724,0.49256453895755853,7.855643173104956e-05,-7.040565771893762e-07,-6.175925788618286e-05
VICI,0.00013137117255987288,0.3468120059090036,4.556109987410736e-05,-7.087350234515414e-07,-6.216964730455198e-05
APP,-0.0010828457169709356,2.143201276896118,-0.0023207563232936013,-7.098680821404615e-07,-6.226903827118217e-05
CNXC,1.0106365168640854e-05,1.0243716402581367,1.0352673864848332e-05,-7.109723097072957e-07,-6.23659001957414e-05
GEF,0.0011218234427474217,0.7985162633056884,0.000895794263591394,-7.201677728451496e-07,-6.317251858084435e-05
BIIB,-0.0005467470552176067,0.6335680713260425,-0.0003464014772774124,-7.453417159592287e-07,-6.538075595148442e-05
RIVN,-1.5777398278614558e-05,1.2335031211638017,-1.9461470020515448e-05,-7.524294182357043e-07,-6.600248330535813e-05
PTN,-5.6250700767338575e-06,-0.1445084889681863,8.128703771289695e-07,-7.670628604438451e-07,-6.728611669559353e-05
HIW,3.2398805336218005e-05,0.6910989596699508,2.2390780662409514e-05,-7.702286148777453e-07,-6.756381404382095e-05
LNTH,-2.684509538481346e-05,0.5190592596836964,-1.3934195336579488e-05,-7.705569091979496e-07,-6.759261174877956e-05
TTMI,0.00013465383897399893,1.8840033152524338,0.00025368827903848135,-7.783956055032737e-07,-6.828021567479439e-05
AMP,-0.00013468416786600537,1.1924738600755895,-0.0001606073495462441,-7.84092898664492e-07,-6.877997749649557e-05
DPZ,-0.0006091198307145369,0.5502421464262768,-0.0003351634030831771,-7.853440888279715e-07,-6.88897308579079e-05
DXCM,-3.0536899894092695e-05,1.034419562863434,-3.1587966639651814e-05,-8.14945161724136e-07,-7.14863123741263e-05
PYPL,-0.0004178373540611944,1.2778018951018937,-0.0005339133628637551,-8.208161921109405e-07,-7.200131428088179e-05
TNDM,2.108153231449268e-05,1.2700162448722476,2.6773888506204936e-05,-8.247363576308511e-07,-7.234518794266501e-05
EBAY,3.959279168041764e-05,0.5942216993462847,2.3526895954201212e-05,-8.55655487858545e-07,-7.505738835271103e-05
MATX,-0.0006703675854861884,1.2943351358184068,-0.0008676803198085231,-8.63361211259047e-07,-7.57333280060142e-05
MTUS,1.8389776049602716e-05,1.2710872886340434,2.3375010577476787e-05,-8.662499845696117e-07,-7.598672880027152e-05
NXRT,0.0002256304500955229,0.7416675883962072,0.00016734279179109724,-8.850997519960723e-07,-7.764021473492847e-05
CXM,4.188373016566057e-05,1.1171406496808773,4.6790017528324615e-05,-8.971054835859218e-07,-7.869334753333193e-05
HHH,3.54115647412823e-05,0.8891709650151933,3.1486935193703974e-05,-8.997571252675944e-07,-7.892594733815716e-05
UTL,-0.0001480258608795011,0.1443341620891546,-2.1365188597568558e-05,-9.091387141204111e-07,-7.97488925163078e-05
UE,4.161231342193039e-05,0.7302124730777743,3.038583029431525e-05,-9.434627483871682e-07,-8.275976827921492e-05
VREX,-5.2371185914280556e-05,1.9767185439469872,-0.00010352309436525363,-9.486260719926348e-07,-8.32126907352096e-05
IVZ,0.00027509298119754444,1.5579461073006415,0.0004285800392024429,-9.507318966640242e-07,-8.339741192546196e-05
CCK,-0.00014595983931019974,0.5942106574336784,-8.673089207542784e-05,-9.630752550723276e-07,-8.448016106781526e-05
BBSI,0.00010372964181295675,0.687533697759842,7.131762420296607e-05,-9.695148083364209e-07,-8.504503332892898e-05
MFA,3.034526424017591e-05,0.8225276398917717,2.4959818577364068e-05,-9.709657439062164e-07,-8.517230819139666e-05
RYN,2.9646491936293066e-05,0.5309170027529629,1.57398266409566e-05,-9.821833756933852e-07,-8.615630953001301e-05
BANC,4.280097785089953e-05,1.199543798159065,5.1341647536190035e-05,-9.902235098942823e-07,-8.686158342083437e-05
TTD,0.00013650517627344501,1.5529110596164575,0.00021198039792992682,-9.947398645174511e-07,-8.725775429532747e-05
RWT,4.568926801996395e-05,0.9739052329250293,4.4497017213157085e-05,-1.007879204930819e-06,-8.841032631771093e-05
SPB,2.5475564742562572e-05,0.952439686700739,2.4263938901930688e-05,-1.0170314210606047e-06,-8.921315111120402e-05
TCBI,6.168930183768771e-05,1.1431344171266165,7.051916409917305e-05,-1.0240808429333007e-06,-8.983152053986889e-05
EPAM,-6.30827533870189e-05,1.3334947491138993,-8.412052040123675e-05,-1.0379679070682874e-06,-9.104968226576086e-05
ANDE,3.456487198954948e-05,0.7870876355906405,2.7205583368747658e-05,-1.0397282847696682e-06,-9.120410113486748e-05
VTOL,6.481760626937831e-05,1.0861823194525213,7.040373791903363e-05,-1.0434918349089105e-06,-9.153423662560451e-05
MSBI,2.478380431747325e-05,0.7404043822782157,1.8350037326182955e-05,-1.0513968381831147e-06,-9.222765694382899e-05
LGND,0.00018857914575599432,0.8821490418914459,0.00016635491274935772,-1.0722950354546917e-06,-9.406082944227223e-05
HTZ,-0.00015120750926947738,0.9279204601192607,-0.00014030854157482084,-1.0961968210455244e-06,-9.615747421212491e-05
ACVA,0.0009213075966100617,1.4301681242592623,0.0013176247573096211,-1.1104766801083513e-06,-9.741009158267787e-05
U,3.195001154377318e-05,1.9678849325314556,6.287394631119731e-05,-1.1270400270747422e-06,-9.886301461457294e-05
AZZ,6.163270356245003e-05,1.1755530919718242,7.245251523942101e-05,-1.130021175417759e-06,-9.912451846991413e-05
PRVA,0.00017900658921646235,0.5744204868722076,0.00010282505213105356,-1.1412402600380205e-06,-0.0001001086472498421
CVX,9.47655418944743e-05,0.6879841671439637,6.519719241421631e-05,-1.1425246694059159e-06,-0.0001002213145722609
EIG,-0.0002700905256980844,0.3804962902245617,-0.00010276844305292278,-1.1430310664887987e-06,-0.00010026573530355984
BPOP,0.00037015674601352896,0.9474727284599754,0.0003507134221033044,-1.1492456702052139e-06,-0.00010081087517728233
ALGT,3.5279479732621526e-05,2.059724636208914,7.266601355791363e-05,-1.1595353938410923e-06,-0.00010171348118395108
BOX,-0.00025458732878492183,0.5411165758789365,-0.0001377614236142619,-1.168407475217483e-06,-0.0001024917327896659
WMG,6.423642552133902e-05,0.5861421857115288,3.765167885737348e-05,-1.1807445643674466e-06,-0.00010357393199788732
JBLU,5.2369508431315596e-05,1.9945112258164706,0.00010445157245674926,-1.205300191933075e-06,-0.00010572793124243212
GLDD,-0.0003448313495459894,1.1552963199828474,-0.0003983823891452005,-1.2077593034431388e-06,-0.00010594364246059472
LMB,-6.616046493248637e-05,1.2179328778062055,-8.057900545221966e-05,-1.2142815638082453e-06,-0.00010651576971988044
POST,5.203035492546042e-05,0.15068504416477463,7.840196329851903e-06,-1.2183528056721379e-06,-0.00010687289567301464
MWA,0.00026341149307446745,0.9749233286478112,0.0002568060096322497,-1.231574155966955e-06,-0.00010803266153404933
BRX,0.0001875050198638725,0.7022725146047036,0.00013167962180080664,-1.238870831521332e-06,-0.00010867271985020559
BATRK,-0.00010649933393639867,0.5116928423990893,-5.449494689552563e-05,-1.2561304443732915e-06,-0.00011018671874699187
NPK,3.995177303491862e-05,0.6587469159169451,2.631810727216641e-05,-1.2603881596028363e-06,-0.00011056020198880335
SKT,-0.00028397948075406797,0.813101570946465,-0.00023090416191769408,-1.2652591223371745e-06,-0.000110987478792132
GHC,0.0005005050230110299,0.8407001289337419,0.00042077463737735826,-1.3062834166585095e-06,-0.00011458609579916907
AAPL,-0.00020969798529162765,1.2903797038520328,-0.00027059002415897844,-1.3174318078025376e-06,-0.0001155640234061075
RL,0.0002203932476299466,1.4667850367408575,0.0003232695178223281,-1.3210670329267085e-06,-0.00011588290233315942
SOC,8.722911417780818e-06,2.4006325809052735,2.0940505349875244e-05,-1.3514012296588976e-06,-0.00011854379286305439
RMBS,-7.180163884568382e-05,2.281604358758159,-0.00016382293215629133,-1.355307320828463e-06,-0.00011888643193452101
CBRE,0.0008331040325779095,0.990564076132984,0.0008252429263532004,-1.378370531230105e-06,-0.00012090951758562653
VTRS,7.546482549558088e-05,0.8875341730970391,6.697761149413272e-05,-1.388309686772696e-06,-0.00012178137205047112
LIN,-0.0003190404851053334,0.5983711944545108,-0.0001909046361518249,-1.418236110255592e-06,-0.0001244064930497941
RPD,4.6673547924482626e-05,1.1778803192138472,5.497585352813239e-05,-1.419984353394703e-06,-0.00012455984748518215
TMHC,2.5605770970302597e-05,0.7508643072671162,1.9226459481656694e-05,-1.4286086494605628e-06,-0.00012531636356936463
SUI,0.0004391451117283413,0.44443835257008224,0.00019517292999574873,-1.4448961184327542e-06,-0.00012674508681286074
MCW,0.00010050833772568891,0.9907460672731297,9.957824032988582e-05,-1.4468978456964658e-06,-0.00012692067666501564
ECL,-0.0002865632742153332,0.5721242467570959,-0.00016394979740869464,-1.4684782288489777e-06,-0.00012881368994204398
BXMT,8.083186514264491e-05,0.7358503435613496,5.948015573591994e-05,-1.4960382226608654e-06,-0.0001312312296971085
CTMX,-0.0004261685732066576,2.258538604505526,-0.0009625181746142754,-1.4983315331147626e-06,-0.0001314323969844034
UAL,0.00013739377254964248,2.202227553469141,0.0003025723515838948,-1.5146434090225888e-06,-0.00013286326118401142
AVA,-8.457271925381952e-05,0.14123569448873216,-1.1944686738613771e-05,-1.5328884426215875e-06,-0.00013446370036985196
KEY,0.0003505755880125539,1.2117675993645343,0.00042481613868178243,-1.5738422703186545e-06,-0.0001380561361031654
OWL,-0.0005184078257559053,1.7586101477059823,-0.0009116772630245297,-1.6294204659287024e-06,-0.00014293140923708343
TRUP,0.000147971007186547,1.339387667282306,0.00019819054214100253,-1.6375998409455713e-06,-0.00014364889721657395
WASH,4.8964318661429066e-05,0.9231614504875263,4.520197143761831e-05,-1.668909710742479e-06,-0.00014639537297693022
PLOW,0.00014724636809534448,0.7143238287747157,0.00010518158943103761,-1.6738012647703133e-06,-0.00014682445603141314
MPC,0.00014150441100561242,1.0473648940805913,0.0001482067524448297,-1.6836389473213635e-06,-0.00014768740936976294
ST,4.943958313506093e-05,1.9029228880172224,9.407971432173771e-05,-1.6903545657979692e-06,-0.00014827649784191047
FIS,0.0018591637639673885,0.67113822512826,0.0012477558687718484,-1.707179416193346e-06,-0.00014975235973728915
HIFS,0.00024467337091236164,1.072948360661847,0.0002625218922180265,-1.7160904163139696e-06,-0.00015053402526290694
VLO,0.00016898037418388722,1.0416504544979073,0.00017601848356987255,-1.7356118909684215e-06,-0.00015224643279742044
RNG,-0.00012820062910712466,1.4320512986255607,-0.00018358987739747171,-1.7820544710412772e-06,-0.00015632033732803274
CDZI,9.529606265697189e-05,1.2827900132374042,0.00012224483747720947,-1.7875573017705703e-06,-0.00015680304106680204
DRI,-0.0018617870789273084,0.6174504393418334,-0.0011495612498446152,-1.8127802992845093e-06,-0.000159015581448634
LKQ,9.718182190685889e-05,0.6502708653635138,6.319450742897601e-05,-1.8260775361186842e-06,-0.00016018200401384013
RELY,-3.0953184066676634e-05,1.0325038711526011,-3.1959282373342634e-05,-1.8402368152100898e-06,-0.0001614240442095009
LFST,0.00019027870439677102,0.6994433626237094,0.00013308917683896033,-1.8403048589950486e-06,-0.0001614300129537737
CNMD,2.991653314399198e-05,0.969875285690513,2.9015306129898923e-05,-1.8505394710094754e-06,-0.000162327784614806
DOCN,-4.990327297623457e-05,2.1341753291609455,-0.00010650233403026394,-1.8577546022168213e-06,-0.00016296068992860331
FMBH,9.859590649665907e-05,0.8644665138403131,8.523285956809235e-05,-1.8590681641882637e-06,-0.00016307591449317972
BH,0.00010345983545287295,0.8811956830287178,9.116836036793313e-05,-1.8842267370362354e-06,-0.0001652828035968494
HLF,1.9141020020629437e-05,0.91237143968809,1.7463719993320232e-05,-1.907257410502399e-06,-0.00016730303513501268
FAF,-8.317369846104468e-05,0.700553221013207,-5.8267602360466075e-05,-1.912458428095888e-06,-0.0001677592640763133
RUN,5.316788967365764e-05,1.7605749324494262,9.360605377067835e-05,-1.957018738974702e-06,-0.00017166805751737355
EIX,-0.00028950658582564833,0.6293164849074416,-0.00018219126694935157,-2.011463437818073e-06,-0.0001764439012568446
NVCR,0.0001071589537878794,1.3171953062658974,0.00014114927095375894,-2.045584408134639e-06,-0.00017943696441878533
NOVT,0.0005884092905325743,1.6555730236791055,0.0009741545482878913,-2.1031148392028648e-06,-0.00018448348602480413
NSSC,0.00011962902665278304,1.1242200340700261,0.00013448934841935582,-2.1094978855033863e-06,-0.00018504340154203012
UTI,-3.631227244448677e-05,0.9713708463017571,-3.5272682815541085e-05,-2.1095431208609044e-06,-0.00018504736955000142
VSTM,-0.00020395656499644433,1.2145073334450955,-0.00024770674389245294,-2.122658535765114e-06,-0.0001861978428466034
NHI,-0.00032382181480035275,0.21095251617347563,-6.831102662399564e-05,-2.145664543737444e-06,-0.00018821591074814442
KRG,0.00016043396752367923,0.7148633057071118,0.00011468835637168475,-2.1609477572350574e-06,-0.00018955654153593804
NYT,0.00021465800047207434,0.42918317162199726,9.212760145664105e-05,-2.1626249966023263e-06,-0.0001897036675794636
NAT,0.00024030299099409765,0.3867049615140682,9.2926358884088e-05,-2.1730319090143346e-06,-0.0001906165532881916
HUN,3.480790572151257e-05,1.541297293069564,5.3649330865987915e-05,-2.215942897798287e-06,-0.00019438066956566283
OPY,-0.0002129830672812232,1.0046727204018426,-0.0002139782776049552,-2.222597492016714e-06,-0.00019496440504059357
CHDN,0.00038210575911985746,0.6551519679627332,0.0002503373400572687,-2.2369318458252773e-06,-0.00019622180264495785
PRGS,9.578927619832879e-05,0.8158453510358937,7.814923566549973e-05,-2.2504189634552298e-06,-0.0001974048813957803
OSIS,0.00038642155374244173,1.2415560200717646,0.00047976400633441345,-2.252199297931959e-06,-0.00019756105085663657
CGNX,5.652376144437442e-05,1.4780071563691082,8.354252391968566e-05,-2.2629530430163518e-06,-0.00019850436043917122
PFSI,5.373950876879667e-05,0.6306977184722545,3.389338557229978e-05,-2.2762272503166716e-06,-0.0001996687628728049
PLUS,0.00018750834128014314,1.0076881352749747,0.000188949930773091,-2.285844179226878e-06,-0.0002005123518852242
ANIP,0.0005185770837870696,0.6136442637174514,0.00031822185276125944,-2.3110172609255066e-06,-0.0002027205136932168
FLYW,-0.0005591657971037827,0.9376104979322311,-0.0005242797214491506,-2.3600154307250243e-06,-0.00020701859243097914
USFD,-0.0002725126098015277,0.7991845449624757,-0.00021778786606077062,-2.3671631210179155e-06,-0.00020764558188380333
TDOC,-0.00024150822895476057,1.551835368776917,-0.000374781011542671,-2.3800466600361394e-06,-0.00020877571522037348
WU,0.000194337542178783,0.7459767475010499,0.00014497128763187665,-2.384353278817887e-06,-0.00020915348824114576
ACI,-9.885017936448736e-05,0.053863654056436325,-5.324431864705428e-06,-2.384493630977039e-06,-0.00020916579981591517
CAC,0.00011928554524087828,0.8533091716668746,0.00010178744980132534,-2.3916552691649234e-06,-0.00020979401276649757
IESC,7.80227186198672e-05,1.9030858473418528,0.00014848393157660493,-2.3937851137934055e-06,-0.00020998084096742573
CNOB,9.985579685232029e-05,0.9591673940184487,9.577842444447568e-05,-2.4067119292445305e-06,-0.00021111477047672762
VRTS,7.848375803795622e-05,1.1163618264657078,8.761627147114549e-05,-2.411344994082947e-06,-0.00021152117907431708
FIVN,0.00013082917781389501,1.815722562332458,0.0002375494899680942,-2.463074198258862e-06,-0.0002160588218781113
MDU,-0.0004651983009550574,0.498574229809194,-0.00023193588460721342,-2.504031888856759e-06,-0.00021965159646187548
NCNO,0.0002539682704715338,0.924021315916906,0.00023467209548224736,-2.5187998161573627e-06,-0.00022094702677266575
VHC,4.730119495065125e-05,0.6124362175335128,2.8968964920392148e-05,-2.52464523054963e-06,-0.0002214597816656671
CPRX,-0.0005768431125885085,0.8221684935616362,-0.0004742622328982993,-2.5338954021046065e-06,-0.00022227119902765784
REZI,7.247825663204846e-05,1.616804331399413,0.00011718315925497418,-2.5543301989530975e-06,-0.0002240637224260697
STEP,0.0002570546713787597,1.7342032812615105,0.0004457850545686444,-2.5680769183038743e-06,-0.00022526957322411607
EQBK,0.00011515893714708197,0.7534904019535094,8.677115383949372e-05,-2.5714580221852184e-06,-0.00022556616084691976
XYL,0.00032112552933145737,0.8950967672235037,0.00028743842317752394,-2.7141592916988102e-06,-0.00023808379762514285
BWXT,-0.00023340357065854462,1.183082056745012,-0.0002761355764263407,-2.7243049311355224e-06,-0.00023897376468559343
OCUL,-0.0004285569734521645,1.1635675751982442,-0.0004986549984340333,-2.729329406482505e-06,-0.0002394145074877356
MSGE,-0.0005005213952447679,1.0265407835278257,-0.0005138056252470046,-2.7570672797050463e-06,-0.00024184765067688643
TCBK,0.0001445600133256017,0.819154756044999,0.00011841702244959507,-2.7692852434359207e-06,-0.00024291940030233752
TGT,7.038503803143622e-05,1.0139419484886238,7.136634260604033e-05,-2.770470086141162e-06,-0.00024302333371984736
PB,0.00019422494952217508,0.7833363896355718,0.0001521434707358518,-2.7851024725939157e-06,-0.0002443068745000975
WABC,0.0007304458326843306,0.6603341133945114,0.0004823383013083231,-2.799698775508827e-06,-0.00024558725006239323
IDCC,-0.00013545158277281427,0.9312930264909861,-0.00012614511446348853,-2.8363677300605833e-06,-0.0002488038202840922
KNSL,-0.0004920019960602957,0.5630428611608645,-0.0002770182115586453,-2.8390409210853982e-06,-0.0002490383103793905
UHT,0.00020694161238292753,0.3131089501651333,6.479527099869838e-05,-2.9157242731069093e-06,-0.00025576491029552143
CHRW,-0.0007201157919371423,0.7131296127788083,-0.0005135358958600391,-2.9270123754137885e-06,-0.0002567550932495664
IBKR,-0.00021703039753009562,1.7021094639072474,-0.00036940949359152785,-2.9433525807028726e-06,-0.0002581884424789569
SLNO,-9.046917252462424e-05,0.6699485986745797,-6.0609695356120796e-05,-3.0069565293576604e-06,-0.00026376772800062884
LH,0.0001040983861183138,0.6295658975855237,6.553679389378065e-05,-3.042513034640742e-06,-0.00026688671509691525
LIND,0.0005501976376765251,1.4751016861476058,0.0008115974630510716,-3.0998097961363773e-06,-0.00027191273940220377
LXP,0.0001653349688534187,0.6553928171659972,0.00010835935101289447,-3.1046652205129773e-06,-0.00027233865319370383
CTRE,-0.0002902301848774125,0.22846192375642332,-6.630654636927606e-05,-3.1092607201484826e-06,-0.0002727417666029103
WAB,-0.0002068234169332166,1.1265291633354222,-0.00023299261083594967,-3.1659021585777036e-06,-0.0002777103065133807
MD,-0.0003455078113264383,0.7982034299055188,-0.0002757855200599119,-3.1804059162429675e-06,-0.00027898256408328165
FN,-0.00012986496060563726,1.8696927262510767,-0.0002428075722392426,-3.228803489475118e-06,-0.00028322795898924505
LXU,9.9307025075164e-05,1.2546244470724741,0.00012459302142533995,-3.272988213198861e-06,-0.0002871038062371721
HOMB,0.000131657720199947,0.8635924235320482,0.00011369860966417652,-3.2772069262371214e-06,-0.0002874738682391746
LNN,0.00019578635066595782,0.8273447831921404,0.00016198281584370726,-3.2898097218019202e-06,-0.0002885793749933057
FCNCA,-0.0004091904326217262,1.2069779320770682,-0.000493883822191492,-3.3182410255907914e-06,-0.0002910733453355002
HOG,0.00043497931763248357,1.2174652633241778,0.0005295722094820028,-3.3381492643803744e-06,-0.0002928196794985498
BW,7.093622538406207e-05,2.9263748770059257,0.00020758598783354927,-3.341237268813045e-06,-0.0002930905566812789
CRWD,-0.00022599027019150643,1.534933978806356,-0.0003468801445965724,-3.391954800937082e-06,-0.000297539456453373
EPRT,0.0005499552413880886,0.4657432544900509,0.00025613794394794995,-3.4119887154807513e-06,-0.00029929681478913563
RBLX,-0.0009240582996263403,1.1916954158089799,-0.0011011960396049504,-3.423148964807358e-06,-0.0003002757825859958
RITM,-0.00036759905418719843,0.8021363219224139,-0.00029486455326787746,-3.446305635264464e-06,-0.00030230706647550216
BMY,-0.00016881369947648896,0.3241135075928713,-5.471480026705369e-05,-3.4549042271984924e-06,-0.00030306132781460026
ALX,0.00023752283137695442,0.4285512485655475,0.00010179070594941782,-3.4856995971174852e-06,-0.0003057626720732108
MGPI,6.806850115614803e-05,0.6254698455052754,4.257479490191157e-05,-3.492490617213188e-06,-0.00030635837471272744
TJX,-0.00047051374122611937,0.44548199523144516,-0.00020960540022522354,-3.50192797741951e-06,-0.00030718621210766204
ALK,0.00013626059925715415,1.8333766688702444,0.00024981700356434456,-3.516349168061454e-06,-0.00030845122696688984
MAR,0.00028536944313883205,1.1183498327452024,0.00031914286900490435,-3.518359937382081e-06,-0.0003086276099807635
IRDM,-0.0002830695468945562,0.9949726785848976,-0.0002816464652994899,-3.5950920233898567e-06,-0.00031535848480167196
CROX,5.923910311975168e-05,1.220374839109321,7.229391093874744e-05,-3.5985561009414396e-06,-0.0003156623508058786
SBAC,-0.0005247583065660056,0.09493924873839038,-4.982015939460652e-05,-3.665256189663127e-06,-0.0003215132271613536
MAC,0.00016444808360984548,1.353043980013041,0.00022250548955298266,-3.6712558286699783e-06,-0.0003220395105093869
JKHY,0.0003372951902265977,0.3986800445960017,0.00013447286148155684,-3.678400057547506e-06,-0.0003226661963297318
TXN,0.0010336341037708123,1.3681135727853149,0.001414128846662633,-3.764365822674881e-06,-0.0003302070418099048
LRCX,0.0010315937476908748,1.9795589324993805,0.0020421006179519837,-3.7822905604125764e-06,-0.0003317793849089549
PCOR,0.0007600182469728911,1.568741187137494,0.0011922719270024103,-3.794010950779443e-06,-0.00033280748781239433
MMYT,-0.00011243296022970687,1.0451497142718855,-0.00011750927625882041,-3.7973573868943157e-06,-0.0003331010344075318
PAYC,0.0014053016915915601,1.0620006074303079,0.001492431250093076,-3.862688529678476e-06,-0.000338831827962949
WLY,0.0002828901233166243,0.5542586368095516,0.00015679429411635814,-3.865850540246973e-06,-0.00033910919690241444
TNL,0.00019624289442970078,1.388908972437618,0.00027256351685053966,-3.886170579472605e-06,-0.00034089165385751166
OMC,0.000259035678111397,0.7193355816853495,0.00018633358019152073,-3.909773578594166e-06,-0.0003429620893265688
ASTE,8.869630787827891e-05,1.1432292308375636,0.00010140021183381652,-3.918408291696165e-06,-0.0003437195191845049
PFS,0.00013686892167956647,1.0124416946051777,0.00013857180300404362,-3.944303793078563e-06,-0.0003459910510468333
CMPR,4.684803970249754e-05,1.044068807196603,4.891257693168571e-05,-3.969374539730988e-06,-0.00034819023610961245
WEC,-0.0002700374836867324,0.11350465631433196,-3.0650511777849584e-05,-4.008110050564196e-06,-0.0003515880829310301
BCO,0.000488990075396714,0.9009038872669349,0.0004405330597598512,-4.0560612895809635e-06,-0.0003557943257705199
IBOC,0.0001970454693794552,0.8714136653112886,0.00017170811470493434,-4.073606991586805e-06,-0.0003573334201701471
URBN,0.0001286413374316784,1.3223877360413672,0.00017011372696761076,-4.076485444452208e-06,-0.00035758591566353105
NRIM,0.0001730974541744425,0.8182813337141682,0.00014164241566438994,-4.080813738549151e-06,-0.00035796559002494033
SBCF,0.0001878476289846355,1.033815801434201,0.00019419984710626538,-4.1053553735409495e-06,-0.0003601183618525364
HUM,-0.0002461132887398221,0.3990216354478887,-9.820452697842227e-05,-4.172568917685345e-06,-0.00036601427809101436
SHOO,5.662108900600128e-05,1.4795685147162523,8.377478056222604e-05,-4.1960019790586645e-06,-0.00036806980676201256
KMPR,-0.00023984822536229761,0.7372596427359336,-0.00017683041694145524,-4.203822508220971e-06,-0.0003687558170813386
SYBT,0.00035394031689332567,0.8790204409206336,0.0003111207734151599,-4.203995861295697e-06,-0.00036877102346899866
URGN,-0.0001206419579663432,1.1218864345128021,-0.00013534657607550411,-4.274448100831373e-06,-0.00037495103537587215
BKU,0.0002834204092315068,1.2561887101518325,0.00035602951830323107,-4.274975415824291e-06,-0.0003749972910088568
UDR,-0.0007765491705993647,0.6284680988118951,-0.00048803638088053676,-4.280195129927357e-06,-0.00037545515999244086
MIR,-0.0001108951444964114,1.4731528329947605,-0.0001633654962802518,-4.3146653750565494e-06,-0.0003784788612507009
FISI,0.00017323111601709037,0.9389680753775586,0.0001626584876020739,-4.319203811838384e-06,-0.0003788769691538021
WSBC,0.0001579091208138026,0.8800573567025222,0.00013896908346261433,-4.358942050006507e-06,-0.00038236277438378076
OSG,-0.00021096089511662584,0.8551353826061913,-0.00018040012576050042,-4.412940068384683e-06,-0.00038709943568403254
EGBN,0.0001384584374378419,0.943432562870816,0.00013062619848307173,-4.4647194329807295e-06,-0.0003916414785181978
MKTX,-0.0014571937548213897,-0.2453790179680141,0.0003575647725471957,-4.529406516232584e-06,-0.000397315775706649
ARVN,0.00017690929936469416,1.0552867950031148,0.0001866900475328147,-4.534912416947743e-06,-0.00039779874874202735
ASTS,4.177999461910758e-05,2.336664799151871,9.762584273522328e-05,-4.537839328623572e-06,-0.000398055495001993
STRT,-0.00022641188875991892,1.3788702691003512,-0.0003121926219819082,-4.58304199505815e-06,-0.00040202063533861294
AEO,4.191748112291553e-05,1.751779624704119,7.343018935004296e-05,-4.634585012420345e-06,-0.0004065419459898273
TEL,0.0008593330555690126,1.2361093346067287,0.0010622296115249791,-4.662483322754139e-06,-0.00040898916258905535
FDX,0.0002264537063972557,1.1279806390096465,0.00025543539644807937,-4.7095189130958145e-06,-0.0004131150854876622
UCB,0.0002533240834633307,1.09850828937962,0.0002782786055839635,-4.721297327709103e-06,-0.0004141482782297801
ANF,0.0001237809311896909,1.4379089521121373,0.00017798570905843303,-4.7472472928486195e-06,-0.000416424587607624
OSW,-0.0005357649768419392,1.4348213315534815,-0.0007687270174720714,-4.812246385971496e-06,-0.00042212625404268385
IART,4.706631378589785e-05,1.429594536297286,6.72857450319732e-05,-4.830531496030112e-06,-0.00042373020870225875
AMAT,0.0009882938528565375,1.6744222638240112,0.0016548212304233977,-4.875109500945252e-06,-0.00042764055424948194
GPRE,9.27236760798683e-05,1.7126844367105434,0.00015880639693658012,-4.899013712497418e-06,-0.00042973741182264686
IVT,0.0003061419830911795,0.5734341195836343,0.0001755522585414784,-4.982254292589931e-06,-0.0004370392063361667
HAE,0.0001889846940376025,0.7038290764434654,0.00013301292266643664,-5.006915766393349e-06,-0.00043920249032473305
Z,0.00013695212483462837,1.146102501214213,0.0001569611728195687,-5.026723197078835e-06,-0.00044093998168466195
APEI,-0.00032631495708219173,0.7835258252199861,-0.0002556761960294486,-5.081208799969161e-06,-0.00044571941349314095
TPC,0.00047182046690616224,1.736213319779086,0.0008191809791868663,-5.089986649840689e-06,-0.00044648939918955484
GXO,0.0006549383655717805,1.2415143203258494,0.0008131153597881718,-5.095025431822999e-06,-0.00044693139695785924
EWBC,0.0011520094803045638,1.2962409987819745,0.0014932819193562911,-5.098814898526857e-06,-0.0004472638058281079
SRRK,-7.29412536727576e-05,1.2863334734116483,-9.382677619187842e-05,-5.110235543951358e-06,-0.0004482656153542885
PECO,0.0009594163862106996,0.43817886204331497,0.00042039598033551394,-5.139975227252243e-06,-0.0004508743556600249
DASH,-0.0001477129767568772,1.3472185066866442,-0.00019900165596463908,-5.152121950123201e-06,-0.0004519398560964447
RJF,-0.001792694776367987,1.0349179046380352,-0.0018552919216143083,-5.179664382809938e-06,-0.00045435585540420416
LILAK,-0.0002349272284356158,0.7541961248961193,-0.00017718120531872686,-5.181441604216696e-06,-0.0004545117517891495
SFL,0.000512856732677926,0.7942761330565482,0.000407349862443439,-5.181620095922115e-06,-0.0004545274089332238
AGO,-0.0003157454053172667,0.6285419050271179,-0.0001984592185616743,-5.288931932610866e-06,-0.0004639407140723616
CWT,0.0002763097602410063,-0.002498372451589802,-6.903246930915133e-07,-5.359612126462288e-06,-0.00047014072194238426
CHE,-0.00027265808112424887,0.28042267987167485,-7.64595097975304e-05,-5.365957859324649e-06,-0.0004706973643558219
KMX,0.0002405837680927723,1.2805868795063184,0.00030808841684179506,-5.38493647207362e-06,-0.00047236215249510014
SFIX,0.00019954921335363265,1.9781503034544534,0.0003947383369495859,-5.407317991025968e-06,-0.00047432544073875327
KFY,0.0002156941146002102,0.8177703477172805,0.00017638825109718485,-5.410662651443342e-06,-0.0004746188315711817
XPO,0.0005174364624702168,1.603224971574072,0.0008295670578352017,-5.47718195128172e-06,-0.0004804538492760468
RSG,-0.00022695086403655984,0.270913508747707,-6.148405488946821e-05,-5.4952600181443346e-06,-0.00048203964227851956
TRST,0.00020933276370049706,0.7486541696888487,0.0001567178463968676,-5.49893440848277e-06,-0.0004823619567456209
SLVM,0.00011905247575772705,1.0157910885498855,0.00012093244394450042,-5.5048653653320565e-06,-0.0004828822153518669
BFH,0.00043808353340879736,1.5133863045056934,0.0006629896196903364,-5.568177748454599e-06,-0.0004884359249873386
FRME,0.0001928596796866552,0.838484175867962,0.0001617097895802242,-5.586552288633276e-06,-0.0004900477243827298
NMRK,0.0006122270659601876,1.3164613796198976,0.0008059732878945906,-5.59989750337852e-06,-0.0004912183555304256
AIT,0.00033519917526188286,1.281544927800461,0.0004295728028597637,-5.605681345566788e-06,-0.0004917257093608581
MTH,5.9851921196510085e-05,0.8946788605618641,5.354824865853212e-05,-5.6423031090710215e-06,-0.0004949381400230837
FULT,0.00045342606100357626,1.1241610603328083,0.0005097239215203089,-5.653959693053044e-06,-0.0004959606458834672
GSBC,0.00015482174696645695,0.7580192862055917,0.00011735787012461642,-5.67140086201657e-06,-0.0004974905707314885
ALKS,0.0003454466167478767,0.6193617774221812,0.00021395643055344395,-5.718813195318504e-06,-0.000501649541209499
DOCS,-0.0003583504531578592,1.2158146103988743,-0.0004356877165923826,-5.724443530100185e-06,-0.0005021434294977891
USB,0.001920845886177986,1.0566372236954955,0.002029637264318021,-5.740069414068751e-06,-0.0005035141190545385
ALLE,0.00018925289001404003,0.6970181230465156,0.00013191269417871482,-5.7614698352196515e-06,-0.0005053913462143324
CRGY,0.00021338126818744492,1.7848385965585454,0.00038085112324356176,-5.765018992077918e-06,-0.0005057026753046212
MCB,0.00018642874679355555,0.9817839219472075,0.00018303274619067988,-5.78308925931537e-06,-0.0005072877841304561
R,0.0005183867230202061,1.1937251227975771,0.0006188112545939292,-5.793703412916256e-06,-0.0005082188488640569
ETSY,0.0001996568742103237,1.021736412337149,0.0002039966983541056,-5.93947099122477e-06,-0.0005210054597016947
CCOI,0.00030817656862971754,1.0455237649650557,0.0003222059263077542,-6.012980020481208e-06,-0.0005274536106627079
TNET,0.0006387996710121734,0.785476016861648,0.0005017618211591731,-6.041747855477972e-06,-0.0005299771012428042
SIGI,-0.00020366575654963924,0.41703673992436524,-8.493610314569099e-05,-6.04930579272618e-06,-0.0005306400772176372
IDA,-0.0003309458501049136,0.23847977619838928,-7.892389226680549e-05,-6.058280060298827e-06,-0.0005314272925115717
FSK,0.00016858542759461752,0.7969594732774367,0.00013435575357805782,-6.108319323520627e-06,-0.0005358166950991971
MMI,0.0005225545300956219,0.8593899048062081,0.0004490780878749293,-6.176311950308133e-06,-0.0005417809518197179
HGV,0.00018924342901011762,1.4402682702661243,0.0002725613061596322,-6.204410449943333e-06,-0.0005442457288581098
SCL,0.00015279521334615067,1.005992462768038,0.00015371083297326192,-6.205459130217126e-06,-0.0005443377182202827
MMS,0.00011816049096594035,0.44510560783835423,5.259389715387325e-05,-6.226041378408986e-06,-0.0005461431759280042
WBS,0.0006485703382898668,1.4094920848456283,0.0009141547582852188,-6.2386638914701106e-06,-0.0005472504122845278
PRG,7.929186868149502e-05,1.1051849451972187,8.763217954334313e-05,-6.254050924698181e-06,-0.0005486001500528038
CHD,-0.0010138054834828466,0.07282173711130387,-7.382707640018617e-05,-6.297599588028458e-06,-0.0005524202026115768
HLI,-0.0015013986181656622,1.0096194399036784,-0.0015158412319445727,-6.429354957355705e-06,-0.0005639776741214012
ESE,0.0011055709141938124,0.972082112656354,0.001074705709960938,-6.44959021417413e-06,-0.0005657526940341916
EPAC,0.00034270373080221483,1.076634735691454,0.0003689667406327178,-6.492035641947435e-06,-0.000569475971686686
EEFT,0.00031159111875454857,1.1271644140621766,0.0003512144207979488,-6.502645332325141e-06,-0.0005704066449100583
GCO,5.7772513313148337e-05,1.9613415466277684,0.0001133116306141837,-6.579860900863453e-06,-0.0005771799304167757
CMC,0.0006091572721343148,1.2868467723009172,0.0007838920694696744,-6.653130437444591e-06,-0.0005836070732793278
KMT,0.0001208738867610783,1.0552141643959971,0.00012754783741588763,-6.6628347122203875e-06,-0.0005844583241984931
TDY,-0.0005538528059578497,0.8440617269260962,-0.00046748595585964666,-6.702885784353581e-06,-0.0005879715709639255
RLI,-0.0003346599986872861,0.3018830157887607,-0.00010102816966758063,-6.784561727825734e-06,-0.0005951361168533068
NTCT,-0.0007681852069864256,0.9529700733511912,-0.000732057513049154,-6.831371487814691e-06,-0.0005992422301010361
PNW,-0.0007513354944972915,0.2001792525905107,-0.00015040177773318958,-6.839109719832734e-06,-0.0005999210213832556
DAR,0.0002105083437623395,1.0046291778335843,0.00021148282432106866,-6.856484675041341e-06,-0.0006014451380157186
CL,-0.001778492802990742,0.04431644029224351,-7.881647011392403e-05,-6.873326327294085e-06,-0.0006029224737560633
ALDX,0.00020688102169823326,0.9497683732596545,0.00019648905143662628,-6.982055619058261e-06,-0.0006124601168765246
ADM,0.00019712357298630364,0.37837451639879965,7.458653659949613e-05,-7.0138237124610215e-06,-0.0006152467876308065
WH,0.00033709959571288364,1.1139696690252607,0.0003755187250648302,-7.025183275429647e-06,-0.0006162432390547166
MCS,-0.0007325036681367631,0.9362630473074498,-0.0006858161164936107,-7.061343643733911e-06,-0.0006194151965134163
CRNX,-0.0005902226496176938,1.0804320843629016,-0.0006376954875646395,-7.094814703933344e-06,-0.0006223512500999516
LZ,-0.0003292631669427644,1.1018998724699827,-0.0003628150416632947,-7.1134346353271655e-06,-0.0006239845750088173
MNKD,-0.00022434224382741322,0.5838695219529834,-0.00013098659865737138,-7.147972591801048e-06,-0.0006270142158499659
AVY,0.0006343824557695278,0.6068421376262483,0.0003849700055317691,-7.151473810162835e-06,-0.00062732133981518
PLD,0.00041433248825353006,0.87203857800164,0.00036131391387648955,-7.192128563375572e-06,-0.0006308875409832564
CALM,-0.0006108638091042257,0.3633916095905062,-0.0002219827828309723,-7.2021494821178136e-06,-0.0006317665676480298
LOPE,-0.00044688441423478947,0.6135072637901726,-0.00027416683420765977,-7.2739089962959634e-06,-0.0006380612526002072
CVBF,0.00018713694655170149,0.7940044197402664,0.00014858756265874898,-7.280792592333848e-06,-0.0006386650759244423
BOKF,0.001284966578809167,0.8894202173392218,0.0011428752537980856,-7.301153060800841e-06,-0.0006404510792989953
ICHR,7.438086955328441e-05,2.82264828782226,0.00020995103409130912,-7.370976913918983e-06,-0.0006465759696715064
LEA,0.00015817584060523089,1.0406009398552742,0.0001645979283962013,-7.434525383434271e-06,-0.000652150388609164
GVA,-0.0005298143073217071,0.8241251899622359,-0.0004366333166662123,-7.443419569989666e-06,-0.0006529305792628119
DDOG,-0.0001969581060666402,1.3019509422563413,-0.00025642979177848665,-7.484071495128164e-06,-0.000656496532354566
DXC,0.000745432465493264,1.342381931841604,0.0010006550730862975,-7.509030994581373e-06,-0.0006586859589054754
KIDS,0.00029177702546905943,1.0788817617370032,0.0003147929112724413,-7.5525560542292e-06,-0.0006625039409688382
BBWI,0.000998159264372092,1.7214994155332166,0.0017183305902256218,-7.663871888591127e-06,-0.0006722684734565798
FR,0.0005613719555999766,0.8152118172349859,0.00045763705206941475,-7.827390927586148e-06,-0.0006866122276743292
RVLV,0.0002814648666902776,1.699735373793968,0.00047841579039366837,-7.89236039475163e-06,-0.0006923112953450252
WRLD,0.0003312417580999322,1.3513073227629149,0.00044760941332530043,-7.892508688559232e-06,-0.0006923243035545973
ATR,0.0003552632135091507,0.6067269150229808,0.00021554775355355757,-8.013048237416502e-06,-0.0007028979326130442
WNC,5.215683714101824e-05,1.2222958231718177,6.375108418731933e-05,-8.033430443262042e-06,-0.0007046858427723798
ZION,0.00101487283234379,1.274337869787716,0.0012932908832744112,-8.057442146799841e-06,-0.0007067921294531995
NBN,0.0002704075699784614,0.9345506108900489,0.0002527095597126648,-8.078012421365283e-06,-0.0007085965368443615
LXRX,0.0004567659966861259,0.929757218599698,0.0004246814826298113,-8.107953372273415e-06,-0.000711222932177354
KEYS,-0.00044075858194335627,1.3817166735195703,-0.0006090034816679772,-8.115447330399503e-06,-0.0007118802959567607
TALO,0.00013932888334835855,1.5411923082429655,0.0002147326033325716,-8.140070544915483e-06,-0.0007140402238724262
BXC,7.16394597926317e-05,1.2345139092542108,8.843990956546162e-05,-8.146276595580872e-06,-0.0007145846134796202
COLL,-0.0005512311349312357,0.5230006566515101,-0.00028829424553579344,-8.340331343325654e-06,-0.0007316069346939911
HAYW,0.00024734452768644194,1.103545264733764,0.0002729558822861824,-8.368962587356598e-06,-0.0007341184436280717
ZWS,0.0014639648812597827,0.9306037450142858,0.001362371201069748,-8.388643097813043e-06,-0.0007358448016509787
EQIX,-0.00046281872426994614,0.7456372322341116,-0.0003450948725907651,-8.41412887511735e-06,-0.0007380803928576542
TNK,-0.0009279658284449129,0.49473669375958407,-0.0004590987458867096,-8.475936219012808e-06,-0.0007435020817028004
ALSN,0.0009682623577787899,1.0741988679728758,0.0010401063286267238,-8.58586883914283e-06,-0.0007531452797875583
GHM,0.0001874654312658995,1.5680142833222086,0.00029394847385408817,-8.615835772805489e-06,-0.0007557739543061865
SNX,0.0008449827926976654,1.0908713406082684,0.0009217675118610208,-8.630008176191061e-06,-0.0007570171457540255
DVN,0.0004420572221555081,1.2987656407979131,0.000574128731402144,-8.658174249645599e-06,-0.0007594878503116964
FG,-0.00021946509630543546,0.8400793627582853,-0.00018436809825195594,-8.674377761037897e-06,-0.0007609092088660522
CNP,-0.0005660920571667751,0.17424123535991218,-9.863657936817293e-05,-8.760619992501919e-06,-0.0007684743057435348
PSA,0.0003192765069585029,0.46343108366776653,0.0001479626576094382,-8.779494987593042e-06,-0.0007701300046279719
OMCL,0.0003980684857164406,0.9519443634452677,0.0003789390512429587,-8.810940866350128e-06,-0.0007728884109812928
XNCR,0.00019284458233997056,1.436223387844197,0.00027696789937571174,-8.887304340336476e-06,-0.000779586951461995
PRI,-0.00078128282622852,0.8787139058258934,-0.0006865240837899555,-9.029247136408524e-06,-0.0007920380555802107
FCN,-0.0009120548689726286,0.3463310869697029,-0.0003158729541473004,-9.089786845812021e-06,-0.0007973485485811155
BSX,-0.00016789209033554113,0.6620058298371964,-0.00011114554258568144,-9.164589960231838e-06,-0.0008039102156172867
MOG/A,0.0008019710558870486,1.1862480360611598,0.000951336590023906,-9.22158853975784e-06,-0.0008089100836479856
WD,0.00018406141573408847,0.9731406991569336,0.00017911765479528588,-9.243288770555207e-06,-0.0008108136098608284
WTW,-0.0003299734803294462,0.37492369342304244,-0.00012371487597677162,-9.255874473498461e-06,-0.0008119176172644013
PGEN,-0.00023996115351549853,1.7489335871066725,-0.00041967612098411575,-9.282186235821143e-06,-0.0008142256631905022
NTB,-0.0004295893971177775,0.5788561754219956,-0.00024867047541743756,-9.312487601297827e-06,-0.0008168836737899468
BWA,0.00044470533031364985,0.9496017027188838,0.00042229293887400556,-9.37739622364097e-06,-0.0008225774042033888
NFLX,-0.0001439634668336034,0.7793518339303257,-0.00011219819189573643,-9.39461894081151e-06,-0.0008240881666416608
VRTX,-0.0009016779593513994,0.4395380902848044,-0.00039632180830521355,-9.41787746530123e-06,-0.0008261283850822682
WFRD,0.00014323745220636965,1.7859239175432076,0.00025581119178330765,-9.422885736142277e-06,-0.0008265677064386156
UVV,-0.0011110741319079718,0.16825445880171172,-0.00018694317675275747,-9.514943501070104e-06,-0.0008346429370788856
GLPI,0.0017855426599985927,0.34004966701931805,0.0006071731869813088,-9.563111051331093e-06,-0.0008388681545609658
DOW,0.00020502196797714836,1.531556433333513,0.00031400271403009906,-9.595608781956799e-06,-0.0008417188284861222
CABO,0.0003304517307227557,0.7765567147605612,0.0002566145103970048,-9.672326683248224e-06,-0.0008484484590354998
IPI,-0.0003411674919029064,0.9012928756420113,-0.0003074918298527431,-9.67594805084479e-06,-0.0008487661223917459
GTY,0.0007410574221723576,0.22801933888239326,0.00016897542347763157,-9.688263752980137e-06,-0.0008498464455488175
CWH,0.00014286800335816733,1.7823372879572972,0.00025463896964126996,-9.695374659410675e-06,-0.000850470208351803
GIC,0.00024891629567494813,0.7050370393443143,0.00017549520814721936,-9.703612589517436e-06,-0.0008511928327351202
RF,0.000977930027602435,1.1136440523400117,0.0010890659588441553,-9.707539060748271e-06,-0.0008515372595286257
LYTS,0.00022354943182851484,1.1611391524640187,0.0002595719978071746,-9.73030390381204e-06,-0.0008535341726447936
APH,-0.0007291674229167363,1.2969055387392134,-0.0009456612694489138,-9.75740357494656e-06,-0.0008559113332771236
ALV,0.0009255353233769857,0.9843016809007333,0.0009110059745329708,-9.763024737962866e-06,-0.0008564044170257766
AME,-0.000609002205609034,0.841105145596309,-0.0005122348888172599,-9.791895479350161e-06,-0.0008589369344689361
HQY,-0.0005214965751392822,1.0204577027257309,-0.0005321651970459684,-9.798497215441893e-06,-0.0008595160332729177
ODC,0.00017487659260707682,0.4814523196397323,8.41947411613696e-05,-9.83607841394735e-06,-0.0008628126247761685
DINO,0.00032359485135519394,1.0906874812846743,0.00035294085338128506,-9.842713908363837e-06,-0.0008633946848323449
USLM,0.0003236058556434441,1.1771959101519431,0.0003809474897646825,-9.854830877118383e-06,-0.0008644575752623984
ONTO,0.00019734285355948292,2.3119465399501253,0.0004562461274707308,-9.857600042925252e-06,-0.0008647004841858243
SYF,-0.001427692331611906,1.620839386724169,-0.0023140599632006406,-9.963296449653587e-06,-0.0008739720851512426
CLBK,0.00038205274461922605,0.7841866987824583,0.0002996006805637285,-9.983476688691308e-06,-0.000875742278950029
PRMB,-0.0004577386684085271,0.4342135452741883,-0.00019875633001875266,-9.987278241653153e-06,-0.0008760757480167847
NEE,-0.0010168051585207844,0.38403351511775946,-0.00039048725921660745,-9.995524735482994e-06,-0.000876799123602774
MANU,0.0007727652051759907,0.733309882062264,0.000566676361469427,-1.0007725937338902e-05,-0.000877869402890482
PAR,0.0003973645803146849,1.4225006307265449,0.000565251366126028,-1.0021711973750748e-05,-0.000879096246382255
ORA,-0.0004582794218171109,0.51837165548233,-0.0002375590625608208,-1.010838285400247e-05,-0.0008866989439751912
SD,0.00057950464061037,0.8739662147762894,0.000506467477199539,-1.018852475836727e-05,-0.0008937289252288485
XPRO,9.88287411321952e-05,1.7564521489426594,0.00017358795473894207,-1.0271303335199878e-05,-0.0009009901932003303
KBH,0.00011359605981829005,0.6931385397460654,7.873780702335627e-05,-1.0367404116746803e-05,-0.000909420073898716
DIOD,0.00020358543866527706,1.738776196053099,0.00035398951461421195,-1.0381800809913901e-05,-0.0009106829398598075
G,-0.00046141728790170176,0.6286860037201771,-0.00029008659077832334,-1.0414828905553771e-05,-0.0009135801369632778
DCO,0.0007496335873803637,0.8854462052448415,0.0006637602152700203,-1.04256528219508e-05,-0.0009145296019150451
ZTS,0.0006358265673044006,0.6480028165176093,0.0004120174064299749,-1.0441141740933073e-05,-0.0009158882770170136
PFGC,0.0005684122845045861,0.7966762527209189,0.00045284056881965054,-1.0457116390160081e-05,-0.0009172895599724128
GSM,0.00023099584580928132,0.9557537750802522,0.00022077515166007646,-1.0522178093865834e-05,-0.0009229967185557735
ETR,-0.0002252019873966134,0.490876835297464,-0.00011054643887594896,-1.053491711857582e-05,-0.0009241141752173152
GTES,0.00037772420716504685,1.5964869765594099,0.0006030317774702259,-1.064004105970716e-05,-0.000933335559976279
CNK,-0.00045631445182161857,0.28374725508089443,-0.00012947797315812732,-1.0655083934741213e-05,-0.0009346551084737683
GSHD,-0.00026239805851601783,0.9221996212711593,-0.00024198339018575914,-1.0698139887629009e-05,-0.0009384319408819648
CI,-0.0010466168489794664,0.1975504921737019,-0.00020675967363318262,-1.0722918708875727e-05,-0.0009406055184907428
RUSHB,0.000680025559458296,0.9933640911977668,0.0006755129718625431,-1.077109801903001e-05,-0.0009448317675408904
SMPL,0.0005289732844623959,0.4635732869086876,0.0002452178841651171,-1.0844243018515028e-05,-0.0009512479861128602
EMR,0.00045256611613642025,1.30053043683699,0.0005885760087165187,-1.099474845731987e-05,-0.0009644501981361152
ENPH,0.0004654436496135122,1.2051077792651836,0.0005609097629588219,-1.0996858250389842e-05,-0.0009646352674309935
NTNX,-0.00038524604077991786,1.2054450461570951,-0.00046439293140978626,-1.1024474662690199e-05,-0.0009670577561689832
MSFT,-0.0006559243565089234,0.8560523730555635,-0.0005615056019344073,-1.1040427263224708e-05,-0.0009684571050313987
CBZ,0.0005551304440832801,0.7390087352052408,0.00041024624735590845,-1.1285501859627084e-05,-0.000989954844972965
NKE,0.0002537052075929691,1.0833370768085024,0.0002748482579648614,-1.1310710460123148e-05,-0.0009921661224603527
BLBD,0.00032199621008958913,0.8588075500207119,0.00027653277630299445,-1.1319436753918077e-05,-0.00099293158570057
ABM,0.0005113441127387643,0.7173892030904142,0.00036683274554263705,-1.1546390791643285e-05,-0.001012839805293001
FCX,-0.000598277453120191,1.6689100828963914,-0.00099847127388186,-1.1587537901900862e-05,-0.0010164491956119062
PINS,0.00018400948086149334,1.4353023526996838,0.0002641092407995488,-1.1678395625219153e-05,-0.001024419159599412
UFPT,0.00035270179767063795,0.9142439260160168,0.00032245547621531087,-1.1788904161456005e-05,-0.0010341128765664798
NBIX,-0.0003781493484476858,0.8708533490682835,-0.0003293126265436565,-1.1870346719620577e-05,-0.0010412569500906211
CRI,0.00012527680984886243,1.3978979924701482,0.00017512420099078928,-1.2036595632844912e-05,-0.0010558401666072644
RBCAA,0.0004946595316727006,0.6348289795884452,0.0003140242057354787,-1.2043198300142723e-05,-0.0010564193470958695
MSM,0.0005944253147891212,0.8452125767685961,0.000502415752009397,-1.2080671928893007e-05,-0.001059706502669586
PLXS,0.0005210718364525549,1.3338302766483847,0.0006950213917691932,-1.2134968832219876e-05,-0.0010644693819091664
HALO,-0.00040303514372942847,0.5458479811565902,-0.00021999591953986467,-1.225159120151675e-05,-0.0010746993992317173
TDC,-0.00030680747413303755,1.3059651729461292,-0.0004006798760173175,-1.229738519230618e-05,-0.0010787164100493594
HBNC,0.0005336209523147674,0.9542453729401251,0.0005092053246502699,-1.2320559872423959e-05,-0.0010807492737313342
EME,-0.0007498429372543905,1.3655436301482282,-0.0010239432465793707,-1.2535469174714398e-05,-0.0010996009391404974
RILY,0.00042708850486464044,1.3482268251656375,0.0005758121789783931,-1.2583450083053665e-05,-0.001103809784548302
PCAR,0.00038973780336552615,0.9133980239554637,0.0003559857394548146,-1.2587479385515808e-05,-0.001104163231611966
FBP,0.0009374002945867697,0.9250478122732101,0.000867140091731754,-1.2825443727322035e-05,-0.0011250372659289177
DTE,-0.0005628999412830974,0.2787197069874816,-0.00015689130669769552,-1.2909678042975959e-05,-0.0011324262301000989
BC,0.00022611906733355588,1.5970790190651596,0.0003611300182490042,-1.2947382164514505e-05,-0.0011357336043096643
KTB,0.000239141971484391,1.315362462102241,0.0003145583724036925,-1.3098354918199352e-05,-0.0011489768088058588
HPP,0.00047700127239445677,1.4312338437485341,0.00068270036456206,-1.3206376105868724e-05,-0.0011584523376235523
SRCE,0.000908384804642575,0.7407029659612621,0.0006728433190328969,-1.3272303213025259e-05,-0.001164235408678473
CNM,0.00028834368753502093,1.0735100951970544,0.00030953985945519,-1.3277323816054437e-05,-0.001164675811804115
FDS,-0.0004494939738343964,0.5890969255378662,-0.000264795518033641,-1.330534077858933e-05,-0.0011671334364758246
AA,0.0008908862417425953,1.7997940929137493,0.0016034117953464533,-1.3316650858287609e-05,-0.0011681255472683802
HLIO,0.0002028954228224713,1.4481831280149704,0.0002938297280829665,-1.3330902988226006e-05,-0.001169375732263181
VCEL,0.00022568688062246412,1.2396519553168392,0.00027977318285299574,-1.3336237600210867e-05,-0.001169843679993477
INTC,0.00041596773219743023,1.5533998505329945,0.0006461642130220368,-1.354325981458797e-05,-0.0011880034966049835
ARR,0.0017365072831587681,0.714626638804255,0.0012409543630228592,-1.3613862598838541e-05,-0.0011941967141691461
PRM,-0.0007578737192008297,1.0282011970901108,-0.0007792466653254276,-1.3686678178361949e-05,-0.0012005840362958287
SPGI,-0.000429443368870712,0.772781178609359,-0.00033186575274188253,-1.3975215239068787e-05,-0.001225894267489254
HUBG,0.00027169295807519,1.1929397619470028,0.0003241133327288942,-1.4077258446753544e-05,-0.001234845412870346
ALNT,0.0003620452100371567,1.2362198500835742,0.00044756747527560994,-1.4088307722255024e-05,-0.0012358146461354845
TRU,0.0005513724125465443,1.6646120780167586,0.0009178211774102166,-1.408931751031885e-05,-0.0012359032239053183
TXT,0.001033867575849875,1.0298844678596784,0.0010647641581915243,-1.4122778577289946e-05,-0.0012388384008941683
PANW,-0.001710773620887217,1.1717883556061788,-0.0020046646080338604,-1.4123526239529387e-05,-0.0012389039852045113
RIG,0.0004484137419042822,1.7172894987351788,0.0007700562100607706,-1.428245620365685e-05,-0.0012528451895883596
CMI,0.001408592040877666,1.2791488162207538,0.0018017988416266421,-1.4295848317637527e-05,-0.0012540199346980146
PKE,0.00033656696132185025,0.8100460623246466,0.0002726347417273364,-1.4331745185661384e-05,-0.0012571687781310836
MDT,-0.0018223436838797496,0.45141138469063546,-0.0008226266857223914,-1.4530982570300234e-05,-0.0012746457159470762
AEIS,0.0007448829556236031,2.0200393844549063,0.0015046929071688545,-1.456511046232139e-05,-0.0012776393862751916
OII,0.0004118395137199876,1.497505462394494,0.0006167319214255736,-1.4608633083211676e-05,-0.0012814571544127694
MATV,0.0003771307136920448,1.797418179200171,0.0006778616007248162,-1.4633448763878816e-05,-0.0012836339652992769
VRSK,-0.0013770056740910362,0.27297979373067927,-0.000375894724879346,-1.4678100533834838e-05,-0.0012875507814545883
SITE,0.0002156533182145024,1.12155302762019,0.00024186663195981543,-1.4757930268343345e-05,-0.001294553379427862
ENS,0.0006679181919600755,1.2163225314090094,0.0008124039460190078,-1.4792330393288288e-05,-0.001297570929801829
FLG,0.001056568885715331,0.9582747365410518,0.0010124832705963316,-1.4839798745656632e-05,-0.0013017348142257935
SAFE,0.0002911752116805512,0.7285145611851757,0.0002121253815654574,-1.487844724284643e-05,-0.001305125028282719
LGIH,0.00013593369137694316,1.0764105013933123,0.00014632045289129917,-1.4925402881221416e-05,-0.001309243937861247
BHB,0.0008232250669999983,0.8129285853739234,0.000669223189160662,-1.500745195345433e-05,-0.0013164412142954555
GRBK,0.00020610847369355155,0.7629372793025172,0.00015724783816095265,-1.51307461322933e-05,-0.0013272564772068237
NPKI,0.0008134240037309798,1.377334965529634,0.001120357322139786,-1.514139157159328e-05,-0.0013281902862959508
CLF,0.00039431219876198833,2.0839550789949155,0.0008217289093196982,-1.5158583751176066e-05,-0.0013296983700024018
SSNC,-0.0008984104909329357,0.8474244063344967,-0.0007613349769235267,-1.526599420791235e-05,-0.0013391203260101569
CASS,0.0014348566936069444,0.6226857367915722,0.0008934647974489595,-1.5308190203377404e-05,-0.0013428217236678473
TTC,0.0005841114449777152,0.8406348347117814,0.0004910244280021014,-1.5332983310815806e-05,-0.0013449965544494883
DAL,0.000571492948420072,1.9638830692554339,0.0011223453256010484,-1.553212937542877e-05,-0.0013624654817486963
WGS,-0.0006747837606893958,1.702491375705998,-0.0011488135330401563,-1.5560553946683097e-05,-0.0013649588615185552
MYE,0.0003811678112948309,1.1296174816555296,0.000430573823083017,-1.558430425457256e-05,-0.0013670422187903204
MSGS,-0.0009448960936660245,0.6587317016575643,-0.0006224330116702056,-1.587451967294155e-05,-0.0013924996741231693
WGO,0.0002435282539411628,1.3639591172430412,0.0003321625822693276,-1.590120947488262e-05,-0.0013948408813704474
SYK,-0.0015393204355150262,0.701596582828224,-0.001079981957434996,-1.5913027472057837e-05,-0.0013958775462620048
IFF,0.0008200717680721298,0.778985727366511,0.0006388242027444087,-1.616658288129636e-05,-0.0014181192160580768
ANET,-0.000462742566543337,1.6182868296030894,-0.0007488502009338135,-1.620434744193149e-05,-0.00142143189193497
TFC,-0.001742601914267053,1.1291914089031256,-0.0019677311107284975,-1.621416474313501e-05,-0.0014222930574384514
MSEX,0.0005775201111635062,-0.11943542438577846,-6.897635956813532e-05,-1.641479333860973e-05,-0.0014398920311128824
GMED,0.000964959863516018,1.0947442236771205,0.0010563842366644234,-1.652067454676143e-05,-0.0014491798427055896
HZO,0.0003523016173345176,1.7765538879100728,0.000625882807992644,-1.6553378613342306e-05,-0.0014520486162492704
APOG,0.0002630917983710058,0.8145924790636855,0.00021431260025636092,-1.6711775830366706e-05,-0.0014659430884999462
GDDY,-0.0006499121904631959,0.7595848448963475,-0.0004936634503892321,-1.6896449599978035e-05,-0.0014821425181079616
COF,-0.0008741037627706965,1.5102864385109511,-0.0013201470587639766,-1.692479420142331e-05,-0.001484628882992625
CEVA,0.0008907700257227831,2.279950386794667,0.0020309114646917545,-1.7124985291204254e-05,-0.0015021894790311612
ZBH,0.0005844031928149806,0.3540470778727505,0.00020690624271564947,-1.7233452835964594e-05,-0.0015117041619219557
RYAN,-0.0004322712562331742,0.4565623817385133,-0.00019735879430291718,-1.7280069004773714e-05,-0.0015157932935122623
GKOS,-0.0003922852289961111,1.4726087519706017,-0.0005776826614884649,-1.7362731276109295e-05,-0.0015230443592621937
ASAN,0.0006086763042186021,1.7473542869013774,0.0010635731495116612,-1.7412437196012783e-05,-0.001527404521250942
SHEN,0.00033320894237293824,0.5782408261962408,0.0001926750141337034,-1.7431221557397323e-05,-0.0015290522698219536
SJM,0.0013737591071103163,0.22747063776977033,0.0003124898602364139,-1.7568854029094858e-05,-0.0015411252758678788
ARMK,0.0022035193457948564,0.8907994260894939,0.001962893768611155,-1.7629438880734083e-05,-0.0015464397287081888
TDS,-0.0004943622816913101,0.7967693702572775,-0.00039389272386213594,-1.764796888411564e-05,-0.001548065165206548
OSK,0.0003862142839472915,1.3565293373423082,0.0005239110066751533,-1.772728622243586e-05,-0.001555022816211982
GEO,-0.0005705680514125128,0.9451176389557541,-0.0005392539296145794,-1.775299370393877e-05,-0.0015572778551267246
IDXX,0.0005130966127419151,1.0026716699963916,0.0005144674375674278,-1.7927820758791196e-05,-0.001572613539098623
OLN,0.0003358506760958132,1.9317508447452314,0.0006487798272563442,-1.8025524536150498e-05,-0.001581184033257595
EMN,0.00034163363086920886,1.305702370244772,0.00044607184158125356,-1.8192257768480617e-05,-0.0015958097338437326
TLRY,0.00020093964543362695,1.6298905029224255,0.0003275096197528681,-1.8223001990059476e-05,-0.0015985065914124502
SWK,0.0002298171791787833,1.7010578631890902,0.0003909323197380054,-1.826176533890627e-05,-0.0016019068801612867
MGM,0.0005408168174398879,1.4484756560215688,0.0007833599944287385,-1.8342606123763907e-05,-0.001608998166631012
COST,-0.0008024252847243,0.4858782629105085,-0.00038988100345731307,-1.837492727276927e-05,-0.00161183335096317
USNA,0.0006173802936285381,0.8709309914227331,0.0005376956312147607,-1.862993800944831e-05,-0.0016342026808729593
NFG,-0.0005678615332975312,0.2978861821463528,-0.00016915810414177556,-1.8643793226422922e-05,-0.0016354180489924078
ECPG,0.0003088679600085546,1.5542703425158404,0.000480064309994665,-1.8970858484651673e-05,-0.0016641079416558596
FCBC,0.0005893432794978036,0.65434961372865,0.00038563654729296357,-1.9056722982624918e-05,-0.0016716399040654245
TNC,0.0003738103710105257,0.8936781603193619,0.0003340661646729847,-1.9105243412880798e-05,-0.0016758960758874164
FRT,0.0010097282604875388,0.7626044260624811,0.000770023240568167,-1.9245653773398848e-05,-0.0016882127560322758
AVGO,0.0008654785479607949,1.789851065335468,0.0015490777010926228,-1.9267137646001334e-05,-0.0016900973034840554
AMRX,-0.0011443625735598256,0.8904614035897443,-0.0010190107034676545,-1.927474100709898e-05,-0.001690764264001214
CYD,-0.00035333457779467936,0.5921697637237354,-0.0002092340534481011,-1.9413475227768747e-05,-0.0017029339145514398
CATY,0.000753550141057288,0.9813528790234017,0.00073949860041506,-1.957881549793905e-05,-0.0017174374256544577
CEG,-0.0004137211463617808,1.7762169048382432,-0.0007348584940568521,-1.959519891309188e-05,-0.001718874565217189
JXN,-0.0012821345178690882,1.4066314880328843,-0.0018034907847285203,-1.9624236017106514e-05,-0.0017214216758517729
IPAR,0.0009873463433786108,0.8173111989136082,0.0008069692236497394,-1.98282448028745e-05,-0.0017393171570098205
MQ,-0.0005169102025144503,0.7271145152508534,-0.000375852911329515,-2.032172230261455e-05,-0.0017826045932115237
TRS,0.0006404854071933188,0.8857731081160187,0.0005673247498325798,-2.0813565493315794e-05,-0.001825748669182439
VSH,0.00028658102198510254,2.2152478936601585,0.000634848005315474,-2.0923563303949868e-05,-0.0018353975857240397
PII,0.00023197214089488682,1.5222400442073052,0.00035311728201069573,-2.0947930531309746e-05,-0.001837535058659095
WT,0.0007975186135021388,1.207553021885024,0.0009630460117440622,-2.099330261984013e-05,-0.0018415150605611706
INTA,-0.0004876551009035412,1.4863537867485856,-0.0007248280058552421,-2.114115800182268e-05,-0.0018544848118021485
CHTR,-0.0012381805053273953,0.7727171724486362,-0.0009567633390576085,-2.1145393907667364e-05,-0.0018548563819428432
LRN,0.0012188756287707487,0.5329375205463893,0.000649584555451504,-2.116186907642828e-05,-0.0018563015700558295
JBL,-0.0009026326484564162,1.46556137255711,-0.0013228635431866446,-2.1165943859479393e-05,-0.0018566590066389638
KRO,0.00032527394470379815,1.3907156496514501,0.0004523635653234325,-2.1345466418861754e-05,-0.001872406576366305
DSGR,0.0005657958136751635,1.0440379530840525,0.0005907123031729436,-2.1357538140147314e-05,-0.0018734654977259793
ACGL,-0.0005093238193550877,0.4455481031750495,-0.00022692826161553088,-2.1395577562441948e-05,-0.0018768022842392366
AIR,0.0005589995249922961,1.2399984164878501,0.0006931585258079076,-2.1502703561580535e-05,-0.0018861992878629035
UFPI,0.0002778582783156182,0.7824553939515503,0.00021741170862214654,-2.1631006941059367e-05,-0.0018974539536917984
LECO,0.0004815205457006903,1.1401846472394193,0.0005490223335382742,-2.1712698722365833e-05,-0.0019046198888628444
MKSI,0.00038946752731021215,2.5419016319604997,0.0009899881432654488,-2.1830462710003938e-05,-0.0019149500479976134
MSCI,-0.0011488715806703136,0.8128152402123832,-0.0009338203298157213,-2.1938142273390696e-05,-0.0019243956098171228
HSIC,0.0016386116587006603,0.5966862869486338,0.000977737106380839,-2.1947270943388326e-05,-0.0019251963691634697
ENTA,-0.0005134194946630102,0.941843243380095,-0.0004835606820679789,-2.216615157670386e-05,-0.0019443963964300129
ELV,-0.00045982190095304894,0.1897242480896145,-8.72393644134544e-05,-2.2197379623647958e-05,-0.0019471356947577147
NET,-0.0005664693566352533,1.666900639531651,-0.0009442481328503867,-2.2283582044337325e-05,-0.001954697299467127
KNSA,-0.0004645755521791465,0.5228689938492694,-0.0002429121515348791,-2.2289854211478244e-05,-0.0019552474887566122
HRL,0.0006429256752121023,0.08307633185183072,5.341190674998295e-05,-2.238210264854353e-05,-0.0019633394449983335
IP,0.0005390759256188545,1.1357960934788167,0.0006122803304063722,-2.2470859049301112e-05,-0.001971125082716994
WTS,0.001130269636575303,0.9647881200560794,0.0010904707178279547,-2.2595213168180003e-05,-0.001982033322687863
SFNC,0.001051567101209057,0.870094285668623,0.000914962525759119,-2.2620515413599784e-05,-0.0019842528146301413
SNEX,-0.0006958848028017641,1.0512851749244938,-0.0007315733766407494,-2.275396667034134e-05,-0.0019959590479746814
FCFS,-0.0011027563326262283,0.3577690337525523,-0.0003945320675881939,-2.284800610264952e-05,-0.0020042081088308076
ENTG,0.00040633592695957596,2.4267738889656556,0.0009860854176941547,-2.2915415992930458e-05,-0.002010121248389221
TROX,0.00036051574816902673,2.25923721438908,0.000814490594636787,-2.3016880834737876e-05,-0.0020190216599961703
TARS,-0.001126083175889317,0.5637783552870603,-0.0006348613208193085,-2.3081623560902303e-05,-0.0020247008381346736
FTNT,-0.0007443670289629007,1.2190661735261676,-0.0009074326656968453,-2.3332514792831762e-05,-0.002046708808511102
MLKN,0.00033805971986270686,1.1957819298805674,0.0004042457042323116,-2.3356168409901247e-05,-0.0020487836841444882
OPCH,-0.0007073264269646885,0.3633556663314051,-0.00025701106518356636,-2.341533535022252e-05,-0.0020539737589822596
ED,-0.0015357262605143072,-0.17151136338899825,0.00026339450473309675,-2.377991193097572e-05,-0.0020859541136859744
PFG,-0.001921169841688179,1.1317876727633414,-0.002174356344107381,-2.3787265767631976e-05,-0.002086599186126487
KWR,0.00040896507956021374,1.3687220452747266,0.0005597595201415971,-2.3891219105274592e-05,-0.002095717886520181
WERN,0.0003439994186443483,0.8529901092313354,0.00029342810168495856,-2.3894281011837767e-05,-0.0020959864744194852
MSI,-0.0014296501219803082,0.5304713002020579,-0.0007583883590409247,-2.395248365852481e-05,-0.0021010919622209815
CACC,0.001070323642134118,1.1984018780239527,0.001282677862826964,-2.4066800755772213e-05,-0.002111119762995014
BR,-0.0015660199924778,0.6097456205279023,-0.000954873832072477,-2.4215351567915487e-05,-0.002124150516791794
COP,0.0018158484698394327,1.0276181999870497,0.0018659989360256363,-2.4356289439044423e-05,-0.0021365134697290834
MOV,0.0008640224591975523,1.0652981853687769,0.0009204415579010204,-2.4454906491112916e-05,-0.002145164075586622
EXPD,0.0008788433902392071,0.7805292149795812,0.000685962941473402,-2.459116944205427e-05,-0.002157116948409875
REPL,-0.00010425539852383384,0.7730995001177051,-8.059979648334807e-05,-2.4835752277106987e-05,-0.0021785715514544986
BKE,0.0005703091151420419,0.8828113829352003,0.0005034753786390964,-2.5007735410306914e-05,-0.002193657768982314
SPG,-0.001773411505791929,0.8961680477961519,-0.0015892747270847872,-2.5097094565268228e-05,-0.002201496279798843
ACLX,0.0008104662993168255,0.8774516552991798,0.000711144995899749,-2.5444459642773122e-05,-0.0022319668557402254
LAUR,-0.0008084150060479563,0.7143873692834907,-0.0005775214694598967,-2.5498761007576253e-05,-0.0022367301263367958
TDG,-0.0019894075673258316,0.6787424415003832,-0.0013502953493860729,-2.5509600206587592e-05,-0.002237680931866791
HLMN,0.00041540611090076237,1.0622877404218345,0.00044128081890619286,-2.587335918305956e-05,-0.002269589567002378
NBR,0.00029202925180767055,2.2445579014549204,0.0006554765646008755,-2.5874688055023635e-05,-0.0022697061345467854
CBT,0.0005794090911806861,0.874714278370291,0.0005068174050733,-2.6512394648833903e-05,-0.00232564522702721
TMUS,-0.0007404425911160411,0.24671150359752453,-0.00018267570498188557,-2.6536807713065704e-05,-0.00232778672073458
BEN,0.0013495445734118307,1.1057752479547258,0.0014922929852904216,-2.6723878815930585e-05,-0.0023441964424234345
CNS,0.0005514091158738176,0.9780558171369794,0.000539308893402746,-2.6893134959853306e-05,-0.0023590434507179577
PAG,0.0014901398222000953,0.7886460096853023,0.001175192824651271,-2.7139499063958195e-05,-0.0023806543052036187
SLP,0.00043718621422118213,0.7392531779881486,0.0003231912982356164,-2.740446701824139e-05,-0.0024038970739672836
ATKR,0.0004884263404715102,1.4182750801293529,0.0006927229071695177,-2.749137037700209e-05,-0.0024115201643818396
RRR,0.0014215770674631523,1.1392357373562536,0.001619511398660125,-2.8516547450389962e-05,-0.0025014478453462257
LVS,-0.0005054094464060178,1.0902257649291567,-0.0005510104003104224,-2.860262914032653e-05,-0.0025089988596543288
RYAM,0.00041548441580556666,1.3674045473910998,0.0005681352795426665,-2.8748793798160748e-05,-0.0025218203019779914
ALB,0.0014101196910641933,1.729385278253271,0.0024386402343014664,-3.0565603072472734e-05,-0.002681189301767993
IBRX,0.00047604681813705495,1.6305531902977968,0.00077621965804449,-3.0672954997013016e-05,-0.002690606123380154
ICE,-0.001406953609716132,0.45362960660911494,-0.0006382358124928032,-3.072507580718119e-05,-0.002695178117536168
CINF,-0.0007584018243878578,0.6671913438281816,-0.0005059991323750795,-3.093834965282865e-05,-0.00271388632204766
OEC,0.0004606252139953079,1.266078883155241,0.0005831878564883233,-3.128476757531703e-05,-0.0027442738143380707
AIZ,-0.0008010938664950129,0.6880110852543485,-0.000551161460477836,-3.147123948288881e-05,-0.00276063097511374
LCII,0.0011747303160717319,0.9849600795637417,0.0011570624655839524,-3.151263657345226e-05,-0.0027642622934973453
CRK,-0.0003623153518938335,1.1048296538032878,-0.0004002967448004805,-3.172278901448493e-05,-0.002782696690989887
THO,0.000511437716288209,1.1185995842934011,0.0005720940168319569,-3.2032059168691317e-05,-0.002809825611916073
WRB,-0.0008214587780868757,0.25166838070360503,-0.00020673520049588603,-3.2247337551877866e-05,-0.00282870965279474
TR,0.0017180981110446346,0.12590521011179973,0.00021631750366376092,-3.2319595871515555e-05,-0.0028350480925473254
PWR,-0.001407801543805259,1.1919595440197075,-0.0016780424862243568,-3.2349568697407374e-05,-0.002837677283927399
NN,-0.0004680569332253014,1.2491597629253763,-0.0005846778877432962,-3.2400757366102824e-05,-0.002842167511408027
WFC,-0.0009612414876765738,1.0470199038994754,-0.001006438970051315,-3.256369835338935e-05,-0.0028564605594102632
GPC,0.0009593656591258393,0.6659328611163761,0.0006388731182384681,-3.28348718031599e-05,-0.0028802476690813665
MCHP,0.0010745853882555714,2.2957303021024775,0.0024669582380148713,-3.283641595351769e-05,-0.0028803831206675764
WY,0.0006684639442678949,0.7021961103961315,0.0004693927816049722,-3.284176163523224e-05,-0.0028808520394253616
LNG,-0.0013734115997392955,0.6583018716814278,-0.0009041194266973622,-3.3102872761047795e-05,-0.0029037564904008362
NX,0.00030216191990920194,1.357574136989518,0.0004102072076518307,-3.3265065912364977e-05,-0.0029179839388532866
GRMN,0.00115004457740839,1.2527199518209715,0.0014406837876030079,-3.335352996587138e-05,-0.0029257439321140125
SLG,0.001089794321107021,1.154576912885845,0.0012582513629442696,-3.366216411400114e-05,-0.002952817063115672
LAMR,0.0012964661942291833,0.87521604841619,0.0011346880194184426,-3.372022033985964e-05,-0.0029579097070037627
ITW,0.0010459172043844418,0.8192652426745632,0.0008568836122675204,-3.381926212139018e-05,-0.002966597569776766
UHAL,0.0005970634251487918,0.8527714713871083,0.0005091586555755618,-3.390681180743251e-05,-0.0029742773554833745
TPH,0.00045423628527565087,0.668898344129875,0.0003038378990645884,-3.417378091105712e-05,-0.0029976956634043305
CG,0.002028942485843958,1.790491982427025,0.0036328052537091646,-3.444036562540702e-05,-0.0030210802530175338
GNRC,0.0007272316411248342,1.4161577883508578,0.00102987475251411,-3.4448552084148105e-05,-0.0030217983623754257
TLN,-0.001063272577338533,1.5537532130518092,-0.0016520631833896239,-3.46684208302116e-05,-0.003041085066071107
MCO,-0.00129179993986556,1.0674634451483782,-0.0013789492142513586,-3.4999660140682774e-05,-0.0030701411031286634
RGLD,-0.000649463497319729,0.32187798987446403,-0.00020904800501411373,-3.546803556336234e-05,-0.0031112266059902275
CBOE,-0.0009504948608098678,-0.12404483624967208,0.0001179039793653149,-3.5815408968140123e-05,-0.0031416979123930675
GPOR,-0.00046439814158077253,0.8288844071407472,-0.00038493237826144343,-3.59800957990261e-05,-0.003156144104345067
FOXF,0.0005184744889289327,1.638426706528712,0.0008494824493149884,-3.6022118301185385e-05,-0.0031598302833141466
MHO,0.00038477154794844986,0.7577025108331426,0.00029154236797769535,-3.608410194410801e-05,-0.0031652674369634535
LSCC,0.0013745918767534397,2.1757212310942413,0.0029907287303421373,-3.672378245245941e-05,-0.0032213796795871204
DUK,-0.0014527941196002165,-0.04516966387064229,6.562222205558748e-05,-3.77469513259724e-05,-0.003311131202927278
EEX,0.0005436604865620843,1.1333090650163427,0.0006161353577120057,-3.805645546964867e-05,-0.0033382806492153186
COR,-0.0007654717105423099,-0.024219936916562775,1.8539676540748147e-05,-3.8302709730748036e-05,-0.0033598818683638143
PLAY,0.0005877078007062882,1.0819795486959098,0.0006358878209732554,-3.842701584275153e-05,-0.003370785897211467
PRCT,0.001047112243248678,1.1215787225228715,0.0011744188121209104,-3.856540949457735e-05,-0.003382925673345711
CAL,0.00029370378240261,1.6707342428228213,0.0004907009665066234,-3.8625095162033896e-05,-0.0033881612504967308
EL,0.0011479811056131952,1.4512279947679627,0.0016659823179305461,-3.870463877097561e-05,-0.0033951387497730533
HOV,0.0001960535401526163,1.4382581754790682,0.0002819756069561142,-3.883373661852674e-05,-0.0034064631056810544
DEI,0.0007076522277061426,1.0737183379872104,0.0007598191738055864,-3.9454256744338665e-05,-0.003460894615470469
MDB,-0.0007830103988348114,1.6949045951813655,-0.0013271279230599156,-3.975491443961838e-05,-0.0034872680586564854
ARCB,0.0003451718450382166,1.7918071862255602,0.0006184813924222121,-3.9775393926893314e-05,-0.0034890645022619673
CALY,0.00032738925072261,1.4236276063803712,0.00046608037536089255,-3.9783183911256824e-05,-0.0034897478332169257
LOVE,0.0007181531033184823,1.7692938745656288,0.0012706238867016878,-3.9819389572848094e-05,-0.003492923763765123
VFC,0.0011852842336954235,2.555140328118071,0.0030285675457977007,-3.9960393497745466e-05,-0.00350529251088409
MCK,-0.000877294737965958,0.15318776736054585,-0.0001343908222261602,-4.016047881254417e-05,-0.003522843828429082
HTLD,0.000693332058879187,0.8931880612232542,0.0006192759174542281,-4.123937972584336e-05,-0.0036174841199864472
LPLA,-0.0010489502948830413,1.2807196454650969,-0.0013434112497731174,-4.160238919864167e-05,-0.0036493270092826124
BRKR,0.0006260580136552429,1.2469057251525866,0.0007806353215043786,-4.1774795468586356e-05,-0.0036644503440140547
WSC,0.0009176299165073473,1.7946597011175247,0.001646833431695575,-4.2078264686355806e-05,-0.0036910704116165202
XEL,-0.0013671589497357116,0.2195981865273827,-0.0003002256260566434,-4.375624460871641e-05,-0.003838261416019326
TPB,-0.000755969037943098,0.595917059148329,-0.0004504948458982425,-4.38822207334153e-05,-0.0038493119369928525
HPQ,0.001946379458281477,1.2624321796897113,0.0024571720620215646,-4.40291585940531e-05,-0.003862201204023921
ALG,0.0011267814113986513,0.8062205850292029,0.0009084343686978516,-4.440026017347173e-05,-0.0038947539261883503
UFCS,-0.0010388998569964523,0.6103351150950616,-0.0006340770637921728,-4.489929643045733e-05,-0.003938528971956354
RPRX,-0.002025825990892341,0.36934862339835695,-0.0007482360409806985,-4.532990303224282e-05,-0.00397630142523465
BCC,0.0005762546515644013,1.0468211249972343,0.0006032355426355358,-4.556044052346276e-05,-0.003996523982389821
LBTYK,-0.0008599978756176846,0.5922403683450499,-0.000509325458631778,-4.579293520856527e-05,-0.0040169182229659595
MUX,-0.0005161433915015088,0.7843224568258141,-0.0004048228528968714,-4.6133428086158746e-05,-0.004046785975241851
SNAP,0.0009583601087373251,1.7315248925425786,0.0016594243842984909,-4.613827431752688e-05,-0.004047211082630287
GILD,-0.0015286256428719376,0.38360511130422903,-0.0005863886098763883,-4.6560271040758496e-05,-0.004084228284516571
JBHT,0.0009989736823515789,1.0499344198384912,0.0010488568536137263,-4.680734741699381e-05,-0.004105901618921622
GFF,0.000996661104336088,1.1589200322726543,0.0011550505192020784,-4.705854288843565e-05,-0.004127936276935256
PLMR,-0.0008895622379880133,0.7037547951287063,-0.0006260336905494878,-4.715861561018374e-05,-0.00413671457292744
GWRE,-0.0016375516236654438,0.8841132919365511,-0.0014477811567148997,-4.8586469733379044e-05,-0.004261964750079821
BLMN,0.00048459020532792596,1.5166352654208166,0.000734946594677847,-4.873583633022428e-05,-0.004275067063832748
GAP,0.0008339767598652584,1.5164875481885778,0.00126471537181432,-4.977153539330759e-05,-0.004365917724989536
NE,0.0006440504946394251,1.5801571783253314,0.001017701012308468,-5.0260553384178105e-05,-0.0044088139767790155
NTLA,0.0005389028093768708,1.5580932102800749,0.0008396608082909599,-5.063213258809109e-05,-0.004441408595767188
ZM,-0.002190059960576539,0.908742352223256,-0.0019902002400842955,-5.130770480105229e-05,-0.004500669228893534
UPBD,0.00048667605474587327,1.3301695037443142,0.0006473616462255589,-5.3594229505653714e-05,-0.004701241275899102
AZTA,0.0006245168429560176,1.6226855242481486,0.0010133944407138842,-5.492540566636832e-05,-0.004818010942521219
NI,-0.0014247404648384697,0.40873179038834345,-0.0005823367210321484,-5.7969294300829204e-05,-0.005085018324091246
MKL,-0.0019523840421042027,0.6362094405714802,-0.0012421251592078001,-5.816383726128546e-05,-0.005102083470918967
EVRG,-0.002493777074942554,0.2086375009039181,-0.0005202954167274974,-6.032195836870111e-05,-0.005291392061081668
ADSK,-0.002292893222592341,0.9380083058235915,-0.002150752887158237,-6.195855771599054e-05,-0.005434953195826126
ABR,0.0009165489129350691,0.9375870527928845,0.0008593443940193135,-6.29353510253275e-05,-0.005520636693214453
WHR,0.0007335410236022929,1.063266594241311,0.0007799496659018951,-6.443611300328122e-05,-0.00565228228680045
TKO,-0.0016124939199294525,0.8165012883843479,-0.0013166033631343255,-6.531906680048816e-05,-0.0057297342601645455
BRO,-0.0018821697718385993,0.33951436463840373,-0.0006390236742273913,-6.556606377697478e-05,-0.005751400629689621
HIG,-0.001581872944589156,0.5230151832626776,-0.0008273435680125689,-6.636885812631354e-05,-0.005821821082898521
CME,-0.0013768756020619331,-0.07424082933704315,0.00010222038659101852,-6.712201153261179e-05,-0.005887887073835098
PGR,-0.001165440281213158,0.30322636415205473,-0.0003533922191086141,-6.842754999449247e-05,-0.0060024078228202065
THRM,0.0010443015869912317,1.0573779587915968,0.0011042214804156138,-6.943999416294883e-05,-0.006091218583944934
HY,0.0008279172552502599,1.161361830911114,0.0009615114994003459,-7.058356463783948e-05,-0.006191531635705259
TGLS,0.0018026624472450854,1.1905958759305217,0.0021462424753848205,-7.212622546249933e-05,-0.006326852561306744
TOL,0.001255740766050826,0.9354542457309677,0.0011746880311397031,-7.428845294131381e-05,-0.006516521358956192
CARS,0.0013322724707121203,1.221638511120119,0.0016275553575270769,-8.03253308277205e-05,-0.007046071270558964
MRNA,0.0012487484467086738,1.3661912667597378,0.001706029222273178,-8.065134284048694e-05,-0.007074668773405701
CSL,0.001438879599703847,0.9786209205006198,0.0014081176783517421,-8.934526390267096e-05,-0.007837292304407979
LEN,0.0012482632179862303,0.7456382154275577,0.0009307527582431132,-0.00011769944718654151,-0.010324497699990326
