ticker,weight,beta,beta_contribution,component_contribution,percentage_contribution
MPWR,-0.004036763311217048,2.244473945251324,-0.009060410075173126,0.0016455040091247993,0.008218421408104153
HOOD,-0.0036654349571489967,2.6399510159526436,-0.009676568739033829,0.001582957635713761,0.007906035384496739
TPG,-0.004462241131097719,1.6308623747317867,-0.00727730116768788,0.001435097056538638,0.007167550067798037
BX,-0.0040913814768925305,1.5700521208133926,-0.006423682164851748,0.0012733966124128617,0.006359941952391471
KKR,-0.0034356025581617103,1.8340572536188484,-0.006301091792347956,0.0012323398766780974,0.006154885292524123
PLTR,-0.0036976174426237326,2.0844340038704208,-0.0077074395307092924,0.0011810557972116186,0.005898748464995884
ZBRA,-0.0030965745833454804,1.7591312054468118,-0.005447280979556494,0.0010944954148167944,0.0054664251793506095
WSM,-0.0035131198213905813,1.4571177940421243,-0.005119029404350306,0.0010847663120140062,0.005417833461364697
IQV,-0.004479611102143579,1.0934530614039824,-0.004898244473538164,0.0010719441470571054,0.005353793535362886
AMKR,-0.0026911721034184517,2.1022834756355064,-0.005657606643107859,0.00106371180266902,0.00531267733328574
SMR,-0.0027414955167349114,2.401024044283427,-0.006582396652975741,0.0010623037018828044,0.005305644615296583
ALGN,-0.0034510838294509257,1.323927691498444,-0.004568985447492574,0.0010393680762608081,0.005191093307262803
HRI,-0.002652820416148601,1.755838656446333,-0.004657924635283762,0.0010312528876845078,0.005150562236444116
OVV,-0.0035636139980225216,1.4713520528994561,-0.005243330771731676,0.0010132554739037739,0.005060674682305149
NXPI,-0.0027835417317600727,1.8708686986504013,-0.0052076410973370514,0.001001238278113566,0.005000655151146333
SGI,-0.004572758491184862,1.0317356625134007,-0.004717878011416392,0.0009803792321207022,0.004896475259034396
HLT,-0.005060009569665566,0.9595404665836293,-0.004855283943394527,0.0009703040446931244,0.004846155031562263
FERG,-0.004563468581602808,1.001373856114679,-0.004569738130817788,0.0009675259145158067,0.0048322797420478295
HAL,-0.0035839566287372846,1.2867795131612012,-0.004611761965917423,0.0009487626551659075,0.00473856719472378
DOV,-0.004107752183338682,1.1290324106004577,-0.004637785349704165,0.0009464267602961789,0.0047269006364547
WWW,-0.002209675288768939,1.8088176213376024,-0.003996899599759512,0.0008934339657767384,0.004462229681817844
CRL,-0.0028389431913539926,1.4213161426213707,-0.004035035785856461,0.0008930778165470301,0.004460450904958181
CAMT,-0.002572662168230633,1.9546185447975817,-0.0050285731835227505,0.0008858388676378008,0.0044242961874018105
ADSK,-0.005000198074362878,0.9373575538436687,-0.00468697343571861,0.0008647088777389959,0.004318763073915368
RVTY,-0.0030779147363656405,1.1929769531417165,-0.003671881344219471,0.0008214166934460526,0.0041025415319296075
MTSI,-0.002683111743740625,1.7701516211265038,-0.004749514602846027,0.0008199219956272765,0.00409507630760663
STLD,-0.0033620498604748643,1.2491498667974434,-0.00419970413537854,0.0008173776215757288,0.004082368506191678
ABNB,-0.0032894043343866045,1.3021282673790908,-0.004283226366644101,0.0007988915161665633,0.003990040196078376
JBL,-0.0031400801755447527,1.4690395738061306,-0.004612902042799343,0.0007936508386285917,0.00396386578615157
BXP,-0.0037321812050414536,0.9410147673219295,-0.003512037628265362,0.0007932382573319576,0.003961805160992325
CAT,-0.0035208878815698947,1.1952562709789487,-0.004208363319860203,0.0007874042699245265,0.003932667482361361
PWR,-0.00397473446977838,1.195717936212828,-0.004752661297197394,0.0007786492978623257,0.0038889410317271777
YETI,-0.0023448004448893053,1.4571459580375616,-0.0034167164906751275,0.0007703045047085718,0.0038472632075950515
CDNS,-0.0033104413163625086,1.3216130842898572,-0.00437512255847843,0.0007668406125703938,0.0038299629001233566
RS,-0.004546395089859246,0.7485183090023333,-0.003403059964717954,0.0007600942041950034,0.0037962681617862487
MUR,-0.0022593528719249177,1.6102947910723047,-0.0036382241608549468,0.0007496165834560397,0.003743937992968918
IBKR,-0.0025531948507006423,1.7045698299644503,-0.004352098912524904,0.000745172664595991,0.0037217429708402716
VISN,-0.0015487424875323995,2.678861106254788,-0.004148866013454836,0.0007417807910657258,0.0037048023581889903
ZM,-0.004354044890082298,0.9074545753034508,-0.003951097956581792,0.0007369872638948281,0.003680861227627669
IEX,-0.0036023678186284445,0.9272113803438474,-0.0033401564376167345,0.0007338210631691934,0.0036650477311660277
KEYS,-0.0028114527197070117,1.3849514736148556,-0.0038937255871567193,0.0007324573746901034,0.0036582368291394212
TFC,-0.0031188975537692746,1.12857878996569,-0.0035199216272598787,0.0007229380315436868,0.0036106927495918968
ESAB,-0.0028196790284535415,1.1248434173322885,-0.003171697394145869,0.0007191574594637441,0.0035918107934590714
SPG,-0.003901502503096758,0.8934300584226292,-0.003485719609277771,0.0007191458465147729,0.0035917527929267687
EME,-0.00314165630197477,1.3673156984951436,-0.004295635980966302,0.00071442424807927,0.0035681709083202114
CLH,-0.004113275652776638,0.8037987189911519,-0.0033062457005593555,0.0006994425112013965,0.0034933450638343104
NVST,-0.0023949300438127685,1.333128727112201,-0.0031927500408308837,0.0006989829287530431,0.0034910496928042844
POOL,-0.0036942034544523005,0.7495792396640601,-0.0027690982165527,0.0006987972573007752,0.0034901223621932797
TMP,-0.0031690919382250144,0.9485382444775908,-0.003006004903672041,0.000697771127277187,0.003484997385950991
NTAP,-0.002832815283146948,1.3113391099633815,-0.0037147814720925832,0.0006967388484253786,0.0034798416995668858
MANH,-0.002602483799319397,1.3340448633432165,-0.00347183014441598,0.000695453561031528,0.003473422369456103
W,-0.0013505473076099498,2.578465687582425,-0.0034823398921290816,0.0006941547056614008,0.003466935274486604
TSLA,-0.0018877529084320613,2.2716699310179735,-0.0042883515192768396,0.000691703716802187,0.0034546938826699406
GWW,-0.004714725500321661,0.6832113657703563,-0.0032211540483070887,0.0006807637044201225,0.003400054312381987
SDRL,-0.002272834785070202,1.4717537201055702,-0.003345053050112414,0.0006781611249122503,0.0033870558055262264
TLN,-0.0026380096361706,1.5641274300668424,-0.004126183232715086,0.0006726565660808072,0.0033595634482353064
AVT,-0.0028061644092913524,1.154559355294152,-0.0032398833712408187,0.0006665415841820691,0.0033290223508766386
RMD,-0.00477363078589336,0.6474911000872319,-0.003090883448968369,0.0006551964042971933,0.003272359183404778
FBK,-0.0026736180072548755,1.0496018714889266,-0.0028062344640612117,0.0006496484271409226,0.0032446499745666796
JBTM,-0.002443978775727141,1.1902087641666297,-0.002908844958307673,0.0006451198056878943,0.0032220319078270165
TMO,-0.003157568245329331,0.9238121721614998,-0.0029169999794658647,0.0006449749925795254,0.0032213086430136866
HLI,-0.0031049240973951998,1.0071406963283118,-0.0031270954174971565,0.0006376634351580628,0.0031847912843771128
RUM,-0.0016002511032495355,2.004145708285426,-0.003207136380756575,0.0006360332185461975,0.003176649215425286
PK,-0.002124235348023202,1.3527331875122977,-0.0028735236533577214,0.0006331167857501984,0.0031620831775469073
TKO,-0.004091758582241522,0.8138691215338751,-0.0033301559628576023,0.0006236381050970389,0.0031147421856267832
FCNCA,-0.0025097729980373476,1.2040640763535166,-0.003021927506738835,0.0006221816925747892,0.003107468176092006
OKTA,-0.002858899596531058,1.1683066279249004,-0.0033400713471990586,0.0006127347936986522,0.0030602859173230754
EXP,-0.0025196682012905286,1.101519258042482,-0.0027754630475987784,0.0006126199725958269,0.0030597124466998932
GKOS,-0.0020646157497520475,1.4707865686406252,-0.0030366091141392055,0.0006099846450976506,0.003046550380969104
CRUS,-0.0022014754218078482,1.394165159214894,-0.003069220331952415,0.0006091645425988047,0.0030424544031434774
MLM,-0.004027777172714028,0.7115903218583701,-0.002866127254705371,0.0006040037988507361,0.003016679220180888
BEAM,-0.0015608598593154022,1.7567095049756478,-0.0027419773507943194,0.0005974827060808809,0.002984109814013038
PH,-0.0022697912632127885,1.345469851349155,-0.003053935713508521,0.0005940929190146572,0.0029671796221450854
PANW,-0.0030081445890899504,1.1663711796872118,-0.0035086131530465484,0.0005925838572106876,0.002959642657320252
PJT,-0.0027045261960128805,1.042431466845106,-0.0028192832096307218,0.0005917935133077161,0.0029556953079270406
HD,-0.003942021670403856,0.6501244131406453,-0.0025628045250590133,0.0005897306465209468,0.0029453923803933247
MATX,-0.0021221588454046806,1.2964282205667321,-0.0027512266157079406,0.000588759441498329,0.002940541725454
RCL,-0.0017869782161181764,1.6302121034915167,-0.0029131535165915303,0.0005809339239256988,0.0029014574079489906
SBUX,-0.0026092872037051765,1.0868301621907164,-0.002835852034805058,0.0005803970886204311,0.0028987761997957603
SAIA,-0.0016131103598647767,1.5886733311753847,-0.0025627054089598983,0.0005790859034244688,0.002892227523873532
WMS,-0.0022176731848406596,1.14289184224151,-0.002534560591712138,0.0005785971173130093,0.002889786296006491
MOD,-0.0015265084241449832,2.057082919108695,-0.0031401544051841757,0.0005781294776218208,0.002887450683313948
NOV,-0.0018787792016937727,1.441950310084205,-0.002709106252462091,0.0005733351742799329,0.0028635056761894297
FTDR,-0.0030254145625290946,0.9000260935794154,-0.002722952050171337,0.0005696879907716384,0.0028452899253570787
VMI,-0.002452505851162121,1.10910261984405,-0.00272008066470677,0.0005655243411325403,0.0028244946996146573
OSW,-0.0019863300119861665,1.4346779004185009,-0.002849743771134569,0.0005602469592843384,0.002798136971089237
MTH,-0.0022975059696197816,0.8925735515326396,-0.0020506930629709693,0.0005565809744912534,0.0027798273177926168
AMPL,-0.0019132173048071693,1.518140278073443,-0.002904532251134879,0.0005552224690701387,0.0027730423023967243
HON,-0.003271486301305572,0.8209805180805777,-0.0026858265185393617,0.0005551185474071881,0.0027725232687056344
FTV,-0.002588041751307342,1.006603957553248,-0.0026051330691790092,0.0005517738117220129,0.0027558180846361567
PFSI,-0.003178778031216163,0.6884878376093224,-0.0021885500129520353,0.0005452070526467097,0.002723020599447993
MKL,-0.004275713432996304,0.6327807324221332,-0.002705589077758555,0.0005441084381740295,0.0027175336017552128
RGEN,-0.0017389572585426005,1.5283706767490934,-0.0026577712820765025,0.0005438943220684059,0.0027164642051590825
FOR,-0.0024498580389504493,0.8474797539018843,-0.0020762050879442797,0.0005406685175344236,0.0027003530192285545
NLY,-0.0036503458176978276,0.7233409989150158,-0.002640444790158797,0.0005402066197194392,0.0026980460841679443
KTOS,-0.002610144388309793,1.1244087341200877,-0.002934869147530065,0.0005380520057427127,0.0026872849279906664
ENTG,-0.0011200154657804526,2.4329338857212117,-0.0027249235792290894,0.0005304584355546936,0.0026493590648805844
VNO,-0.0020206793941991885,1.2532571623717759,-0.002532430923637194,0.0005264658043504291,0.002629417985684281
PFG,-0.002331803988164874,1.1318851404541328,-0.0026393342846555055,0.0005260117426286226,0.0026271501877607258
INTA,-0.001840355059047436,1.4859276425160668,-0.002734634454282873,0.0005239646363748004,0.002616925975745573
FLR,-0.0018743151486486137,1.5575407134575663,-0.002919322153870486,0.0005237223635123291,0.0026157159510549637
RVMD,-0.0024115223696570954,1.0806060034342813,-0.0026059055500675214,0.00052333137800817,0.0026137631854464814
UI,-0.0017646472872719031,1.5568265223426907,-0.00274724969940498,0.000518211559310982,0.0025881924014476256
PDM,-0.002430207519722363,0.9415714801584698,-0.002288214091437229,0.0005169444759478104,0.002581863990833007
ENOV,-0.0015923928404707195,1.4908003618315746,-0.0023739398227517576,0.0005166872932525753,0.0025805794994208965
DCI,-0.0026963529336500123,0.9050343843715252,-0.002440292117354295,0.0005155752828636375,0.0025750255962181073
LUMN,-0.0014444997349557385,1.9933629186924822,-0.002879412207721888,0.0005125504448489554,0.0025599181316613164
HLNE,-0.0016262285874950743,1.5064827065024238,-0.002449885243881193,0.0005025548927531183,0.0025099956405128807
QDEL,-0.001265978782295539,1.7305947841260516,-0.00219089627745491,0.0005022142976970653,0.002508294548516363
UBSI,-0.002544155367122538,0.8485371200345798,-0.002158810268138677,0.0005015075430127261,0.002504764683018715
ULTA,-0.002734608723342523,0.9199329489899883,-0.0025156566671982344,0.0005013419910142955,0.002503937838428539
TCBI,-0.0019664339445325894,1.143048574156904,-0.002247729516471713,0.0004939669460325352,0.002467103393038116
KYMR,-0.0017738011502354267,1.4763015046813368,-0.0026186653070980463,0.000492017108070083,0.002457364984645253
CRDO,-0.0012306117776797307,2.67088307540902,-0.0032868201694038,0.0004915453909428579,0.0024550090073182707
CVX,-0.0035528068435425747,0.6815237299445016,-0.002421322171783487,0.0004907377683546875,0.002450975360039697
MTW,-0.0014570478968080167,1.5264370275040386,-0.00222409186053464,0.0004899886208694648,0.002447233764944067
LEVI,-0.0016229056506185085,1.5342223976526494,-0.0024898981984559612,0.00048768832931858267,0.002435745026404496
DHI,-0.0025340004947768235,0.6281722169025208,-0.0015917887084360418,0.0004868608032950711,0.0024316119720031223
SPSC,-0.002047650406406058,1.0672179506232382,-0.002185289270317514,0.00048541900489543595,0.002424410952274198
NCLH,-0.001287162483544184,1.863316150682788,-0.0023983906441408464,0.00048449344448193966,0.0024197882679935214
DHR,-0.0023477442534905373,0.9738908061841464,-0.002286446543746096,0.0004835552580767607,0.0024151025235684947
TXRH,-0.003092409959932161,0.7443850907093973,-0.0023019438685347453,0.00048184185777239017,0.0024065449961094276
JOBY,-0.0013039025114747699,1.999359022183364,-0.0026069692503646285,0.00048103462196361107,0.0024025132805891554
CR,-0.0020401505934840533,1.2047602156070623,-0.002457892268876724,0.00048049165063936887,0.00239980142626951
SOUN,-0.000929507440471785,2.8487383864581344,-0.002647923526170423,0.0004795485176945821,0.0023950909764978035
HP,-0.0014791091510030483,1.5687481160036232,-0.0023203496939997507,0.0004760004828678342,0.0023773704208412097
NWBI,-0.0027527826402987854,0.6874017079149287,-0.001892267488459952,0.00047524547696439653,0.0023735995660479985
PYPL,-0.0019623570249601863,1.2789871086471805,-0.002509829337487312,0.0004740778208973548,0.0023677677421414848
CEG,-0.0017397269319059845,1.7838308205083149,-0.0031033785204022655,0.0004734733824818414,0.0023647488922411567
CPF,-0.002480895882890804,0.7923832439334682,-0.0019658203275462007,0.000470596958415842,0.002350382676788805
TKR,-0.0016091618658848291,1.3513909265532895,-0.0021746067449123193,0.0004685141586633971,0.0023399801946439014
MCO,-0.0023723661538782195,1.0663340076383576,-0.0025297347084505583,0.0004653988045681113,0.0023244206501830287
WGS,-0.0014274066387540592,1.700223037318233,-0.0024269096508306364,0.00046191577523759853,0.0023070247625667077
MAN,-0.001878317554477174,0.9944215827683328,-0.0018678395154647356,0.0004609407996258914,0.002302155275531003
TDG,-0.0036835695541563617,0.6783716292377762,-0.00249882907986372,0.000458667693813397,0.0022908023153627526
SLAB,-0.0012140449661019897,1.9003785254826864,-0.002307144982550577,0.00045779269599271506,0.0022864321644657268
IONQ,-0.0010566785600482425,2.5548915926628526,-0.002699699169214344,0.00045609613264995387,0.002277958728716537
SITM,-0.0009369550767413666,2.626130885806344,-0.0024605666656435563,0.00045428795323182447,0.0022689278297595952
CHTR,-0.0029037281783685356,0.7573154405563465,-0.002199038184657045,0.0004513228988735435,0.0022541189529175086
AAL,-0.0011841333626582404,1.878768214106723,-0.0022247121230256107,0.0004504878040618118,0.0022499480964258355
MDB,-0.001628631435551233,1.6932455921215124,-0.0027576729994376564,0.00044900179608035483,0.002242526273239932
LOW,-0.002785233433934633,0.683617911165022,-0.001904035462213375,0.0004473081025285509,0.002234067170577328
RRX,-0.0012947958263357703,1.6429684873383812,-0.0021273087402069297,0.0004455983280485777,0.0022255277521916407
BRX,-0.0029015665018167127,0.6973199433691346,-0.002023320188728608,0.00044158593910585865,0.0022054879935513557
BG,-0.004007276195863472,0.4717130788801865,-0.0018902845922740396,0.000441405388843623,0.002204586240573443
ASIX,-0.0017076987096799109,1.1991622436959493,-0.002047807816256439,0.00043976399200410746,0.002196388332303232
RHP,-0.0020097513152856445,0.986323625177783,-0.0019822652029983547,0.00043899417591140275,0.0021925435084550345
GABC,-0.0028000597389274905,0.6265554543775309,-0.0017543927020079444,0.00043439090456911465,0.0021695526050376102
HFWA,-0.002086309117129825,0.8379664811538106,-0.0017482571094803927,0.000431474902325235,0.0021549887175391367
KLIC,-0.0013031932944684666,1.6370780952018216,-0.0021334291961882237,0.0004305638989253821,0.0021504387378352354
SIRI,-0.0018966796991184546,1.0108713952856048,-0.0019172992538577533,0.00042535631822109254,0.002124429629071455
ROCK,-0.0015285223733469376,1.250989340227734,-0.0019121651953566154,0.000425082638684591,0.0021230627446705225
SHW,-0.0026736196566113342,0.7285335905597655,-0.0019478217282222227,0.00042441512695487254,0.0021197288769562793
AME,-0.0025185314094911346,0.842478725111301,-0.0021218091310208588,0.00041956739322426985,0.0020955170133257774
BR,-0.003554993682032579,0.6073998163422706,-0.002159302509564521,0.0004191852241985289,0.002093608281359616
CSTM,-0.0012764842475926328,1.5570998907028062,-0.001987613482410342,0.00041800857168564944,0.0020877315249687935
CIM,-0.0021222235480270854,0.9131076951534504,-0.0019378186525393897,0.00041573346158230867,0.002076368554428822
RIOT,-0.0009874281505621262,2.4152372630739496,-0.0023848732638458415,0.0004153547588038881,0.0020744771345330205
MSTR,-0.0011367279762689593,2.084751324847285,-0.0023697951545176856,0.00041520477847901586,0.002073728062208742
LHX,-0.004566596438400105,0.45667739524991047,-0.0020854613666460783,0.00041445564720732163,0.002069986548091103
SMG,-0.0017315267152507926,1.020830100195583,-0.0017675945902207954,0.0004117068529901673,0.002056257776167448
VC,-0.0016987032810049573,1.0588690251002546,-0.001798704287092323,0.00041031140964284195,0.002049288275384794
NNI,-0.0026774767597540186,0.7136174728310958,-0.0019106941988596537,0.0004092950115437503,0.0020442119049533577
COF,-0.001408608928591658,1.5101230595609705,-0.002127172824969735,0.0004072707818270486,0.0020341019491304548
ARW,-0.0017852330425761854,1.0629136893092688,-0.001897548639561464,0.0004047853085822937,0.002021688326063788
ESS,-0.0026641451881125166,0.6630790074185368,-0.0017665387469525183,0.0003970478450004838,0.0019830437916278044
CALX,-0.0016946626771900484,1.2686875005692453,-0.0021499973562322285,0.00039630362981825547,0.0019793268307745065
TOWN,-0.002296488172042263,0.7416075322694987,-0.0017030929261543546,0.0003956663600548238,0.0019761440056719963
PDFS,-0.001260448735246848,1.6032042493098342,-0.0020207567683849527,0.0003942140968968994,0.0019688907200153816
FUL,-0.0016471653885424666,1.037792782916297,-0.00170941635249889,0.0003936426583442621,0.0019660366869602396
LADR,-0.0029534910311665463,0.6063420479406791,-0.0017908258004119518,0.00039151923922291383,0.001955431332571253
SON,-0.002344558355568062,0.6854688778759654,-0.0016071217851059583,0.00039010411623240305,0.0019483635423891436
AVTR,-0.0013094099797443682,1.2316522453491712,-0.0016127377416347637,0.00038729467315544235,0.0019343318615178073
GTX,-0.0019202065956442818,0.9676733117207936,-0.001858132675595213,0.00038373097918066297,0.0019165330967066318
BURL,-0.0017221928294091733,1.1429922149122829,-0.001968452996592442,0.00038161948201799744,0.0019059872861898702
HTB,-0.0021933477617763343,0.7315164613997467,-0.0016044699933136786,0.0003807042488679471,0.0019014161811229302
KRC,-0.0018981226197110244,0.9190819512705677,-0.00174453024107481,0.0003790977635110054,0.001893392637226299
PRI,-0.0021230510188490342,0.8781759730191898,-0.001864412394247133,0.0003765110101291242,0.0018804731734916316
AGNC,-0.002672335608938079,0.6724425405573042,-0.0017969921460960724,0.0003760937895284832,0.0018783893774648847
BANR,-0.0018990028021930846,0.8311331541861948,-0.001578324188795161,0.0003756354381644151,0.001876100155049137
PRAA,-0.0010350651096398618,1.624463153470646,-0.0016814251320530099,0.0003699632517926182,0.0018477705869349114
DBI,-0.0007701348878934216,2.1320314166854235,-0.0016419517760742814,0.0003698616761535245,0.0018472632703910195
ZD,-0.00119916442844095,1.3542276446480064,-0.0016239416194732605,0.0003675927876535882,0.0018359313734663835
PNR,-0.0015561065972461983,1.1336993483981235,-0.001764157035336036,0.0003671770419235467,0.0018338549436374958
LPLA,-0.0016355113583983796,1.2802153523445643,-0.0020938067499555184,0.0003625842839352693,0.001810916548857664
COIN,-0.0009380867946416472,2.203143007278062,-0.002066739361834636,0.00036121429968095735,0.0018040742027667595
ARE,-0.0017603623050419922,0.8264905024263783,-0.0014549227259466136,0.00036113100574193145,0.0018036581936365114
RSI,-0.0015473725445122957,1.3051703081398989,-0.002019584700728332,0.0003598232386245746,0.001797126589207412
RH,-0.0005974458902018768,2.850643894769323,-0.0017031054793590033,0.0003597841226860429,0.0017969312258021306
CNMD,-0.0015554760613484709,0.9632496778360264,-0.0014983118149755658,0.000359040192672269,0.0017932156892142967
CTMX,-0.0008502292357936817,2.254080440493311,-0.001916485090338113,0.0003576448488674962,0.0017862466855939959
AMBP,-0.0022030919492212367,0.6852306427114275,-0.0015096261123172397,0.00035697224626072215,0.001782887391643932
HQY,-0.001946824941741767,1.0163092460666014,-0.0019785761887652306,0.00035554070421399327,0.0017757375969681382
AAMI,-0.001658543490315358,1.0774253298860113,-0.0017869567671833211,0.0003552057209550908,0.001774064532927544
GWRE,-0.002310140148755017,0.8918706361326078,-0.002060346164025614,0.0003537338826376467,0.001766713479712071
LNG,-0.0029798011412982156,0.6597429263317091,-0.0019659027248466513,0.0003531375018303838,0.0017637348732993166
PRGS,-0.0021360283890321926,0.8107621123581851,-0.0017318108887487917,0.0003509248687241575,0.0017526839422850788
BLX,-0.0023142872684705808,0.7777818703586306,-0.0018000106802182145,0.00035062248144792155,0.001751173677921835
BCPC,-0.002727465331221414,0.557711122275843,-0.0015211377508439485,0.00034951372854058265,0.001745636044115146
ROK,-0.0014771930128848188,1.2345820411229556,-0.0018237159649799079,0.00034918896825005723,0.0017440140383896323
AMBA,-0.0008521189669346116,2.268337777551782,-0.0019328936436661772,0.0003488353949939735,0.0017422481271545224
CRSP,-0.0012494307551751797,1.3443275204323755,-0.0016796441490565996,0.0003484301993862337,0.0017402243896013764
WAT,-0.0015210556837668531,1.0348053118041698,-0.0015739965011118632,0.0003474714684010735,0.00173543603587549
BDC,-0.001220790133524642,1.3884191722652213,-0.0016949684266978325,0.0003472610321747147,0.0017343850183281868
PTON,-0.0009383653111578316,2.1023632516488813,-0.001972784746800293,0.00034692079848411473,0.0017326857311608028
PRM,-0.0016058691780042233,1.025319297990155,-0.0016465286582553176,0.00034529000502558856,0.0017245407811652836
APP,-0.001074171975977524,2.1729931904984428,-0.0023341683892234163,0.00034515180061129273,0.0017238505232802558
WLDN,-0.0015890971492147018,1.1122830514990867,-0.0017675258262570281,0.0003428416745209889,0.0017123126664226047
HIG,-0.003132893004646861,0.5192236459962483,-0.0016266721283888842,0.0003382662621219296,0.0016894609036782928
URI,-0.0012434658943455267,1.35739325404675,-0.0016878722166218266,0.0003377696919709857,0.0016869807986548393
CTSH,-0.0018553901840406728,0.8952863970527073,-0.0016611055929967335,0.0003359494170805027,0.0016778894892167443
FBNC,-0.001629452906921305,0.9054145839414481,-0.0014753304257723366,0.0003358484511579848,0.001677385217884369
DRVN,-0.0018609234871586964,0.7838900445163274,-0.0014587593951903097,0.0003350019782513547,0.0016731575338321562
SYK,-0.002442506711312296,0.692639873616857,-0.0016917775398316737,0.0003345427243473324,0.0016708638037071352
NET,-0.0013095544620183007,1.6663038915651094,-0.0021821156962775474,0.000333487850857954,0.0016655952690697996
META,-0.0014578234788875978,1.4378680840393778,-0.0020961578524557305,0.0003309361885765625,0.0016528510668051125
EQIX,-0.002306343448615137,0.7464161445778617,-0.0017214919849877202,0.0003251341787891519,0.0016238730994574387
FMC,-0.0013480617830426494,1.143738916292269,-0.0015418307228322239,0.00032469868325727606,0.0016216980298237851
JXN,-0.001138494074350486,1.4057965765293614,-0.0016004910721208773,0.0003212409702036306,0.0016044285836081691
CECO,-0.0015868415006197666,1.0676325800196247,-0.0016941636853888943,0.0003212103388611706,0.0016042755962685845
VICR,-0.0010070225661628531,1.6332040271730552,-0.0016446733105113162,0.00031983044914148963,0.0015973837776220407
CSX,-0.0021094685870190273,0.7291758633323437,-0.0015381735781120585,0.0003192293342584804,0.0015943815270071178
ANET,-0.001249056236120739,1.6261859265709302,-0.0020311976726752026,0.0003163402197876147,0.0015799519297006641
PSX,-0.001310552853134495,1.138215511296729,-0.0014916915858118663,0.0003140937961844609,0.0015687322330427086
KRYS,-0.0017552584023212468,0.8492308537105252,-0.001490619591485845,0.0003140614135483063,0.001568570498918241
RJF,-0.0015532389249910284,1.0363930009660058,-0.0016097659506886647,0.0003137416831487989,0.0015669736148355756
BSY,-0.00195961846455271,0.8253105268205524,-0.001617293747347279,0.0003105265224305676,0.0015509155891299672
DX,-0.0028422294269652903,0.5345625312963577,-0.0015193493570035618,0.00030886332060304226,0.0015426087764880447
WLFC,-0.0011150816480614094,1.36602607515653,-0.0015232306071804023,0.0003084263470341165,0.0015404263248417886
WFC,-0.0015546139525759604,1.0473528828627283,-0.001628229404969053,0.00030785271688729633,0.0015375613459339172
NOG,-0.000869440390189823,1.717457592738195,-0.0014932269995647704,0.0002996260154690838,0.0014964733275039414
DGX,-0.004594198314083507,0.25696593546427315,-0.001180552467486855,0.0002991988576641465,0.001494339900402416
KHC,-0.004113228327135584,0.23396919883043996,-0.0009623687363065834,0.0002980037716040334,0.001488371078201743
BNL,-0.0030604161304865554,0.39980450318719857,-0.001223568150595266,0.0002970365319050588,0.0014835402279548032
FANG,-0.0012570005790331297,1.1911813471963684,-0.0014973156431592985,0.0002968072564752592,0.0014823951185596463
GNL,-0.002537452053694181,0.4827096162871213,-0.001224852507185686,0.00029638052442722333,0.001480263817888451
FOUR,-0.001117325981129371,1.335877187611738,-0.00149261028931663,0.0002961222361111048,0.0014789738044853353
ON,-0.0007553390814999571,2.0196818188253185,-0.001525544609953679,0.0002943288151643517,0.0014700166162798945
ASTS,-0.0006855619951357428,2.3392523391679965,-0.001603702500765965,0.00029235716975458146,0.0014601692912323764
BAX,-0.001305378523078008,0.9407526177234711,-0.0012280382627056345,0.0002897992430849355,0.0014473938016646786
PFBC,-0.0016902193381843305,0.7249971519505752,-0.0012254042063554258,0.00028881425795576,0.0014424743223881826
H,-0.0010851067125589172,1.2930005705446892,-0.001403043598440552,0.000288692684197645,0.0014418671258266335
LII,-0.0012441306949965904,1.0495926994017706,-0.0013058304945700722,0.0002874002152843937,0.0014354119278282872
CUBE,-0.002164635866369187,0.525898671381796,-0.0011383791261489384,0.00028720547745217595,0.0014344393154491065
INN,-0.000803724050293187,1.6944842709859502,-0.0013618977614349261,0.0002861080528187059,0.001428958260373289
NXST,-0.0014580405861742874,0.8674102476915471,-0.001264719345997767,0.00028579131824581076,0.001427376338858584
MSGS,-0.002321067195741353,0.6598086688222623,-0.0015314602566691234,0.0002849910896386198,0.0014233796206006846
MSA,-0.001694772033614781,0.8120910396381694,-0.0013763091827279222,0.0002847666507152896,0.001422258666994932
CPAY,-0.0009454026133900763,1.4967107715456751,-0.0014149942749083586,0.000284023499768715,0.0014185470214353264
WAB,-0.0012869213407216266,1.1286906513683486,-0.0014525360863189211,0.0002827193307459926,0.001412033387584122
BMY,-0.0030601710843078385,0.32246376814774536,-0.0009867942990226773,0.00028095998591715017,0.0014032463915480038
ADAM,-0.0015191660186216415,0.8610856783639643,-0.001308132101692299,0.00027988256678290133,0.0013978652533500353
GH,-0.001349928531138547,1.0368654547653418,-0.0013996942603396794,0.00027914675685225624,0.0013941902722787187
LASR,-0.0007282663219179888,2.083218852001422,-0.0015171381310972905,0.00027859087544333767,0.0013914139389206168
SHC,-0.0010902851717763174,1.28696898896539,-0.0014031632052049236,0.00027825581147311953,0.0013897404717697287
SSNC,-0.0016694814363774693,0.8480730334493051,-0.0014158421860359434,0.00027711532066912036,0.001384044323971026
AMRX,-0.0015306829545940741,0.8952942525675966,-0.001370411651751262,0.0002761746100435633,0.0013793459724015145
SSB,-0.0011644328106956874,1.0643647113333063,-0.001239381192423146,0.00027551196564388873,0.0013760364144241124
ELF,-0.0008371378795426231,1.6964544694446182,-0.0014201662972914734,0.00027400950211335266,0.001368532404482003
CROX,-0.0010097845533637224,1.2178531730714701,-0.0012297693224325665,0.0002734867667442167,0.0013659216180453508
FLYW,-0.0014692620037610991,0.9446465270142295,-0.00138793324912689,0.00027302487828427335,0.0013636147297082183
APD,-0.0015017637363445371,0.8615420219200769,-0.0012938325658565218,0.0002703662556006486,0.0013503363168584103
UEC,-0.0013140044790595287,1.1398562137617974,-0.0014977761703668373,0.0002688826901060719,0.0013429266926014397
CRNX,-0.001209901490925517,1.089379883976551,-0.0013180423458074957,0.0002686971638533567,0.0013420000871853333
EPAM,-0.0010146898523484956,1.3314290518666352,-0.0013509875480510536,0.00026787216894016893,0.0013378796743400763
TDY,-0.0015713445381361443,0.8448942409817756,-0.0013276199508693964,0.0002670237252985311,0.0013336421475097925
TFIN,-0.0008841087039710452,1.3109749626349512,-0.001159044375153676,0.00026631175611665706,0.0013300862383574736
QS,-0.0007383307649727792,1.8165244538502965,-0.0013411958896030493,0.000265913920863645,0.0013280992618796758
GTN,-0.0008125540347604181,1.3849496599832478,-0.0011253464341594572,0.0002642531882534187,0.001319804781670977
AOS,-0.0017240061244364092,0.6260199592115632,-0.001079262243700166,0.0002617610177712684,0.0013073577094489877
FISV,-0.0015238131514030868,0.752728530267424,-0.0011470176338578173,0.00026111148089063386,0.0013041136165901684
FDS,-0.002231215942266646,0.5864285467573437,-0.0013084487225252465,0.00025831568900850667,0.0012901501162101855
SMCI,-0.0008066455212632884,2.04467274230066,-0.0016493261100259532,0.00025678320859793847,0.0012824961878430264
LFUS,-0.0007896117053629749,1.6156603796430664,-0.001275744347657353,0.00025588750909084175,0.001278022642981676
MLI,-0.001150178072018457,1.0881700779294,-0.0012515893622610111,0.00025534402323195283,0.0012753082188338611
CHRW,-0.0017915106976284206,0.7098638078941106,-0.0012717286057015453,0.00025470264978276724,0.00127210489799347
BRO,-0.0032404699537155837,0.3374095718564694,-0.0010933655796969283,0.0002519198908166787,0.001258206490129572
ICLR,-0.0010723036387671823,1.0440437051093825,-0.0011195318640207618,0.00025127887294688444,0.0012550049452199996
WTM,-0.0026727724762418493,0.38852034328594964,-0.001038426479994721,0.0002509393749614185,0.0012533093325102832
CARR,-0.0011090808329263509,1.1086599384818367,-0.0012295934880035123,0.0002503185531618006,0.0012502086562795937
CASY,-0.002909327429793808,0.5052241895030624,-0.0014698625927166043,0.00024966570667192767,0.001246948033674711
TTEK,-0.0019417523078906472,0.5204709481857853,-0.0010106256648297822,0.00024713286196405634,0.001234297815227875
CMCO,-0.0006148086845450712,1.67714247115359,-0.0010311217564846088,0.000245584832712484,0.0012265662286313403
NKTR,-0.0006292556436820073,2.211076886806673,-0.0013913326096379418,0.0002449483510386098,0.0012233873396189604
MTD,-0.0009714434936693731,1.190378895719122,-0.0011563858332476742,0.00024493102374861136,0.0012233007989783556
TREE,-0.0008443908030575926,1.348366079115566,-0.0011385479163600104,0.00024369524354251273,0.0012171287310616605
SKY,-0.0010587695038136646,0.88794311959029,-0.0009401270961433688,0.00024242785056385744,0.0012107987740816093
PSMT,-0.0022400435743654425,0.4393057160371265,-0.000984063946390975,0.00024159977258685165,0.0012066629629647323
CCK,-0.0018442390399977017,0.5921865680141644,-0.001092133587693976,0.00024141867855787737,0.0012057584941598258
JLL,-0.0009886430021472175,1.1757851249495805,-0.0011624317358101945,0.00024073745004142831,0.0012023561183574273
SNEX,-0.0011112894020269448,1.0513077168460678,-0.0011683071240001794,0.00024060271304414182,0.0012016831783847365
CINF,-0.001745165941833645,0.662991068013179,-0.0011570294316365138,0.00024043658116033021,0.0012008534375740703
ORCL,-0.0011731256572489821,1.4221875625800187,-0.0016684047190830124,0.00023918819798314107,0.0011946184244886963
PFGC,-0.0014308290101775363,0.8019105103126967,-0.0011473968217216787,0.0002390907992354425,0.001194131969306108
GOLF,-0.001075015336221977,0.9790636048749028,-0.0010525083903772945,0.00023799638232543783,0.0011886659362167341
RBLX,-0.0013672235901853339,1.2163963626518655,-0.0016630858020332648,0.00023574762974806816,0.001177434607565512
AIG,-0.0021465805354141934,0.5550451956682894,-0.0011914492132967123,0.0002350790466010965,0.0011740953886892893
CC,-0.00047728429730527997,2.2485955660729884,-0.0010732193546769144,0.00023443513218273607,0.00117087937705304
MTB,-0.001121069950642157,0.973306058489787,-0.001091144174950858,0.00023080203383491445,0.0011527339741406728
DRI,-0.0017124119143045711,0.6181197970511431,-0.001058475704937901,0.0002303152765789637,0.0011503028793328374
TDW,-0.000783499479380857,1.2914818586898575,-0.0010118753639133248,0.00022946195986060306,0.0011460410140640932
OLLI,-0.0014960305169586497,0.8280048868388415,-0.0012387205789018004,0.00022833397854337445,0.0011404073445293811
CMPR,-0.0009399439113141307,1.0428534861583183,-0.0009802237847072264,0.00022779732719103193,0.001137727055123629
PVH,-0.0007423769226311294,1.4464547120019116,-0.0010738145978212755,0.00022737932619707902,0.0011356393614454236
CNH,-0.0009220342435076313,1.1446222033303997,-0.0010553808673497832,0.0002266238358310068,0.0011318660870178233
GEO,-0.0012040810562141643,0.9526291003581413,-0.00114704265333958,0.0002264680447026395,0.001131087992806283
EPC,-0.001412149394513268,0.6604997546539916,-0.0009327243286107964,0.00022570911353024165,0.0011272975333726232
TARS,-0.0019406072825447268,0.5706598200100147,-0.0011074266025670975,0.00022490989551042541,0.0011233058624636632
GFS,-0.0007122000367996821,1.6412926025532408,-0.0011689286519374642,0.00022483551170603117,0.001122934354738942
AVAV,-0.0010465733112140685,1.2601785136861687,-0.001318869199789357,0.00022434496393076297,0.0011204843282937881
EVRG,-0.005081083770052566,0.20746769820278596,-0.0010541607541483396,0.00022367812299467114,0.001117153810838597
PBF,-0.0007975640243798008,1.3063040033552462,-0.001041861077979455,0.00022339014927018786,0.0011157155345359318
STE,-0.0019301954396094938,0.5484942745330746,-0.0010587011473556583,0.00022325744408775386,0.0011150527424028016
GBCI,-0.0008338041861639064,1.1554171006262857,-0.0009633916152675605,0.00022320763406976642,0.001114803967732004
ADNT,-0.000691003304617273,1.4349759921038387,-0.0009915731525902023,0.00022255179628751363,0.0011115284052052518
BY,-0.0011412114324472254,0.8473145777891138,-0.0009669650830521306,0.00022216650585675981,0.0011096040834734993
VRTX,-0.0025010036954235437,0.4414802591341965,-0.001104143759551169,0.00022192454692083127,0.001108395626679781
TSCO,-0.0017886813933171261,0.5710399781717294,-0.0010214085837959902,0.0002219121360400916,0.0011083336409007136
STZ,-0.0019351438573817418,0.43514616079815777,-0.0008420704201318027,0.00022046248436047942,0.0011010933981957715
BWXT,-0.0011086084116541475,1.1864824175269637,-0.0013153443883501402,0.0002202460489001511,0.00110001241765074
GPOR,-0.0015419821283278103,0.8277236866679016,-0.0012763351320355125,0.00021830541302113128,0.0010903199687931076
RNST,-0.0008881979134284693,1.1136838719649593,-0.0009891716912982156,0.00021765463157500907,0.001087069659988541
GILD,-0.0027695916922589906,0.3823542110294938,-0.001058965046367527,0.00021746475706148913,0.0010861213373116515
WAL,-0.0006336590141669746,1.5747656150943365,-0.0009978644272047267,0.00021671048231376337,0.0010823541342541525
UNP,-0.0014223640918571315,0.7230063942354868,-0.0010283783333436575,0.00021612584991140358,0.0010794342049043719
CSW,-0.0007275676903383366,1.373141486704474,-0.0009990533799893238,0.00021605736348229932,0.001079092151447198
FSS,-0.001112003980778166,1.0299108689466903,-0.0011452649861154196,0.00021553814729569423,0.0010764989414642583
COLB,-0.0008013107727868222,1.195718950623116,-0.0009581424763596573,0.00021527300479456422,0.0010751746950355644
CAC,-0.0010951155108177004,0.8503758322812173,-0.0009312597639556724,0.00021513353829504068,0.0010744781337029624
PPG,-0.000962097919900271,1.0256419793971088,-0.000986768014940355,0.0002138631494444324,0.0010681332139284984
HELE,-0.0006109498474012712,1.3743893502516382,-0.0008396829638061706,0.0002134468159981997,0.0010660538487683683
BE,-0.000693474525998055,1.9771892405454818,-0.0013711303713957324,0.00021227134379095283,0.0010601829873793356
OWL,-0.0006173567252117862,1.7615347178005527,-0.0010874953047282172,0.00020993556585972872,0.0010485170131561798
IRDM,-0.0009242750323456248,0.996508933448927,-0.000921048326696211,0.0002097534014614339,0.0010476071984231625
PAHC,-0.0008363861915047067,1.186070762152981,-0.0009920132076122164,0.00020923513368446766,0.0010450187252442882
BOOT,-0.0006421146915576393,1.5686786075974672,-0.001007271580270515,0.00020886778147377196,0.0010431839954253667
SLB,-0.0008340996947576299,1.174876663432751,-0.0009799642663471204,0.00020750792570857292,0.001036392235775635
WULF,-0.00045416749429848973,2.7171664986699122,-0.0012340487002927146,0.0002073526452848533,0.0010356166922634467
ETN,-0.0008854823234759839,1.3713957631071556,-0.001214346706721244,0.00020379836604451898,0.0010178649490667345
BALL,-0.001626457492373358,0.48208281798027824,-0.0007840872112484853,0.00020292950890315548,0.0010135254676120742
DOC,-0.0016662873028010254,0.49174691515438723,-0.0008193916409133285,0.00020283141411870748,0.0010130355360943994
ALGM,-0.0005264373619897847,2.0084942135276194,-0.0010573463953412272,0.0002022717289101553,0.0010102402047708306
DAL,-0.0005247093254762557,1.965543972261221,-0.0010313392518791055,0.00020157372037477053,0.0010067540216570643
NI,-0.0026094399426561023,0.4105402359111327,-0.001071280089653969,0.00020155206399647682,0.0010066458595122114
BEN,-0.0009128672989931733,1.0991828994175616,-0.0010034081244907943,0.00020148465416755374,0.0010063091831029982
ABCB,-0.000870679128183525,1.0612987669356568,-0.0009240506851377877,0.0002012670503996387,0.0010052223674800645
CMCSA,-0.0016182943501292584,0.5978866155086939,-0.0009675565318956236,0.0002008691757692316,0.0010032351943330246
QBTS,-0.0004497652384578489,2.368593529630031,-0.001065311033663769,0.0002003797220252755,0.0010007906319951028
VST,-0.0006283696230445229,1.9457607054169441,-0.0012226569209976901,0.00019907833138434067,0.0009942908746900726
MUX,-0.0014843509879040363,0.8094820939865802,-0.0012015555458996083,0.00019820622513280412,0.0009899351656501528
COLL,-0.0015150039628956987,0.519446491906355,-0.0007869634937503963,0.00019816028188760626,0.0009897057034623988
VSAT,-0.0005666456411532366,1.882782495758705,-0.0010668704944612822,0.00019806313832329542,0.0009892205227857401
PEP,-0.004003541295755167,0.1363736705299452,-0.000545977621620345,0.00019657190017996313,0.0009817725777100778
CBU,-0.0009726885419113189,0.8919929728440928,-0.0008676313441508633,0.00019564593762069752,0.0009771478849241763
CBSH,-0.0011033103428545134,0.7818032245788021,-0.0008625715837548023,0.00019564489934793204,0.0009771426993013665
WRBY,-0.0005168037941115358,1.805965424201418,-0.000933329783261542,0.0001956016275182746,0.0009769265794200095
LOPE,-0.0015448143765306671,0.6130407452932006,-0.0009470341567280112,0.00019558033643263538,0.0009768202417185826
AMCR,-0.001479583068970632,0.5407885738994712,-0.0008001416178344311,0.00019510002497137268,0.0009744213402428586
ACN,-0.0011012472054820973,0.8359487399945378,-0.0009205862138452651,0.00019501788074803098,0.0009740110733338022
JOE,-0.001084074574400626,0.7327437244881508,-0.0007943488412692217,0.00019477332921458818,0.0009727896678880021
CRK,-0.0009839821871294747,1.097199789216088,-0.001079625048310845,0.00019378341470703228,0.0009678455689760722
DLR,-0.0013349450161784075,0.7999482898911413,-0.001067886982790619,0.00019347388340198941,0.0009662996239709331
GOGO,-0.0005971408424753002,1.526984338541532,-0.0009118247143632793,0.00019330181913841663,0.000965440254063917
BAH,-0.0018055862578437822,0.3889331079632663,-0.0007022522749589457,0.00019324707406543848,0.0009651668314060219
TILE,-0.0008803104980892025,0.9907134232832319,-0.0008721354271141208,0.00019271416706039964,0.0009625052430328224
GDDY,-0.0013679985517901531,0.7564499028599706,-0.0010348223716142417,0.00019155127866769537,0.0009566972311356531
ITGR,-0.0011265030312546552,0.7583569703576168,-0.000854291425880952,0.0001911619883136743,0.00095475293190471
TGT,-0.0008292426099193775,1.008179955863121,-0.0008360257778683372,0.00019114296706196807,0.0009546579308221452
TT,-0.0011645877764937165,0.9271486054064795,-0.001079745932849582,0.0001909383808345449,0.00095363613092258
UDR,-0.0013855963165266903,0.6261304149773487,-0.0008675639966579424,0.00019073391530877412,0.00095261493386387
ICUI,-0.0008271177095755335,1.0061446109840877,-0.0008322000261389247,0.00019064882408278516,0.0009521899482367116
ALKT,-0.0007299423529316957,1.3134444578680586,-0.0009587387380213062,0.00018975312196930623,0.0009477163903578617
DDOG,-0.0009235350630372623,1.295421681271409,-0.0011963673440728271,0.00018967273456439374,0.0009473148978268127
NAVI,-0.000771230983378364,1.1216774381294665,-0.0008650723936419125,0.0001888462223028634,0.0009431869066298576
VCTR,-0.0007008865071419639,1.3552545776304854,-0.0009498796472035885,0.00018869187228275433,0.0009424160099911552
AUB,-0.0006680544181181082,1.2861638167039189,-0.0008592274201727017,0.00018684398188075884,0.0009331867756924995
GSM,-0.0008081113249290872,0.9623721374977553,-0.0007777038231081487,0.0001864499059655851,0.000931218575117039
SBH,-0.0007067108053865235,0.9974245278612079,-0.0007048906913970672,0.00018521241738931956,0.0009250379747957585
XENE,-0.0009634374007129153,0.89923617265436,-0.0008663577608091468,0.00018391120071437577,0.0009185390863587574
BANF,-0.0009474309522607932,0.8259804169354467,-0.0007825594129659173,0.00018311409318865553,0.0009145579562505273
PBH,-0.0015219611921821015,0.5230764065974397,-0.000796101991387369,0.00018305535096827815,0.0009142645699574328
ARES,-0.0005697246416765643,1.6759211159325091,-0.0009548135572528365,0.00018129541053242388,0.0009054745991796007
OGN,-0.000797966794645392,0.947346420885403,-0.0007559509868927095,0.00018075742433711759,0.0009027876429399003
VRNS,-0.0010120310447612059,0.8445444909671986,-0.0008547052435408548,0.00018046276168505538,0.0009013159589850464
DDS,-0.0007204164853624845,1.1270170001510322,-0.0008119216261925772,0.00017944962961934522,0.000896255900661337
THFF,-0.000921018569859491,0.8258269856807474,-0.0007606019893030563,0.0001786133571963518,0.00089207916262483
VRRM,-0.0012227895400883494,0.6420876598263912,-0.0007851380742555174,0.00017812445055535333,0.0008896373327765495
VLY,-0.0007201724677506329,1.130930817040201,-0.000814465237363081,0.0001767487408041331,0.0008827663908596232
TNK,-0.0018778456207952027,0.4953973913014189,-0.000930279821808737,0.00017646759681427576,0.0008813622254658042
MC,-0.0005591492613578595,1.5374448410617745,-0.0008596611472581429,0.0001762464619260296,0.0008802577737661649
WAFD,-0.0008601745057092265,0.8645312131355927,-0.0007436477089291063,0.00017519199316251558,0.0008749912605202629
LCID,-0.0005787501717751021,1.37828193300321,-0.0007976809054801276,0.00017485765207774932,0.0008733214037995168
CZR,-0.00048546305829402607,1.6304261398471256,-0.000791511660172709,0.00017459529704165377,0.0008720110792830068
APLD,-0.000534807521728417,2.1414047195302324,-0.0011452393510694994,0.00017347554499540327,0.000866418510600316
TROW,-0.000714839136330066,1.2050070450252661,-0.0008613861953375063,0.00017295497539783657,0.0008638185410461088
TPL,-0.0006430735234081356,1.3618915459041638,-0.0008757963949243433,0.00017280161396342596,0.0008630525818696203
EBS,-0.0004979769252077093,1.6631726680651036,-0.0008282216113325623,0.00017251381260858633,0.000861615166462074
FUN,-0.0004729740960820371,1.6813577958777455,-0.000795238683695763,0.00017079337718074728,0.0008530225022856229
KEX,-0.0007673367841140746,1.08785411118788,-0.0008347504752641827,0.00016992717153816665,0.0008486962636636996
TWI,-0.00045981074051340093,1.68532562654591,-0.0007749308243482863,0.0001694726368848094,0.0008464261036974146
VIAV,-0.0010179251403447033,0.9225800446096454,-0.000939117421388496,0.00016853528006293835,0.0008417445026018362
ARI,-0.0010971768853594449,0.7137545611193533,-0.0007831150062800296,0.00016693666081085042,0.0008337602457346926
BKR,-0.0007517115037745692,1.1697753045905963,-0.0008793335532921519,0.0001666555903406159,0.0008323564475324689
AMD,-0.0005151546393890795,2.0575780699821085,-0.0010599708886565114,0.00016581384012286484,0.000828152350811051
AAP,-0.0006960745584019645,1.05296732312203,-0.0007329437644538657,0.00016573465284237126,0.0008277568522661377
BEPC,-0.0011928498302301697,0.8412227431213719,-0.0010034524063180861,0.00016535205587741555,0.000825845982970146
TPB,-0.0019132108452389145,0.5956714901106146,-0.0011396451550792527,0.00016524581455994142,0.000825315363832719
NEE,-0.0022142474363690853,0.3849408041281892,-0.0008523541886946972,0.0001641391926961311,0.0008197883734602968
CRI,-0.0005022605971737993,1.388988777796889,-0.000697634333003971,0.00016389118758237942,0.0008185497192091533
CVS,-0.0026739654501965362,0.32184272184856433,-0.000860596318620275,0.00016382583959528854,0.0008182233406083683
EYPT,-0.00072979259047344,1.038518233360449,-0.0007579029117780226,0.0001636208006198756,0.0008171992794722756
NTCT,-0.0008678633211675988,0.9501374718757246,-0.0008245894619078524,0.00016341983690363032,0.0008161955720983137
DV,-0.0009969379844261236,0.8060272576519771,-0.0008035591896360779,0.0001631413900692603,0.0008148048775683001
BFST,-0.0007845834144664145,0.9000694716142817,-0.0007061795792961147,0.00016291141107596966,0.0008136562542459666
AES,-0.0007639419815337131,1.1764800427665705,-0.0008987624951059614,0.00016287533469661858,0.0008134760718296725
TRNO,-0.0008831183411827392,0.812750103424273,-0.0007177545231321436,0.0001623726483175092,0.0008109654194844179
TECH,-0.0005833475773177158,1.2489751562552083,-0.0007285866315314913,0.00016172055185908977,0.0008077085428895845
SYNA,-0.0003780047992815451,2.1563589014759614,-0.000815114013731394,0.0001613916074387666,0.0008060656396507779
ADUS,-0.0014856677177055649,0.4908597904003052,-0.0007292545445174534,0.00016051274224626876,0.0008016761732788889
GOOG,-0.0010286212790202567,1.0358129995121472,-0.0010654592923839935,0.00016045040410173306,0.0008013648272482789
NTNX,-0.0007565051379654624,1.2042971156848796,-0.0009110569556525983,0.00015972082271820188,0.0007977209544724503
MSI,-0.0018143328838623205,0.5300551255422268,-0.0009616964445310326,0.00015910816350311947,0.0007946610460303046
LKFN,-0.0008661202577923586,0.7374545596031824,-0.0006387243332736586,0.0001582280895402544,0.0007902655424903451
AGCO,-0.0006150763770438433,1.1600650989473318,-0.0007135286381955324,0.0001550268061552583,0.0007742768267176906
OCUL,-0.0006756991833058478,1.1764331201519498,-0.0007949148985006228,0.0001547809809539504,0.0007730490599751745
NDSN,-0.0006769439267589227,1.0976583361237087,-0.0007430531442952487,0.0001546812136745295,0.0007725507752305162
PAYX,-0.001170062056784591,0.6067570268282098,-0.0007099433747791184,0.00015374406977205525,0.0007678702375546068
BH/A,-0.0015519354911341578,0.4611270893763853,-0.0007156394959266052,0.00015362758126718517,0.000767288439140921
TDC,-0.0005902724888192421,1.3057350285962723,-0.000770739465067986,0.00015330780027642492,0.0007656913023817303
AR,-0.0008037091908960527,1.0948215104512546,-0.0008799181103403721,0.00015153405408811484,0.000756832379179043
NOC,-0.004547321524047655,0.07945211430324715,-0.00036129430950225034,0.00015133656286946928,0.0007558460150922776
CLX,-0.0020311937975197145,0.2480843159919069,-0.0005039073239046822,0.00015006256986528654,0.0007494830944787209
SNDR,-0.0006345234617637465,1.0290030596371902,-0.0006529265835664768,0.00014998383032492762,0.0007490898321587499
HTH,-0.000981988643393689,0.6267651743168906,-0.0006154762832538524,0.0001498518767925928,0.0007484307941199472
CERT,-0.0006758221769331446,0.9945826556306819,-0.0006721610154682756,0.00014931791815613738,0.0007457639534045477
MNRO,-0.0006709640686488549,0.8138425808113373,-0.0005460591292608593,0.0001490402872510787,0.0007443773340094972
MBWM,-0.0007508321407535332,0.8092646199375568,-0.0006076218870238102,0.00014724741544252834,0.0007354228884586696
PSKY,-0.0011297698458645608,0.4876229351487283,-0.0005509016882830034,0.00014702905253405148,0.0007343322813305128
TWST,-0.0004014892439226454,1.7571543463368313,-0.0007054785699661646,0.0001461555194840954,0.0007299694461878236
MQ,-0.0009332433946097439,0.7291560369686498,-0.0006804800551408107,0.00014506523599620898,0.0007245240573537277
KNSL,-0.0010455178135463411,0.5627955787680284,-0.0005884128029870967,0.00014397855803984064,0.0007190966762408233
STEP,-0.00041767587662641745,1.7344863983586292,-0.000724453126931038,0.00014292873025239372,0.0007138533422134784
ENTA,-0.0007555985852096553,0.938990191586019,-0.0007094996602881391,0.0001425030133709524,0.0007117271117620015
INDB,-0.0005785207087072626,1.1000028069196073,-0.0006363744034391094,0.00014123715606529318,0.000705404824655592
QGEN,-0.0012771269754050059,0.45271930316458914,-0.0005781800343580536,0.00014101688443861316,0.0007043046844904715
VVX,-0.0006450400996158308,0.9269430241766254,-0.0005979154206530899,0.0001404884580724939,0.0007016654745366585
A,-0.0005861564587121893,1.1292598843034678,-0.0006619229747490573,0.00013967063890847026,0.0006975809007596889
FCF,-0.0007864121978081666,0.7245129342659765,-0.0005697658089765503,0.00013950409011872817,0.0006967490777246066
EPR,-0.0011207668399893407,0.5909443280700097,-0.0006623108071806491,0.00013933622966296792,0.0006959107036121498
GT,-0.0006740411130543381,0.9409225988720228,-0.0006342205158416787,0.00013858807195761812,0.0006921740519430025
CLB,-0.00037900771230112206,1.684593798582059,-0.0006384740417572434,0.00013852983777603336,0.0006918832030347252
SMTC,-0.00032237677389060853,2.433810250363512,-0.0007846038967740832,0.00013849616137481786,0.0006917150072386879
DNOW,-0.0005654208862525236,1.1734956779118124,-0.0006635189662184029,0.00013825540290499317,0.0006905125461376408
VEEV,-0.0010908426851899229,0.6742952148486605,-0.0007355500027762288,0.00013801555600028166,0.0006893146378217583
ELAN,-0.0005126551996359843,1.341239470121632,-0.0006875933883148669,0.0001377993627790549,0.0006882348671327996
CTS,-0.0005299328430863919,1.2243966766769192,-0.0006488480119369296,0.00013749244657902855,0.0006867019831928011
SXI,-0.0005255044590066347,1.2334474973254528,-0.0006481821597950995,0.00013737465271234444,0.000686113665187903
VPG,-0.00034313663797253105,1.903581893473713,-0.0006531886910319546,0.00013616955286566205,0.00068009482942454
NSA,-0.0008737479625199053,0.6086868290239277,-0.0005318388766723587,0.00013584471431640687,0.0006784724328381007
SNA,-0.0008213676810226952,0.7532224005420793,-0.0006186725364275954,0.00013455609205475242,0.000672036446828092
BELFB,-0.00044052601412714455,1.6122692189727263,-0.0007102465327339395,0.00013411125981883747,0.0006698147453005444
OPCH,-0.0016259107961665276,0.3628894941332259,-0.0005900259463266218,0.00013375575538718208,0.000668039188865804
JJSF,-0.00194123368328047,0.1088401172554156,-0.00021128410170840868,0.0001336408345470605,0.0006674652201076271
CDP,-0.0012722226255018204,0.44197884656693887,-0.0005622954885956572,0.0001329655956840665,0.0006640927594533591
CHRD,-0.0005146095279019042,1.2819976936960003,-0.0006597282279242287,0.0001327553760107131,0.0006630428234736763
BRC,-0.0008324909033544353,0.7108266121435733,-0.0005917566884717761,0.00013201281595158775,0.0006593341290840681
MSCI,-0.0009070854648410866,0.8063897614545834,-0.0007314644316121237,0.00013168544887011698,0.000657699103817798
FHB,-0.0006335703904531096,0.9334254657952773,-0.0005913907368227895,0.000131684219725912,0.0006576929648931938
LZ,-0.0006299654723991957,1.103613752388055,-0.00069523855886939,0.0001315982638510585,0.0006572636608026957
OZK,-0.0005565747240993504,1.0627759832100123,-0.0005915142496345285,0.0001311411500621661,0.0006549806194197877
CHH,-0.0007216766424250941,0.8240372438428791,-0.0005946884313697575,0.000131090222664289,0.0006547262640279739
BIIB,-0.0008798840472311758,0.6288987286630712,-0.0005533579586746042,0.0001308100788248031,0.0006533270938557883
GME,-0.0008988656439205319,0.7169969855872942,-0.0006444839571390035,0.00013016012565060685,0.000650080921831011
SWX,-0.0016477088497993653,0.3427175492884835,-0.0005646987389441845,0.00013008295725873507,0.000649695506565979
CF,-0.0013818477108974187,0.408688080189034,-0.0005647446880802774,0.00012971555865051173,0.0006478605450159695
GPN,-0.00048816263659234236,1.3137668048177065,-0.0006413318673073088,0.00012951456734224798,0.0006468566998344824
CDZI,-0.0005023717408286333,1.2872582453903205,-0.0006466821656327473,0.0001291151905804469,0.0006448620243363467
ELS,-0.002470131482045369,0.1833341502959117,-0.0004528594563799688,0.00012897676037283787,0.0006441706387332527
HXL,-0.00056962667243185,1.11518868132166,-0.00063524121767492,0.00012802999039780046,0.0006394420239208609
PGEN,-0.0003600377736880969,1.7505628337270005,-0.0006302687453561954,0.0001276980513870019,0.0006377841642879435
CL,-0.004551338785521074,0.03368851983506496,-0.00015332786695212717,0.00012710544463493087,0.0006348244072829161
LEN,-0.0006077913747074159,0.7453743784333139,-0.0004530321181396695,0.00012642029310504964,0.0006314024381052378
VRDN,-0.0006229653244424036,0.947311148473694,-0.0005901419969568208,0.00012544638775503124,0.0006265382964600798
BBY,-0.00039561187449342465,1.4989799968381956,-0.0005930142863773063,0.00012444799717211384,0.0006215518640388898
UAA,-0.0004218812505373056,1.2695912941790197,-0.0005356167628595211,0.00012439683896617779,0.0006212963558830096
ICE,-0.0013780280425127924,0.4536942054798593,-0.0006252033378768071,0.00012429664152604843,0.0006207959227133363
TCMD,-0.0006925833613504434,0.6085887407932398,-0.0004214984357786157,0.00012392935211164523,0.0006189615065286522
IRON,-0.0005188394434818163,1.2273938339381696,-0.0006368203337334927,0.00012250057119893624,0.000611825502255564
CCNE,-0.000646083496091742,0.8067685250316367,-0.0005212398291892179,0.00012217956866043602,0.0006102222645120905
ITIC,-0.0006257031003158601,0.8770218503032872,-0.000548755290779519,0.00012108096680825983,0.0006047353298520468
RKT,-0.0005393659957404905,0.8278803349102455,-0.0004465305011928353,0.00012047095148622496,0.0006016886262560164
SXC,-0.0006960892817373427,0.800380046449851,-0.0005571359716501777,0.00011896001363026182,0.0005941422915446431
OFG,-0.0006247459642626591,0.8583781788804045,-0.0005362683030666636,0.0001187205903367522,0.0005929464989424573
SBSI,-0.0007102546165389888,0.6826069332794119,-0.0004848247256432238,0.00011867765451150843,0.0005927320572252685
PHM,-0.0005284110895465842,0.8062522663088229,-0.0004260326384896479,0.00011508101560142261,0.0005747687499030389
VRSK,-0.0018577208414999344,0.27246634554538396,-0.0005061664087269825,0.00011436012819069861,0.000571168298918858
IBP,-0.0004426089827390504,1.0291091169639004,-0.0004554929393868744,0.00011392954663303377,0.0005690177719849676
TRUP,-0.0004338502126216808,1.3374260255078254,-0.0005802425655323395,0.0001138199336306842,0.0005684703130665324
APO,-0.0003562261152554884,1.6824750063045864,-0.0005993415355103361,0.00011368480108774738,0.0005677953975527172
SMP,-0.0005638614380131911,0.8214980455136076,-0.0004632110692683287,0.00011360968038061841,0.0005674202093889466
DAKT,-0.0004577632212174177,1.240476435397886,-0.0005678444889120363,0.00011355727343826323,0.0005671584644557244
DOCS,-0.0005129667477946398,1.221127499067891,-0.0006263978018394581,0.00011285580095624424,0.0005636549807623077
MD,-0.0006980280844776086,0.792791319245845,-0.0005533906059636535,0.00011266591535650565,0.0005627066027156249
TRTX,-0.0007467163474125047,0.6660621185813431,-0.0004973594723368951,0.00011215241648873947,0.00056014194771358
SKT,-0.0006390624930767651,0.8109171716501755,-0.0005182267493935202,0.00011202086079491495,0.0005594848966675236
EE,-0.000943382534511719,0.5939612144111511,-0.0005603326358528504,0.0001117801617932688,0.0005582827325785463
FET,-0.0003675798726236838,1.525116722151444,-0.0005606022104646779,0.0001117307904964962,0.0005580361490879612
NBTB,-0.000578914715025457,0.7986732962878277,-0.00046236372371891014,0.00011162162616478984,0.0005574909310418659
FBIN,-0.0003524565044384548,1.3308840347539062,-0.00046907873470230875,0.00011084266534651884,0.000553600434130614
ROST,-0.0007498779956495435,0.7293627684161111,-0.0005469330908812756,0.00011057652976330055,0.0005522712277826193
ONB,-0.00040472851534497766,1.276672030957819,-0.0005167055756720155,0.00011035360602629857,0.0005511578417304479
NRIM,-0.0005531715825103857,0.8135559461323457,-0.0004500360301827638,0.00010877826762805826,0.0005432898604035639
FAST,-0.0007890339072370854,0.6602583170023302,-0.0005209661996501307,0.00010860951926192875,0.0005424470516488657
CCBG,-0.0007028047844171287,0.6096236624767343,-0.00042844642668254165,0.00010859039105914507,0.0005423515164022882
COLM,-0.00041451952504773377,1.1103076518772532,-0.0004602442005130235,0.00010848880788889395,0.0005418441622442519
FCX,-0.00035222030418536243,1.6826734891279511,-0.0005926717681852921,0.0001084317713646355,0.0005415592950002889
WEX,-0.00034734832777292684,1.5156550152684434,-0.0005264602350341437,0.00010817985879208192,0.0005403011250610093
CSV,-0.0009236579620159756,0.5109911128602745,-0.00047198100991279656,0.00010808995499156594,0.0005398521031718293
DOCN,-0.00027359075897032917,2.1354335749321436,-0.0005842348924964085,0.00010800874715016637,0.0005394465129948603
DPZ,-0.0008984593233660755,0.5479265028584698,-0.0004922896750125607,0.00010748769467278458,0.0005368441317116097
KMPR,-0.0006632552097675142,0.7359246474489192,-0.0004881058564168168,0.00010728347689110376,0.0005358241720034751
HWC,-0.00043292945679572383,1.1490165866019038,-0.0004974431266868389,0.00010726456415965064,0.0005357297129221249
CDRE,-0.0005329138474051618,0.8878085282171918,-0.0004731254585313378,0.00010568084446107674,0.000527819871437072
BUSE,-0.0005244581580380554,0.8565247991216397,-0.0004492114184612506,0.00010553027984955226,0.0005270678809102827
CNK,-0.001531722091568894,0.2809573895774297,-0.00043034864040527725,0.00010501545227284446,0.000524496589710483
CRC,-0.0004249613078016922,1.3004805891672366,-0.000552653931943224,0.00010485993530526898,0.0005237198647869591
FCN,-0.0013391905637387326,0.34498186259040586,-0.00046199645504208366,0.00010466677277513009,0.0005227551202077093
KD,-0.0004070705758671778,1.3797622146993729,-0.0005616605992974464,0.00010464823100905373,0.0005226625139020297
EXTR,-0.0003573567742173159,1.5524665933365431,-0.0005547844538748926,0.00010313774025032657,0.0005151184122046601
DRS,-0.000587564129861767,0.9187361037410022,-0.000539816379367172,0.00010195087668845956,0.0005091906570297976
KIM,-0.0006206315434192565,0.7519496661687215,-0.0004666836818878883,0.00010173277526349344,0.0005081013558733495
AIZ,-0.0007379955707567594,0.6884624980075855,-0.0005080822741617325,0.00010145657397019053,0.0005067218766321935
NFLX,-0.0010012355354430797,0.7788953603929638,-0.0007798577132171797,0.00010142549651677175,0.0005065666612045373
LYV,-0.0005957980788583592,0.9369571696601265,-0.0005582372816560692,0.00010134369194057317,0.0005061580906531542
AAON,-0.0003085868548890982,1.627605472465679,-0.0005022576537484686,0.00010059002306279257,0.0005023939135952882
ILMN,-0.0003961014047034236,1.200102209251897,-0.00047536217087235837,0.00010032533023804866,0.0005010719130620876
WRB,-0.0016979959050809788,0.24952334149835512,-0.00042368961208632963,0.0001002095868736644,0.0005004938362306567
FELE,-0.0005080707952145334,0.8979047274078603,-0.00045619916888100045,9.992705705543384e-05,0.0004990827493577607
GIII,-0.0004522265735560276,0.9795506039584765,-0.0004429788132528792,9.989199854100423e-05,0.0004989076506378993
ORRF,-0.000548203428963223,0.7688144699587404,-0.0004214667286679243,9.97085667274452e-05,0.0004979915058365975
CELH,-0.0006657726423763288,0.8072720118165115,-0.0005374596204235338,9.89732420459102e-05,0.0004943189483276985
NVDA,-0.00039016948659244846,1.775376620755346,-0.0006926977846283494,9.888289383324774e-05,0.0004938677068351153
CALM,-0.0010833156362465136,0.3631663960399083,-0.0003934238353893266,9.789862918170603e-05,0.0004889518259629849
SHO,-0.0004199802211754887,1.1185537812752842,-0.00046977046445667304,9.692898019497009e-05,0.00048410894259913597
GLW,-0.00046328270988925293,1.2641389636149687,-0.0005856537247401344,9.691667355119055e-05,0.00048404747742850204
PEB,-0.0002710569534480107,1.717839887149596,-0.000465632446322244,9.648556520744645e-05,0.00048189431947702233
APEI,-0.0006150376001019203,0.7858698343135682,-0.00048333949688871073,9.64601230295604e-05,0.00048176724926737955
CMP,-0.0005664849032758156,0.7218062479733646,-0.0004088923425670708,9.615347985141095e-05,0.00048023572892712046
MDU,-0.0009202836305923075,0.49723497595432614,-0.00045759720892872595,9.605114612920783e-05,0.0004797246261594205
UTZ,-0.0012943789214469345,0.23227437257649006,-0.00030065105185532063,9.602786207946346e-05,0.0004796083346573485
KURA,-0.0004555945732329684,1.002391612992612,-0.0004566841791336759,9.600667372869374e-05,0.00047950251006220767
EFSC,-0.0005007491433222811,0.8192991488456086,-0.0004102633469091126,9.578537935364803e-05,0.00047839726181043583
CRWD,-0.00039849589155858175,1.5322595820482867,-0.0006105991482475119,9.55837145815109e-05,0.00047739005303342797
FA,-0.0003445288080087344,1.2156311142310812,-0.000418819938764364,9.550583164666863e-05,0.0004770010690045321
NTB,-0.0007691714331879071,0.5748169816834869,-0.0004421328016222346,9.537701450537096e-05,0.00047635769557857814
TENB,-0.0005102242591786025,0.9013966304179876,-0.00045991442798110624,9.478359537477904e-05,0.00047339388117290603
WING,-0.0005203850206310183,0.995056081547208,-0.0005178122795249641,9.441254624811636e-05,0.0004715406872158492
ALSN,-0.0004137707461028782,1.078916329477974,-0.0004464240146306801,9.429588897872541e-05,0.0004709580459127244
MCHB,-0.0005205085205906503,0.8476806920119846,-0.00044122502293241677,9.417336697413066e-05,0.00047034611336200345
WPC,-0.0013538460212983137,0.29480700752518,-0.000399123294188827,9.386278746912504e-05,0.00046879493315295966
SPGI,-0.0006492699054031289,0.772067243795952,-0.0005012800263442523,9.357891737303434e-05,0.00046737715230168526
OXM,-0.0002495084962192437,1.54010147910795,-0.00038426840407725755,9.27111283082856e-05,0.0004630430053242841
AWI,-0.0005038252592194414,0.8987268731325957,-0.0004528012998235081,9.265054266153747e-05,0.0004627404120923639
ERIE,-0.000964792938078534,0.34921461836926465,-0.0003369197976764568,9.20604391292087e-05,0.0004597931573447635
FND,-0.0002804089059443876,1.3794124059240314,-0.0003867995235912731,9.196182649335406e-05,0.000459300639433459
FFBC,-0.0004387614556351632,0.888973201266788,-0.0003900471758084668,9.157100873566297e-05,0.0004573487116297801
MDLZ,-0.0023225890837976727,0.07487234057814082,-0.00017389768090517142,9.051150736667465e-05,0.0004520570631837575
CLSK,-0.00021074938891391614,2.231164740732377,-0.0004702166056756246,9.0484380077427e-05,0.00045192157673494885
BBT,-0.0004305154914920899,0.8600435885931653,-0.00037026208824780734,9.020236677940818e-05,0.0004505130696070685
PBI,-0.00040685971226438986,1.1009352929116003,-0.00044792621649572545,8.956206978739753e-05,0.00044731512510039797
FG,-0.0005292864700667146,0.8424928285753485,-0.0004459200552931679,8.955565531774662e-05,0.00044728308822026376
CI,-0.0015697322644412305,0.19578140679812556,-0.00030732439102871135,8.943062208177928e-05,0.0004466586133982637
SIGI,-0.0008440356365961899,0.4154721988546023,-0.00035067334184826304,8.825876884262773e-05,0.00044080582683901274
FTK,-0.00024809470942574626,1.856869532779824,-0.00046067950717653165,8.69636837501422e-05,0.00043433756241037687
GEHC,-0.0003245441479389194,1.3627358457875864,-0.0004422679439369549,8.654346730062546e-05,0.00043223880370447574
RUSHA,-0.00037278331052171995,1.005294417945879,-0.0003747569811708703,8.654286258844224e-05,0.00043223578348725066
KRNT,-0.00026776169787360335,1.6498309859432927,-0.00044176154600065705,8.648706144632629e-05,0.00043195708632308736
BLDR,-0.0002805493175903375,1.1926839360636265,-0.0003346066643636081,8.63732780985736e-05,0.0004313887987371131
LSTR,-0.00045081060449297553,0.8214646662840444,-0.00037032498277713046,8.602778200978262e-05,0.0004296632286766389
RNG,-0.0003152422995409234,1.4264490726667696,-0.00044967708584549017,8.542895048664822e-05,0.00042667238223549717
ASMB,-0.00047103633861076116,1.0292637934965008,-0.0004848206487532143,8.441164042861556e-05,0.0004215914570519347
BZH,-0.00029180696267906367,1.1392406757575015,-0.0003324383613532405,8.414945851504638e-05,0.00042028199719079413
DEA,-0.0005365733879655686,0.6545361105128443,-0.0003512066583636827,8.408074405291314e-05,0.0004199388048293592
MZTI,-0.000952467979457418,0.2528371883560239,-0.0002408193259251567,8.404596831997418e-05,0.0004197651184533412
UBER,-0.00043091333595137897,1.1680756904171272,-0.0005033393924013545,8.350292898258674e-05,0.00041705292444404107
BDX,-0.0006121597220681546,0.5820962434685841,-0.00035633587461864535,8.320387408676313e-05,0.0004155593035568198
RGLD,-0.0013943496687820608,0.33818783713160255,-0.00047155209869057153,8.272395196905244e-05,0.0004131623466460226
RKLB,-0.00020768845667732885,2.293603294690245,-0.0004763549285042537,8.237724283854436e-05,0.0004114307180843466
MGRC,-0.0004484792590822417,0.8317145027380651,-0.0003730067039559225,8.234863241363466e-05,0.00041128782415806697
ESE,-0.000448872700297441,0.9730696551738062,-0.00043678440369536616,8.204338945531805e-05,0.000409763297174607
CDW,-0.00034656836998736123,1.1790899634186662,-0.0004086352866904645,8.130791033566324e-05,0.000406089968329058
OBK,-0.000411769209685823,0.8883359298112565,-0.0003657893837539018,8.122155943511714e-05,0.00040565869129434895
FE,-0.002880673163121323,0.126965044362638,-0.0003657447959499595,8.115062262018819e-05,0.0004053043994571963
PMT,-0.0006149768442310003,0.5984917083302448,-0.00036805854208735416,8.10601262053393e-05,0.00040485241777314906
CNA,-0.0008635054346888,0.4311934079503639,-0.00037233785116712407,7.917731804960879e-05,0.0003954487877797838
ALRM,-0.00041047435229749383,0.9152808213407231,-0.0003756993023101515,7.905293954227956e-05,0.0003948275829807227
STRT,-0.0002883801487668052,1.380969071855501,-0.0003982440663840463,7.80619684161887e-05,0.00038987820681857656
CHD,-0.0019901207567505587,0.06396479256606995,-0.00012729766138697965,7.801022033279807e-05,0.0003896197525370874
REYN,-0.0010257447555451552,0.27350212815102765,-0.00028054337358135553,7.7848776292612e-05,0.00038881342502362134
LBTYK,-0.0006911712171413181,0.5902391687915108,-0.00040795632469810847,7.68188851915629e-05,0.00038366966419050143
DHC,-0.0003704917563913253,0.8716533872449002,-0.0003229403944048111,7.637387543177584e-05,0.00038144707602519247
NBIS,-0.00018882797310192475,2.583019392262891,-0.00048774631632396713,7.619975093665268e-05,0.00038057741635225335
ELV,-0.0013580006346681842,0.1889566914478515,-0.00025660330691098257,7.566073685318684e-05,0.0003778853263553524
AGO,-0.0005579348113305156,0.6287607938157387,-0.0003508075348696094,7.553886209928807e-05,0.00037727662647920815
MTDR,-0.0002511491003664307,1.454771587685475,-0.0003653645754858511,7.495790345549234e-05,0.0003743750456085949
CUBI,-0.00026459107963526263,1.3613196730274562,-0.00036019304201505737,7.446838249108044e-05,0.00037193014754008255
NABL,-0.00033337626536926094,1.0937358568468811,-0.00036462557525606185,7.385862395146058e-05,0.00036888472643627646
SUPN,-0.000854317177621232,0.43122858707047856,-0.00036840598941564293,7.372086626724148e-05,0.00036819669973148635
ADBE,-0.00043465282272837224,0.8731997303611995,-0.00037953872760714886,7.34429780855643e-05,0.00036680879537592684
URGN,-0.00030069878110255407,1.1332006309709926,-0.0003407520484776226,7.337943178847152e-05,0.0003664914152628812
HALO,-0.0006845912909822459,0.5493031632587749,-0.0003760481616759561,7.332684517609967e-05,0.0003662287729730418
PRLB,-0.00026142533832083833,1.3845605151126765,-0.00036195920108900566,7.331733134427345e-05,0.000366181256419621
SONO,-0.0002262296756162775,1.6408925149020117,-0.0003712185813674599,7.326124931054141e-05,0.0003659011563505373
AON,-0.0009869995518732393,0.3466980218324429,-0.0003421907921839597,7.323576304990305e-05,0.00036577386597088377
MTCH,-0.00042056929807661057,0.9018979767791818,-0.0003793105990307357,7.304944419807112e-05,0.00036484330194178527
OSG,-0.00038150472169756,0.8553928273770998,-0.0003263364025505894,7.297495950297535e-05,0.00036447129032142055
BSX,-0.0006477774806265251,0.6597495988482552,-0.0004273709329862834,7.245474369512087e-05,0.0003618730877595323
BCSF,-0.0004517214122908341,0.8057684695326254,-0.0003639828710367015,7.235195538014225e-05,0.0003613597145415767
INGR,-0.0008800084082352703,0.32433726597508694,-0.00028541952116211577,7.126561110084228e-05,0.0003559339999689827
SMBK,-0.0003767996153190481,0.8057053068045609,-0.00030358944966447416,7.066169399776421e-05,0.00035291775374829014
ZUMZ,-0.00020824906809565458,1.6259669124188725,-0.000338606094265599,7.0466794521819e-05,0.0003519443340442638
BROS,-0.0002172979104146748,1.710735499123008,-0.0003717392492316354,6.951105817932902e-05,0.000347170936973174
WOR,-0.00033882135611663905,0.8698164217179618,-0.0002947123795790022,6.942147203053044e-05,0.00034672350158616
SM,-0.00019400633568537626,1.7319177033577147,-0.0003360030073370627,6.897833631153926e-05,0.0003445102732625233
TJX,-0.0007852396063947865,0.442439549738916,-0.00034742105789047295,6.86741275214912e-05,0.00034299091140208384
XOM,-0.0005906400374819275,0.536200824950087,-0.00031670167534635985,6.725294696943272e-05,0.0003358928669068712
V,-0.0004770138520111488,0.7710214545306929,-0.00036778791400892465,6.717681997993124e-05,0.00033551265289536824
SCCO,-0.0002858973879818353,1.3036964232106674,-0.00037272340211719115,6.675324989822447e-05,0.00033339714457206567
SBCF,-0.00028950174202502606,1.0365043319192098,-0.00030006980970709703,6.619362733216e-05,0.0003306021261145605
CNP,-0.0019260887802454987,0.173703733904999,-0.0003345688129611682,6.523531079995295e-05,0.00032581584236176706
MTX,-0.0002870903714971148,0.9545197869782671,-0.0002740334402449376,6.522538965903136e-05,0.0003257662915150413
CNR,-0.0004922297719774509,0.6035336064899924,-0.00029707720950329755,6.498973648731403e-05,0.00032458932867533393
DUOL,-0.00023573361556757626,1.5018320058815677,-0.00035403228872156743,6.42919111920438e-05,0.00032110406074893383
USLM,-0.0002720331071008447,1.1784535457963101,-0.00032057837963697785,6.37730314887155e-05,0.00031851253132183014
MGNI,-0.0001891263633919566,1.8645895628073137,-0.00035264304323234547,6.365833339378214e-05,0.0003179396750579487
LMT,-0.0013502332505153027,0.22677315786053429,-0.00030619665806764905,6.176504569686714e-05,0.00030848370530415744
CAG,-0.0010788337861064828,0.09710127109609919,-0.00010475613193235668,6.173758108578384e-05,0.0003083465341113554
AIN,-0.00023365579577179442,1.1804075792369875,-0.00027580907226167577,6.161756004518195e-05,0.0003077470925517871
MDT,-0.0006423346046213065,0.4471652063572574,-0.00028722968602589387,6.158182224844929e-05,0.00030756860117642893
IDYA,-0.00029689727329522923,1.0301445631720019,-0.0003058471119056724,6.152353730125816e-05,0.0003072774987208229
PLMR,-0.0004945971017117955,0.7021208620591433,-0.0003472669434258396,6.148493191073328e-05,0.00030708468523255516
COCO,-0.0005197380432893551,0.7213559040128892,-0.0003749161060668829,6.104183864342492e-05,0.0003048716689326005
PCVX,-0.00029919751159539947,0.8283256542990393,-0.0002478329745569037,6.0868256434523986e-05,0.00030400471769225916
STAG,-0.0003987822747463948,0.6857977493834736,-0.0002734839865150996,6.079823556634319e-05,0.00030365500052421826
PCT,-0.00012997531421157432,2.328572348062438,-0.00030265692260379875,6.0543391586511216e-05,0.00030238218975744806
MIR,-0.0002389800261826677,1.4811612329048802,-0.0003539679502203607,6.0362819655774774e-05,0.0003014803285568446
LILAK,-0.0004019486586251761,0.7522740809593189,-0.00030237555776008537,6.0024415407925506e-05,0.00029979017848750687
RLJ,-0.00022145511961398906,1.2524352854640248,-0.00027735820595121616,5.9994310717114624e-05,0.0002996398214941039
PRMB,-0.0008055594171439432,0.4322861457947409,-0.00034823217564581313,5.998951028106189e-05,0.00029961584585733533
NEO,-0.0002166153709446642,1.1765643820516651,-0.00025486193005840106,5.934595676097121e-05,0.0002964016367168866
COHU,-0.00017343722772473173,1.7156061719651454,-0.0002975499783330742,5.915634532441635e-05,0.00029545462797016665
CFR,-0.0002516305473522344,1.0297050147312077,-0.0002591052364681544,5.68687184481206e-05,0.00028402914277557087
RARE,-0.0002902758587253083,0.993972132321965,-0.0002885261142587842,5.6581067151418594e-05,0.00028259247682898224
EBAY,-0.0005279162620485674,0.5981233342372926,-0.00031575903485457743,5.6579527433496964e-05,0.0002825847867530788
MYGN,-0.00023369209765100862,1.347452267262052,-0.0003148889468210764,5.616055242540629e-05,0.0002804922283898911
APA,-0.00016903389805218748,1.654041856529712,-0.00027958914255069424,5.601483228448189e-05,0.0002797644334291228
CASH,-0.0003023276365148321,0.8303271149578803,-0.00025103083419939523,5.5431348091078116e-05,0.00027685023877522435
BHE,-0.000211821547559406,1.3086904386113065,-0.00027720883398284473,5.517520919250561e-05,0.00027557096057486546
BPRN,-0.0004698734057091414,0.39316906654192174,-0.00018473968831553682,5.424873066485466e-05,0.00027094369080002905
RYAN,-0.0005318226260941801,0.4532446977232205,-0.000241045785406426,5.397035879132937e-05,0.00026955337065975106
EGP,-0.00035733548521873094,0.6820232308463541,-0.00024371110212492847,5.394337966276964e-05,0.00026941862419514344
TDOC,-0.00016717677389442806,1.5565764404043179,-0.00026022342762686634,5.3805128287086084e-05,0.00026872813176284486
SUI,-0.0005443055276613584,0.44072990960776054,-0.0002398917260051949,5.3739974451539027e-05,0.00026840272284623897
STBA,-0.0002786574938071977,0.8176074883655314,-0.00022783245362593653,5.337282202002328e-05,0.00026656899081855986
MATW,-0.00022795595968856907,1.0106724460402305,-0.0002303888073678943,5.3277185094825424e-05,0.0002660913350066671
WKC,-0.00030984005479571937,0.764901522339917,-0.00023699712959512906,5.32081999772235e-05,0.00026574679086444904
GRPN,-0.00024347766259617316,1.1854249334083293,-0.00028862449196948427,5.3088554259837886e-05,0.00026514922384565285
MSGE,-0.00026718984055743315,1.0276233604694336,-0.0002745705218369216,5.289748449514308e-05,0.00026419493152190186
IFF,-0.0002953650258997168,0.7773762209973373,-0.0002296097476487025,5.22615146585298e-05,0.0002610185988656776
NFG,-0.0009276164286965191,0.2988830792969815,-0.0002772488546152845,5.1994038631005476e-05,0.0002596826977079954
AKR,-0.0002856668547058655,0.8238879123184517,-0.000235357468542194,5.165733511595915e-05,0.00025800104189865317
CNXN,-0.00034074653130809784,0.6583043982243706,-0.000224314940239819,5.067234691733265e-05,0.0002530815472918746
PTEN,-0.00012403825690610667,2.0018809597607077,-0.000248309824782242,5.057454057493595e-05,0.00025259305638954674
INCY,-0.00040519135721161587,0.6035011926544492,-0.00024453346733048514,5.016195365317034e-05,0.0002505324031357478
YUM,-0.0006432511440073905,0.3738423578824541,-0.0002404745243863089,5.0072735362737945e-05,0.00025008680500653144
OKE,-0.00027529724212974256,0.9149263518087717,-0.0002518767014047814,4.9577836493002574e-05,0.00024761504714795104
ANAB,-0.00042481847701736125,0.5414147158885383,-0.00023000297503855617,4.936557837217469e-05,0.0002465549302022721
UCTT,-0.0001071188296723115,2.3743446611687418,-0.0002543370213430966,4.920145786777472e-05,0.0002457352351669577
COST,-0.0005827911822750117,0.48830911696220136,-0.0002845822475900683,4.916790103168798e-05,0.0002455676365354416
CPRT,-0.00039724595106878553,0.5933362095662077,-0.00023570040687267643,4.7514835599425556e-05,0.00023731144982172572
NHI,-0.0008868788137179026,0.20468228922493786,-0.00018152838585687754,4.748004445242576e-05,0.0002371376864606339
SFM,-0.0003688133313197306,0.7874364248326632,-0.00029041705104503317,4.643556585878292e-05,0.00023192106882451735
FCFS,-0.0005720520270486454,0.35819205851522584,-0.00020490449314636196,4.628601164572565e-05,0.0002311741247031744
BLK,-0.00020354120604332545,1.1432502144401644,-0.0002326985274564415,4.626337400499558e-05,0.00023106106167192485
XEL,-0.00101359485442346,0.21880043299123092,-0.0002217749930255367,4.583733545357489e-05,0.00022893322464919054
KNSA,-0.0004550933102737828,0.5254399235981552,-0.00023912419418028796,4.57593958023432e-05,0.0002285439573519547
STRA,-0.0003373791044057569,0.607446803075167,-0.00020493985839564,4.5630764429937334e-05,0.0002279015117432707
NBHC,-0.00022928473867691497,0.8345014970613712,-0.00019133845767921082,4.559185470569311e-05,0.0002277071782691868
HASI,-0.00025756125489169885,0.7733270014931541,-0.00019917907294621145,4.5588515068807055e-05,0.0002276904985509197
APLE,-0.00019409305648789477,1.088172244030923,-0.00021120667682925312,4.549560352323389e-05,0.00022722645456745672
PRK,-0.0002283351942226958,0.8386937348037482,-0.00019150329682977196,4.515356365290237e-05,0.00022551814648849139
COLD,-0.00022089525764847577,0.9148052668611261,-0.00020207614512147108,4.498109446465438e-05,0.00022465675419708673
UTI,-0.0002444964734166235,0.9723170504424214,-0.00023772808987602525,4.4959347655626924e-05,0.00022454814039859206
DKNG,-0.00018552672327357044,1.226996626324545,-0.00022764066354971838,4.494104979338171e-05,0.00022445675226342817
G,-0.00033395402980177094,0.6302456760150456,-0.00021047308327036578,4.4507807455823476e-05,0.00022229293614256716
IDCC,-0.00028151085436897754,0.9330945153804358,-0.0002626762342317535,4.4504901691130405e-05,0.0002222784233862153
IIPR,-0.00020802215148656354,0.8029674919648282,-0.00016703502525229348,4.4011491792674444e-05,0.00021981410215092537
CSR,-0.0004130840769836447,0.431226102166691,-0.00017813263638478242,4.38600146995609e-05,0.00021905755426165959
WINA,-0.00033704097764495353,0.5480875874231597,-0.00018472797630016567,4.357430774422956e-05,0.0002176305992708977
HSY,-0.0011034566210549603,0.08515913803977332,-9.39694147133212e-05,4.30704271859295e-05,0.00021511398263277524
IBCP,-0.00023752432030188712,0.7335722844480641,-0.00017424125825582902,4.1933731471058e-05,0.00020943678929517354
QLYS,-0.00022216036838317447,0.9163502826572153,-0.000203576716363153,4.1249662146601666e-05,0.00020602022516068113
LYFT,-0.00015173234598792133,1.409182993048695,-0.00021381864146155911,4.0236406612512634e-05,0.00020095955017778247
WTTR,-0.00014482377568545928,1.315066962016258,-0.00019045296271840096,3.9996295863715466e-05,0.00019976032410036918
TGTX,-0.0003160533415892919,0.5158458772325085,-0.00016303481324439394,3.995221565129524e-05,0.00019954016677506381
MNKD,-0.00028158402887487735,0.5853190947913977,-0.00016481650888875799,3.973855727902549e-05,0.00019847305631471535
GNTX,-0.00024354241642686063,0.6822523033361834,-0.0001661573745672856,3.937253114548242e-05,0.0001966449495491561
BOX,-0.0004011832476541918,0.5402949584291986,-0.00021675728611381245,3.908549187118173e-05,0.00019521134033046193
NPO,-0.0001319148235201254,1.5029732457406055,-0.00019826445046734203,3.9051646400870624e-05,0.00019504230012379597
ICFI,-0.0003763201434694723,0.28157079032618976,-0.00010596076021236442,3.883634998477662e-05,0.00019396700850171346
VSTM,-0.00016541600035953146,1.2311201362972397,-0.00020364696890837062,3.832171049991784e-05,0.0001913966567211252
XP,-0.0002526343852049603,0.812783969197199,-0.00020533717836258175,3.8029274426361916e-05,0.00018993609334717619
OC,-0.00013483419946108138,1.2789748046158564,-0.00017244954391127198,3.7799931500889574e-05,0.00018879064684686555
PSN,-0.00022420512217489233,0.7432382810155044,-0.00016663782960013812,3.752131996305111e-05,0.0001873991297102198
RYN,-0.00028526726306109506,0.528079341057589,-0.000150643748302605,3.7153338882979304e-05,0.0001855612590216835
ZWS,-0.00019757593523900534,0.9305547491433508,-0.00018385522485309553,3.713215661859661e-05,0.00018545546482482374
OLED,-0.00011680899609279941,1.63505942965992,-0.00019098965053064042,3.695957120370253e-05,0.00018459349204285135
SRRK,-0.00014846834990887538,1.2884601165049487,-0.00019129554742088707,3.682064444732178e-05,0.0001838996264415118
RHI,-0.0001529633016462453,1.061302868693254,-0.00016234039084195168,3.680817316324224e-05,0.0001838373389797387
HE,-0.00024337970489099158,0.6474181928084662,-0.0001575684487067836,3.6800028970114366e-05,0.0001837966630465397
GSHD,-0.0001858172992053786,0.9224978997664801,-0.0001714160682572414,3.577645631690778e-05,0.0001786844595154543
PKG,-0.00018892087677449356,0.8346844724822412,-0.00015768932237140065,3.5362374335431574e-05,0.00017661633922987427
KOP,-0.0001425079117015028,1.1015089390590618,-0.00015697373862584482,3.492379578932136e-05,0.00017442587157224488
CATY,-0.0001558549218499169,0.9788049169538057,-0.0001525515638381498,3.4923040482723054e-05,0.00017442209921564
TRMK,-0.00016758337378139216,0.9413707634584559,-0.00015775808851953293,3.473541889345977e-05,0.00017348502870273127
GRND,-0.0003081126881404979,0.684765781387753,-0.00021098502565000912,3.454582319859272e-05,0.0001725380985774085
ORA,-0.000335016644868218,0.5238191469356417,-0.00017548813312411079,3.3851418525447844e-05,0.0001690699148476728
KFRC,-0.0001797100704063271,0.6220058601880629,-0.00011178071692754483,3.356269575239084e-05,0.0001676278974439225
PVLA,-0.00019582122557112192,0.795225060248912,-0.00015572194590281123,3.296402233309278e-05,0.0001646378406477443
ECL,-0.0002792754948425642,0.5713115236987085,-0.00015955330849021617,3.2883545685818556e-05,0.0001642359023983427
INSP,-0.00013580571091925724,1.123516739807732,-0.0001525799895792752,3.28558472723137e-05,0.0001640975634862182
CHCO,-0.0002421516390374895,0.5290126297901504,-0.00012810127537521757,3.28206551412715e-05,0.0001639217974221125
ACT,-0.00031214998910470613,0.43839623975277675,-0.0001368453814623734,3.25225416001867e-05,0.00016243287810346546
PNW,-0.0006580706220687854,0.19834147141811156,-0.0001305226954781549,3.2462317614459454e-05,0.000162132091176884
AMN,-0.0001403460666056813,0.9009157803881613,-0.00012643998612046624,3.202574529143165e-05,0.0001599516435414718
MTN,-0.00016496044008258636,0.8554268949926451,-0.00014111159705646712,3.1880909462076666e-05,0.0001592282652488448
RDNT,-0.000138850402073149,1.1409026222539351,-0.00015841478782626894,3.161821719488789e-05,0.00015791625644155183
SMMT,-9.326275558360786e-05,1.619546402382904,-0.0001510433602817482,3.1595776288912e-05,0.0001578041759962495
PEBO,-0.00018732617290476898,0.7089689566066941,-0.00013280844134941924,3.157144196071007e-05,0.00015768263890929157
ACLS,-9.315570351874184e-05,1.734389318934872,-0.00016156825718076953,3.148605202608331e-05,0.00015725616139062153
EIG,-0.00032209056819057453,0.38417025280633305,-0.00012373761500830848,3.143794654448791e-05,0.00015701589997673345
ECVT,-0.00012981145471065698,1.2332700851141494,-0.00016009258379980347,3.107828542992872e-05,0.00015521958311140539
OMER,-0.00014420643568669735,1.2513916823770317,-0.00018045873416357142,3.076387485283037e-05,0.00015364926872539922
ATEN,-0.00015157165998699645,1.078435880748485,-0.00016346031663458643,3.0407829641947944e-05,0.00015187101138470433
DOX,-0.00022523606865155376,0.6066311675808389,-0.00013663521930741004,2.956769011584409e-05,0.0001476749592153761
GIS,-0.0007651364857229564,0.03905358774507066,-2.988132488213648e-05,2.9538223748264163e-05,0.00014752779030858826
FTNT,-0.000145626452060937,1.2184400732162133,-0.00017743710491134544,2.921836963950448e-05,0.00014593028836369857
LIVN,-0.0001421079244101043,0.9710941723452677,-0.0001380001772387341,2.907844993609659e-05,0.00014523146351761714
FIBK,-0.00010992610447598875,1.1946903463063052,-0.0001313276558245221,2.899502760374943e-05,0.00014481481313069982
BMI,-0.00015405688912683982,0.9528204806502131,-0.0001467885591453121,2.8905794839043614e-05,0.00014436914271015027
CHE,-0.0003654734071073714,0.28079221391556974,-0.00010262208710894515,2.8280188348263483e-05,0.00014124456948008506
AVNT,-8.865260597641472e-05,1.4408154831573559,-0.00012773204731306666,2.8038782600602234e-05,0.00014003887556890835
CPK,-0.0006562793054051353,0.12837101269880127,-8.42472390481231e-05,2.7489348291986412e-05,0.00013729474206377224
ETD,-0.0001220430224392405,0.9380115689592591,-0.00011447776695876204,2.7482415829426165e-05,0.00013726011808327747
STGW,-0.00011608710591679609,1.1238953349949667,-0.00013046975679295372,2.738682915228595e-05,0.00013678271323383167
F,-0.00013793144715318166,0.9120350334037644,-0.00012579831201178158,2.7353611703372817e-05,0.00013661680966157874
STWD,-0.0001878419089308987,0.6920558943338025,-0.00012999710027854179,2.7318077349511126e-05,0.0001364393343756599
FFIN,-0.0001361305813527516,0.8571562758634048,-0.00011668518214344482,2.718287439743548e-05,0.00013576406720547027
OSPN,-0.00012253901339971814,1.0944242487837472,-0.00013410966768668807,2.7124571882524575e-05,0.00013547287700840416
QCRH,-0.0001471609247358214,0.7643934541105394,-0.00011248884756891564,2.701758883447365e-05,0.00013493855331941261
FCPT,-0.0004274715955636335,0.22690462290395197,-9.699528119351693e-05,2.679466989765869e-05,0.00013382519124163422
MP,-0.00015164785467323464,1.0555229677147124,-0.00016006779361226204,2.6728441980070963e-05,0.0001334944178538461
DIN,-0.00010171347477889245,1.069713617711838,-0.00010880428907577083,2.6194696910328542e-05,0.0001308286437911173
WTW,-0.00033152493195589476,0.3735252237132531,-0.0001238329243753466,2.5864942645393588e-05,0.0001291816958072005
LTC,-0.0005695488932058602,0.16905470865356048,-9.628492220487453e-05,2.564083605555218e-05,0.0001280624020312896
HTO,-0.000746790357490441,0.037179335049967344,-2.7765168913221995e-05,2.5042035911878843e-05,0.00012507171231394381
SCSC,-0.00010832304683271335,1.0594097119077222,-0.00011475848783801155,2.4883546882590105e-05,0.00012428014351554935
CYRX,-6.721060710484186e-05,1.66650453514846,-0.00011200678155030028,2.4834134077942057e-05,0.00012403335271510033
CTRE,-0.0005104323194845131,0.22357664706824656,-0.00011412074654561546,2.4420104157867708e-05,0.00012196549244866166
CORT,-0.00010663960642384867,1.29506775044183,-0.00013810551519933582,2.4145676703574358e-05,0.00012059487259430132
AMR,-0.0001173181984560802,0.9259241607173431,-0.00010862775444231675,2.3757221435940727e-05,0.00011865474417777496
JBGS,-0.0001572487218643882,0.6841001125847428,-0.00010757386833123487,2.3345635762098414e-05,0.00011659909162729971
HIMS,-6.132394530629381e-05,2.2847684403449984,-0.0001401110148732629,2.322403001918247e-05,0.00011599173531860232
TDAY,-8.419605601765272e-05,1.208028860960546,-0.00010171126564837534,2.3202381947726108e-05,0.00011588361466200437
LPX,-9.139654164728135e-05,1.0363830638012268,-9.472182785324588e-05,2.3034466751554954e-05,0.00011504496715017424
AVNS,-0.00011800808707923382,0.8573737262783175,-0.00010117703335009888,2.2376489018759156e-05,0.00011175871670333337
ANGI,-8.893596727159236e-05,1.204198487245634,-0.00010709655725017873,2.2118775149939384e-05,0.00011047157236036682
IDA,-0.0004258475023802841,0.2374199553163632,-0.00010110469498671192,2.2100903196170207e-05,0.00011038231141256799
CPB,-0.00035213271702479914,0.15134585260548303,-5.3293826288403516e-05,2.199225814269513e-05,0.000109839686886336
KREF,-0.00011921108691531378,0.8135890057988279,-9.698882968362779e-05,2.1759228083725805e-05,0.00010867582510614873
RMBS,-5.368297624572671e-05,2.2893317388454135,-0.00012289814135502656,2.175454483282065e-05,0.00010865243474715537
EBF,-0.0001766102564339537,0.5077937876137362,-8.968159104603057e-05,2.1681335338866885e-05,0.00010828679208141303
RLI,-0.000279496285219122,0.29899884543260985,-8.35690665832209e-05,2.147187900653017e-05,0.00010724066858600166
OTTR,-0.0001754020770632053,0.45567209843273,-7.992583252485018e-05,2.1443573855031092e-05,0.00010709929933879857
LIN,-0.0001785654724343245,0.5979617430056257,-0.00010677532113745168,2.116853051270684e-05,0.00010572560344977037
MRCY,-0.00011195104126630399,0.8697458616524237,-9.73689548490476e-05,2.1078773159644723e-05,0.00010527731298809425
YELP,-0.00011732007957981238,0.8722264537383688,-0.00010232967696420297,2.098910706171796e-05,0.00010482947829750944
SIG,-6.0921190737294145e-05,1.6108773263014373,-9.813656484999228e-05,2.0725068359019406e-05,0.00010351074475763797
NEU,-0.00018077083308222134,0.5323689849304452,-9.62367849130131e-05,2.036362830488441e-05,0.000101705543030886
MBUU,-5.9995092403257454e-05,1.4171694681850895,-8.502321319483967e-05,2.0229307479455812e-05,0.00010103468161630716
UMBF,-7.794807603025457e-05,1.1784620701443556,-9.185885104238342e-05,2.020265792816395e-05,0.00010090158121567679
RGP,-7.315568124364105e-05,1.2330428236122406,-9.020408776393619e-05,1.96115829504732e-05,9.794947461276914e-05
GTLB,-7.140756612634685e-05,1.4987880306580268,-0.00010702480540859023,1.9427658382376946e-05,9.703086876341448e-05
KELYA,-0.0001003188008696994,0.7493417780786142,-7.517306861841498e-05,1.891248449278572e-05,9.445784791409748e-05
ACI,-0.00046137572448373454,0.053965643082401316,-2.4898437674373544e-05,1.878218114209883e-05,9.380705165903248e-05
AGYS,-8.591492612009431e-05,1.0395055522974517,-8.930904272706339e-05,1.8478401511587197e-05,9.228983322328366e-05
SBAC,-0.0006053116105000709,0.0965173281568261,-5.842305934777225e-05,1.8430903708708626e-05,9.20526068428856e-05
PIPR,-5.89194093943001e-05,1.5031561070514396,-8.856507005490616e-05,1.7836826089838127e-05,8.90855036368608e-05
SEI,-4.610668212810636e-05,2.179641482137504,-0.00010049603697014851,1.753782913238526e-05,8.759217212112926e-05
MSFT,-0.00014784724648685035,0.855738725492817,-0.0001265186142762797,1.722396079789911e-05,8.60245659499119e-05
ACHC,-9.471368686066031e-05,0.6906412981041729,-6.541318364167857e-05,1.7105632316214626e-05,8.543357782610815e-05
MLR,-7.0938320641482e-05,1.0263397225154511,-7.280681632289073e-05,1.658751044113961e-05,8.284583334994101e-05
WDFC,-0.0002430247876218137,0.16553515702196916,-4.022914637920764e-05,1.6361813148860178e-05,8.17185948574581e-05
KO,-0.0009808086317523825,0.05057600679357248,-4.9605384022703025e-05,1.6284576358219992e-05,8.133283797678773e-05
HSTM,-0.00014446643675924958,0.5387631038954352,-7.783318587712691e-05,1.6227507418782677e-05,8.104780883616662e-05
NSIT,-7.6418451141324e-05,0.9312316006204653,-7.116327657327197e-05,1.6029175085529244e-05,8.005724382721461e-05
ADC,-0.0005416198868825871,0.08373996322376018,-4.5355229408805e-05,1.5685223365369068e-05,7.833938707047411e-05
WSFS,-7.021231754729319e-05,0.9666113319680731,-6.786802178495438e-05,1.5041377012255606e-05,7.512371538410015e-05
SRCE,-8.528021337414222e-05,0.7366338929039743,-6.282029556547596e-05,1.4885217723800935e-05,7.434378240782451e-05
JBSS,-0.00019403511418763432,0.1606240484595769,-3.116670558413411e-05,1.4619723355983453e-05,7.301777859130218e-05
RSG,-0.0002695348705432115,0.2687203793217806,-7.242951265281883e-05,1.4412809979018663e-05,7.198435581175211e-05
DAR,-6.337017826563856e-05,1.0035476826265026,-6.359499554610995e-05,1.4179871280410176e-05,7.082095032820174e-05
PAY,-7.167436040485661e-05,1.0197558944316751,-7.309035150247279e-05,1.3938110340577478e-05,6.961348242016473e-05
REXR,-6.662668717975857e-05,0.9136516954165971,-6.0873585701777664e-05,1.3417294964826571e-05,6.701228533404056e-05
USPH,-7.232666325370676e-05,0.8271284324748428,-5.982343960317428e-05,1.3225223948163202e-05,6.605299228676192e-05
ACGL,-0.00014040859452733414,0.44312622034271726,-6.221872979653071e-05,1.2945402500216674e-05,6.465543228964372e-05
SNOW,-5.7123681236693726e-05,1.4238871383874243,-8.133767501027123e-05,1.2871971238347415e-05,6.428868201056576e-05
IBM,-8.885135425210154e-05,0.7577044414672057,-6.732306574719343e-05,1.2811510747321599e-05,6.398671386522204e-05
PRTA,-9.82326205732561e-05,0.5714392314963348,-5.613397320825252e-05,1.2678238110236387e-05,6.332108759651538e-05
ENR,-6.912472155141477e-05,0.7479403173761714,-5.170116617570463e-05,1.2270229754030826e-05,6.128330185383059e-05
POST,-0.0002598610729369948,0.14386636717269904,-3.7385268533045215e-05,1.2104092958773232e-05,6.0453536513091595e-05
ITRI,-6.0077287800697805e-05,1.0498618973698353,-6.307285535927425e-05,1.1992492985447677e-05,5.9896153726518864e-05
EMR,-4.7525008506942875e-05,1.3031793601660262,-6.193361017796277e-05,1.186818972212185e-05,5.927532473142116e-05
VSEC,-4.859440953822643e-05,1.2307796466881187,-5.980901020247607e-05,1.1839485052101657e-05,5.9131960100707196e-05
DCOM,-5.065337548522726e-05,0.9509734417487696,-4.817001482137932e-05,1.1560536123554637e-05,5.773875787608431e-05
DXCM,-5.4129654850838624e-05,1.0336820054441673,-5.595285018021547e-05,1.085756091425037e-05,5.422776885541003e-05
TNET,-5.693719699130662e-05,0.7765157622320291,-4.4212630921059656e-05,1.0679474762693317e-05,5.333832280585479e-05
WEC,-0.0003728049840771593,0.11212119899852734,-4.1799341807357995e-05,1.066680199191782e-05,5.327502902470093e-05
VNT,-4.1686651796199384e-05,1.2697423346126882,-5.293130657389242e-05,1.0528503959248698e-05,5.258430356545935e-05
MEDP,-4.31673602205472e-05,1.0595729627266453,-4.5738967761973526e-05,1.026765550631598e-05,5.128150363427394e-05
REPL,-0.00011414428796850249,0.7823174394249055,-8.929706708849792e-05,9.95050278468211e-06,4.969749368798361e-05
TCBK,-5.2025614846635794e-05,0.8170899767750462,-4.2509608426745145e-05,9.662785048696272e-06,4.8260495912344686e-05
TREX,-3.0138083625914866e-05,1.3571542475483869,-4.090202820587885e-05,9.312252769203905e-06,4.6509772745438606e-05
AWR,-0.0005161262191078318,-0.027941326150011738,1.4421251022664348e-05,9.130440289940405e-06,4.560171566167959e-05
WD,-3.940454724198955e-05,0.9764453503184246,-3.8476386935843394e-05,9.02595125423307e-06,4.507984824403285e-05
ODFL,-3.2672902301213206e-05,1.2178811860127323,-3.979171300507967e-05,8.933446308356646e-06,4.461783501080428e-05
UTL,-0.00019276190696727294,0.14176283138539583,-2.7326473714928872e-05,8.835499013429261e-06,4.4128640125204906e-05
AXP,-3.321713812033091e-05,1.3615800648157939,-4.522779307487534e-05,8.81485373274299e-06,4.4025527877633653e-05
NN,-3.8408446266850014e-05,1.2484122540766152,-4.794957497957878e-05,8.74036443295522e-06,4.365349325927006e-05
DEI,-3.663978927467387e-05,1.0725004884352725,-3.9296191893253184e-05,8.717232342005539e-06,4.353796071093177e-05
CCC,-5.316205170902255e-05,0.7366432202295811,-3.916146496494588e-05,8.6606226511617e-06,4.325522527391231e-05
AKAM,-3.3380650111690856e-05,1.2659655988713132,-4.2258754709360485e-05,8.343790210105192e-06,4.167281495955177e-05
MARA,-1.9265128211916303e-05,2.2512791505924725,-4.337118147697801e-05,8.311289419306308e-06,4.1510490715186104e-05
PPC,-0.0006141916755111581,-0.021334703329204698,1.3103597184297716e-05,8.299117684441386e-06,4.144969934316092e-05
INVA,-0.0003316067881064943,0.06880054875074273,-2.2814728991198077e-05,8.07446066227134e-06,4.0327656449163205e-05
RIVN,-3.577472663237474e-05,1.2350974184906403,-4.4185272510854395e-05,7.958058124189437e-06,3.9746287394074246e-05
HWKN,-4.563130385707611e-05,0.8463032926533832,-3.861792270231053e-05,7.944464875143589e-06,3.967839631125427e-05
GOOD,-6.428233084311414e-05,0.5230569781159643,-3.362332171704993e-05,7.90559105354935e-06,3.9484242151900484e-05
CTBI,-4.4478563215579565e-05,0.6942936412662857,-3.0881183613237405e-05,7.459322529468352e-06,3.725536712532365e-05
MHK,-2.6319283867404128e-05,1.1855682139753798,-3.120330636778934e-05,7.395239769533414e-06,3.6935307664380854e-05
POWL,-2.490475566535647e-05,1.6383122103263164,-4.080176530174701e-05,7.256120036460917e-06,3.624047824662644e-05
FIZZ,-0.00011457291371361002,0.11637848263043915,-1.3333821848538167e-05,6.727102887239726e-06,3.3598317643975534e-05
WT,-2.8704671839586586e-05,1.2115193557017556,-3.4776265532726267e-05,6.5384620138192404e-06,3.2656156346303e-05
MSEX,-0.00043018078855432666,-0.12207611200809182,5.251479812728724e-05,6.0705407815041576e-06,3.0319137504878163e-05
RXO,-1.2475071557338954e-05,2.156686921815643,-2.690482367642723e-05,5.776367929154744e-06,2.884989984029334e-05
PRGO,-3.580531378290353e-05,0.7105189528842202,-2.5440354056719554e-05,5.770643573425426e-06,2.8821309713856365e-05
SRI,-1.3121980933981678e-05,2.102726299679479,-2.759193441377597e-05,5.682200731780078e-06,2.8379584540814523e-05
DFH,-1.9204155582825375e-05,1.0451705952264099,-2.007161872132218e-05,5.666256162408161e-06,2.829994985773717e-05
SMBC,-2.9086873781249984e-05,0.8532034076935326,-2.4817019829314155e-05,5.631143784718836e-06,2.8124582119408253e-05
VKTX,-1.8586689066837248e-05,1.5092808558021011,-2.8052533981323678e-05,5.441146259951849e-06,2.717564506646098e-05
SHAK,-1.6708077354714092e-05,1.6610919433250757,-2.775365268236772e-05,5.4244836043758604e-06,2.709242392294374e-05
LNTH,-4.102788367357935e-05,0.5194878098075983,-2.1313485430628658e-05,5.1098238341352886e-06,2.5520864949113177e-05
XRAY,-1.7558788660573727e-05,1.1772222891892212,-2.0670597382390344e-05,4.943531373565492e-06,2.4690322142547774e-05
MMYT,-2.4795860950434076e-05,1.045256027882379,-2.5918023124974515e-05,4.746414045168233e-06,2.3705825439637907e-05
CAR,-1.394486691197868e-05,1.4824866902238951,-2.067307959395198e-05,4.316957409920766e-06,2.1560916897696776e-05
PRSU,-1.591092736167388e-05,1.3015753399389884,-2.0709270689515234e-05,4.278415482169624e-06,2.1368420372387147e-05
NVCR,-1.4870428285087748e-05,1.3157926306040864,-1.9566399951445022e-05,4.255531332031825e-06,2.1254126157146196e-05
FLO,-3.9889427611426164e-05,0.29802323148485843,-1.1887976118838563e-05,4.010598045885371e-06,2.0030814058688314e-05
ESRT,-2.027921742310709e-05,0.869815192114387,-1.7639171398809315e-05,3.986743850722675e-06,1.991167498208256e-05
EGY,-1.651822165430532e-05,1.0815885759460686,-1.7865919836241605e-05,3.9047965207601294e-06,1.9502391451221177e-05
VYX,-1.1963176473660431e-05,1.491292087319249,-1.7840590414373596e-05,3.821173046335976e-06,1.9084736466112364e-05
CCI,-8.246518914460061e-05,0.15892911394897538,-1.3106119442386037e-05,3.7476000974704783e-06,1.8717278535496222e-05
ATEX,-2.7958655623340424e-05,0.6813640403732931,-1.905002255892472e-05,3.652447648005586e-06,1.824204242341179e-05
GRC,-1.6520041646142292e-05,0.9921227070796319,-1.638990843903895e-05,3.5945745242343175e-06,1.7952996807771735e-05
SWKS,-1.0143044221904363e-05,1.750085620642813,-1.7751195842298995e-05,3.4417233990596462e-06,1.718958635576289e-05
AZZ,-1.4235309548048993e-05,1.1761613327426015,-1.6743020650036784e-05,3.43058943697494e-06,1.7133978109385762e-05
UPWK,-1.551888830249858e-05,1.1792718074762483,-1.830098745850951e-05,3.367938846783046e-06,1.6821071578129556e-05
EOLS,-1.2386274994638504e-05,1.2299877612811136,-1.523496665126765e-05,3.22639312426016e-06,1.6114125627371053e-05
BBBY,-6.0920113422970495e-06,2.3779034582336256,-1.4486214838446625e-05,3.1599863909471812e-06,1.578245914969901e-05
CNNE,-1.7280877089612792e-05,0.9125841693038212,-1.5770254863665725e-05,3.0544434895264585e-06,1.5255328230722496e-05
HUBB,-1.3149469077470111e-05,1.1793622100503642,-1.5507986912194073e-05,2.9577268131646215e-06,1.4772279633377804e-05
AUR,-6.508170312141592e-06,2.32107756133088,-1.5105968076831638e-05,2.9193494750337485e-06,1.4580605146088908e-05
RPM,-1.3691681700390806e-05,0.9063980744677336,-1.2410113929459332e-05,2.7353642843848364e-06,1.3661696519176859e-05
DGII,-9.865874541378381e-06,1.3748418656780088,-1.3564017361013823e-05,2.7241175109189576e-06,1.3605524839672268e-05
IVR,-1.8808680762719203e-05,0.7347074094414111,-1.381887711818793e-05,2.710232348035811e-06,1.3536175801771983e-05
CAKE,-1.1324216678518134e-05,1.032723944307556,-1.1694789714432658e-05,2.6209202561894906e-06,1.3090109184150819e-05
PAYO,-8.911544853054179e-06,1.5807314319716064,-1.408675905664753e-05,2.6093186633687496e-06,1.3032165369807396e-05
TFSL,-1.8213175982081494e-05,0.6285966910373133,-1.1448742155616696e-05,2.59570080186923e-06,1.2964151360810983e-05
KAI,-8.65169005178895e-06,1.4037339326531637,-1.2144670900493956e-05,2.585627975917221e-06,1.2913842927659167e-05
ACHR,-5.861328563200057e-06,2.412411449084894,-1.4139936132712128e-05,2.5844964735682132e-06,1.2908191672434727e-05
BHB,-1.3022202552686842e-05,0.8121776603961941,-1.0576342002446547e-05,2.5767725216963854e-06,1.2869614621837107e-05
MGY,-1.0655748332196613e-05,1.1996595637090823,-1.278327039519677e-05,2.5585149056513416e-06,1.2778427495137038e-05
PATK,-1.1050482771773282e-05,0.9580827321717816,-1.0587276725797749e-05,2.540762045277894e-06,1.2689761355802727e-05
SSD,-1.191008687457794e-05,0.8857377707611873,-1.0549213797860741e-05,2.490055474258392e-06,1.24365088772385e-05
DASH,-1.1028586649845932e-05,1.3496834509296682,-1.4885100888440926e-05,2.4546108648936187e-06,1.225948181757167e-05
POWI,-6.190172852588268e-06,1.7510177098513449,-1.0839102291923075e-05,2.2551057027830417e-06,1.1263059149365031e-05
AVA,-5.201975492287256e-05,0.13759313157015066,-7.157560983349796e-06,2.2355811960620848e-06,1.1165544574421192e-05
ERII,-1.130407263802087e-05,0.9188107150096527,-1.0386303063061007e-05,2.107935941437808e-06,1.0528024102012852e-05
HNI,-1.0625094013363403e-05,0.8305842619753393,-8.825035869508038e-06,2.0848472757314426e-06,1.041270843977592e-05
SLGN,-1.1919182647790905e-05,0.7080350065311906,-8.439198563875086e-06,2.059189367624717e-06,1.0284560771886834e-05
NSP,-1.007587416984465e-05,0.8686708035750964,-8.752617711840509e-06,2.05414534353177e-06,1.0259368541811067e-05
EYE,-7.63362610124899e-06,1.29682316182199,-9.899463136788585e-06,1.9994285064596163e-06,9.986086907318599e-06
FWRD,-3.756683045149764e-06,2.6114600493563547,-9.810427690502984e-06,1.886231724354354e-06,9.420728906229808e-06
ASO,-4.8179999013188645e-06,1.756961374494104,-8.46503972893365e-06,1.8096041947433258e-06,9.038014961861869e-06
LAZ,-4.705016696553558e-06,1.7854063824782636,-8.400366839693519e-06,1.694978239061752e-06,8.465518995353168e-06
NIC,-8.851516001606683e-06,0.7848599667724147,-6.947200554906518e-06,1.6833970311316998e-06,8.407676992747127e-06
CEVA,-3.978473017664041e-06,2.2843487029888867,-9.088219677777134e-06,1.631872602270636e-06,8.150339747232102e-06
INVX,-5.859711669708486e-06,1.32074505692141,-7.739185222752185e-06,1.5882618629440646e-06,7.932527191494013e-06
SOFI,-3.688232747474362e-06,2.397027929640764,-8.840796906711737e-06,1.5264650126186653e-06,7.62388463890747e-06
TRIP,-4.20828011906581e-06,1.8434659886596603,-7.757821270250446e-06,1.4867697965113566e-06,7.425628048800989e-06
CWT,-6.77597588034365e-05,-0.0050680842377347855,3.4341216554440734e-07,1.4801359784609787e-06,7.3924956395328455e-06
BAND,-6.117747860539596e-06,1.3051444143224304,-7.984544448416252e-06,1.4716991813926446e-06,7.350358304553573e-06
UFPI,-6.958217933938498e-06,0.7796860746096212,-5.4252256271907764e-06,1.4110550481717437e-06,7.047472963664214e-06
PWP,-3.75769365377832e-06,1.6705157705679563,-6.2772865095998095e-06,1.3066306585682534e-06,6.525928419083013e-06
IIIV,-7.78096903561577e-06,0.8242030034407357,-6.413098048833882e-06,1.292881620815295e-06,6.457259254144397e-06
GNRC,-4.528500808374756e-06,1.4164908182525024,-6.414579815511876e-06,1.2762755123062584e-06,6.374320533290987e-06
AMSF,-1.6976960802651203e-05,0.27670479306311796,-4.697606425738266e-06,1.2696897508354286e-06,6.341428141196894e-06
BLBD,-7.117958091540784e-06,0.8548933666956686,-6.085095156875977e-06,1.2645515474557368e-06,6.315765535441645e-06
ENVX,-2.586829340924527e-06,2.608011296748736,-6.746480143892254e-06,1.2640756652296304e-06,6.313388755650723e-06
BF/B,-8.297917779249509e-06,0.5928731099632137,-4.9196123200027004e-06,1.2138267628270025e-06,6.06242208954145e-06
SDGR,-4.329483101304945e-06,1.386851617577888,-6.004350642320894e-06,1.2136450089504986e-06,6.061514325147451e-06
AVGO,-4.464092842411505e-06,1.7881612799368871,-7.982517970843653e-06,1.192483678812571e-06,5.955824683757879e-06
HTZ,-4.324632292327643e-06,0.9325519079461518,-4.032944095375684e-06,1.1834575477479109e-06,5.910743937455953e-06
UHAL,-5.714860914595597e-06,0.8530865386347101,-4.875270916411151e-06,1.1304088044834078e-06,5.645793548456356e-06
RES,-4.121841443986309e-06,1.2457382748060373,-5.1347356494555294e-06,1.1295962403803486e-06,5.641735220926913e-06
NWL,-3.0923916241544267e-06,1.7143734209456878,-5.3015140076054164e-06,1.1280241092231544e-06,5.633883258071166e-06
HTLD,-4.962446477231627e-06,0.8965104746975427,-4.448885246964075e-06,1.1118615087081456e-06,5.553159624858121e-06
BBW,-3.6187045700639066e-06,1.4993947669107544,-5.4258666953498526e-06,1.1100581258669598e-06,5.544152682263742e-06
FHI,-7.179199213945784e-06,0.7695564595079535,-5.5247991291864e-06,1.1066650129259553e-06,5.527205879411953e-06
XPRO,-2.804442169658215e-06,1.7570002878851003,-4.927405699446599e-06,1.069122203773759e-06,5.3396994225781674e-06
MA,-7.259911177473226e-06,0.7810503697087682,-5.670356309218282e-06,1.0652460081025782e-06,5.320339877229521e-06
LOB,-3.4998596167985697e-06,1.2395043083397876,-4.338091073606266e-06,9.910557647692749e-07,4.949798887537752e-06
WHD,-3.0306785117319196e-06,1.5175344499399857,-4.599159048246033e-06,9.70169824309263e-07,4.845484671800139e-06
RXRX,-1.976031537583569e-06,2.5066717187042182,-4.953262370528344e-06,9.690395353386134e-07,4.839839476758244e-06
UPST,-1.8510557706676009e-06,2.5652454636742905,-4.748412418713181e-06,9.371388070971646e-07,4.680512227198348e-06
ORC,-7.146860817253755e-06,0.6541274080565803,-4.674957542131332e-06,9.102565471029499e-07,4.5462495697939565e-06
BRBR,-5.361762599596265e-06,0.8681021928446344,-4.654557870221865e-06,8.976197468565264e-07,4.483135442390292e-06
DFIN,-3.486519968409403e-06,1.097934775532051,-3.827971518903591e-06,8.678802999204704e-07,4.334602648784729e-06
APAM,-3.5993013470049576e-06,1.1688485572050253,-4.207038186392849e-06,8.604120231063798e-07,4.297302559748049e-06
BBWI,-2.3499480626495487e-06,1.7096800529304355,-4.017659328134455e-06,8.185078779461754e-07,4.088013538412818e-06
NEOG,-1.0603602301940844e-05,-0.038078799114994635,4.037724419509001e-07,7.72277024282784e-07,3.857114898631181e-06
AI,-2.0027783817489715e-06,1.951856454142179,-3.909135910633158e-06,7.720590469146686e-07,3.8560262170730275e-06
LZB,-3.4342389975826066e-06,0.9385814065800661,-3.223312868883199e-06,7.512448190192306e-07,3.752070167631368e-06
NFE,-1.4695261063729324e-06,2.2918202373978844,-3.3678896699700027e-06,7.419949422204431e-07,3.705871929836789e-06
CABO,-3.819541475467191e-06,0.7599069605749025,-2.902496153412052e-06,7.358765516619322e-07,3.675313808027075e-06
BGS,-8.77363357518583e-06,0.18547063574801145,-1.6272513970098144e-06,7.347689983358005e-07,3.669782165493467e-06
IOSP,-3.853968913083972e-06,0.7721286366238537,-2.975759762450243e-06,7.326355220493944e-07,3.6591265808892043e-06
ESQ,-4.310349155425873e-06,0.6944617712509115,-2.993372709186922e-06,6.93023881943297e-07,3.4612874086642655e-06
LMB,-2.896338150607309e-06,1.2161321266467067,-3.522329874586056e-06,6.824741572287018e-07,3.4085971186599596e-06
NAGE,-2.1388704387958943e-06,1.6527135785238602,-3.5349402169012617e-06,6.440522515249417e-07,3.216700039938231e-06
ASUR,-2.9165497127911227e-06,1.0337683245847773,-3.0150367101602924e-06,6.379043029171125e-07,3.1859942913199817e-06
IPGP,-1.8677641915868428e-06,1.712117481253518,-3.1978317232751787e-06,6.356366469624031e-07,3.1746685503062536e-06
SG,-1.861498447002878e-06,1.5549416543868073,-2.894521474821128e-06,6.328366425974719e-07,3.160684010804721e-06
NOVT,-1.8128555483739866e-06,1.6616518901794153,-3.0123348485778752e-06,5.97333738532399e-07,2.983365799970673e-06
VVV,-3.5270782646527223e-06,0.7206775793061592,-2.5418862257932926e-06,5.90975445571977e-07,2.9516094926659445e-06
MBIN,-2.5139324295347734e-06,0.9797015507924116,-2.4629034998025525e-06,5.90293309743616e-07,2.9482025853208696e-06
CRVL,-4.222023927379715e-06,0.5917807142747789,-2.498512335429975e-06,5.826969168920847e-07,2.9102626245008415e-06
BLFS,-1.9093328009027585e-06,1.40201415803033,-2.6769116192573727e-06,5.804917436432765e-07,2.8992489515252146e-06
FRPT,-2.347926871092955e-06,1.1236978416522416,-2.638360357404454e-06,5.789629456901705e-07,2.891613415083614e-06
NGVC,-6.994329526515653e-06,0.3976325823028635,-2.781173311105584e-06,5.767667096566894e-07,2.8806443787672507e-06
EVCM,-2.3543273859820138e-06,1.14151108429267,-2.6874908071522558e-06,5.432110287658217e-07,2.713051516843021e-06
PZZA,-2.8433832093901444e-06,0.8367876420485685,-2.37930793122607e-06,5.388364457615621e-07,2.6912027906081594e-06
LE,-1.6751465432218922e-06,1.3864254675795065,-2.3224658294506057e-06,5.164063201897625e-07,2.5791761877171776e-06
SSTI,-1.9280623908906407e-06,1.1966539805572072,-2.3072235348219313e-06,5.006574267757684e-07,2.500518802460268e-06
MLAB,-1.5918743197677376e-06,1.530468591818144,-2.4363136485263952e-06,4.964101536037025e-07,2.479305921440343e-06
LCII,-1.9765705224270027e-06,0.98722487895666,-1.9513195947523e-06,4.6934641368667925e-07,2.344136867895632e-06
JACK,-1.5540783280752869e-06,1.146348883247399,-1.78151595586809e-06,4.6256727423622913e-07,2.3102786551661865e-06
PENG,-1.2942230995389424e-06,1.8584516144304937,-2.405251008771385e-06,4.50654455589708e-07,2.2507804325836085e-06
JANX,-1.662615266083238e-06,1.2548828953697506,-2.086387458988482e-06,4.4227212353305215e-07,2.208915121504301e-06
CXT,-1.7018259942033354e-06,1.2233381032910133,-2.0819085838800514e-06,4.4081304720940177e-07,2.2016278076917235e-06
IMVT,-1.7516815300221154e-06,1.0539497598982293,-1.8461843279849714e-06,4.0461561119649057e-07,2.0208407774582243e-06
MRTN,-2.2374363274662553e-06,0.72961758788659,-1.6324728962957597e-06,3.988445697187459e-07,1.9920174804229405e-06
PLPC,-1.6906421823858304e-06,1.1675937505499605,-1.973983246569842e-06,3.9833055069658764e-07,1.9894502275250733e-06
ABR,-1.8675619542087995e-06,0.941336536012273,-1.7580043007632225e-06,3.9010558639180607e-07,1.9483708850570705e-06
YUMC,-2.996588007909286e-06,0.6613837583158471,-1.981894638795241e-06,3.8416027714453645e-07,1.918677212769059e-06
RGTI,-8.569091336115836e-07,2.5168853209624595,-2.1567420197856537e-06,3.800719122075751e-07,1.898257994258655e-06
DOMO,-1.344617665177063e-06,1.5301173686676495,-2.057422843704766e-06,3.6926070209541955e-07,1.8442617231219419e-06
CBRL,-1.4204790156936552e-06,1.0177196712703822,-1.445649436898223e-06,3.558258594692321e-07,1.777161796509004e-06
AMZN,-1.612220751846154e-06,1.3662536646157386,-2.2027025103793493e-06,3.5343375237997995e-07,1.7652144879617316e-06
BWIN,-1.6244825076500083e-06,0.9248568695487418,-1.5024138066618767e-06,3.523099391372412e-07,1.759601635752549e-06
PLAY,-1.2645793507835105e-06,1.0801599868169018,-1.365948014871243e-06,3.51128044612032e-07,1.7536986982852216e-06
JKHY,-3.6221406779517746e-06,0.3957992812227405,-1.4336406768209624e-06,3.3999679055652963e-07,1.6981039770803527e-06
NVAX,-1.0732418452321751e-06,1.382669310602918,-1.4839385622573752e-06,3.1851563139351833e-07,1.590816959025573e-06
CSCO,-2.1106414907194047e-06,0.8693068249963095,-1.8347950530027634e-06,3.074185132610104e-07,1.53539272868476e-06
CMG,-1.571258289252967e-06,0.9528431401873786,-1.4971626823772454e-06,2.9886584513166586e-07,1.4926766790970108e-06
CASS,-2.120343076548361e-06,0.619187388562037,-1.312889692423575e-06,2.9692350226240195e-07,1.482975704726777e-06
KNX,-1.1136651880542077e-06,1.17252343242592,-1.3057985288705773e-06,2.9021466860592427e-07,1.4494686322188642e-06
WIX,-1.1701232127097782e-06,1.2269446168414921,-1.4356763768755347e-06,2.816791208635749e-07,1.4068380899007514e-06
SIGA,-2.0312767933340947e-06,0.671610592237042,-1.364227010168471e-06,2.551312771222785e-07,1.2742456646422317e-06
CCRN,-2.95117904725408e-06,0.40721831877572134,-1.2017741700289416e-06,2.4728897692428296e-07,1.2350775268081186e-06
FPI,-2.2683601419337474e-06,0.48053965059525183,-1.090036990029039e-06,2.392420991176584e-07,1.194887632120754e-06
PLSE,-1.0249358065084415e-06,0.9662199397703018,-9.903134132330121e-07,2.308784570464125e-07,1.1531156676242309e-06
NEXT,-1.104839430911019e-06,1.151460361338272,-1.2721788103375726e-06,2.229038089283409e-07,1.1132865219933334e-06
LAND,-1.87800465303203e-06,0.48778049048170125,-9.160540307828808e-07,2.1805315683964638e-07,1.0890600827091198e-06
HCKT,-1.352500258276691e-06,0.656827457160057,-8.883593054521992e-07,2.0722136680920287e-07,1.0349610257754125e-06
TMDX,-9.026213218312635e-07,1.226653177588347,-1.1072033125833134e-06,1.9846305652926487e-07,9.912179025108603e-07
VITL,-1.3417207156111267e-06,0.5834568984353661,-7.828362072969478e-07,1.6789569174758149e-07,8.385500975598832e-07
MCD,-2.122229545988332e-06,0.17691895026776217,-3.754626235034852e-07,8.238915365820929e-08,4.114902063230744e-07
SABR,-2.1896018322135247e-07,1.8852614043406655,-4.1279718251457637e-07,8.226722153012281e-08,4.1088121989323607e-07
LAB,-2.075068854072601e-07,1.5773529215272997,-3.273115919341723e-07,7.505508997849373e-08,3.7486044084117086e-07
GPRO,-2.031950516356975e-07,1.8198269879861089,-3.697798387918732e-07,7.318932630846587e-08,3.6554193903066754e-07
YORW,-3.6197827068041424e-06,-0.054073258261764845,1.957334451564906e-07,5.888274346386724e-08,2.940881315194957e-07
AKBA,-2.1848857951475995e-07,1.11885087929069,-2.4445613930506297e-07,5.454614218857082e-08,2.724291039135624e-07
HAIN,-2.3640964163959657e-07,0.6398415776560121,-1.5126471807977193e-07,4.5471526355196986e-08,2.2710620185938447e-07
LXRX,-2.266406345167395e-07,0.9652504022978223,-2.1876496364431653e-07,4.216859318754704e-08,2.1060979923500605e-07
AMC,-2.153894536095112e-07,0.9623699066343345,-2.0728432836020562e-07,3.8957447244646524e-08,1.94571825206783e-07
PTN,-1.9820950287266665e-07,-0.19258099752624502,3.817138378239927e-08,-1.1007385040524294e-08,-5.497606105038014e-08
DUK,-0.003486908999981083,-0.04636863854770251,0.00016168322306885368,-1.029035184405251e-05,-5.1394859825997026e-05
CBOE,-0.0010107469129701544,-0.12305835884757452,0.00012438085632035943,-2.2600146015672152e-05,-0.00011287576500057799
MKTX,-0.0012826603464302236,-0.2478540681146237,0.0003179125848720435,-3.4822316336221276e-05,-0.00017391903542647092
ED,-0.002403019654149924,-0.17334489586367008,0.0004165511917069711,-4.8131930873853223e-05,-0.00024039351403188443
CME,-0.003559967136427281,-0.07446954749612977,0.0002651091417508325,-7.005592789798561e-05,-0.00034989227276792346
