ticker,weight,beta,beta_contribution,component_contribution,percentage_contribution
MCHP,0.0030107346372983766,2.3013585902718803,0.006928780020575713,0.0013217639789678626,0.006678853812515777
FLS,0.004561367983423009,1.5350914437549639,0.007002116963170495,0.0012887081800546463,0.006511823350110766
EQH,0.004625570492137652,1.372496754936998,0.0063485804901912595,0.0012650060049252407,0.006392056610173154
LRCX,0.0037111381083855107,1.9897185760046296,0.007384120432373333,0.0012506554743609928,0.006319543591740397
DELL,0.0037505421340950714,1.8400823651933704,0.00690130644086305,0.0012016274818992766,0.006071805871857436
VFC,0.0022069543114190487,2.5538901845977064,0.005636318953788699,0.0012001688220413189,0.006064435285195593
ITT,0.004815118645288525,1.238577240060886,0.005963896362247174,0.0011147474959874388,0.005632802589598445
MRVL,0.00296434176931255,2.329354894932833,0.006905004010602044,0.0011095804472145135,0.005606693568664575
STT,0.00468151037682739,1.151125757133677,0.005389007177054595,0.0010667618045700619,0.005390331601457721
CG,0.0029855205147487,1.7903253013756135,0.0053450529153305434,0.0010469328721045058,0.0052901362993440166
ALB,0.002988541943592022,1.7385684086413775,0.005195784611028791,0.001002547161890197,0.005065855962912435
AMP,0.004354804397534009,1.1903011497725107,0.005183528681419116,0.0009982528719624903,0.005044156979499294
IRM,0.004865650984957941,1.0483404338977464,0.005100858664765805,0.0009883556682676526,0.004994146555791024
WSC,0.002651196491871361,1.7954233503581474,0.004760020087893446,0.0009855941147872342,0.004980192466948656
LITE,0.0024315159156297864,2.376386682159458,0.005778222039361384,0.0009545279925968431,0.004823215811560153
AROC,0.0038410567951790912,1.2644559947607525,0.004856847290880726,0.0009512119111251692,0.004806459700989644
NTRS,0.004345323061145917,1.1404080281398947,0.004955441303792226,0.0009508297524442838,0.004804528658834288
HPQ,0.003570802644386799,1.2605998116824029,0.004501353141069025,0.0009389839533875239,0.004744672011617803
EFX,0.004191576724318117,1.0524980130835873,0.004411626174032229,0.0009214546189416724,0.0046560965442443
PNFP,0.0033750189578579826,1.2720058845662654,0.0042930439749180585,0.0009091416832879573,0.004593879462720946
CRH,0.003820198661018736,1.260941037294972,0.004817045262297828,0.0009078577101146845,0.004587391565289986
ARMK,0.00503668393766833,0.8900408009870332,0.004482854206200845,0.0008898805932748755,0.004496553460110756
TGLS,0.0034781554549300105,1.188244397400719,0.004132898732609335,0.0008894305548130092,0.004494279422427296
GRMN,0.0035966745103037006,1.2527923195851427,0.0045058862025561305,0.000880498064599635,0.004449143681654997
USB,0.003943822648423907,1.05500145748853,0.004160738642163497,0.000866760985599335,0.004379730424890633
CFG,0.003177273592366876,1.2962536729495524,0.004118552564071182,0.0008608767034713701,0.004349997234434826
COP,0.004029117201871505,1.0247194529145418,0.004128714774830338,0.0008343261413904047,0.004215837637411035
NUE,0.003425425913938813,1.2167883409267979,0.004168018314789268,0.0008313449397783834,0.004200773669812315
LSCC,0.0020040361845314538,2.1804217734633236,0.004369644131560745,0.0008190195221624584,0.0041384935171187515
ESI,0.002652364567263046,1.532052406550561,0.004063561518324787,0.0008139243976414924,0.004112747928364949
NWSA,0.004936458797826507,0.8228585351950344,0.00406200725543016,0.000813031485333402,0.00410823605569477
SLG,0.0032220487635761315,1.151233859604139,0.003709331633924494,0.0008061322105611454,0.004073374122437774
AA,0.0022391607684499213,1.8126428947171458,0.004058798857060134,0.0007929191919607379,0.00400660893511357
CRS,0.002804701396454402,1.5391722757438835,0.00431691863116277,0.0007904171997864981,0.003993966405707636
GAP,0.0024563266885099144,1.512913987786315,0.003716211005619488,0.000781157754678349,0.00394717856669372
WYNN,0.003140448559998975,1.2543180068728028,0.003939121178464478,0.0007748180849578982,0.003915144309476642
LAD,0.003056217114321765,1.1363123148086771,0.0034728171437328603,0.0007591153095002553,0.0038357984176221422
PAYC,0.0036288542385352926,1.0571405165129533,0.0038362088440754187,0.000755695773164424,0.0038185195511550463
FICO,0.0038126144649594964,1.011411424163834,0.003856121825792318,0.0007550959936484591,0.0038154888741426503
SPXC,0.0032345575058506004,1.201144139468404,0.0038851697919259865,0.0007527978445007836,0.0038038763605313564
MRNA,0.0023760019456260753,1.3660019005670567,0.0032456231734762434,0.0007485133602689448,0.0037822269251542285
CW,0.003938294958122395,1.088867334104079,0.004288280731966268,0.0007437704809065953,0.003758261225970728
CRM,0.0038964180483748515,1.053879347913323,0.004106354512018991,0.0007420606787969296,0.0037496216212300195
PRCT,0.0028848546183498913,1.1216869229265567,0.0032359036999473558,0.0007369817997499361,0.003723958120615631
TOL,0.003227426893485688,0.9365235783914687,0.003022561383284078,0.000728161920417689,0.003679391400958081
VAL,0.0022816257117816417,1.6231340761609236,0.003703384441837705,0.0007233286358635168,0.0036549688856790568
FITB,0.0031929010751182295,1.0371655573674996,0.0033115670231942873,0.0007126598464280569,0.0036010596506493727
CSL,0.0031753170845541957,0.97691960942212,0.0031020295260340697,0.0007114839224238209,0.00359511772406952
TRMB,0.0026703494226585044,1.4039597100732535,0.0037490630012299137,0.0007064746188273185,0.0035698057871761616
ALLY,0.002669065365768433,1.2756001276212199,0.003404660121203591,0.00070580372651531,0.003566415778258424
NRG,0.002390368339450558,1.710422100737683,0.00408853883669987,0.0006993050839083268,0.0035335782333998328
BAC,0.003536351774109786,1.013759385192986,0.003585009800347662,0.0006915573043758305,0.0034944288181543424
CIEN,0.002252545516899813,1.928785913474021,0.004344678062455417,0.0006904197032776299,0.003488680536651186
SEIC,0.0034384102005040025,1.0248061299858926,0.0035237038508825237,0.0006902911366764593,0.0034880308915193367
WDC,0.002211523928729255,1.8693301156132702,0.004134068281372972,0.000684125408785458,0.003456875559790668
VOYA,0.0026750649738401604,1.2540408189199204,0.00335464067045851,0.0006757321473164419,0.003414464533878497
MAC,0.0023063868550570747,1.3489576322599288,0.0031112181510732154,0.0006683104940867007,0.0033769630300114193
FBP,0.0032980257113206803,0.9256464889544596,0.003052805920165522,0.0006613967920129125,0.0033420281958134288
MMM,0.002942792178575826,1.1171166485072308,0.003287442135783919,0.000653969147337228,0.003304496417258724
FIVE,0.001738752985985301,1.8388770598425372,0.003197352978661083,0.0006508537950564352,0.0032887545883172587
CARS,0.0026233507914326963,1.2265383047214518,0.003217640232413538,0.0006504284945098727,0.0032866055509534987
GLOB,0.0019493165568340058,1.653055501964592,0.0032223284593451275,0.0006437030485116843,0.0032526219719177423
DOCU,0.002546496897303705,1.3132820993550716,0.003344268791292186,0.0006434815382472029,0.0032515026838315303
TER,0.0019393684738253085,1.9151480447300262,0.0037141777406575946,0.000639629924924716,0.003232040538749232
HBAN,0.0024503192901348786,1.1743130387906073,0.002877441891605533,0.0006164137074176174,0.003114729335480883
BMRN,0.0037469795478029945,0.7725052136581888,0.002894561236148416,0.0006089893342264582,0.003077214087689039
CACC,0.002512898259345469,1.1794101493053168,0.0029637377112437103,0.0006088380271605997,0.0030764495353258715
CMI,0.0024761636213590545,1.2810507065651608,0.003172091156712964,0.0006055586244492511,0.0030598787619881313
QCOM,0.002123641651427669,1.5197395482116118,0.0032273822039040473,0.0005922163983533387,0.0029924606911024983
RRR,0.0024717282524653367,1.1353784366392383,0.0028063469590811304,0.0005883644476324887,0.002972996841151268
OLN,0.001347521133232209,1.9423913336556033,0.0026174133711080205,0.0005798576666574977,0.002930012202856448
PLXS,0.0021311406242550323,1.3307217558829585,0.002835955193542161,0.0005734544040755087,0.002897656611851727
L,0.00504513554370624,0.5399543883068806,0.002724143076427204,0.000573308632278274,0.002896920029118947
OMF,0.0018570018655813367,1.5336975902619907,0.0028480792863541174,0.0005730689972848893,0.0028957091570459845
HUBS,0.0020195689748029426,1.4794964035216744,0.002987945034884909,0.0005677339338751417,0.0028687511606402794
UHS,0.0038886039040524523,0.6780264166892139,0.002636576170988372,0.0005654603719616228,0.0028572628859590814
EWBC,0.0020597239588882772,1.2956044341805009,0.0026685874943234676,0.0005646440724603083,0.0028531381366670282
IR,0.0021542293371573764,1.2590560966303856,0.002712295580488029,0.0005631160518656262,0.0028454170712296388
ZION,0.0020555668247066706,1.271871720301559,0.0026144173135344865,0.0005595166602590735,0.0028272293987429563
PAG,0.0031062524863663624,0.7875989497743004,0.002446481195995957,0.0005555499358912722,0.002807185599253295
GE,0.003092560961144826,1.1145721553343337,0.0034468823359660073,0.0005552499895143702,0.002805669974652535
SCHW,0.003577454488887207,0.8737456038610504,0.003125785132678178,0.0005521003385740807,0.002789754835092541
C,0.002268304561756169,1.289994561580976,0.002926100548674777,0.0005488504930649385,0.0027733334138598555
UCB,0.002265072861881319,1.0970859281648204,0.002484979563038013,0.0005454298803638802,0.0027560491085352064
TWLO,0.0019326596795214072,1.585914270563408,0.0030650325658955024,0.0005445310050600567,0.002751507104935891
WCC,0.0016560731538221196,1.630965226106528,0.002700997725772444,0.0005436363230234225,0.002746986289853587
IONS,0.0034538583048059116,0.7354813000314411,0.002540248196143041,0.0005428060546989449,0.002742790956304947
CVLT,0.0019482104680798493,1.4508653130599816,0.0028265909906774037,0.0005393166930359466,0.0027251592634936774
GMED,0.0022678668944573935,1.092976079607104,0.0024787242673747797,0.0005381676279328933,0.002719353054543764
DD,0.0018980497426676702,1.3965404201288596,0.002650703185050582,0.0005370368602749772,0.002713639302313173
NPKI,0.0019493123930512037,1.3761400724057873,0.002682526897714982,0.0005364066314390492,0.002710454765337909
JBHT,0.002357984048599345,1.050954875354857,0.0024781348318844657,0.0005258078683985702,0.002656899372645084
EL,0.0017202612236125279,1.4494054694998402,0.0024933560264724856,0.0005199138798459652,0.0026271171357693072
PUMP,0.0013431989252098181,2.0893416996442897,0.0028064015253582647,0.0005198507853716982,0.0026267983203251645
ADI,0.0017245238626777278,1.629469579662245,0.002810059173634988,0.0005195143539022526,0.002625098337092067
NVT,0.001852365023326206,1.5882980142528687,0.0029421076882204817,0.000515959494577659,0.002607135685566672
MS,0.0020820848156936243,1.3481956689273167,0.0028070577308574748,0.0005130826963097399,0.0025925992665196546
AZTA,0.001482840716425186,1.6204501891273937,0.0024028695193769926,0.0005119518793724037,0.0025868852652808838
CE,0.0012134944717572063,1.9461390796158484,0.0023616290143844898,0.0005096274816803439,0.0025751401181635146
FN,0.0016763550741688337,1.8715626368028022,0.0031374035228291792,0.0005078783359249219,0.0025663017105634163
WWD,0.0022348666323825537,1.1913924586772382,0.00266260325196997,0.0005015721553736102,0.002534436673622078
BHVN,0.001580372896160578,1.4862232977227605,0.002348787017363444,0.0004987938012313215,0.002520397691284071
WDAY,0.0026491395160091226,0.9901779211608147,0.00262311945882688,0.0004972357544319306,0.0025125249038789282
RL,0.001742092742739656,1.4664595554009585,0.0025547085489852324,0.0004918136629925693,0.0024851271561283305
HSIC,0.003388166236372556,0.5987109300084263,0.0020285321584017626,0.000491736454499167,0.002484737022754503
BIO,0.0020217348134381314,1.0911559152327548,0.002206027900715007,0.00048235696884006284,0.0024373426206142188
CDE,0.001985206215542655,1.3536644568043312,0.0026873030934071304,0.00048065387223431716,0.0024287368986855204
ADTN,0.0015152935082192792,1.7646646988270855,0.0026739849623164122,0.00047746737253694723,0.0024126355629016704
FFIV,0.0023247753287532306,1.0652573684878266,0.0024764840490330885,0.0004751852352207846,0.0024011039568379014
SNX,0.002292089700911131,1.0931306815512731,0.0025055535769336382,0.0004710239432768022,0.002380077010267031
LAMR,0.0024842856169776926,0.873528072927404,0.0021700932275997907,0.00046895531664120714,0.0023696242705104186
BOH,0.002367900970394811,0.8564427268425386,0.0020279715639780252,0.0004656969612976461,0.002353159849210432
ARR,0.0032328979697726417,0.7231095848353893,0.002337739508737468,0.0004640368463844889,0.002344771313137893
AIV,0.003556951753736384,0.5706172062894701,0.0020296578726234867,0.0004633782455453426,0.002341443412850511
EAT,0.0020686422443890063,1.1213281183664205,0.0023196267154740133,0.0004631786719354554,0.0023404349703551167
MTZ,0.001679610883689266,1.6022913842380133,0.002691226047807707,0.00046224702813542557,0.0023357273880297196
MIRM,0.003206062389610315,0.7617676005733744,0.0024422744538219886,0.00046097689300948096,0.0023293094140469893
SEDG,0.0010371882224429832,2.2075135720472,0.0022896070778103956,0.0004554700955543997,0.0023014836480533198
LOVE,0.001252626777060009,1.7700364806664228,0.002217195092055822,0.00045410434067108725,0.0022945825088525854
MELI,0.002942512802181333,0.9033634629173506,0.002658158554657166,0.00045396249719374204,0.002293865775862035
PAGS,0.0020401444418372354,1.1670003744580302,0.002380849327572523,0.0004476941925825467,0.002262192125485223
GTES,0.0013901382561095836,1.5984946451401638,0.002222128558395655,0.0004446012144113711,0.002246563352588329
BOKF,0.0022269984260415085,0.8894932867057032,0.0019809001494680892,0.0004444216388571488,0.0022456559599720698
MU,0.001161863027743496,2.2629467298026933,0.0026292341391108004,0.0004438422036095948,0.002242728082246688
IVZ,0.0014308170037768044,1.5578952169283442,0.0022290629664836283,0.0004422140012293698,0.0022345007997304823
AVXL,0.0016816121857459677,1.1347083104543378,0.0019081393221272332,0.0004384460943010677,0.002215461621818442
AAOI,0.0006422751155879418,3.920191509115304,0.0025178414546438996,0.0004345507268821712,0.0021957783879349145
NMIH,0.0029698591844726295,0.6624342901581963,0.001967336560735926,0.00043377161210747707,0.0021918415325158274
OII,0.0014645400851146062,1.4974207632985865,0.0021930327321336906,0.0004333829509577692,0.0021898776334818033
NOW,0.0020179684704198786,1.2941669815880625,0.0026115881643031737,0.00043304339562020346,0.0021881618653893545
XYZ,0.0014240732874235917,1.6943920463641313,0.0024129384516501555,0.0004307624322159756,0.002176636191085208
SYBT,0.002194765643158078,0.8763541787301395,0.001923392042714924,0.0004307239005960608,0.0021764414913803703
MGM,0.0014343742846036978,1.4480303770927574,0.002077017536226847,0.00042893344044433405,0.002167394322747544
CBRE,0.00200982981967003,0.9905487298854401,0.0019908343751600314,0.00042399414243169114,0.002142436123032757
HY,0.0015300420970103623,1.1573897035226555,0.0017708549690360054,0.0004232043981144458,0.0021384455566925654
SNAP,0.0012531453694922857,1.7417083791367514,0.0021826137903211344,0.000422636855965909,0.0021355777746203996
NTLA,0.0011746444306337434,1.567738431573889,0.0018415352173387486,0.0004219567159739718,0.0021321410373129255
IT,0.002252311001907129,0.9238995237424364,0.002080909061981846,0.0004214671198094471,0.002129667115143718
AOSL,0.0007766751072016426,2.867017318724758,0.0022267409833695174,0.0004214448228041638,0.0021295544487062042
TRU,0.0012571828956550004,1.6655231440699148,0.002093867209042236,0.0004209729119789835,0.002127169890294812
ASAN,0.0012866961911060795,1.7473556750604198,0.0022483158916078343,0.00041739626205837695,0.0021090971312104473
TEL,0.001814819253586743,1.2375562760225804,0.002245940957122889,0.00041580460361605447,0.002101054504671306
VRSN,0.004823812422306853,0.43566666782607155,0.002101574284244437,0.00041004444760545675,0.002071948521648446
WSO,0.002221587657447404,0.8194695770977842,0.0018205234981340812,0.0004097781983356652,0.0020706031680309146
DKS,0.0013565873001802156,1.5254232262862628,0.0020693697761798753,0.0004085574055117975,0.002064434519969899
WEN,0.00261548191351378,0.5700763587916066,0.0014910244057412393,0.0004082653934755911,0.0020629589874751786
VRT,0.0011715720290299838,2.227931228041017,0.002610181909375278,0.00040760541961003927,0.002059624149305702
GPK,0.0029805102751970843,0.5188466350948199,0.0015464277271515427,0.0004072979765621546,0.0020580706441374803
CBT,0.0019770636024833655,0.8738144361958239,0.0017275867171272865,0.00040692527645407105,0.002056187396010426
DOW,0.0012102138810133204,1.5270432691695512,0.0018480489612569511,0.00040462762405179317,0.00204457739244627
AVY,0.0028641956070283993,0.6061008047596456,0.0017359912624089543,0.000404344339555874,0.0020431459600833805
GD,0.003366999445022516,0.5869632586170819,0.001976304966012322,0.00040427103808879405,0.002042775568855703
DINO,0.00180337697697202,1.0881091014753597,0.001962270902034375,0.00040351748401067154,0.0020389678712578797
THRM,0.0016546311418167005,1.0734093854406925,0.0017760965970684958,0.00040347469050879063,0.0020387516363265788
DY,0.002278308385728191,1.043241662220481,0.0023768262273779384,0.00040195619193979823,0.0020310786855439935
TPR,0.00148981948503338,1.3756724338059652,0.0020495035969074196,0.00039821701514311747,0.0020121846805615886
KEY,0.0015566632423583589,1.2120172072987325,0.0018867026357077682,0.00039698724171126235,0.0020059706536214006
IPAR,0.0022121527942480113,0.8120692159965781,0.001796421185289622,0.00039420283519487394,0.001991901088726694
UNIT,0.0016233444778384648,1.154938815888974,0.0018748635490146613,0.00039260860020602206,0.0019838454429360938
SF,0.0013795404886681165,1.4565478747185587,0.002009366766857747,0.000390317824562873,0.0019722701875339818
RRC,0.0022684114097955054,0.9189511912268388,0.0020845593672241323,0.0003878743038469356,0.0019599231135409806
FHN,0.0015555517809812311,1.223012026843137,0.001902458536517307,0.0003858964202614689,0.0019499288970729076
DCO,0.0022243243372732624,0.8821808660348481,0.0019622563701981164,0.0003855739987893339,0.0019482997061487553
FAF,0.0023603970278912004,0.7028843393664567,0.0016590861055918542,0.0003794572946618567,0.0019173920907712104
CPT,0.0029667728140491453,0.5362782480493896,0.0015910157270788332,0.00037866056712778414,0.0019133662383398013
AEIS,0.0010409693401744063,2.026542255460046,0.0021095683545017973,0.00037824709932294685,0.0019112769916447548
MXL,0.000879134049359239,2.35437855010247,0.0020698143484761183,0.00037708495798530607,0.001905404708675109
TTC,0.0019516321573345118,0.8374782113658775,0.0016344494083686358,0.0003763192550450514,0.001901535623056837
CALY,0.0011534695803492472,1.4222613385619685,0.0016405351893380325,0.00037628996102402184,0.001901387600802372
RF,0.001577707672220234,1.1119958659609637,0.0017544044092037952,0.00037625962991235344,0.001901234338144267
UWMC,0.0015163311631883427,1.014528816730077,0.0015383616607604106,0.0003753999804793705,0.0018968905422894363
EQT,0.002810063408495045,0.7621138858273546,0.0021415883436694196,0.0003725427928786373,0.0018824532156533065
MORN,0.0021525060683394246,0.8807128772543251,0.0018957398127546097,0.00037171544325309477,0.0018782726302471635
ROIV,0.00240559300979466,0.7655486347773538,0.0018415984444782475,0.00036797505645342113,0.0018593725111375541
COO,0.0019008315894632679,0.8477827147887951,0.0016114921652714696,0.00036661589328276887,0.0018525046797632793
BYD,0.0017889863391863806,0.9916323144715783,0.0017740166640854266,0.00036540928367145094,0.0018464076992652468
GEN,0.00197329403589133,0.9175025362694278,0.0018105022827356303,0.00036405719324545733,0.001839575606364996
HPP,0.0011795090049450578,1.4275073759060681,0.001683757804506697,0.00036369952305979555,0.00183776830421337
MAT,0.0013195923586108555,1.2389812545328862,0.001634950195943688,0.0003612244632295823,0.0018252618635429768
DXC,0.0012971227733481329,1.341662142131109,0.001740300518697301,0.0003585500936996997,0.001811748313911612
MYE,0.001464083345004283,1.1296352458180847,0.001653880149332077,0.00035697196775725366,0.0018037740668939513
EQR,0.002440432857974773,0.6501223017575145,0.001586579826911229,0.0003553049152311561,0.0017953504751659598
ENS,0.0014339876572231464,1.221155529550723,0.001751121956925532,0.00035500026177741117,0.0017938110657756167
RTX,0.003384298753726874,0.5808082456858848,0.001965628622029032,0.00035289710681125745,0.0017831838548760005
HOG,0.0012750725213082977,1.2159691836242645,0.0015504488927969833,0.0003527147973071081,0.001782262647651246
IBRX,0.0010611769840085461,1.6224463331534404,0.0017217027065314927,0.0003515788650530241,0.0017765227987926978
WMB,0.003358413859199267,0.5767534419286862,0.0019369767527141792,0.00035071953030611807,0.0017721805930419538
ACVA,0.0012181041822663338,1.4309922217491189,0.0017430976101031946,0.00034834861646277797,0.0017602004005009952
MKSI,0.0007493757353613427,2.547520414822463,0.001909049984205616,0.00034782736613658935,0.0017575665303216472
SBLK,0.0022243626172119306,0.8051299116161299,0.001790900877398065,0.00034730221164381024,0.0017549129324463317
MANU,0.002579701184735868,0.7341263272137973,0.0018938265560592244,0.0003459862176010467,0.001748263234036013
FOXF,0.000977688437772653,1.6362000320530061,0.0015996938532214682,0.0003458590364345979,0.0017476205894852966
BRKR,0.0012385478185644753,1.2422438390636534,0.0015385783969974472,0.00034551760386679385,0.0017458953357762526
GM,0.0017905340575487543,0.9380214941177526,0.0016795594319306045,0.00034467716463993167,0.0017416486088084777
EW,0.003442293263756301,0.5372782602198616,0.0018494693359175345,0.0003427589877575279,0.0017319560894268208
AMPH,0.0019101228021559727,0.797805442040219,0.0015239063665251475,0.0003409983768754978,0.0017230597487117515
TXT,0.0015796066258093376,1.0279540464937926,0.0016237630228691147,0.0003409620754146232,0.0017228763179675188
VERX,0.0021006290954559393,0.7428178226493328,0.0015603847308804184,0.0003409108221795097,0.0017226173361294685
THO,0.001338054907346224,1.120514695130506,0.0014993101865729316,0.00034039570945103477,0.0017200144791404799
WERN,0.0016273591031957654,0.8533396115116169,0.0013886899849109677,0.00033422786151431885,0.0016888484348522095
TRV,0.0032482005431498234,0.4569708856258116,0.0014843330788934172,0.00033411620907393397,0.0016882842567243388
ROAD,0.0013422942426592871,1.3475361824934642,0.0018087900595360514,0.0003339534888085465,0.0016874620336329623
RELY,0.0015671903598077576,1.0353941278987073,0.0016226596958444145,0.00033269222721782777,0.001681088897492326
FNF,0.00236293942023887,0.6090186716076647,0.0014390742268032618,0.0003324200720387943,0.0016797137014028525
DT,0.0017018640865618315,1.0601050082376389,0.001804154641503972,0.0003314781445940139,0.001674954155972815
NMRK,0.0012008958723635475,1.3137412571581857,0.0015776664530749629,0.00033057828834935854,0.001670407195694002
FSLR,0.0016978020478068117,1.1625550462416323,0.001973788338197186,0.00032789280016453607,0.0016568374636638755
CNX,0.0035153797403424457,0.46178885019826804,0.0016233631683030241,0.00032638175971565566,0.0016492021986517732
EXEL,0.002785979014240598,0.6193398830777769,0.001725467916936912,0.00032548793114647797,0.0016446856961278887
CNS,0.0015100142345723898,0.9762709118548236,0.0014741829736997505,0.0003220075381588102,0.0016270993219002525
FLG,0.0014561233339682206,0.9615068686559656,0.0014000725872206686,0.00032016432050397525,0.0016177855703854748
GBTG,0.0013594831439615904,1.131315572335336,0.0015380044510911487,0.00031898025434472547,0.0016118025016169102
ARLO,0.0011407129586824536,1.4987706799275478,0.0017096671366866657,0.0003175707021421433,0.0016046800552104743
CWEN,0.002982010244372803,0.583429810510481,0.0017397936718147376,0.00031567220515943525,0.001595086978070552
ZETA,0.000800208807601561,2.1185850277299143,0.0016953103988422747,0.0003150440732907997,0.0015919130370399641
HLIT,0.0013302875048436724,1.2015663565689425,0.001598428710384201,0.0003148878853874917,0.0015911238218774416
PFE,0.0025331449890117234,0.5143520435728584,0.0013029283017645258,0.00031461853875759953,0.001589762817345189
DLB,0.001801507707124831,0.852433222437573,0.0015356650200305433,0.00031428782351870484,0.0015880917181404174
TW,0.003751006395877554,0.4374807581674427,0.0016409931219594392,0.0003137868531325166,0.0015855603221975778
RVLV,0.0008827763519446486,1.6977891591935315,0.001498768120324038,0.0003137867001949913,0.0015855595494065273
CPNG,0.0018253293129582083,1.0246336966565741,0.0018702939215519737,0.00031240951138683477,0.001578600634752874
JBLU,0.0007182857093838463,2.000860689704645,0.0014371896398827529,0.0003112234194702337,0.0015726073298624116
TSN,0.00436723610982663,0.2894487660834477,0.0012640911031843944,0.0003110485957250863,0.0015717239480670417
SWK,0.0008457493089530366,1.7003452079756805,0.001438065784627039,0.0003094899547612607,0.0015638481583578087
TEAM,0.0011293934465026183,1.4669655107344781,0.001656781234068886,0.0003081722043390097,0.001557189584987949
FWONK,0.002604702282784744,0.5993873744218883,0.0015612256624290464,0.0003064730349874539,0.0015486037074165157
TPC,0.0010029261327056146,1.738320982006658,0.001743407539884964,0.0003062737119453939,0.0015475965310366418
RILY,0.001014295878910229,1.359853225594989,0.0013792935226437791,0.0003061245404852922,0.0015468427698577386
FIS,0.002103464161439954,0.670793400375895,0.0014109898774211373,0.00030588638266982655,0.0015456393619429265
ABG,0.0012205608812776154,1.11347211235048,0.00135906050272855,0.0003053152225612485,0.0015427532983722488
PECO,0.002976443804028113,0.4349055566732042,0.001294471949497356,0.0003051410230013798,0.0015418730705758488
WLK,0.0010222427941777995,1.3218729882822937,0.0013512751370898495,0.00030495726893561094,0.0015409445640026222
FULT,0.0012392519008048262,1.1235352148972455,0.0013923431506825703,0.00030366650873495934,0.0015344223718228222
ISRG,0.0013917405065951133,1.2134849275060167,0.001688856127752758,0.0003032598746128595,0.0015323676556254523
XPO,0.0008852598469129984,1.6023527907220967,0.001418498586215259,0.0003030484826986152,0.0015312994954131518
AER,0.001923788807418397,0.8332021129361551,0.0016029048991839344,0.0002995836139340935,0.001513791564855184
R,0.0012409179511881367,1.194037501141463,0.0014817025695582668,0.00029752346067018196,0.001503381640920211
EEX,0.0012737500501639834,1.125735525112292,0.0014339056815831602,0.0002957580913918992,0.0014944612560993417
CWST,0.003001270761934941,0.4633835170297729,0.001390739401224039,0.0002945021796551798,0.0014881151526917411
XYL,0.0017360707711248113,0.8945181335605747,0.001552946785915634,0.0002932548866366569,0.0014818125995395579
EEFT,0.0012311620737662267,1.12694115994384,0.001387447215488975,0.0002931856815119466,0.0014814629070692138
ACLX,0.001628579695976992,0.8773212902885668,0.0014287876402122963,0.000292840530660227,0.0014797188649266063
PCAR,0.0014156233603303601,0.9168880901821433,0.001297968199270532,0.00029168474845571663,0.0014738787145624997
STRL,0.0009854941873716605,1.7866581693502908,0.0017607412407148033,0.00029148349293944993,0.0014728617734190762
STX,0.0011143480202923867,1.552479644447927,0.0017300026183347758,0.000290826250605391,0.0014695407376377834
ESNT,0.0022877224971713577,0.5460350125005813,0.0012491765823408234,0.0002907288390729059,0.0014690485186066452
KRO,0.0009167743101052046,1.3939278360164142,0.0012779172302003889,0.00029014236223021676,0.0014660850598053202
RBC,0.0015939447462054355,0.927312172444121,0.0014780843653596555,0.0002880252233505984,0.0014553871883980466
PEG,0.003135589291152844,0.48150081635081077,0.0015097888034309543,0.00028737692664624096,0.001452111354751165
FCBC,0.001734439844264174,0.6516593091867998,0.0011302638707392522,0.0002868417691411353,0.0014494072118026921
ALV,0.0013442788895847784,0.992113327300034,0.0013336770019651495,0.0002858800335367772,0.0014445475760356357
WU,0.0017141902268130726,0.7460814541984554,0.0012789255371934774,0.0002834016085287391,0.0014320241311715262
CAH,0.004350905887990668,0.34421449250699776,0.0014976448621804163,0.00028338780022053314,0.0014319543579946405
NU,0.0012375870592616844,1.2363693619698968,0.0015301147228415695,0.00028036901910269554,0.0014167005017095234
PR,0.0010195597062660768,1.3957233297388612,0.001423023268097264,0.0002801873245194677,0.0014157824016710792
GHC,0.0015199568106425423,0.839568534171581,0.0012761079115152704,0.00027899934002758046,0.0014097795336257216
NE,0.0008709855935724682,1.5805575908764096,0.00137664289146496,0.0002786964113894212,0.0014082488397029911
CTAS,0.0021850659096462155,0.6307993750513585,0.001378338210250861,0.0002779807806036644,0.0014046327679399083
SYRE,0.0008002352677696932,1.6513115680628947,0.0013214377548400025,0.00027777847130662064,0.001403610502057823
RUSHB,0.0012261463272760654,0.9898692787820297,0.0012137245806619933,0.0002774912751053983,0.0014021593039059627
UNM,0.0015550826166802877,0.8503321639897907,0.0013223367666246554,0.00027657797095638156,0.0013975443915655538
PATH,0.001059601328006723,1.435899977747051,0.001521481523305599,0.0002754105258479542,0.0013916453087206636
LW,0.0021921947759086626,0.479694652164306,0.0010515841105059147,0.0002750852322659393,0.0013900016050678195
GFF,0.0010595393413691948,1.158176371988781,0.0012271334303663565,0.0002749793296380868,0.0013894664806575294
NCNO,0.0014652193861315033,0.9224532109406609,0.0013515963274695092,0.0002704678515364019,0.001366670048617485
MHO,0.001348645220273319,0.7554195219062702,0.001018792927520047,0.00026903518389495963,0.0013594308002407916
ST,0.0006906242899130875,1.9017054580090542,0.001313363981561346,0.00026635497004093886,0.0013458877193261018
AIR,0.0010676134534856041,1.2397662454753549,0.0013235911228468248,0.00026400845278293033,0.0013340308023695492
LLY,0.001887588140997514,0.6928719388482307,0.001307856854999875,0.0002637996526054352,0.0013329757381646628
FLEX,0.0008598496236248801,1.721866901473824,0.0014805466071644061,0.0002633564412037884,0.001330736197515393
BLKB,0.0023686658975903088,0.5623551121146014,0.001332031376401431,0.0002631135424806699,0.0013295088338644164
SKYW,0.0009612909238339798,1.3743762039711909,0.0013211753708109043,0.0002624639414295876,0.0013262264093728494
DSGR,0.0011725648897550267,1.0450035434143865,0.0012253344646773023,0.00025970364766157933,0.001312278685838636
EOG,0.0016228017757606056,0.7966552658360939,0.0012928135800678506,0.0002589115928981783,0.001308276444848234
KWR,0.0008548966025079053,1.3679312000184758,0.0011694397353603568,0.00025890740650111305,0.0013082552910458568
VIRT,0.0017066420273277383,0.8250468472997475,0.0014080596241160001,0.0002578845857043004,0.0013030869927059014
FR,0.001474687761066677,0.813798429682957,0.0012000985842287376,0.0002568419180748368,0.0012978184086144605
AMAL,0.0012037805007944706,0.939341485550826,0.0011307609638933952,0.00025566880541285763,0.0012918906877054004
UPBD,0.0008879898109601431,1.3244208636072714,0.0011760722323062903,0.00025489325998258945,0.001287971868130842
DVN,0.0009753897610345061,1.2973357245328847,0.0012654079823336583,0.00025442762917446296,0.0012856190425526257
FORM,0.0006352964141375344,2.1150112350226262,0.0013436590534704725,0.00025375894033060394,0.0012822401677268175
GATX,0.0017213292339013776,0.658247576492195,0.0011330607965607485,0.000252778222311035,0.0012772846140967995
VSH,0.0005634847266668361,2.2150935630851967,0.0012481713909365303,0.00025212561541018794,0.001273987001090883
JCI,0.0012558484704245758,1.1227644134690018,0.001410021971302192,0.0002512648838723927,0.0012696377373764601
ITW,0.0014071606060997853,0.8188522070063038,0.0011522565679171373,0.00025063463738300403,0.0012664531111985207
TRS,0.0014594226617347186,0.8827176028607551,0.0012882580735271334,0.00025029132477730643,0.001264718357685841
GL,0.0016055754675708667,0.7584113672492889,0.0012176866855823374,0.0002486677342498658,0.0012565143787934604
WRLD,0.0008590740183412276,1.3436387793816327,0.0011542851654024813,0.0002483268730672725,0.0012547920122854249
RYAM,0.0008800044814383298,1.3750951182324653,0.0012100898664485396,0.00024786929349125816,0.0012524798694638455
BRSP,0.0015023186237442883,0.7587558067031472,0.0011398929792842594,0.0002475155432223482,0.0012506923745935188
GS,0.0009737110178294267,1.370219789138005,0.0013341981055315893,0.0002468092152079154,0.0012471233095961772
LYB,0.0008381493308138191,1.3189162537435601,0.0011054487754746341,0.0002459700204137203,0.0012428828707282409
BAP,0.0022957428830580563,0.6061780913930461,0.0013916290391813016,0.0002458005456352757,0.0012420265171824104
PODD,0.0015685005410770256,0.834426171070789,0.0013087979008133634,0.00024133348327609312,0.0012194545172315042
D,0.003159971328719885,0.32689082518141066,0.0010329656351948419,0.0002407993567431277,0.001216755583769989
ROOT,0.0005874898747324609,2.082136289188407,0.0012232339877112084,0.00024000513069139274,0.0012127423712917887
AX,0.000955310321416012,1.1477362763299397,0.0010964443110415714,0.00023970620925327306,0.0012112319256915181
TXN,0.0009105316580018259,1.3686729974629401,0.0012462200936422597,0.0002392765319306369,0.0012090607725430708
EQBK,0.001326580932255972,0.7531090004868888,0.0009990600399562603,0.00023759462631256766,0.0012005621283612971
SPOT,0.001626356101644865,0.9955070230367522,0.0016190489211461371,0.000236733122654946,0.001196208963136825
LUV,0.0008259182859891646,1.389490953541226,0.0011476059867462193,0.0002365323933254532,0.001195194680807378
BW,0.0004176384289711841,2.932269052445787,0.0012246282403842812,0.00023505366671594343,0.0011877226971470994
PRKS,0.0007276996193536513,1.4312529300733743,0.0010415222124131925,0.00023248029501311054,0.0011747194880402006
WY,0.001321695606188432,0.7019213473123561,0.0009277263606326054,0.0002317953971653145,0.001171258709357528
ABT,0.004156838015765433,0.22677125427961595,0.0009426513706723171,0.00023169300957950903,0.001170741346402649
EAF,0.0005106242951485071,2.2762167043288013,0.0011622915502531518,0.00022944512039347722,0.001159382795633271
FIVN,0.0006416295277801877,1.8145768781430232,0.0011642861054437551,0.00022906258384152613,0.0011574498441010164
ABBV,0.0024322417569931703,0.4309037405231544,0.0010480620709449663,0.00022867133517543914,0.0011554728703850453
TECX,0.0005646488397490799,1.9805638309368752,0.0011183230691874993,0.00022829638631423585,0.0011535782593417776
ABM,0.0013712773945387018,0.7161482152812733,0.0009820378587544456,0.00022824712319643125,0.0011533293335370188
INTU,0.0013804621621387933,0.9453695968344124,0.0013050469576663122,0.00022537741495167257,0.001138828740272039
RITM,0.0013445858006719976,0.815232171787058,0.001096149602435873,0.00022535589808480677,0.0011387200158623964
GLPI,0.0027131947476965726,0.3403216445319829,0.000923358898471636,0.00022533829469344334,0.001138631066186515
PCOR,0.0007522993153088054,1.5668279844285913,0.0011787236198923048,0.00022492575956546508,0.0011365465322938258
CHWY,0.0016192960049564468,0.7420207966865425,0.0012015513116691182,0.0002233433538738893,0.0011285506597671887
KIDS,0.0008727475452758114,1.0755067359224433,0.0009386458637039126,0.00022209639773622402,0.0011222498088689905
CMC,0.0008048211372643866,1.2876540145426005,0.0010363311683872288,0.00021890458323659424,0.001106121617468025
SFNC,0.0010829700888814312,0.8683244773895921,0.0009403694364565288,0.00021829237683096192,0.0011030281475661618
KMX,0.0007765175550330177,1.2838422647664167,0.00099692605648447,0.0002179942330536796,0.0011015216314745862
ALG,0.0012264009224471043,0.8021607899882767,0.0009837707327925204,0.00021738602359643302,0.0010984483580937278
CVBF,0.0011416739866163931,0.7909543432332179,0.0009030119982706188,0.00021678563189762704,0.0010954145877305013
CRBG,0.000758000742805642,1.4475489767828191,0.0010972431996489238,0.00021559730864086082,0.0010894100079112269
CWH,0.0005198826005255142,1.7845027775574984,0.0009277319446415955,0.00021531900633122027,0.001088003750461825
CLBK,0.0011895136683894192,0.7805530577105618,0.0009284785310498684,0.00021505860840499537,0.001086687963596687
ARWR,0.0005838685925344253,1.806724055126921,0.0010548894311650447,0.00021504619250180235,0.0010866252262217123
MKC,0.002556196496499993,0.3027665381345396,0.0007739307640369416,0.000212908943450646,0.0010758257384154567
WFRD,0.0005863293881707226,1.7840737897157117,0.0010460548935754357,0.00020924758288693078,0.001057324937705893
AXTI,0.0006887922926377599,1.7424485299682817,0.0012001851177601472,0.00020916711962089602,0.0010569183580141515
WLY,0.001545318411692773,0.5507925049187452,0.0008511497988733192,0.00020912435802057931,0.001056702284280982
GXO,0.000809877850004702,1.2453683284491854,0.001008596224308376,0.00020854924337425243,0.0010537962384896198
OI,0.0008479250869407217,1.0673032501616826,0.0009049932011854596,0.00020816079686304865,0.0010518334240207782
MSM,0.001081274354756206,0.8431823307243853,0.0009117114305958436,0.00020804354107506132,0.0010512409322604487
LECO,0.0008910159408485648,1.140706454823371,0.0010163876350764768,0.00020761046083503043,0.0010490525842207978
PAR,0.0006848959993013958,1.429804106802081,0.000979267112533451,0.0002071118436389491,0.0010465330789127213
ACIW,0.0009766719375065378,1.0626964404511128,0.0010379057914766893,0.00020565726970490914,0.001039183138363929
KNF,0.0007041653145336488,1.4044124402166487,0.0009889385277001255,0.00020555387985502649,0.0010386607109835102
TBBK,0.0006774184498081301,1.5035867420856872,0.001018557399975743,0.00020540753414373487,0.0010379212282714994
GSAT,0.0007581297529147335,1.4788234642807851,0.0011211400675797019,0.00020528509072514865,0.0010373025234905744
STC,0.0013934039378247255,0.6431393061067019,0.0008961528416989399,0.00020485401633187108,0.0010351243109648644
EXPE,0.000675870597130182,1.5446181275994468,0.0010439619762387417,0.00020405008870486767,0.0010310620765704977
ZBH,0.0021588706118264582,0.35089209725068815,0.0007575306366766622,0.00020392098781682173,0.001030409731694979
ALLE,0.0013684102942902218,0.6947738107663816,0.000950735634855963,0.0002033842164109472,0.0010276974337298202
LBRT,0.0005380178222063738,1.952446406507656,0.0010504509636039096,0.0002031664169592147,0.0010265968963254772
WST,0.001573880887193557,0.6108806313678258,0.0009614533500665539,0.00020165892832675977,0.001018979578589176
LULU,0.0007968943021751702,1.2263643976971428,0.0009772828009153376,0.00020111244296000018,0.0010162181961235134
AVB,0.0014151261912321803,0.6270652389996162,0.0008873764433196237,0.00019993487734984008,0.0010102679745332362
EMN,0.0007006343595593132,1.3039682604744562,0.0009136049670631924,0.0001998370982257815,0.0010097738980673206
UMH,0.001872202493437643,0.41786465270649215,0.0007823272447165494,0.00019955642667277593,0.00100835566886628
DECK,0.0006788374938503484,1.3319336431338782,0.0009041664962799661,0.00019921461670951415,0.0010066285081835767
GCMG,0.0017441108342431417,0.5550254579748591,0.0009680259145347133,0.00019845964186780717,0.0010028136314884002
SLDB,0.0005891103921360919,1.5875632490312976,0.000935250008177676,0.00019828429333093237,0.001001927597928203
BLMN,0.000548007543043097,1.5220579842439763,0.0008340992563146704,0.00019750294473781598,0.0009979794550577078
PINS,0.0007515722651052533,1.4369517385476747,0.0010799730729872076,0.00019607131304625483,0.000990745441320423
PCG,0.0016269888623152756,0.5429305642330555,0.0008833419810177297,0.00019563737500567178,0.0009885527588272848
LRN,0.0016266274191049008,0.5375582638231702,0.0008744070113011947,0.00019545351449321057,0.000987623714380498
MAA,0.001774094502835333,0.45799193029152613,0.0008125209658731396,0.00019532650243644527,0.0009869819243385084
ARVN,0.0008448366346258362,1.0524866578171335,0.0008891792859788211,0.0001947958405030459,0.0009843004974472952
J,0.0010400907820030715,0.937509987026825,0.0009750954955424197,0.0001944713131994834,0.0009826606657881239
FOXA,0.0011368891957561982,0.8484936961879478,0.0009646433158633199,0.0001939952439934995,0.00098025509514011
NX,0.000608481787204794,1.3533531764222237,0.0008234907595086795,0.00019387326137936022,0.0009796387187972315
HZO,0.0004801402338843535,1.7542811296141558,0.0008423009518718486,0.00019237811355112726,0.0009720837589619164
LIND,0.0006039812080997656,1.4755819728179531,0.0008912237825928228,0.00019211786668936885,0.0009707687354232906
NSSC,0.0008477836526410099,1.1307407578725455,0.0009586235298992504,0.0001919707381333474,0.0009700252970084528
SLVM,0.0008177314831059383,1.018489656645734,0.000832851057456974,0.0001917465649185662,0.0009688925530738098
CXW,0.0015791864866930047,0.5897395851105901,0.000931308783474583,0.00019150045957011473,0.0009676489863925107
CLFD,0.000755330750662411,1.3295269636670612,0.0010042325994925575,0.00019115439999187458,0.0009659003524682517
S,0.0007137258299527752,1.4390471535825482,0.0010270851240318831,0.00019113653440585996,0.0009658100779266806
UFPT,0.0008736591450784174,0.9128490537266026,0.000797518923864426,0.00018972391971275874,0.0009586721568010026
TROX,0.0003644878758124203,2.2734566665217453,0.0008286473911320969,0.00018910153189238938,0.0009555272403612436
SKWD,0.0013460639435668967,0.6397780575562324,0.0008611821751617112,0.00018882269625861996,0.0009541182880329162
XMTR,0.0005678352081176123,1.6743705933498128,0.0009507665743408009,0.00018839546673876992,0.0009519595035956993
ROL,0.0028045133546504165,0.28688939574366495,0.0008045851416706967,0.00018809619280065376,0.0009504472768181663
GGG,0.0010697558540530817,0.8122630987133072,0.0008689232048798564,0.00018788622749003043,0.0009493863252128368
ATKR,0.000655307218497574,1.4187681424348129,0.0009297290051119272,0.0001874877848654897,0.0009473730005313299
SFBS,0.0007277849097433161,1.1239328825234522,0.0008179813914648759,0.00018692578973048576,0.0009445332474364034
HNRG,0.0008472443084525074,1.4169314316722286,0.0012004870909517586,0.00018661535624646156,0.0009429646316386521
ZTS,0.0013420598619821767,0.642952413625986,0.0008628806274919981,0.00018644111572812546,0.000942084196879723
RGA,0.0009871774973062653,0.9100064962281305,0.0008983379354789292,0.00018637718565113804,0.0009417611591474077
SFL,0.0011830147757492168,0.7949205964109726,0.0009404028111015604,0.00018562736338868197,0.0009379723183588846
GEF,0.001022048170910675,0.7971609874251616,0.000814736929119234,0.00018502447099562352,0.0009349259120246317
HOMB,0.0009434520694677585,0.8624341745687931,0.000813665306776646,0.00018381058947541996,0.0009287921866786853
PRU,0.0008543877479547634,1.0573994570530107,0.0009034291408001115,0.00018371920528685847,0.0009283304237271377
ALKS,0.0012369937202123232,0.6249164978501036,0.0007730177834976559,0.00018347029639888005,0.000927072690802125
AXON,0.0009353134858756972,1.1747968986157766,0.0010988033824402802,0.00018321687008489643,0.0009257921313904037
RIG,0.0005501266398584379,1.7118618049590129,0.0009417407826641023,0.0001817191418894724,0.0009182241329978834
RWT,0.0008844368953894138,0.9830239247760217,0.0008694226281224214,0.00018010108715611867,0.0009100481263910476
NEM,0.0018221603384565449,0.5512581170789183,0.0010044806771934394,0.00017938193683244018,0.0009064142704549654
STNE,0.0009461596028139994,1.0157387410596157,0.0009610509638037577,0.00017905931223177244,0.0009047840531253452
FTAI,0.0005029312363163167,1.9749257106334792,0.0009932518292817762,0.00017864359652860275,0.0009026834478333129
REGN,0.0013394624002490546,0.5817961197586874,0.0007792940270275579,0.0001783770149170557,0.0009013364148978126
PTC,0.0009290015940937793,1.0164260970145729,0.0009442614644050566,0.00017786664596999876,0.0008987575281660811
UAL,0.0004198538300532803,2.205306480590282,0.00092590637231715,0.00017779948769669124,0.0008984181784055647
MMI,0.0009173646270541443,0.8550381048195008,0.0007843817121448237,0.00017712078421213632,0.0008949886997486209
PI,0.0004238442114494243,2.293114546526617,0.0009719233267357782,0.00017706064452197503,0.0008946848147848085
APPN,0.0009424722373534204,1.0416378870947565,0.0009817147899622847,0.0001769300390322135,0.0008940248671791017
LYTS,0.0007323322978259796,1.16113635638205,0.0008503376559585523,0.00017635721603971867,0.000891130401080617
SJM,0.0027253180714306583,0.22557062708066525,0.0006147517063668828,0.00017620839326851917,0.0008903784018215729
DNLI,0.0006082402878022471,1.3836231974639566,0.0008415753718353424,0.00017616778583096277,0.0008901732130409316
WELL,0.003025841915830562,0.30401963262887427,0.0009199153476438566,0.00017559498734794025,0.0008872788707884475
FISI,0.0008379728401492212,0.9389605957490018,0.0007868234772079959,0.00017396753784712607,0.0008790553925607555
CNM,0.0007109742410981721,1.0750407303881666,0.0007643262674373514,0.0001718988415038241,0.0008686023005721322
AXSM,0.0014873334380691191,0.5654655277699827,0.0008410357875276973,0.00017185922392969053,0.0008684021135567082
TR,0.0036232579062595474,0.12057907689560438,0.0004368890936914765,0.00017176129779364818,0.0008679072942414155
NVR,0.0012307169519530784,0.5305273591464144,0.0006529290143763913,0.00017085113200616757,0.0008633082399953745
EPAC,0.0007605630138583042,1.074590931794698,0.0008172941177505789,0.00016894071503270602,0.0008536549313186907
LVS,0.0007797788714919955,1.089974302265082,0.0008499389313755409,0.00016882690757620826,0.0008530798639263138
OXY,0.0007977380054549803,1.0040371113821,0.0008009585626367364,0.0001674695039423059,0.0008462209234651803
DIOD,0.00048376594849634005,1.7405301124719292,0.0008420092007464243,0.00016701393738147537,0.0008439189523795151
SCI,0.002176264680168467,0.301897723848378,0.0006570093534344785,0.00016654427559454095,0.0008415457583250748
BCO,0.0008821803937415892,0.8986216391157135,0.0007927463914198125,0.0001661849306698356,0.0008397299937418618
ZS,0.000781755728114179,1.2846186907595083,0.0010042580199437828,0.0001658729663665087,0.0008381536427368429
EVR,0.00045077179778013024,1.8656088469295085,0.0008409638538849303,0.00016568658596495468,0.0008372118653277859
BRK/B,0.0016555193035515954,0.48792865383298145,0.0008077753051764449,0.00016568601492325484,0.0008372089798625328
LMND,0.00038733555941672783,2.2102118350380513,0.0008560936375539361,0.0001653969336013507,0.0008357482562237827
IDXX,0.000864510911314529,1.0039620098341797,0.0008679361120469129,0.00016518373843039935,0.0008346709841820449
HBNC,0.000757088269951803,0.9522170724135884,0.0007209123759721744,0.00016361870596255746,0.0008267628982976656
ALL,0.0015755835385708578,0.49088996897518067,0.0007734381543668538,0.00016354887419037332,0.0008264100393869159
VMC,0.0011464285564723763,0.7061248427240583,0.0008095216841334259,0.00016334710036376338,0.0008253904792290033
CRGY,0.0004556177693844076,1.7801740843079288,0.0008110789454083088,0.00016201573155576903,0.0008186630923576488
TTWO,0.0016155987673011586,0.6088917409363438,0.0009837247460766135,0.0001613774443047236,0.0008154378363301288
EWTX,0.0006841689490978437,1.1165921267141274,0.0007639376619049309,0.00016125308348297532,0.0008148094429394194
NKE,0.0006853338680735332,1.0877826279920704,0.0007454942760649987,0.00016044098303583408,0.0008107059114059224
FRT,0.0009579091263048771,0.7596556023940308,0.0007276810343818711,0.0001596870573505261,0.0008068963360824938
AMG,0.0006644352377675341,1.2113294823487832,0.0008048499926192377,0.00015863288499260838,0.0008015696187685409
SBGI,0.0007713821333661771,0.9489848421541653,0.0007320299520730449,0.00015849267029728064,0.000800861115989405
HL,0.0010063465459623216,0.9257227610031334,0.0009315979030542071,0.00015782350203927395,0.0007974798186910079
ATEC,0.0009021314948288635,0.7336342320866935,0.0006618345464499942,0.0001577067793520841,0.0007968900206811139
AYI,0.0006645719710221463,1.2480124798100651,0.0008293941135676116,0.00015768273842053506,0.0007967685422100042
WBS,0.0005260608483110279,1.4089800032270299,0.0007412092157508862,0.00015656623925556617,0.000791126888462982
HII,0.001140917051197565,0.6371241059721291,0.0007269057562326065,0.00015614469028171069,0.0007889968077405557
DIS,0.0007264807055171032,1.1101861565710243,0.000806528822281039,0.00015575461297588812,0.0007870257528906548
HPE,0.0005091564945528268,1.6561043854455049,0.0008432163035069968,0.00015563145996918968,0.0007864034625715065
HEI,0.0011978295821184178,0.69794761159155,0.0008360222959332542,0.00015543448009008127,0.0007854081261593285
ALNT,0.0006092680034188143,1.2374424610019876,0.000753934097560345,0.00015540072066613084,0.0007852375402900299
PPL,0.0031981629548982504,0.20377229798294608,0.0006516970146435456,0.00015529388663589367,0.0007846977095172825
SD,0.0009220273922151102,0.8733738785490885,0.0008052746396674125,0.00015456550835885003,0.0007810172248694973
PHR,0.0007187472848548432,1.0553925996929971,0.0007585605654852361,0.00015443676811495812,0.0007803667023235485
CBZ,0.0009103959992718077,0.7340260933693752,0.0006682544187645935,0.0001541357222284494,0.0007788455219170276
BBIO,0.000831323010382427,1.0453755641397149,0.0008690447609608558,0.00015346947180860235,0.0007754789684116428
MTG,0.00097969430655888,0.7137067467859585,0.0006992144363788637,0.00015330758149639505,0.0007746609390613956
PRDO,0.00124761707477069,0.5511100861086117,0.0006875743535074492,0.0001531527207100489,0.0007738784298012289
SRPT,0.0004830138484381857,1.572152519807271,0.0007593714389239009,0.00015302913636754313,0.0007732539599486336
WABC,0.0009504360763833497,0.6584203370491744,0.0006257864417560199,0.00015237187534255007,0.0007699328297223274
CAL,0.00039933712608273306,1.6693744234047652,0.0006666431845984785,0.00015100442207290667,0.0007630231086006134
ADP,0.001263082438623893,0.5785670220707324,0.0007307778451444644,0.00015031540501249418,0.0007595415155975888
AMGN,0.001471729863489987,0.45001180861380435,0.0006622958176600764,0.00014880839696246366,0.0007519266262371616
NHC,0.001238851573235699,0.501784089142068,0.0006216360082582931,0.0001486808468877639,0.0007512821175985162
SAFE,0.0007836622033754421,0.72268498841157,0.0005663409103649668,0.0001471037087902119,0.0007433128621464767
AN,0.000697936362618846,0.99009012870168,0.0006910199030908756,0.0001470556243308191,0.0007430698920852188
WMT,0.001357800035500347,0.5797803593219472,0.0007872257924697438,0.00014664574384203012,0.0007409987720450419
ENVA,0.000493614100717777,1.411285139012226,0.0006966302447498829,0.0001452750481014437,0.0007340726667656687
SRE,0.0011470592352513858,0.6681615662145528,0.0007664208951664331,0.0001447716101552075,0.0007315288022784473
BJRI,0.0006029932498931837,1.0387437085766873,0.0006263554446407549,0.00014470168613393727,0.0007311754772344317
REG,0.0011950630170772828,0.5517095750883408,0.0006593277093554983,0.00014452453511816437,0.0007302803357750542
MOV,0.0005734334812534054,1.0663781537006658,0.0006114969370091518,0.00014446959914955605,0.0007300027451391901
CCOI,0.0006439612461496063,1.0424439347788277,0.0006712934952812728,0.00014364549314842742,0.000725838549719178
NYT,0.0018319738372598187,0.42839189884513373,0.0007848027507783398,0.0001431544333918585,0.0007233572320410441
OMC,0.0008557524613471872,0.7154555889516143,0.0006122528812299454,0.00014294330642227173,0.0007222904105901747
SNDX,0.0006330206382048014,1.0597576257692176,0.0006708484486068352,0.0001426571143282516,0.0007208442861771378
CHKP,0.0011476830639361073,0.6133075706981513,0.0007038827118740651,0.00014256948061093614,0.0007204014743012578
RUN,0.0004323081073623804,1.7678603300227311,0.0007642603533531601,0.00014244938880658185,0.000719794652192223
SLM,0.0006007885268992423,1.1615320495160513,0.0006978351289750063,0.00014195776532922703,0.0007173104860413059
ARCB,0.000362932635777887,1.7778244868218975,0.0006452305269527406,0.00014098103870778097,0.0007123751008868968
KE,0.0005733492653883348,1.2405905473211511,0.0007112916789542942,0.00014038706313549614,0.000709373751115969
CB,0.00228475116803724,0.24705331383061152,0.0005644553473419605,0.00013980566167255082,0.0007064359381333314
SHEN,0.0009538851660151642,0.5663062729284343,0.0005401911531677684,0.00013929270078492066,0.0007038439543642658
HR,0.0018071712576297216,0.3130780578516067,0.0005657856675439588,0.0001392534706720899,0.0007036457251850671
PCTY,0.00080134229673287,0.8699388535182959,0.000697118798895511,0.0001390321860173363,0.0007025275771014688
BGC,0.0006790450785703908,1.0560926057632205,0.0007171344864580949,0.00013847492212861907,0.0006997117309239669
RGNX,0.00035412972735546016,1.8767989274651473,0.0006646302924842527,0.00013708597021064084,0.0006926933774505775
KMI,0.0013352666503398435,0.5378709639713644,0.0007182011603771064,0.00013641881597732138,0.0006893222569891006
HUM,0.001297810804877358,0.3969536556040164,0.0005151707432784581,0.00013630341940697136,0.0006887391598279604
BFAM,0.0008640727067534559,0.7449595532465056,0.0006436992175955534,0.00013626734005984771,0.000688556851421222
CCEP,0.002957864669374274,0.1801603698263606,0.0005328899927307951,0.00013599433913804576,0.0006871773818060634
UTHR,0.001494517709505955,0.4155180392797715,0.0006209990683228095,0.00013513728371924012,0.0006828466934664574
APLS,0.0008269053711445134,0.862619886882119,0.0007133050177188968,0.0001348858314305841,0.0006815761087754845
HIFS,0.000547180494894497,1.0787656955863199,0.0005902795471861287,0.00013484850434634455,0.0006813874955715764
ALDX,0.0005400206017343925,0.9471065897996013,0.0005114570705301891,0.00013460538460898677,0.0006801590151389216
TNL,0.00046561420599984456,1.3893406498581709,0.0006468967435470203,0.0001331188966603265,0.0006726478135468484
ICHR,0.000252047070279196,2.8382476899134517,0.0007153720149693815,0.00013286656546449406,0.0006713727877509282
GSIT,0.0003977617051331648,1.935914650920355,0.000770032712542356,0.00013269529738758716,0.0006705073726945238
ACM,0.0008205124199135208,0.8269134548413376,0.0006784927598909158,0.00013261095430372745,0.0006700811883407667
BKU,0.0004966873082149823,1.2558673434775485,0.0006237733703069641,0.00013257289925614027,0.000669888896748843
AEE,0.0025406774064170804,0.22022345563224577,0.0005595167580879412,0.00013203705862700638,0.0006671813019847715
GSBC,0.0007036501471485159,0.7572649451089757,0.0005328495900563436,0.00013128649291729969,0.0006633887045683004
AMH,0.0011865177259263158,0.46443151218727835,0.0005510562216889696,0.0001311827266769851,0.0006628643752926028
URBN,0.0004448850819485809,1.3184887951128084,0.0005865759956620475,0.0001294617232410672,0.0006541681704162156
NBIX,0.000734654076842902,0.872615858590089,0.0006410707980309782,0.00012935240253762276,0.0006536157745205756
AGX,0.0005198384107015777,1.5884680571433074,0.0008257467102755998,0.00012928009006060528,0.0006532503806450382
MGEE,0.001649066984836773,0.28791515733294376,0.00047479138039184266,0.00012925491564842368,0.0006531231747130774
GPC,0.0008503511620010689,0.6645560466935839,0.0005651060065207257,0.00012897299487517203,0.0006516986332206322
OSIS,0.0004955660418009324,1.2536501582297988,0.000621266446717054,0.00012801540504147005,0.0006468599459713087
VCEL,0.0004644200062289631,1.2392360499857376,0.0005755260140535318,0.0001275359970296911,0.000644437504387055
LMAT,0.0008228624723588279,0.7149917162252848,0.0005883398513292194,0.0001271149877976864,0.000642310150972208
ATR,0.0009692027155788774,0.6038692591992127,0.0005852717258704819,0.00012558878108993128,0.0006345982510785999
WTS,0.0006010198183181444,0.9614844960969029,0.0005778712371598732,0.0001234929860069206,0.0006240082295595173
INVH,0.001218353136183253,0.4013430649292354,0.0004889775818419328,0.0001223345952773809,0.0006181548983570658
ALK,0.0003318048671240191,1.8412325468830755,0.0006109299205629582,0.00012186852398756703,0.0006157998470314062
FNB,0.00047816579494250707,1.182763268046397,0.000565556938294203,0.0001208948370677244,0.000610879821444186
MCB,0.0005217582503624812,0.9793237006427443,0.0005109702205858686,0.00012083799156963518,0.0006105925819841321
WHR,0.0005076494066516712,1.0533508416505457,0.000534732929759938,0.0001208344882540983,0.0006105748797826027
PRIM,0.0005117456958781312,1.3262985752652667,0.000678727587341298,0.00012069219363605882,0.0006098558671848047
COUR,0.0006560049207481469,0.9985192258293132,0.0006550335256056595,0.00012005687705508641,0.0006066456219091728
HRB,0.002184674379747203,0.2061487973718794,0.0004503679960340425,0.00011912476785575968,0.00060193568792802
MAGN,0.0003096710036391976,1.7621224417160466,0.0005456782250613615,0.0001174781004966375,0.0005936151021468835
PG,0.0027468888168703308,0.1381181184386523,0.0003793951149463058,0.00011734408669541668,0.0005929379323938446
BA,0.000513263058920719,1.2615781763195026,0.0006475214738453701,0.00011721850754563787,0.0005923033828096385
ES,0.0012149730847566156,0.41805814419195186,0.0005079293930565217,0.00011696334250311303,0.0005910140376283462
NPK,0.000769175597111983,0.6544209264214453,0.0005033646068427923,0.00011633423095128272,0.0005878351462730828
MUSA,0.0022359371275095276,0.19252328723325937,0.0004304699658350257,0.00011513913739305496,0.0005817963562207806
HAYW,0.0004821305892217515,1.1022172396788745,0.0005314126472167483,0.00011369250175519223,0.0005744865277650185
AJG,0.001341445704018803,0.337820264032665,0.00045316754191711625,0.00011362251230792119,0.0005741328721243896
HOV,0.0003185001707563953,1.438341103977539,0.00045811188722278827,0.00011327347504763828,0.0005723691920168632
RGR,0.0010297136278923514,0.43593865693142264,0.0004488919759673744,0.00011326146226543033,0.0005723084916062565
EHC,0.0011357333430817725,0.49185907146392716,0.0005586207475588225,0.00011308129368557961,0.0005713981024402791
SNPS,0.00043730531830329174,1.3921854313455877,0.0006088100931917877,0.00011284998742916803,0.0005702293153519068
USFD,0.0007255528535300098,0.8009500291225267,0.0005811315791647936,0.0001128421275374728,0.0005701895994355632
AAPL,0.0005158126371516122,1.289202939678759,0.0006649871681393115,0.00011274390131577744,0.0005696932637919097
AVPT,0.000533141360966736,1.1361221687574494,0.0006057137192758263,0.0001119429416719371,0.0005656460265725147
ATI,0.0003845642933304933,1.622904810905533,0.0006241112417485441,0.00011176421250321363,0.0005647429107296479
MATV,0.00028817440039652505,1.8014963795467531,0.0005191451389923963,0.00011155690908910441,0.0005636954096479858
PSA,0.000951528263475569,0.46278803764901016,0.00044035589782142893,0.00011046099259527827,0.0005581577598334514
NUS,0.0005086852483604821,1.0240701040177478,0.0005209293552008127,0.00011026644551336308,0.0005571747163094648
ATO,0.002553696615031582,0.1712960745727354,0.00043743820580459186,0.00011009277960358509,0.0005562971850390707
TPH,0.0005888203376534446,0.6690381882198322,0.0003939432918906504,0.00011006773402352907,0.0005561706300939326
JAZZ,0.0007036801666793664,0.7966200221073243,0.0005605657099366025,0.00010907689521341148,0.0005511639362591452
CCL,0.00029475042375525504,1.8601228566907038,0.0005482720002464204,0.0001087585145004529,0.0005495551632312742
ANGO,0.0004846627064279889,1.05976959504564,0.0005136308001249138,0.00010867147768202924,0.0005491153674766555
OGE,0.0016987621355317312,0.28685157008672674,0.00048729258578115796,0.00010843011109965518,0.0005478957457101721
AIT,0.0004092322887551664,1.2810035967588023,0.0005242280338052049,0.00010818951078350558,0.0005466799958755737
SLP,0.0006311217517734848,0.7460716727296258,0.0004708620610416955,0.00010795324821994178,0.0005454861646405563
CVLG,0.0003865870858790789,1.3061174965124824,0.0005049281567924386,0.00010782530615515413,0.0005448396752818014
EPRT,0.0010212902281250395,0.46225536670186085,0.00047209688891096727,0.00010757716883737158,0.0005435858410895627
IESC,0.0003166889923950804,1.9376275491521702,0.0006136253161779499,0.00010673354621865941,0.0005393230284899107
ORI,0.0009785722342513844,0.45573193563115444,0.00044596661847028687,0.00010644538267597191,0.0005378669423759516
SITE,0.0004337922944581221,1.1182941155211963,0.000485107370250956,0.0001058407912526551,0.000534811950866963
SVRA,0.000712828870547765,0.7522296540032776,0.0005362110146556924,0.00010553515123170244,0.0005332675563671286
IRWD,0.0004372338624177773,1.0416990311645347,0.00045546609087292607,0.00010473393829344128,0.0005292190392547761
OFIX,0.00048751859132601684,0.954593933286596,0.000465382289644243,0.00010423629451974962,0.00052670445263562
MOG/A,0.0004429432145334962,1.1775714325249458,0.0005215972756654135,0.00010418815097622246,0.000526461184023106
KTB,0.0003578110486151967,1.3130086400763443,0.00046980899834653017,0.00010414049448839826,0.0005262203764958466
WK,0.0005643189606986599,0.9031865741799026,0.0005096853088581857,0.00010398813584205684,0.0005254505105120711
MLKN,0.00037731823672949107,1.1872374230297347,0.00044796633103684437,0.00010348087829770189,0.0005228873456521179
AFG,0.0008993606988471388,0.5155853590369666,0.00046369720881883923,0.00010269801757847867,0.000518931562030797
WGO,0.0003234291493855748,1.365344537979541,0.00044159222253696356,0.00010211834470927795,0.0005160024836067532
EXLS,0.0006139245900633637,0.7866446605405579,0.0004829405007478959,0.00010208291504824153,0.0005158234580541927
INTC,0.0003457871184060747,1.5601834605565774,0.0005394913430106765,0.00010124214689691769,0.0005115750690359839
SCL,0.0004391269732794001,1.0024211089723203,0.00044019014753439467,0.00010114769053102896,0.0005110977824178957
GLNG,0.0005457321028992997,1.0610242379924724,0.000579034988626759,0.00010102334704096831,0.0005104694766039473
IRT,0.0007120626001965245,0.6012917869088921,0.00042815739326316024,0.00010050102608103229,0.000507830196528128
EXPO,0.00071289327486563,0.5937037171401934,0.00042324738721197014,0.000100443632216293,0.0005075401861795116
BL,0.0005139994440566831,0.9411335707466809,0.00048374213214687504,0.00010015089395742503,0.0005060609840924368
KFY,0.0005551887252217242,0.8107070237340993,0.0004500953990352327,9.992283415404156e-05,0.0005049086012831408
HRL,0.002027762829253818,0.08083274459101235,0.00016390963486822248,9.938350948537614e-05,0.0005021834017189095
LKQ,0.0005890375930948348,0.6478084678104987,0.0003815835406655489,9.906326916834145e-05,0.0005005652321391796
SGRY,0.0006151454514757386,0.7085509909820681,0.0004358619192412463,9.86390858917984e-05,0.000498421840324283
CLF,0.00025338579360799764,2.089404062041512,0.0005294253064281624,9.834699477778036e-05,0.0004969459082505516
OEC,0.00034734289570290507,1.263681553734814,0.00043893081012059656,9.834158808021807e-05,0.000496918588287834
WVE,0.0004635362097502318,1.038817868764103,0.000481529697507726,9.82131967185779e-05,0.0004962698286387368
FSK,0.0006174347932814734,0.7953149055153628,0.0004910550942805526,9.792634613014838e-05,0.0004948203768632005
KMB,0.0029237576469674058,0.06921197796853219,0.00020235904984723562,9.668937499444105e-05,0.0004885699800320338
BPOP,0.0004734881879105836,0.9478142015345118,0.0004487788287604927,9.655156301086341e-05,0.0004878736181197909
MMSI,0.0005157196236164266,0.8937120042623039,0.0004609048184596376,9.644857951775408e-05,0.00048735324405413014
CHDN,0.0006651879422457728,0.6527313727947425,0.0004341890387085931,9.638421348539209e-05,0.00048702800344576296
FRSH,0.000372622698568402,1.3069056855603414,0.0004869827233278818,9.593517257257427e-05,0.0004847590063628716
MRSH,0.0011791649556015518,0.35593741844651566,0.0004197089302194166,9.481729874384306e-05,0.0004791104064602149
CPRI,0.00021508510318332048,2.1987173732388725,0.00047291135309404224,9.4388506810891e-05,0.00047694372717273036
TALO,0.0003021165584796594,1.5426654336141985,0.00046606477168905313,9.428709438732894e-05,0.0004764312916982269
TLRY,0.0002817106648578892,1.6278330376648402,0.0004585779273181995,9.394940769119822e-05,0.0004747249658232778
ANIP,0.0008041913315366098,0.6140606209035128,0.0004938222283685933,9.368872562071396e-05,0.00047340774318140505
CHEF,0.0006784105046397273,0.7525180735757346,0.0005105161660450295,9.348421180952855e-05,0.0004723743379220074
EGBN,0.0003951916101983012,0.9413211211551902,0.00037200220958298976,9.292007448911558e-05,0.0004695237603959314
XNCR,0.00031551896942756853,1.4367399678355557,0.00045331871398687247,9.192199192957887e-05,0.0004644804640025975
ESTC,0.0003648435434531013,1.440945197412389,0.0005257195517456646,9.15872850532503e-05,0.00046278919511298227
GHM,0.0003108535179551171,1.5691692727342401,0.00048778178869651116,9.141646510778362e-05,0.00046192604445810916
DK,0.0003232358692741927,1.3873610178988998,0.0004484448446176797,9.037001744585981e-05,0.000456638359918623
PLOW,0.0005607600009270881,0.7137497491225498,0.00040024230997967,9.008301786211703e-05,0.00045518815527197516
SMPL,0.000831585933119071,0.46372296147709474,0.00038562549162866883,8.968210584883631e-05,0.00045316235280573293
BFH,0.00028937457721046173,1.514509822011001,0.00043826063942552506,8.938058349051545e-05,0.0004516387647942011
HCA,0.0012788541763020177,0.3121530777318164,0.00039919826710286177,8.832661051786824e-05,0.0004463130549710674
SAM,0.0007790011843169418,0.42726041476554316,0.0003328363691141059,8.801257370669143e-05,0.0004447262316145735
MGPI,0.0005502169670821381,0.6255317886945118,0.0003441782035889591,8.743828464067956e-05,0.0004418243574683173
SYF,0.0002716862234452159,1.6247757057766539,0.0004414291754479943,8.737342111692374e-05,0.00044149660304330414
NGVT,0.00027084245300761865,1.4912055301198799,0.00040388176371619465,8.735460784283568e-05,0.0004414015398479316
TNC,0.000427710015150428,0.8946893687951687,0.00038266760348230845,8.73482650127014e-05,0.0004413694896211903
BCC,0.0003359325861948596,1.043837315140998,0.00035065896884201416,8.65679560590703e-05,0.00043742660003361897
PKE,0.0004925859149966997,0.8061625029303914,0.00039710429414199647,8.582144289409857e-05,0.0004336544800656818
VRE,0.0006511469278999718,0.5335185266964592,0.0003473989496361185,8.538429918568634e-05,0.00043144559938047345
TYL,0.0006623759113827456,0.6484063454767033,0.00042948874403148676,8.429518411543277e-05,0.00042594231705853303
HOPE,0.0003748399800685381,0.977890244375713,0.00036655235971101013,8.363218872002092e-05,0.00042259221114341754
BV,0.0004195438297078531,0.919464675618867,0.0003857557312902283,8.348096425230773e-05,0.00042182807614745505
AMAT,0.0002900603925327112,1.6845851734219064,0.0004886314366575436,8.344337858861907e-05,0.0004216381563454198
BKE,0.0004332832384316188,0.8812234237829297,0.0003818193388384666,8.330612520797291e-05,0.0004209446170455177
LEA,0.00034835328461039084,1.0444526701650974,0.0003638385182721048,8.295278768195962e-05,0.00041915920775893566
CENX,0.0002459764092686767,1.8632345035801785,0.0004583117328161576,8.251392691716523e-05,0.00041694165081325506
WH,0.0003519659034538856,1.1122357242896506,0.00039146905155329367,8.242345029278444e-05,0.00041648447377007293
SIBN,0.00043392164035614916,0.8549789173630683,0.0003709938542921071,8.195780863127267e-05,0.00041413159334986163
ASB,0.0003092088237481164,1.2134199946287036,0.00037520016925158715,8.166504264331143e-05,0.00041265225114808915
OMCL,0.0003993269180990881,0.9529671653749863,0.0003805454411988173,8.126971931179902e-05,0.0004106546882080627
VTR,0.001634218330942855,0.23799325215232198,0.00038893293530802963,8.08930560454066e-05,0.00040875141430076183
PLUS,0.0003745826314282267,1.0045165511014276,0.0003762744530247795,8.022289522528551e-05,0.000405365101600699
SFIX,0.00020608307192203053,1.9778637072502234,0.0004076042286332217,8.015521583968554e-05,0.0004050231186674858
USNA,0.00039391467203366617,0.8712135545003256,0.0003431838015922803,8.014831505219027e-05,0.0004049882490904618
SHOO,0.00024105508662723086,1.4784250991993797,0.00035638189035937885,8.014366679284287e-05,0.00040496476150481267
PLD,0.0004208697930570985,0.8703972709832825,0.0003663239193161974,7.980873529483375e-05,0.0004032723576051719
OPY,0.0003859995895571989,0.9877581309886847,0.0003812742331434182,7.853493493061946e-05,0.00039683586322774157
TRGP,0.00037522694323802516,1.0373862373856646,0.0003892552668114193,7.794349730166822e-05,0.0003938473376468956
VREX,0.0002024020192934425,1.9767034863143018,0.0004000887771744024,7.789664657655914e-05,0.00039361060162670366
NDAQ,0.00046524463669722616,0.9147155395129071,0.0004255664988619897,7.757553488165094e-05,0.0003919880289874827
MAR,0.0003409150895803878,1.120409354621325,0.0003819644554974335,7.729200695064257e-05,0.00039055536655069225
NWPX,0.00039862176133414296,0.9681261857219452,0.0003859161653461874,7.717487738136274e-05,0.00038996351257162274
TTD,0.0002629632327894828,1.5583834399627696,0.0004097975472982048,7.55258293028346e-05,0.00038163089705058246
DXPE,0.00024280159203953218,1.55344694834126,0.00037717939220621087,7.443375258398483e-05,0.0003761126495621428
ROG,0.0002612169288505429,1.2444955296762565,0.00032508330023026143,7.258291824879569e-05,0.000366760411074326
IVT,0.000558378787268549,0.5690613883464013,0.00031775180790622035,7.130386153672666e-05,0.00036029735644902376
QNST,0.0002806104859890004,1.2174547965057259,0.0003416305821171113,7.113631644025283e-05,0.0003594507535576162
AEO,0.00019035847901047626,1.7492736632512376,0.0003329890739095896,7.083547045438587e-05,0.0003579305832460779
ABEO,0.0004455111268402779,0.7487544743129692,0.0003335784495778708,7.071316022276572e-05,0.00035731255145692004
MTUS,0.0002475946433075451,1.270486625725863,0.00031456568292360156,6.980792241864695e-05,0.0003527383982378308
EG,0.0006006968565197994,0.4846888048329687,0.00029115104145350287,6.880845844763456e-05,0.0003476881215927668
EXPD,0.00040646297024475884,0.7812342171896546,0.00031754278037574604,6.826423178133109e-05,0.0003449381523070612
NBN,0.00030954367247478464,0.9366957649170595,0.0002899482470640041,6.802943874360114e-05,0.00034375174656432083
GRBK,0.0003303995904281642,0.7621657778974708,0.0002518192608556875,6.760964604658287e-05,0.0003416305402827454
ALNY,0.0004903926088265719,0.8924505652122635,0.0004376511609231906,6.723743309825265e-05,0.00033974975376671075
HLIO,0.0002105633022175564,1.4502759852886598,0.00030537490058920046,6.68336927445108e-05,0.00033770965973800164
FRME,0.00033377420207404316,0.8339056667207122,0.0002783361985147287,6.642971903924611e-05,0.00033566838658750307
MPC,0.00031001229951343106,1.046781282201597,0.00032451507238293487,6.561978329633216e-05,0.0003315757932724108
MIDD,0.0002265885269632323,1.3074397586701687,0.00029625084901023746,6.561019928800177e-05,0.00033152736542024113
ADM,0.000675798402509009,0.3793777727199774,0.0002563828927515866,6.558441277292275e-05,0.0003313970665414039
BC,0.00018317152126215517,1.596342559550617,0.0002924044950884091,6.547262851442662e-05,0.00033083222233856887
SAH,0.00029798178784116953,0.9657624265462057,0.00028777961449206454,6.545902100293486e-05,0.0003307634637845065
TRN,0.0002864290366666051,1.0399030108539686,0.0002978584176256044,6.536269693106249e-05,0.00033027673967574075
CYTK,0.0004820843846642008,0.6409127475588611,0.0003089740275303558,6.516786737366937e-05,0.00032929226880734717
CDNA,0.00024896869163238116,1.3278867312663127,0.00033060222211937323,6.476049500257868e-05,0.0003272338222487587
APPF,0.0003749064662778044,0.8362902462165924,0.00031353062099165763,6.454621687347781e-05,0.0003261510780355281
PFS,0.00028384413343967755,1.0077352029172826,0.0002860397254087137,6.41390514721662e-05,0.0003240936772921684
ENSG,0.0005856379315943534,0.49822736759921066,0.0002917808450245013,6.367943902536916e-05,0.0003217712624046276
BWA,0.0003037488956538267,0.9542069916507292,0.00028983931993906923,6.366605738938457e-05,0.00032170364519615806
BKD,0.0003881384307619582,0.8825459645901805,0.00034255000577133144,6.316553694003122e-05,0.0003191745227774823
CAAP,0.0004052773666706311,0.8853933595661713,0.0003588298892326411,6.314882544194574e-05,0.0003190900798251269
HAS,0.00026450571284446,1.1577683383742845,0.0003062363396504361,6.312231528665584e-05,0.00031895612440302
U,0.0001794039694037339,2.007301648586473,0.0003601178835470722,6.296823360032738e-05,0.0003181775519237054
VAC,0.00016668341146863314,1.80109322595083,0.00030021236327453004,6.246097730935246e-05,0.00031561439339706284
ETSY,0.00027813209501247315,1.0259788303113788,0.0002853576415129505,6.195896782983675e-05,0.00031307774693102683
IMKTA,0.0006792060557861597,0.3408840681381314,0.00023153052340044072,6.184502583081676e-05,0.00031250199969727746
WM,0.0011865491557706963,0.20968406436246015,0.00024880044954784543,6.177800712227107e-05,0.00031216335515543584
ODC,0.00053351220626731,0.4779238005222752,0.0002549781812442968,6.164982364428772e-05,0.00031151564593937816
PB,0.00034388426966531696,0.7806149874677829,0.00026844121485515907,6.159269988227762e-05,0.0003112270004158526
MOS,0.000402056882146233,0.7025491870634483,0.00028246473570510064,6.118019127781427e-05,0.0003091426005460914
APOG,0.000305960871688779,0.815448957560146,0.0002494954738728084,6.099385421920145e-05,0.00030820104214827437
ALGT,0.00013928135537179983,2.063990745803104,0.00028747542855030834,6.075105100708913e-05,0.0003069741611129978
JNJ,0.002402176961794117,0.06967735079908872,0.00016737732684841782,6.049821360834717e-05,0.00030569657748127184
MCW,0.00025945437272711566,0.9868698210852331,0.00025604769039299003,6.02849504928412e-05,0.0003046189621167055
LNT,0.001052148089632401,0.24030613500812922,0.000252837640875749,6.0200257755506344e-05,0.0003041910109691164
GPI,0.0002878749438236783,0.9307084527289011,0.00026792764354555495,6.0097899215477785e-05,0.00030367379478211823
PII,0.00016892171335614338,1.5184546262171785,0.00025649995711416807,5.990474890047328e-05,0.0003026978091006475
LQDT,0.0003730749391069868,0.7808353721879464,0.0002913101089315995,5.945141750801112e-05,0.00030040713228764843
LGIH,0.00019484952170973127,1.0729981352269058,0.00020907317344439616,5.936703796058731e-05,0.000299980763684042
UNFI,0.00028928290683101883,1.0870793345107024,0.00031447346984318547,5.9330739463328815e-05,0.00029979734791491745
LQDA,0.0002772801313248451,1.1675449794737174,0.000323737025236136,5.892563691445328e-05,0.0002977503707343697
APG,0.00029062109289752335,1.1234693930001556,0.0003265039028306224,5.853520064255811e-05,0.00029577750203421964
IMAX,0.0004766324483465805,0.6681407189531271,0.0003184575467146735,5.842898535741811e-05,0.00029524079777128555
LNN,0.00031548209980242995,0.825376830736166,0.00026039161568892043,5.6407959795590645e-05,0.00028502858553552496
DVA,0.0004214900623791017,0.5196046909949542,0.00021900821361993712,5.59924278063183e-05,0.00028292890854709547
ACA,0.00023523908794553742,1.126340308711414,0.00026495926693756813,5.592135662465787e-05,0.00028256978691861576
CSGP,0.0003097652931723388,0.8763874692276047,0.000271474421337853,5.543455222234616e-05,0.00028010997148252866
EBC,0.00023676266308343536,1.0215181135897722,0.00024185734896148167,5.531311709474155e-05,0.0002794963615810024
GIC,0.00034951383832991625,0.7038556039131706,0.00024600727375371346,5.530196950028166e-05,0.0002794400329512746
COKE,0.0007240317296513424,0.37263857840744186,0.00026980215445915746,5.513940465014031e-05,0.0002786185951708356
T,0.0019223205367182071,0.11706876863862781,0.0002250436981623466,5.492007768436394e-05,0.0002775103392606489
AFL,0.0005327576885288186,0.48072095827966066,0.00025610778656043066,5.4890307208307294e-05,0.00027735990948598774
RDWR,0.00033588732184632877,0.8793822398479308,0.00029537334542174744,5.4824896678912235e-05,0.0002770293910495798
CGNX,0.00018940322664623055,1.477258607585201,0.0002797975468675548,5.4579677963820304e-05,0.00027579030451351693
ASH,0.0002082436722498225,1.1731293370691094,0.00024429676117527116,5.4418924747084205e-05,0.00027497802088984725
HUBG,0.00021025518229016895,1.1938253637229812,0.00025100796947220263,5.433230316828517e-05,0.0002745403233349026
CELC,0.00031598141794979826,1.1037799989732942,0.00034877396918020834,5.409553760911961e-05,0.000273343950470558
MWA,0.0002490606978007597,0.9723877375532288,0.0002421835684479092,5.392638575360338e-05,0.0002724892286495027
PM,0.004139447506786142,0.09545673383111568,0.00039513813886316013,5.321089774124707e-05,0.0002688738783182985
HLX,0.00017047453571033974,1.4124641178213537,0.00024078916469310989,5.3110177224902097e-05,0.000268364939040717
MOH,0.0007200337594252518,0.14506918500567614,0.00010445471065639435,5.254531383233746e-05,0.0002655106926828106
BRSL,0.0002603234616504638,0.9236241694521194,0.0002404410410558103,5.170392369489608e-05,0.0002612591607779604
IP,0.00021229167502733059,1.1270990988471667,0.00023927375561605987,5.1637361797154045e-05,0.00026092282449434505
DE,0.00031558787331717177,0.782282922365696,0.0002468790038017322,5.146794738981554e-05,0.00026006677600281977
PCRX,0.0007869596507239,0.24318162515705777,0.00019137412679606853,5.146258555618985e-05,0.0002600396827369094
DTM,0.0004307781186558108,0.6612556698696659,0.0002848544734169426,5.142366088297532e-05,0.0002598429969395684
AZO,0.0016418946674860478,0.14189791876145225,0.00023298143614179686,5.137839092059136e-05,0.000259614248490018
ORLY,0.0013826023464992953,0.15658806363484848,0.00021649902421532247,5.122168984065135e-05,0.00025882244025357326
LGND,0.0003057539585466079,0.8851295386333731,0.00027063186026368653,5.057702193343017e-05,0.0002555649428648845
RNR,0.000607278991237159,0.37063401778971533,0.00022507825244151358,5.031688561479336e-05,0.00025425047789901515
IBOC,0.0002483417065316642,0.8696473992112166,0.00021596971920093697,4.940703893142726e-05,0.00024965303608133927
PENN,0.00014503986698770344,1.6540135358263774,0.00023989790323211883,4.834325160360588e-05,0.0002442777344668454
JPM,0.00026911193114865606,0.9970449456136787,0.00026831669075610384,4.829514331094556e-05,0.00024403464397643963
OHI,0.0014693162126202606,0.137045452073542,0.00020136310459752815,4.781674558190446e-05,0.00024161730733589956
DORM,0.0002660778094835649,0.7331858285355861,0.00019508447920114138,4.761106709144448e-05,0.00024057801696937453
ALX,0.0004193970227851702,0.42437357876476306,0.00017798101548262954,4.740254208369426e-05,0.00023952434319313425
PAX,0.00024087852880484597,1.0040563070902182,0.0002418556060891184,4.691278648045416e-05,0.00023704961538245856
LDOS,0.00039830074711162504,0.5366912778083214,0.0002137645369193471,4.6750186550497534e-05,0.00023622800034423243
HCSG,0.0002870338596975666,0.7875656888888228,0.00022605801944713177,4.664502696527392e-05,0.00023569663051734263
BXMT,0.00028777447577412043,0.7357487532751913,0.00021172971177523084,4.646334373507841e-05,0.00023477858784560254
EXR,0.00032337502020914185,0.5838181312929246,0.00018879220000531292,4.588475487940532e-05,0.00023185498692586125
ANDE,0.00025728027368410904,0.7901635101317509,0.00020329348414189314,4.563145745958205e-05,0.00023057507881442364
DBX,0.0002893606083907371,0.8503826705058529,0.00024606724690251334,4.5068180267805684e-05,0.00022772884750561122
GPRE,0.00012952843289252403,1.7212762501069505,0.00022295421525147355,4.504226287311161e-05,0.00022759788729401721
QTWO,0.00016700462716451244,1.329503893367673,0.00022203330202563593,4.479850692243751e-05,0.00022636619208489644
APH,0.00021577689554862526,1.3038178413959662,0.00028133376617733147,4.469153150541775e-05,0.0002258256468868303
PGR,0.0007068222780661749,0.30378094555667196,0.00021471913997146353,4.367010446524523e-05,0.00022066439117853805
IRTC,0.0002749785668018512,0.7814710918470964,0.0002148878008331924,4.295827940364281e-05,0.00021706754968325078
UNH,0.0005877223078337442,0.2999503871589643,0.0001762875337766916,4.280584628595308e-05,0.00021629730739685505
AFRM,9.516594226338487e-05,2.5090817416740934,0.00023877912816226994,4.275414615876109e-05,0.00021603606741975006
SOC,0.0001001134564418144,2.4063504459678944,0.00024090806055614744,4.251846342760631e-05,0.00021484516606930896
OTIS,0.0004371303051100111,0.44881004704953004,0.0001961884728031995,4.199189855798277e-05,0.0002121844415806841
CARG,0.00017298502810911878,1.200774533263061,0.0002077160163892246,4.146569928010822e-05,0.00020952556442175303
ADMA,0.00018043215512481106,1.1660321325670067,0.00021038969062384442,4.1404397791995624e-05,0.00020921580891009698
VHC,0.0003395239831776189,0.6055109578064063,0.0002055854922521262,4.067574364349944e-05,0.00020553393028794738
NNN,0.0005526968355299823,0.27723135469185495,0.00015322489244787836,4.048627480839606e-05,0.0002045765470699002
RAMP,0.00018756800579712042,1.0953222444647142,0.00020544740909947246,4.0032828681511275e-05,0.00020228529050556269
ASTH,0.00030604448313376536,0.539268201705969,0.00016504005806157842,3.991501722287371e-05,0.00020168999094966617
SANM,0.00016270505131638682,1.3693640069152209,0.0002228024410159541,3.9907077773021356e-05,0.0002016498730271328
MAS,0.00016688602651242739,1.0408597337696022,0.00017370494512559194,3.973828002412962e-05,0.00020079694050160733
AD,0.00042751968998167993,0.5321281265392952,0.00022749525168861163,3.9594308189988314e-05,0.00020006945295568371
WASH,0.00018650362202877603,0.9211783637626392,0.0001718031013762736,3.933914721068668e-05,0.00019878012830579824
CXM,0.0001798703130776176,1.1140337765839698,0.00020038160417319934,3.833158208848575e-05,0.00019368891666374363
HLF,0.00015815551418453487,0.9061908960167461,0.00014331908710887284,3.822107378285296e-05,0.00019313051983183227
HRTG,0.00035191150564630407,0.38224451834084217,0.00013451624397437206,3.7525820374248064e-05,0.00018961741465374184
TFX,0.00019836200829260385,0.8521883263016448,0.00016904178784870705,3.699993853129107e-05,0.0001869601414887485
EZPW,0.00052305808933253,0.3298983774178255,0.0001725560149660697,3.6619556831359935e-05,0.00018503807839184057
MFA,0.00020800996315058356,0.8290498883648927,0.00017245063672877674,3.643361230245897e-05,0.0001840985034408448
PGC,0.00015508183658281965,1.0397246676985006,0.00016124241100714534,3.619146162017036e-05,0.00018287491962910447
BRZE,0.0001268190191282433,1.4150242068128052,0.00017945198195072046,3.6171147686709396e-05,0.00018277227362414308
NAT,0.0004939374654628448,0.3910057789944758,0.0001931324034578566,3.597571916624538e-05,0.00018178477620422198
TRST,0.0002014021741585374,0.7464464551104707,0.0001503359389521819,3.5806165410324505e-05,0.00018092802358637354
SYY,0.0003941826316043453,0.35700690892182435,0.00014072592285973754,3.4760111003057894e-05,0.00017564232615684673
SAFT,0.0004904774962695139,0.251634826542005,0.00012342121969653602,3.464101450487974e-05,0.00017504053331518103
NBR,7.810558096566305e-05,2.24233121169475,0.00017513858200685761,3.41613096548895e-05,0.00017261659181184132
EXC,0.0034881970887361913,0.007066760658158287,2.4650253954583185e-05,3.406214584873268e-05,0.00017211551856778816
TNDM,0.00011928411688476213,1.2678062780941035,0.00015122915226341229,3.395650667161816e-05,0.0001715817253701756
SBRA,0.00093610339576801,0.12294834502259872,0.00011509236327971157,3.331528139238252e-05,0.00016834162352971792
PNC,0.0001634600391593881,0.9659924671382318,0.00015790116650608928,3.310499276788385e-05,0.00016727903822416406
CNC,0.000548398401364238,0.147543463040935,8.091259926339229e-05,3.2904500685740984e-05,0.00016626595470206298
ASTE,0.00012956832461808376,1.1416068572126281,0.0001479160878615562,3.223484652666182e-05,0.00016288220215274218
ETR,0.0003322916267651927,0.49300775005153424,0.00016382234727247184,3.186149660699154e-05,0.00016099567053736293
GCO,7.42178166682654e-05,1.9678128214696287,0.00014604677122129496,3.1800676359383465e-05,0.00016068834672684987
O,0.0005737996255088797,0.21239069508144404,0.00012186970129930324,3.150383275432207e-05,0.00015918840038625328
CYD,0.00028739060186284173,0.5928788689853817,0.00017038781498946972,3.093217117812133e-05,0.00015629980290710383
VCYT,0.00012070779481429283,1.237912686603161,0.00014942571057250433,3.080409076841913e-05,0.0001556526144935445
LFST,0.00020962665256034783,0.697829607271553,0.0001462836846298378,3.070194030809713e-05,0.00015513644973022222
BH,0.00016874743889852117,0.8800054884361472,0.00014849867239024204,3.069626265391311e-05,0.00015510776062770733
ITRN,0.0001687452898493328,0.9507905147980132,0.0001604414210055871,3.0523945219090666e-05,0.00015423704318129493
LXP,0.00020964310621819654,0.651468609982581,0.0001365759030003991,3.036933212097457e-05,0.00015345578548608678
LH,0.00022428659307240916,0.627126577530819,0.00014065608349954746,2.999284715881054e-05,0.00015155341254741161
PRG,0.00011829790478064595,1.1044356735130472,0.00013065242614159503,2.9464903892985174e-05,0.00014888572304319074
GNW,0.0001438886482005901,0.9594765605085341,0.00013805778527172468,2.8596446057617416e-05,0.0001444974184615479
VLO,0.00013402881052419118,1.0430521465853677,0.00013979903852154112,2.8402704715477874e-05,0.00014351844632871596
TEX,8.153626936380197e-05,1.69450055521846,0.00013816325370740435,2.8376051795898653e-05,0.00014338376952076923
BFS,0.0002484648739132746,0.45278170221055514,0.00011250034854998343,2.816510582348566e-05,0.00014231786264593858
HHH,0.000142038316849374,0.8922740940522916,0.00012673711048748754,2.786438030645838e-05,0.0001407983010616633
ABUS,0.00015626555973890756,0.8753111525361921,0.00013678098719677634,2.7700829944222497e-05,0.00013997188350320443
MNST,0.00045775714785146413,0.312361236975189,0.00014298558893711784,2.71856600563704e-05,0.0001373687376887292
LTH,0.0001212616450848169,1.1065258305452843,0.00013417914254076451,2.5578078695433353e-05,0.00012924565287762108
EVTC,0.0001485353626504302,0.7301306451398022,0.00010845022015803309,2.533684884613915e-05,0.0001280267220213654
TDS,0.00018245602219799082,0.7948613709070477,0.0001450272439345417,2.523565933291004e-05,0.00012751541290947346
ATRC,0.00011681445642056275,1.0103403732119844,0.00011802236149650645,2.4685731484460313e-05,0.00012473663563480815
KBR,0.00013368865633233906,0.8618178504507028,0.00011521527042997919,2.4334967331583505e-05,0.0001229642295645773
PRVA,0.0001964848809843198,0.5704011827706255,0.0001120752085100016,2.388820040713162e-05,0.00012070672291122495
SXT,0.00019233694741955094,0.5464191924385727,0.00010509659948509125,2.3855203482712543e-05,0.000120539989940767
EXE,0.00024610414337981244,0.5370101909234816,0.00013216043302345296,2.3767900486976866e-05,0.00012009884919613224
ADEA,8.467744054159054e-05,1.4389717492999514,0.00012184844474237517,2.331471328016337e-05,0.00011780890095108077
DHT,0.0002856317394177071,0.4225767382042851,0.00012070132877075099,2.3204012632306795e-05,0.0001172495322167609
PTCT,0.00011514410793887552,0.9711987897648228,0.00011182781827878602,2.3201557035033046e-05,0.00011723712412010012
KRG,0.00014182052414568665,0.7104661245618108,0.0001007586781731107,2.3166203670533463e-05,0.00011705848409281046
HWM,0.0001117935387807918,1.2068851070187205,0.0001349219570154574,2.305888850421286e-05,0.00011651622214655829
HGV,7.694898955557871e-05,1.437041482575759,0.00011057889003365542,2.3016582004519544e-05,0.00011630244803009951
HRMY,0.00016138123701632979,0.5960359068384161,9.618901195173349e-05,2.286578675951398e-05,0.0001155404818901226
BILL,7.103044093292612e-05,1.7501066748199394,0.00012431084879211744,2.2582608493429297e-05,0.00011410958630501355
WMG,0.00019771494301353275,0.5847797595322973,0.00011561969683139556,2.2298451564717706e-05,0.00011267374555214314
ENPH,8.220368345237577e-05,1.2077077996438947,9.927802966489198e-05,2.1677560653094564e-05,0.00010953639297011198
INSW,0.0001742593471200554,0.6482248066914257,0.00011295923160107195,2.1591256006394835e-05,0.00010910029686837192
VRTS,8.880442087677245e-05,1.114220337469482,9.89476917980993e-05,2.1419040496786195e-05,0.0001082300944485555
GO,0.00042228104679600874,0.14690374332106965,6.203466650787347e-05,2.104123631506916e-05,0.00010632105551301453
THG,0.0002140158840543022,0.43359962490626563,9.279720704992827e-05,2.0909490305746957e-05,0.00010565534487885695
FMBH,0.00010376348217274485,0.8611473758486929,8.935565038198186e-05,2.0671090153433325e-05,0.00010445071243954082
OSK,7.050802050678247e-05,1.357567873657445,9.571942347518821e-05,2.064691714312731e-05,0.00010432856657642813
AMT,0.0008464153798858677,0.030074495412752773,2.5455515459660923e-05,2.0256923680594685e-05,0.0001023579353854297
DG,0.0008582505295553458,-0.055430421081898114,-4.757318824701486e-05,2.0079547607274683e-05,0.00010146165671359946
FTI,8.04536858351433e-05,1.3225930574805949,0.0001064074863342854,1.948348160804356e-05,9.844974404626794e-05
IPI,0.00010542107067487595,0.908231811872973,9.574677002863133e-05,1.947314178782279e-05,9.839749708780858e-05
SGHC,0.00010029471530929888,1.0477771144062604,0.00010508650739697458,1.9458374009390504e-05,9.83228757220774e-05
CMS,0.0005665310038913994,0.11525201373892673,6.529383904401951e-05,1.940408645944245e-05,9.804856153610159e-05
MCY,0.00013999994369417253,0.6491631843072654,9.08828092513469e-05,1.8987701956458146e-05,9.59445768085099e-05
SPNT,0.00013638369833017232,0.6027988018248577,8.221192994187072e-05,1.8694290094015156e-05,9.44619710125455e-05
HLMN,7.450538631278874e-05,1.0611809914949666,7.906369971912067e-05,1.860196009235802e-05,9.399542888143153e-05
TOST,6.205157910819868e-05,1.5257737742019475,9.467667205110702e-05,1.8578572055648224e-05,9.387724947827632e-05
TK,0.0001888629422487083,0.493613568273778,9.322531083806936e-05,1.7888415869779665e-05,9.038990049119091e-05
UPS,0.00010486245220146509,0.8050513380757904,8.441965745869809e-05,1.778565421141462e-05,8.987064735320802e-05
SEB,0.00020478880704831405,0.40371708044066046,8.267673928847109e-05,1.674826253056476e-05,8.462872255198395e-05
IART,5.042448426327289e-05,1.4280876209685291,7.201058177010243e-05,1.6406537723141603e-05,8.290199216047215e-05
KLAC,5.4661455622228826e-05,1.8008298169683006,9.843597912339922e-05,1.6324374979173067e-05,8.248682503189786e-05
OSBC,7.901194246087257e-05,0.8669476205525762,6.849921551169055e-05,1.6097563169128433e-05,8.134074831446217e-05
BBSI,0.00010948062459177166,0.6811122829588331,7.456859815546056e-05,1.6016383397468792e-05,8.093054813040849e-05
HST,7.018606607524465e-05,1.0773767205184905,7.561683369424117e-05,1.584073484336398e-05,8.00429985875908e-05
M,4.988090913418088e-05,1.5070753540283996,7.517428879265408e-05,1.555659591459252e-05,7.860724878815135e-05
ATRO,8.291853780178362e-05,1.056415609926702,8.759643768610153e-05,1.5415366051941807e-05,7.78936163835655e-05
AGM,9.209548823545224e-05,0.7424841609656918,6.83794413112255e-05,1.522483167423273e-05,7.693084899451068e-05
TVTX,6.597876502664613e-05,1.2761596019747579,8.41994345151908e-05,1.4363356099439911e-05,7.25778256721569e-05
BCRX,8.643529561991812e-05,0.8240031077390567,7.12229522091566e-05,1.4343439663003388e-05,7.24771882137737e-05
NXRT,7.85419722664834e-05,0.7383624449355987,5.799244267274466e-05,1.367098528095831e-05,6.907928617927294e-05
VTOL,6.022602898043636e-05,1.0889427651531804,6.558269853215194e-05,1.3426248949684772e-05,6.784263712150108e-05
RPRX,0.00019929852363423814,0.3657369379182824,7.28908317656207e-05,1.337363657921787e-05,6.757678759263681e-05
ROP,0.00011218943393596816,0.603666501387308,6.772500307674843e-05,1.3354945136297225e-05,6.748234000834914e-05
TBPH,0.00013190313224571078,0.5022055965666854,6.624249121847157e-05,1.3236827467469214e-05,6.688549317689481e-05
AGIO,6.210268618421043e-05,0.9570877462776831,5.943771995783617e-05,1.2950234704042285e-05,6.543734418727863e-05
ORN,4.833735455460949e-05,1.3435285467408549,6.494261571805193e-05,1.2756780300580668e-05,6.445982195133714e-05
HIW,7.985732468536111e-05,0.6882923785184756,5.496518794980937e-05,1.2613518617572558e-05,6.373592278857338e-05
ECPG,3.7441809484973955e-05,1.5528199387714061,5.8140388311947906e-05,1.1641597762912785e-05,5.882482110256968e-05
GTY,0.00018509209965871724,0.22223595995807435,4.113412044831059e-05,1.1598716988082939e-05,5.860814518235011e-05
DLTR,6.55457987729698e-05,0.6917206029937749,4.53393794509473e-05,1.1317714624241247e-05,5.7188244399053264e-05
SR,0.00021561813453983185,0.18950449769960467,4.086060628089662e-05,1.1219277707186903e-05,5.669084411487084e-05
RDN,7.733219188898605e-05,0.6335676608389572,4.899517592265427e-05,1.1218720089422737e-05,5.6688026480565926e-05
KDP,0.00021081742728408523,0.18530516831062926,3.906555884569126e-05,1.07711492590463e-05,5.442645770248139e-05
BTU,4.7359671489459805e-05,1.041150465769791,4.9308544029955365e-05,1.032269295745154e-05,5.2160414651443066e-05
REZI,3.136685843501227e-05,1.6119469829545787,5.05617128190814e-05,1.0196904805806183e-05,5.152480898390026e-05
SENEA,0.00027728228037403357,0.12818041721440457,3.554215838450512e-05,9.958116653252005e-06,5.031821598511431e-05
AEP,0.0006113306205351725,0.08757999765899735,5.3540334315343806e-05,9.92168320330261e-06,5.01341183020411e-05
SWBI,6.812942600194173e-05,0.6611281571874225,4.50422818629006e-05,9.885494858876642e-06,4.995125913354814e-05
BXC,3.223332014572758e-05,1.2309265592440195,3.9676849859991386e-05,9.879163297913406e-06,4.9919265849761185e-05
CTVA,6.942503403140098e-05,0.6610850877896529,4.589585471744836e-05,9.694126260523293e-06,4.898427643993129e-05
YOU,6.0024824250172e-05,0.7320979990763076,4.3944053728457946e-05,9.659796909637712e-06,4.8810810738269185e-05
BANC,3.676566488407225e-05,1.2011182954976867,4.4159912738396015e-05,9.539668081932408e-06,4.820380155078994e-05
SCHL,6.106120322127998e-05,0.5963597338199229,3.641444289976675e-05,9.23988390273958e-06,4.6688996532652416e-05
WMK,0.00012901346698075263,0.224123180431012,2.891490853815763e-05,9.109298537875316e-06,4.602915061775352e-05
HMN,9.058114729328573e-05,0.41071546786246954,3.720307829008111e-05,8.73410742608746e-06,4.41333154858693e-05
MET,3.7611584370857886e-05,1.1357263455883533,4.271646726930245e-05,8.615273840606452e-06,4.3532851138168953e-05
CWK,2.9478776348490365e-05,1.3278485048271682,3.914334909847742e-05,8.581668019084501e-06,4.336304141966696e-05
BJ,0.001433442403149376,-0.017978719535866595,-2.5771458937041244e-05,8.454979219661112e-06,4.272288479223891e-05
CNO,4.010058627775289e-05,0.9820259760361039,3.937981737903028e-05,8.163178470383343e-06,4.124841992724037e-05
ROKU,2.4934343208460914e-05,1.8684401826225374,4.658832877798974e-05,8.037247497881062e-06,4.061209258802247e-05
CTO,7.005222060547935e-05,0.4883111655520555,3.420728149337134e-05,7.69038971781185e-06,3.885942536174127e-05
ANF,2.36038131296901e-05,1.431512472891787,3.3789152902958305e-05,7.319793832465776e-06,3.6986809841019414e-05
BKH,0.00011419738461359628,0.26616937813524083,3.039584684727184e-05,7.293535952034253e-06,3.6854129160036104e-05
PEGA,2.8461000084419506e-05,1.423215512081997,4.0506136809512864e-05,7.124221096472762e-06,3.599858370216589e-05
GTM,2.048950506675658e-05,1.7470886256705673,3.579698124774988e-05,6.807263555930883e-06,3.439700194344161e-05
CENTA,4.428418062749184e-05,0.5903181923083245,2.6141757455876304e-05,6.669421302076581e-06,3.370048707593896e-05
FIX,2.3010272606967685e-05,1.745481555102893,4.0164006413351455e-05,6.591175230696508e-06,3.3305110835954523e-05
CNXC,2.6588439505660852e-05,1.0246103511379734,2.724279033810593e-05,6.28687549069557e-06,3.176748875592185e-05
PD,2.27799213970856e-05,1.382897330637205,3.1502292492155026e-05,6.0407260000224946e-06,3.052369902463076e-05
WSBC,2.938797902028028e-05,0.879098301584995,2.583492244374386e-05,6.027772339904791e-06,3.0458244371878973e-05
CVI,3.252868009355889e-05,0.9053067991683208,2.9448435256670075e-05,5.964763136547135e-06,3.0139859800378183e-05
PTGX,0.0005438571917979912,-0.12370618974513707,-6.72785009628197e-05,5.919653012781652e-06,2.9911919012999926e-05
BKNG,3.3591317759437683e-05,0.9878273856700933,3.3182423603518706e-05,5.896628983057008e-06,2.9795578931750326e-05
RBCAA,3.5109553853258184e-05,0.6314042448664301,2.2168321338313745e-05,5.640116353140221e-06,2.849942441132226e-05
RPD,2.3535312186809712e-05,1.1732307971675004,2.7612353078516747e-05,5.633125455209924e-06,2.8464099507604475e-05
PGNY,4.2480994042846354e-05,0.5948767992351401,2.5270957764535494e-05,5.370919096997422e-06,2.7139174662413166e-05
ACIC,5.246601383446984e-05,0.4261616958687242,2.2359005431169614e-05,5.34158666432819e-06,2.6990958314501915e-05
KBH,2.743623941048635e-05,0.6914833977127548,1.897170404802369e-05,5.22810726230063e-06,2.6417548576504956e-05
VICI,6.241967093950004e-05,0.34549560658930917,2.1565722074347642e-05,5.182822859385811e-06,2.61887271591659e-05
LXU,1.9340771117767338e-05,1.263648335574131,2.4439933231686923e-05,4.913496409822612e-06,2.482782459781667e-05
TTMI,1.4508768333214545e-05,1.880408687119104,2.728241401317519e-05,4.590795211169592e-06,2.3197220219711175e-05
BATRK,4.0760478694167295e-05,0.5109351582553167,2.082596163216683e-05,4.340644543025621e-06,2.193321259791068e-05
CUZ,2.457840693663145e-05,0.8000617452486596,1.966424314915312e-05,4.328015052504022e-06,2.186939596932758e-05
MRK,3.924909269463483e-05,0.4187143144147043,1.6434156939033203e-05,4.223540211624278e-06,2.13414861454674e-05
PLNT,3.851848312836451e-05,0.49426755097240344,1.9038436323028566e-05,4.1628003208784685e-06,2.103456837698938e-05
SHBI,1.9491943296614157e-05,0.944217998857635,1.8404643693375513e-05,4.102659686365617e-06,2.0730678641382473e-05
CNOB,1.734108084795714e-05,0.9653010021851505,1.6739362721506744e-05,3.9181371767890705e-06,1.9798289132975194e-05
MYRG,1.5112919786304704e-05,1.3969846923116647,2.1112517597601746e-05,3.7100455402805967e-06,1.8746805175201926e-05
CHCT,3.179733179163005e-05,0.4230573346982676,1.34520944382835e-05,3.6252560841021426e-06,1.8318365308728325e-05
NTGR,1.3059704760145806e-05,1.5006755727045005,1.9598379920283497e-05,3.534223616138887e-06,1.785837959615513e-05
CCS,1.6072470248927222e-05,0.7681068190689507,1.2345373997483835e-05,3.4803515633649144e-06,1.758616491124712e-05
ASC,3.4880680114693125e-05,0.4558838677196275,1.59015393593774e-05,3.341147091576835e-06,1.6882766776697365e-05
NJR,7.808973172789856e-05,0.08948727567265718,6.9880373503383024e-06,3.0403005362532952e-06,1.5362593587703448e-05
HAE,1.924997378955726e-05,0.700643369321367,1.3487366495263401e-05,3.039301845205907e-06,1.5357547216630013e-05
XHR,1.0401062282941133e-05,1.312121145485074,1.364745375695432e-05,2.887383398048385e-06,1.4589905552812085e-05
KN,9.441847609254299e-06,1.489167488929444,1.4060492495127699e-05,2.780629106839539e-06,1.405047770019396e-05
APTV,1.0342610831328022e-05,1.296547570127915,1.3409686942137002e-05,2.752583637038662e-06,1.3908764356598648e-05
ADT,1.858927547969721e-05,0.6950036886961373,1.2919615028578218e-05,2.6949386443714246e-06,1.3617485062281167e-05
CFFN,1.4178352020497384e-05,0.8193390221407029,1.1616877080040986e-05,2.662378612969362e-06,1.3452959705768493e-05
LNC,8.662750120670603e-06,1.4809421442745097,1.282903173902019e-05,2.524965648494406e-06,1.2758614031142591e-05
ALHC,0.0001995732661414182,0.094129968709965,1.8785825297237214e-05,2.518687580022062e-06,1.2726891044119985e-05
HAFC,1.3382868031852102e-05,0.8030989929043388,1.0747767838552095e-05,2.4480979360277535e-06,1.237020261833638e-05
FDX,1.0456241807164897e-05,1.124691132876483,1.1760042443730733e-05,2.4326852872544492e-06,1.2292322732321531e-05
REX,1.5667173003551603e-05,0.7162017532171578,1.1220856773100182e-05,2.4189068943354924e-06,1.2222700716937988e-05
AAT,1.4069287774185864e-05,0.7231767498111479,1.0174581804693452e-05,2.2982125067006103e-06,1.1612833763509619e-05
RYTM,1.6524039209640678e-05,0.6791060912388048,1.1221575679135831e-05,2.219427588388902e-06,1.1214734737959089e-05
ONTO,5.427692356463615e-06,2.3240741155199935,1.2614359312662807e-05,2.191280339245205e-06,1.1072507104851693e-05
CVCO,9.912892328237669e-06,0.9098358989364153,9.019105302522013e-06,2.1760698130498736e-06,1.099564854123023e-05
UE,1.3309733201659218e-05,0.7262940165743554,9.66677958656613e-06,2.1734543950379016e-06,1.098243287274589e-05
EIX,1.547557183684793e-05,0.6280706199352079,9.719751997420924e-06,2.1415022373077886e-06,1.082097909289594e-05
ACAD,1.0294818663689394e-05,0.8988501994709396,9.253499809374363e-06,1.974340847891752e-06,9.976315067569315e-06
MCRI,1.290859973908613e-05,0.715638777942308,9.237894542225993e-06,1.9329523978481396e-06,9.767179842395638e-06
NOMD,3.556609249021982e-05,0.14349667914833794,5.103616162629185e-06,1.8517063554305755e-06,9.356644793183527e-06
POR,2.9022237711528722e-05,0.23955013706892284,6.952281021843567e-06,1.7941529119829208e-06,9.065828095716902e-06
KMT,7.3905801589223946e-06,1.057408768820851,7.81486426671794e-06,1.770813138546889e-06,8.94789256616932e-06
KODK,5.0634285190290866e-06,1.7732747878624515,8.97885013293799e-06,1.7220333022570286e-06,8.70140877574795e-06
KALU,6.587910287053388e-06,1.2569271712868557,8.280523441797594e-06,1.7217570994019803e-06,8.700013126811514e-06
MITK,8.344220736276803e-06,1.0301476585078255,8.595779453547992e-06,1.711276877821013e-06,8.647056722358192e-06
OIS,4.436846365034957e-06,1.8950655763766147,8.408114814049459e-06,1.6747079473745897e-06,8.46227445833974e-06
TMHC,8.59586096468152e-06,0.748837059096039,6.43689924519055e-06,1.6745805431071893e-06,8.46163068646322e-06
MTRN,6.500605163774463e-06,1.1553468618787341,7.51045377627952e-06,1.636043224447024e-06,8.266902185949408e-06
Z,6.349432984927648e-06,1.1516806469666914,7.312519087953125e-06,1.540809038179065e-06,7.785685253003273e-06
OCFC,7.17748850033468e-06,0.966663780835453,6.9382181706365075e-06,1.5388222810134155e-06,7.77564619846594e-06
MCK,5.024000182200581e-05,0.15134168298233003,7.603406428777686e-06,1.5371306666694162e-06,7.76709849623581e-06
WNC,4.6260970091888105e-06,1.2224862324747376,5.655339903825881e-06,1.3656932008226939e-06,6.90082752002678e-06
IIIN,6.676827197223616e-06,0.8819915883634196,5.8889054249073364e-06,1.354485035797042e-06,6.844192828127144e-06
OSCR,5.589542623465314e-06,1.084025727693579,6.059208009876263e-06,1.297933273372803e-06,6.5584376100385455e-06
MSBI,6.752043918817767e-06,0.7416774933240936,5.007839008522951e-06,1.247552302103134e-06,6.30386330827445e-06
UHT,1.3874530191486724e-05,0.30824492637425643,4.276753537352223e-06,1.2414814284493671e-06,6.2731872736018875e-06
HUN,3.560571558463103e-06,1.5452788639765163,5.502075972968958e-06,1.231120976855488e-06,6.220836065119721e-06
DRH,4.993718735980221e-06,1.1369138237689087,5.677427862949715e-06,1.1963678949532196e-06,6.045229256905074e-06
UVSP,6.009144477501254e-06,0.8637715709520798,5.190528165409273e-06,1.194030278402646e-06,6.033417315091385e-06
CACI,1.2503033862561955e-05,0.41013860406886876,5.127976855016957e-06,1.155717564795336e-06,5.83982374058361e-06
GVA,7.297768097098183e-06,0.826554450167125,6.0320026969441746e-06,1.151664678522296e-06,5.8193445662626975e-06
KRNY,5.179275701841506e-06,0.8542072800795667,4.424175010052221e-06,1.0651630355955351e-06,5.382253045504647e-06
DAN,3.105376077244216e-06,1.6428251196579027,5.101589825681518e-06,1.0228733578218657e-06,5.168563929956731e-06
ARDX,6.352253611987428e-06,0.6998388499247762,4.445553862243787e-06,9.956268776468484e-07,5.030887869109128e-06
THC,5.084650379764579e-06,1.005586081426377,5.1130536508106025e-06,9.849414499515983e-07,4.976894561199109e-06
DLX,4.255117393040517e-06,0.9520161868442798,4.050940635097205e-06,9.412644084146663e-07,4.756195117100065e-06
CSIQ,2.4403460901137915e-06,2.1490775315811392,5.2444929515454315e-06,9.332961632215472e-07,4.715931692136191e-06
SAIC,8.200771702950817e-06,0.4169885626285719,3.419628004858527e-06,8.718994410459478e-07,4.405694964170067e-06
DTE,1.4439461496888505e-05,0.2777891303854159,4.0111254524543536e-06,8.717429336473739e-07,4.404904134602698e-06
OUT,3.103227028055812e-06,1.300833087756744,4.036780396916026e-06,8.675586637924092e-07,4.3837610809879e-06
IDT,6.205178058156009e-06,0.65411282590218,4.058886554846629e-06,8.604536891205587e-07,4.347859749184342e-06
GBX,3.3860956274795286e-06,1.1040829632003737,3.7385304940674265e-06,8.537213115978488e-07,4.313841145257823e-06
HCC,5.39747135225168e-06,0.6786763564650063,3.6631361914704207e-06,8.084163933002115e-07,4.084916063993184e-06
AORT,5.4760459632027125e-06,0.7301107584024911,3.998120071240832e-06,7.984232722520929e-07,4.034420971319168e-06
UVE,7.975323011529778e-06,0.4834912611153151,3.855998980646525e-06,7.865441335895384e-07,3.97439585956831e-06
DGICA,9.905303498291117e-06,0.29371251017971545,2.9093115545750007e-06,7.571533380182261e-07,3.825884604777106e-06
PLAB,2.0894802312132203e-06,1.8012236815054927,3.7636212744988246e-06,7.563887647295922e-07,3.822021227271746e-06
KSS,1.4078958495533683e-06,2.154497298134366,3.03330780391732e-06,6.560418243203784e-07,3.3149696233615544e-06
NTRA,3.1045701837985647e-06,1.199309604464078,3.7233408391624266e-06,6.528982532200829e-07,3.2990852051430176e-06
QURE,3.2042323399108144e-06,0.9983741051240577,3.1990225949680246e-06,6.519169188043131e-07,3.2941265368721242e-06
XERS,3.3611129306643284e-06,0.9193554877833512,3.0900576178658326e-06,6.100735051342813e-07,3.0826923872314333e-06
COHR,1.4249539274863275e-06,2.5162906276814425,3.585598212611708e-06,5.980485199299524e-07,3.021930315064742e-06
VTRS,3.1647435610738853e-06,0.8879264471544326,2.810059506339202e-06,5.921627723150524e-07,2.9921897195251536e-06
MDGL,3.2860976824315904e-06,0.8312115050875607,2.7314422004787074e-06,5.336939498829836e-07,2.6967476256055814e-06
OPLN,2.824387895860354e-06,0.9309089253293847,2.6292479008486845e-06,5.27103846283979e-07,2.6634479297086967e-06
WTFC,1.981020404985941e-06,1.2476651112531318,2.4716500439815085e-06,5.260443208676426e-07,2.6580941634698247e-06
TEN,3.6493541530590557e-06,0.7714989446008296,2.8154728775597157e-06,5.19029645220498e-07,2.6226491113009212e-06
AXS,4.157604286116673e-06,0.5172060886883146,2.150338251136177e-06,5.019456031174577e-07,2.536323699541576e-06
SPB,2.139311309269345e-06,0.9519207610793101,2.03645484970525e-06,4.905488502193458e-07,2.478736075915085e-06
DAVE,1.0993058176559381e-06,2.3328250758806104,2.56448817748921e-06,4.83186140049673e-07,2.4415324104576806e-06
RCUS,1.836899793788577e-06,1.3935969227878582,2.5598979000934123e-06,4.7553373868544387e-07,2.4028649396840463e-06
UFCS,3.137746130644556e-06,0.6078379175094542,1.9072410737243345e-06,4.547607983328954e-07,2.297899579696615e-06
AMRC,1.2628350293360778e-06,1.6774576997619042,2.118352343488854e-06,4.3713019766085317e-07,2.208812415581761e-06
ACMR,1.1709631765317939e-06,1.915063364428996,2.2424686804714416e-06,4.259386481984164e-07,2.1522616818770013e-06
UGI,4.040548263135776e-06,0.46435370278841026,1.8762435472823773e-06,4.191194229128602e-07,2.1178042374908974e-06
CPS,1.2640438695045554e-06,1.4884212994821318,1.8814298188503926e-06,4.0826662564509667e-07,2.062965213609444e-06
PARR,2.027627909259459e-06,0.9344719135156813,1.894761332263487e-06,4.0819211318097287e-07,2.062588703231637e-06
TTI,1.2249580373904522e-06,1.6028580826272831,1.96343389111054e-06,4.080400581829727e-07,2.061820371578433e-06
SITC,2.1372294178680783e-06,0.8638621960570533,1.8462716983972557e-06,4.0177882926988643e-07,2.030182474599386e-06
CRAI,2.53775846035693e-06,0.6774531572161484,1.719212481220794e-06,3.6754287405832443e-07,1.85718869989506e-06
MCS,1.722798713441736e-06,0.9377559115575307,1.6155646779536963e-06,3.517907286366723e-07,1.7775933423435118e-06
HURN,2.269933205252044e-06,0.7629046234285455,1.7317425371607619e-06,3.4017486037001e-07,1.718898532004483e-06
CMRE,1.91574303588816e-06,0.9145674374216995,1.7520761990907014e-06,3.346273632665599e-07,1.690867111290302e-06
ARQT,1.3630344477454286e-06,1.1909103209110563,1.623251791577333e-06,3.059974169074708e-07,1.5462004163015036e-06
LAUR,2.073160888938775e-06,0.7157221011752157,1.483807067505538e-06,3.011267169244387e-07,1.5215888414145128e-06
TAP,3.87151211291035e-06,0.2663972332855548,1.0313601155108297e-06,2.967874160973737e-07,1.4996624185934527e-06
HCI,4.262370434051382e-06,0.315225355151769,1.3436072338622467e-06,2.926392698163738e-07,1.478701896862967e-06
AXGN,2.106403993571904e-06,0.6934155543197009,1.4606132928238937e-06,2.9196533537156504e-07,1.4752965160932388e-06
MMS,2.5369525669112784e-06,0.442163622043295,1.1217481359375255e-06,2.726411419623565e-07,1.3776516529568807e-06
SB,1.5722309546791597e-06,0.8464756724285989,1.3308552545750997e-06,2.5902194095324045e-07,1.3088340319363847e-06
CVNA,5.387531999755309e-07,2.4998727217319248,1.3468144283646144e-06,2.255446749084252e-07,1.1396739023566577e-06
OGS,4.2744588357361565e-06,0.1695250550675068,7.24627869511963e-07,2.1375091332189875e-07,1.0800801997066708e-06
RIGL,9.364481838471745e-07,0.941738834528787,8.818896212528374e-07,1.8998263093025086e-07,9.599794207518913e-07
FBRX,9.8285421475928e-07,0.8995666027466713,8.841428269662528e-07,1.6514516806053696e-07,8.344760886742957e-07
SO,8.397006756966984e-06,0.03201835098269157,2.688583095486016e-07,1.433135321090696e-07,7.241611555031145e-07
ZYME,9.078389665265424e-07,0.7440012857621591,6.754333583607373e-07,1.2473692118894326e-07,6.30293815613589e-07
INSM,1.0535042068280714e-06,0.5831476798645894,6.143485339393743e-07,1.1258358477638543e-07,5.688831866923932e-07
NEXA,9.315456653861271e-07,0.6261151564196341,5.832548599952671e-07,9.524034980515625e-08,4.812480772083215e-07
NWN,1.8761199414769557e-06,0.10525300080271358,1.9746725370626096e-07,8.159329720235265e-08,4.122897224973596e-07
UVV,1.5201836696474932e-06,0.16482968987458516,2.505714028204051e-07,7.157308813808563e-08,3.616577544788756e-07
VZ,2.6908782150307365e-06,0.07472666604851112,2.0108035775181556e-07,6.361271365786828e-08,3.214341001107415e-07
TMUS,1.3244187201412888e-06,0.24576280217635857,3.2549285591674955e-07,6.032663233433502e-08,3.0482957984453247e-07
COR,0.0002243571087489037,-0.02726642636932144,-6.117416586135826e-06,9.208877499832892e-09,4.653232163792012e-08
MO,0.002484544778878257,-0.023928701182534786,-5.945192958840478e-05,-1.2129287073343834e-05,-6.128910796627972e-05
AWK,0.001456043080412591,-0.22375199729322523,-0.0003257925473872974,-2.629120237109037e-05,-0.0001328490562504958
KR,0.0014384714468813906,-0.23424908378828874,-0.0003369606184875798,-4.7008075461223724e-05,-0.0002375311091912099
