ticker,weight,beta,beta_contribution,component_contribution,percentage_contribution
DD,0.006147370530481108,1.3947410642501528,0.008573990116023247,0.0017464257852504073,0.008903145590259768
CG,0.0040639589240190335,1.7908199919130805,0.007277818887446857,0.001422634091225045,0.0072524802043205045
DELL,0.0041341293709196095,1.8339985129667733,0.0075819871186788255,0.0013147026529210814,0.0067022539553141395
FLS,0.00463986884957743,1.5345787438590774,0.007120244110855396,0.0013017469989429348,0.006636207018445345
VFC,0.002374116870651154,2.5555831062400376,0.006067252966875553,0.0012885635024552605,0.006568998557822661
WCC,0.003627843575769856,1.6293278318303273,0.005910946507528681,0.0011886278218623486,0.006059534072417792
EQH,0.004262722217315481,1.3738468023383075,0.005856327287515333,0.0011637231766147096,0.005932572088469697
LSCC,0.0027532987256590545,2.175970953132061,0.005991098052329621,0.0011175027535666928,0.00569694389337815
OMF,0.0035384204728790506,1.535327126438523,0.005432632936756633,0.0010932921112704987,0.005573519883599338
LITE,0.002773455390512175,2.382244461858199,0.006607048744258397,0.001088243078298671,0.005547780298202779
QCOM,0.003788875952227568,1.5201572122169924,0.005759687104974262,0.0010603684716604435,0.005405677677371527
HPQ,0.0038985855810159745,1.2626757491723308,0.004922649469221792,0.0010283044745199052,0.005242217862955792
ITT,0.00443173031092639,1.2366208683294566,0.005480370185299765,0.0010225346887308205,0.005212803934612157
IRM,0.005047536265517168,1.0457217133093393,0.005278318271567637,0.0010218639111079608,0.005209384361398428
CFG,0.003610749560372144,1.2951190540297575,0.004676350554967534,0.0009751394205121072,0.004971186468353713
MRVL,0.0026144010965011982,2.322927571300558,0.006073064389501044,0.0009708652271792594,0.004949396956400415
ALB,0.0028244607452581312,1.7297113282031542,0.004885501747138113,0.000943770763642282,0.004811271445658997
MCHP,0.002152387730198258,2.296166489817274,0.004942240579175103,0.0009419834182404283,0.0048021596949810235
TGLS,0.0036107213522610098,1.1911208570001655,0.00430080551149393,0.00092224306599181,0.004701524883266273
PNFP,0.003403499686053829,1.2724801973883213,0.004330885952320866,0.0009162407384206372,0.004670925474635279
BAC,0.0044558503062815885,1.0151191431893092,0.004523218945092387,0.0008705774779159816,0.004438137651738691
NUE,0.003562895920134871,1.2152862121071897,0.004329938286912868,0.0008598983350444607,0.0043836961950404875
ESI,0.0028015096745546966,1.5294099388096247,0.004284656739935271,0.0008570124556988372,0.004368984202016217
USB,0.003847442245904592,1.0566714662843126,0.004065482439424214,0.0008452953327966089,0.00430925120220681
NTRS,0.0037530836765342426,1.1398037258187892,0.004277778757823409,0.0008225003742355789,0.004193044240246678
TRMB,0.0030929819977422402,1.4038028326033811,0.004341936889621822,0.000818372633556363,0.004172001332763136
NWSA,0.00482475027715973,0.8249517077139467,0.003980185980436257,0.0007994213878501125,0.004075389326078099
FICO,0.003996322370934575,1.0073336300995945,0.004025629920961744,0.0007974929845950989,0.004065558473212138
MRNA,0.002501235247112376,1.3663637333561778,0.0034175971302465276,0.000784441142864117,0.003999021178508087
ARMK,0.004413635459151836,0.890831108047997,0.003931803766596161,0.0007814911437104014,0.003983982307587553
GLOB,0.0023295581626052975,1.656374418488226,0.0038586205469198502,0.0007734823305878016,0.003943153988492697
HBAN,0.0030695808638569874,1.177338179655347,0.003613934746558273,0.0007724612361070563,0.0039379485266286636
AROC,0.0030981227300257807,1.2667205584960257,0.003924455754867489,0.0007621330298417655,0.003885296118010605
COP,0.0036371330701728457,1.027738575422889,0.0037380219601629186,0.0007492870646700051,0.003819808366319404
MTZ,0.0027108494135649327,1.5964006434885487,0.004327601748215613,0.0007375765902726182,0.003760109260081119
CEVA,0.0017842067150743866,2.27981533817442,0.004067661835500384,0.0007234123168694369,0.0036879008734701266
IMVT,0.0030653619219394167,1.0527444837374482,0.0032270428539805432,0.0007203434101290986,0.003672255820732747
STT,0.0031424481097870787,1.1506717527184551,0.003615926274315494,0.0007152825779422193,0.003646456083836857
XYZ,0.0023657430695483797,1.6891198742945694,0.003996023636248808,0.0007152747078692912,0.003646415962804703
GE,0.003928296941926004,1.117391385427127,0.004389445162307843,0.0007083060504701852,0.003610890278337106
CRS,0.0025134050071236496,1.5427812478189038,0.0038776341131645047,0.0007051689476132876,0.0035948975669934775
BBWI,0.0019993066283364885,1.7216042830740423,0.003442014854522421,0.0007019690847871275,0.0035785849101083304
EL,0.002299398851489745,1.4512908021844184,0.0033370964037204823,0.0006957170701407313,0.0035467126157919015
MMM,0.003102167639218694,1.11432150984299,0.003456812127520239,0.0006926586803699805,0.0035311211777641744
WYNN,0.00280160813219026,1.2530202487366529,0.0035104717186596694,0.0006925750657145796,0.0035306949166216735
LRCX,0.0020662757151613267,1.9797037963912794,0.004090613877695984,0.0006922932927187488,0.0035292584593576595
CMI,0.002821400931125624,1.2793143990880425,0.003609458836789421,0.0006882393160961881,0.003508591595414745
CW,0.0036494185555526653,1.0874841255871515,0.003968684746786716,0.0006848124014272164,0.003491121445534384
WSC,0.001838006948348375,1.7948759392221088,0.0032989944477135515,0.0006814726965450356,0.0034740958845024313
RRR,0.0028474098799670462,1.13945059434935,0.003244482880084662,0.0006810748452159779,0.0034720676687398176
ISRG,0.003096936907767246,1.2135912445002284,0.003758415516035941,0.000677015058410452,0.003451371184926834
SPXC,0.002896943742271146,1.1994594291199738,0.0034747664872972293,0.000674768610087224,0.0034399189625354733
CARS,0.0026685332696699668,1.2216579376750367,0.003260034850842234,0.0006589278276837598,0.003359163860776915
AXP,0.00244765698452769,1.3599826489267581,0.003328771029482049,0.0006564311516679681,0.003346435996674109
ADI,0.0021780644201342242,1.626152042481045,0.0035418639054565614,0.0006552295979387487,0.0033403105673108302
CSL,0.0028820667897551154,0.9786081602628,0.0028204140788767674,0.0006472242343563864,0.0032994998337092787
SNAP,0.0019195891556189474,1.7316312942254053,0.0033240206539254906,0.0006434651046899884,0.003280336077084026
EWBC,0.002307467641779729,1.2964262787512304,0.002991461688171371,0.0006307686699561959,0.003215610620172624
VOYA,0.0024783893731947075,1.2552026619147845,0.003110880938495311,0.0006273438365935432,0.0031981510806332993
AA,0.0017844394709239015,1.799887427672741,0.003211790169158928,0.000625146681563215,0.003186950151693408
BMRN,0.003731290478760223,0.7713719650920958,0.0028782128689307,0.0006115339045831398,0.0031175532518280245
DOCU,0.002420297624670064,1.3126471897835128,0.0031769968754628707,0.0006112333400456835,0.0031160209967165606
FHN,0.002454798847724851,1.2235241668538193,0.003003505714956264,0.0006075150009180638,0.003097065187150103
IT,0.0032260175847406303,0.9230678802502578,0.00297783321359659,0.000606505932119219,0.003091921031296142
BEN,0.002703129129038208,1.1059739268295539,0.0029895903375697385,0.0005966742150884641,0.0030417996869674473
PAYC,0.0028148102938574293,1.0620484586519516,0.00298946493398893,0.0005893509681836558,0.003004466332216516
SF,0.0020587260527686825,1.4538168661493265,0.002993010658296139,0.0005798992031427522,0.0029562819541829387
AVXL,0.002196779332917874,1.1303688352571577,0.002483170895867373,0.0005726995204397842,0.002919578520318437
TOL,0.002515240911065988,0.9354774306639811,0.0023529511049849416,0.0005679955193387784,0.0028955978811108043
AMAT,0.001979546294585341,1.674470183447822,0.003314691247037772,0.0005652451186019429,0.002881576547711805
GRMN,0.0023035319219727526,1.2529364237834613,0.002886179048387584,0.0005639144642165565,0.0028747929730397704
EFX,0.0025457148665553537,1.0519966756068322,0.0026780835766591223,0.0005605858366763779,0.0028578238834533446
V,0.0038127661007558355,0.7658990466640724,0.002920193921721987,0.0005605047976421531,0.0028574107526313595
CRM,0.0029304533782848322,1.055114301979977,0.003091963270713866,0.0005572823294020027,0.002840982855068032
LCII,0.0023529774454794706,0.9849721619973242,0.002317617281604855,0.0005547515259863793,0.0028280810120811044
PAGS,0.002515474976949783,1.1568150261968866,0.002909939251357776,0.0005530564320822242,0.0028194395525096114
ZION,0.0020327838535114636,1.274508622933554,0.0025908005498604587,0.000552065370292597,0.0028143871950166593
SLG,0.0021828511545029248,1.1547363270901916,0.002520617524735292,0.0005481013115785056,0.0027941787257201338
ZWS,0.0029323123960881036,0.9306494717998519,0.002728954982571552,0.0005479796280167989,0.0027935583921938163
FIS,0.003723893272939924,0.6712107124808534,0.0024995170569326636,0.0005457050810147873,0.0027819629248789
TXN,0.0020703625622290945,1.368328685754579,0.00283293648381042,0.0005456734551548353,0.002781801698654489
NOW,0.002521134747191417,1.2979264586198307,0.0032722474941255584,0.0005432288724184543,0.0027693394021210496
CHKP,0.004270523470017691,0.6146629630526053,0.0026249326098667673,0.0005423592927456203,0.0027649063512035946
REG,0.0044331458470063595,0.5559900784148171,0.0024647851071013865,0.000540193639257206,0.0027538660147242277
AEIS,0.0014919958062158314,2.020070385054086,0.003013936542761496,0.0005387131146312739,0.002746318412984742
NRG,0.0018449284219130835,1.7105099040497251,0.003155768337945159,0.0005371367935809319,0.002738282448372496
MU,0.0014115361162914633,2.254682474368247,0.0031825657433401824,0.0005365191780930797,0.002735133891672528
PAG,0.0029847405729543264,0.788749492931232,0.0023542126134489996,0.0005361100669846107,0.0027330482744123766
CVLT,0.0019415689120643289,1.4570278089437265,0.0028289198978583437,0.0005358249128233283,0.002731594580224506
PRCT,0.0020973592389783666,1.1218131135265084,0.0023528450980619094,0.0005333498519792041,0.002718976908619967
GAP,0.0016704502038257347,1.5207271742165733,0.0025402990181334086,0.0005319538455022713,0.002711860173964508
IONS,0.0033504635374129415,0.7369790434551846,0.002469221412934064,0.0005287177082533987,0.0026953625928361783
CACC,0.002143851416810337,1.1984580522115866,0.002569315993221567,0.0005255218284058731,0.002679070240872641
LOVE,0.001438456088340592,1.7694895689463166,0.0025453330437059988,0.0005207431273388548,0.0026547087869297848
GFF,0.0019963057854852817,1.1590426810193966,0.0023138036097433935,0.0005192609071357841,0.0026471525412672357
ACVA,0.0018453732964386115,1.4088721909524364,0.0025998951192785866,0.0005126405678244669,0.0026134025558722787
BOKF,0.0025737797709271468,0.8894200359281658,0.002289171296329209,0.0005111345120058184,0.002605724798057587
UHS,0.003434794719063329,0.6802652846479786,0.002336571607270989,0.0005059001817410143,0.0025790405811795293
THRM,0.0020917294607903287,1.057401819171497,0.0022117985370543078,0.0005037352432783155,0.0025680038898467815
CIEN,0.0016491964802651594,1.9268880048912882,0.0031778169155318677,0.0005034005601735395,0.0025662977008786693
VMC,0.003487543029712036,0.7082241691994509,0.0024699622647651426,0.0004989189485889721,0.00254345078648163
CSCO,0.0033346306586966956,0.8693637653364442,0.0028990070654509063,0.0004972130866669099,0.0025347544323752785
LEN,0.0025002633799400815,0.7454875361260973,0.0018639151867778398,0.0004963624846873532,0.0025304181282922106
ARR,0.0034782132276583422,0.7146921037522642,0.0024858515289740936,0.0004936728259713974,0.002516706453087626
LAMR,0.0025968135600133,0.875708398649771,0.002274051444231258,0.0004908764659893879,0.0025024508229584378
SEDG,0.0010961602774143678,2.1961222066402764,0.002407301927266659,0.00048205926386194994,0.002457501398309355
HSIC,0.003282128592503047,0.596681723972162,0.0019583861468730436,0.0004784765983052334,0.002439237242270178
ZETA,0.0012061947636990932,2.1125401195312636,0.0025481348302828664,0.0004746012867237787,0.002419481199094049
DT,0.002410867576898345,1.0630623971647688,0.0025629026655443724,0.00047002638980795107,0.0023961587231858023
ALLY,0.001775444360685484,1.2741530624881126,0.0022621878694446588,0.00046781669412402076,0.00238489386294934
WTS,0.0022639227982406435,0.9648223362485969,0.0021842832832849987,0.0004670486047643842,0.0023809782019158575
FSLR,0.002402525301571596,1.1610444733675294,0.0027894387235153583,0.0004667949493932694,0.0023796850861603188
RF,0.0019587875765931756,1.1136958887187316,0.002181493670925147,0.0004666254559067137,0.0023788210212798352
WIX,0.0018941998978911209,1.2239152851947597,0.0023183402082432958,0.0004654128297284605,0.002372639145415009
C,0.0019190959192658806,1.2907545556739584,0.0024770818005677383,0.000464279645520087,0.002366862258659821
FLG,0.00211630076742185,0.9583299361280307,0.002028114379271084,0.0004642314954242878,0.002366616793140069
L,0.004040599763474205,0.5414415566735473,0.0021877486258302403,0.0004620715159949099,0.002355605382581354
GMED,0.0019328085093968167,1.094918697823493,0.002116268176250929,0.00045846780889920375,0.002337233958379596
LAD,0.0018484359398506461,1.1340150169291217,0.0020961541136221276,0.0004577811873648348,0.0023337336141121654
HY,0.0016583129777508676,1.1611364064111134,0.001925527571690555,0.00045748417675165934,0.002332219476635906
AVGO,0.0017335480970557893,1.7900268263121772,0.003103097598432289,0.00045741687321700325,0.002331876368344192
SCHW,0.0029599596580245904,0.8745926831532798,0.002588759059337191,0.00045689191237994244,0.002329200157994454
CRBG,0.001612070331328509,1.4434001388462403,0.0023268625400694747,0.00045677693218284827,0.002328613997710191
PCOR,0.0015223117503557673,1.5688806049833146,0.0023883253798713646,0.00045636040849506454,0.002326490591685469
ALNY,0.0032882231137601084,0.8907204060169301,0.002928887426962658,0.0004559884785981612,0.002324594521408984
HUBS,0.0015986341090582872,1.482127263549074,0.0023693791974747714,0.0004484317536601492,0.002286070913433841
TXT,0.002070830186583986,1.029970436129724,0.002132893870426506,0.00044728501498340054,0.0022802249270316125
NPKI,0.0016292831087139303,1.3774221047358817,0.002244210568815362,0.0004458440947761671,0.002272879225601129
JBHT,0.0020009380119951803,1.049907882705434,0.00210080059159868,0.00044563926959942856,0.002271835042456071
CTAS,0.0034626624636861277,0.6339198829721407,0.002195050583751935,0.00044468865705469185,0.0022669888921316786
ALSN,0.0019394233158541224,1.0744282678538342,0.0020837712338884844,0.0004400032298074456,0.0022431029410153406
DAL,0.0011446967648939305,1.9639883850121687,0.002248171150612685,0.0004381281982126259,0.0022335441728065773
MOV,0.0017306314567707255,1.0663668127102954,0.0018454879505327738,0.0004353385689861552,0.0022193228555562987
STRL,0.0014755330785318366,1.776739275937144,0.0026216375735719608,0.00043185148966680165,0.002201545990872331
AZTA,0.0012509032734240326,1.6225927789267096,0.0020297066185936186,0.00043146424203452074,0.002199571831947973
RGA,0.0022886569189222617,0.9138435713650791,0.002091474412417318,0.0004310607292010316,0.0021975147542671277
RBC,0.002346416303670006,0.9249091088633016,0.002170221812449747,0.0004239117846117287,0.002161069979440273
SFNC,0.0021062821991249523,0.8701703919204534,0.0018328244067076342,0.0004236227482213432,0.002159596493944228
UNM,0.002356729898350505,0.849491725903974,0.002002022548839268,0.0004198693955714915,0.0021404621881091677
GPI,0.00198162616821321,0.9292194236891423,0.0018413655259944025,0.0004151405126274115,0.0021163547031613295
CRH,0.0017578326911533622,1.2568259160882407,0.0022092896823886817,0.00041499219013774825,0.002115598566409952
DXC,0.0014930964822574928,1.3424696285930175,0.0020044366799897573,0.00041264880012958216,0.0021036521426949176
NE,0.001290028993660856,1.5803426687985211,0.0020386878626694675,0.00040990774900939166,0.002089678472929213
GEF,0.002247005188120573,0.7986352251118939,0.0017945374942422675,0.0004091309707678032,0.0020857185166375594
STX,0.0015904979317779792,1.539092016888638,0.0024479226696773773,0.00040870380688310325,0.002083540867699652
CASS,0.00287400880230045,0.6227970393317454,0.0017899241730860956,0.00040677846917444935,0.0020737256427554645
PCG,0.003330797470989779,0.5473826185003298,0.0018232206413646612,0.00040536153360439247,0.00206650221317788
ESE,0.002214451590125542,0.9721432234917118,0.002152764107090991,0.00040361925926957106,0.0020576202313656016
CPNG,0.0023383224864932358,1.027662540802223,0.0024030064276846104,0.0004023578269412392,0.002051189545466293
ALG,0.0022569360667348457,0.8062143538289832,0.0018195742526759605,0.0004018314411818509,0.002048506070971096
WDC,0.0013283449601863041,1.8187083998512112,0.002415872136990854,0.0004004603647389647,0.002041516427729748
GNRC,0.001456640315290274,1.4161250758630834,0.002062784876995665,0.0004004123456818566,0.0020412716302352593
GS,0.0015667606594103687,1.3703707790651298,0.0021470430254447834,0.00039653048829765163,0.002021482217055445
RRC,0.002335685104878035,0.9209175861162578,0.002150973488711979,0.00039591685204837647,0.002018353946210558
LLY,0.002801053680073731,0.695619458892053,0.0019484674452604823,0.0003948070620680461,0.00201269632144749
AIV,0.00301048953922968,0.5729458886343902,0.001724847604278485,0.00039329899541356536,0.0020050083125449343
ASAN,0.0012191747569823693,1.7473675199561154,0.002130346371501382,0.0003926256336675053,0.0020015755656680183
TEL,0.0017212386897076358,1.2352846949913265,0.0021262198098227674,0.00039136222563507803,0.001995134807779763
ALV,0.0018538413839992447,0.9821287863791284,0.001820710988606582,0.00039058427922935353,0.0019911688962763485
ABBV,0.004072050109578824,0.43292355869394805,0.0017628864246189457,0.0003887592117513359,0.0019818648413281966
NOVT,0.0011785800596802484,1.6557803794226547,0.0019514697383973367,0.000388679274543879,0.001981457327535124
WST,0.0029657740712710173,0.6113500211794324,0.0018131260412849479,0.00038617407985565966,0.001968686035889333
WBS,0.0012990823263148994,1.4100258981681173,0.0018317397239564933,0.0003856096852759803,0.0019658087953242443
MELI,0.0025041820713009215,0.8987175795894223,0.0022505524499707905,0.00038543911913592157,0.0019649392621379296
NTLA,0.001079418877825336,1.5577945807662432,0.0016815128782530881,0.00038323209064439624,0.00195368799904513
ADP,0.0031735917581636793,0.578918119339465,0.0018372497721873436,0.00038117199087995873,0.0019431857674082915
ENTG,0.0008138882771285636,2.427146533459961,0.001975426110456293,0.00037888352947263083,0.0019315193655152333
MOG/A,0.0016063429358479091,1.1863749263511927,0.0019057249822113217,0.00037877387851744976,0.0019309603733002002
SANM,0.0015535353461480295,1.3535020404486664,0.002102713260920483,0.0003777075215269,0.0019255241666098055
FBP,0.0018776067898041897,0.9239318596878063,0.001734780733066237,0.00037495168457019686,0.0019114751197761158
ITW,0.002094965406524719,0.819410028388361,0.0017166356632330542,0.0003745719433677402,0.0019095392280590753
MOS,0.0024618133652284557,0.6977321311980859,0.0017176862859327822,0.0003740151875013593,0.0019067009290723769
TROX,0.0007221107662018022,2.2605129942379043,0.0016323407702782632,0.00037246496082947764,0.0018987979916133498
AAOI,0.0005488370577701299,3.941313943947054,0.002163139148744288,0.0003710021323150583,0.0018913406033020618
TRU,0.001104395447646278,1.6647690439309357,0.001838563353499772,0.00036858437536181214,0.0018790150625671445
ABR,0.0018358416830965086,0.937804293919069,0.0017216602133635166,0.00036856797622067356,0.0018789314609950966
ARWR,0.0009995711234624322,1.8086024940490022,0.001807826826873518,0.000367695354130671,0.0018744829000667228
AMPH,0.002037734419274265,0.8026843900953369,0.0016356576095114387,0.00036717377182590385,0.0018718239132172018
FOXF,0.0010385010983689261,1.6383449498228173,0.0017014230298981789,0.000366678371554947,0.0018692984003811951
MIRM,0.002520262780233038,0.7625325152602045,0.0019217823169277745,0.00036070349919862236,0.0018388389563436408
MKSI,0.0007801010013642751,2.5421139158629376,0.001983105611346736,0.00036022682961837877,0.0018364089311417693
WT,0.0015974248104261052,1.207672210452059,0.0019291655518382557,0.00035805098286407155,0.0018253166301695216
SEIC,0.0017772464456253063,1.026922874767727,0.0018250950291122644,0.0003577146269121927,0.001823601913154336
MORN,0.002052833752313917,0.8837544847845861,0.0018142010351245943,0.0003562323609030727,0.0018160454339760375
EQT,0.0026766296852411818,0.7653712389524628,0.002048615378409984,0.00035472813214955097,0.001808376990400155
XPO,0.001036421975965121,1.6033947302052936,0.0016617935345314325,0.00035431693774526325,0.001806280752656649
IPAR,0.0019776485235153403,0.8175376428689439,0.0016168021123379784,0.0003541570754757963,0.0018054657869870662
JCI,0.0017644722734699275,1.1209380777330373,0.0019778641584366225,0.0003536863346326742,0.00180306598603532
WHR,0.0014692779979414833,1.0635793932623285,0.0015626938015842915,0.00035224428513544324,0.001795714527570472
CBRE,0.0016687020965330986,0.9906888041532583,0.0016531644845024103,0.000352073998155623,0.001794846417521783
LIND,0.0011020423568639662,1.4751846278434406,0.0016257159440780783,0.0003507302009557209,0.0017879958417827194
BRKR,0.0012539902155764022,1.2471873433182787,0.0015639607255118486,0.0003504637604940588,0.0017866375486096867
NVT,0.0012617888572590912,1.583013966447796,0.001997429383749346,0.00035032133419011857,0.001785911470163885
BLMN,0.0009706310821487153,1.5168323492029523,0.0014722846245450395,0.0003489517666554868,0.001778929519221852
SKWD,0.0024900604498824426,0.6377213183035337,0.0015879646327545216,0.00034833971703935424,0.001775809336911838
AVB,0.0024432756031787105,0.6325806946825225,0.001545568978359648,0.00034738983437918085,0.0017709669074833386
SNX,0.00169249511426361,1.0909549634184326,0.0018464359454673327,0.0003460173302009779,0.0017639699857561271
WEN,0.0021684053882384184,0.5709387998108774,0.001238026769864282,0.0003412034370798741,0.0017394291254028817
FRT,0.00202247922466005,0.7627511124127035,0.0015426482784410352,0.0003380092011364413,0.0017231451539371574
NMRK,0.0012262868646955047,1.316632153128452,0.001614568715017181,0.0003379874268498823,0.0017230341502832971
GXO,0.0013118373867199795,1.241564785002096,0.001628731103000703,0.00033708416517419347,0.0017184293910815732
FIVE,0.0009013750360994605,1.8439277663438756,0.0016620704569530083,0.0003367831973560633,0.0017168950800759604
CATY,0.0015093561098186714,0.9813800049887377,0.0014812519065836294,0.0003359307573909707,0.0017125494060826695
GTN,0.0010202186696946114,1.3969793794067953,0.0014252244440492046,0.00033348075873371836,0.0017000594995972753
XP,0.002168979215149025,0.8081120810313639,0.001752778307267853,0.00033278126903851487,0.0016964935544263558
TSN,0.004588758182061634,0.28963996409722326,0.0013290877551031712,0.000332775087643468,0.0016964620421453772
PFE,0.00264700643946602,0.5174697227006532,0.0013697456882173246,0.00033197602963199276,0.0016923885052843718
DEI,0.001417422875658059,1.0739259164334027,0.0015222071607147501,0.00033037138794191095,0.0016842081642085267
CMC,0.0012201381362071343,1.286856861173701,0.0015701431321578426,0.0003296738951760591,0.0016806523992312927
ENS,0.0013378359442394736,1.2164036735185828,0.0016273485571380976,0.0003290021326090062,0.001677227804847111
SBLK,0.002103487357921003,0.8032619283515275,0.0016896513113866846,0.0003271236569569466,0.0016676514790969466
BHB,0.0016489145404521301,0.8129833167455413,0.0013405400121267227,0.0003246998635252686,0.001655295164854913
MGM,0.001083252658410948,1.4485592180696245,0.0015691556238396048,0.0003235096360985964,0.001649227476119051
REGN,0.0024123486284837723,0.5801394662140794,0.0013994986456508421,0.0003223690776128585,0.0016434129958597167
AES,0.0014875251642338463,1.1733495064455233,0.0017453869172790795,0.00032000384118442097,0.0016313552007586518
PLAY,0.0011771749906085759,1.0818853437787872,0.0012735683694023497,0.00031994068624305625,0.0016310332416794497
SRCE,0.0018194891004269808,0.7407673008471723,0.0013478180298441443,0.00031819450368401105,0.0016221313360378522
BOH,0.0016087536989514194,0.8574137890780371,0.0013793676047112442,0.00031593771195345357,0.0016106263837440068
SRE,0.0024945905934886403,0.6681128127277324,0.0016666679380198386,0.00031512060795405733,0.0016064608498115327
CAH,0.0047424171609007065,0.3472649279915632,0.0016468751538861375,0.00031496227346902527,0.0016056536726705944
IBRX,0.0009535187312442088,1.6307203165608553,0.0015549223672612614,0.0003145436940994631,0.0016035197869367916
VRSN,0.003639927093669209,0.43569341769806,0.0015858922756125044,0.0003125306023805531,0.001593257198734435
ESNT,0.0024578982271407767,0.546943354493934,0.00134433110135707,0.00031244387244979446,0.0015928150561555184
GM,0.0016137876334357518,0.9345330689680585,0.0015081379097374133,0.0003089802765804754,0.0015751579083105854
RUSHB,0.0013620868515581686,0.9936598155639778,0.001353450969701409,0.0003083951329677975,0.0015721748907561721
EW,0.0030436207515010996,0.539398245830955,0.001641723694334386,0.0003068207481647603,0.0015641487969851602
ACIW,0.0014422250324511666,1.0647782404261643,0.001535649832351921,0.00030463949015858613,0.0015530289098631867
CLF,0.000789804834040744,2.0843615699658886,0.0016462388438478132,0.0003038787587863293,0.0015491507592887495
LUV,0.0010660804281425191,1.387596529060984,0.0014792895017904074,0.0003035849491360149,0.0015476529400772696
HTLD,0.0013887397654199335,0.8934866586932863,0.0012408204527995545,0.00030203819209508135,0.0015397676905324592
TW,0.0035923283109060887,0.4385780762412394,0.0015755164398241334,0.00029970527707327203,0.001527874667499766
EXPD,0.0017603177337440067,0.7806369940518835,0.0013741691442461451,0.0002979821335233217,0.0015190902129711555
GLPI,0.003576430665524426,0.34030393850751245,0.0012170734412770062,0.0002979061589232267,0.0015187029002484964
BCC,0.0011542344541916358,1.046913362979154,0.0012083834741041738,0.0002978389033735206,0.0015183600365804015
MKC,0.0035351390385472943,0.3041903054610145,0.0010753550239828585,0.0002973047786276277,0.0015156371093216498
BYD,0.0014543826574701195,0.9936761298876969,0.0014451853304506923,0.0002970600397586492,0.0015143894492146398
LRN,0.0024414001763655184,0.533246412018864,0.0013018678843491345,0.00029637225262107287,0.001510883162790867
RIG,0.0008981698934484206,1.7172289364361915,0.0015423633308654387,0.00029569919349128426,0.0015074519586286458
BAP,0.002787121351687359,0.600852256254375,0.001674648152616093,0.0002951905643446541,0.0015048590059923855
GPC,0.0019216033949118378,0.6659886906171452,0.0012797661288627958,0.0002947256843790328,0.0015024890833475891
HPP,0.0009554305339966887,1.4314883895199288,0.0013676877164090855,0.00029472556142737255,0.001502488456549393
AER,0.0018929429519914751,0.8321131779107841,0.0015751427753854471,0.00029428961291991685,0.0015002660242739911
MATV,0.0007553904380682761,1.7983376466538097,0.001358447062700494,0.00029230450448438137,0.0014901460927181872
SRPT,0.0009270461417143823,1.5681367398069623,0.0014537351143186145,0.0002920849540442114,0.0014890268413020964
XMTR,0.0008833247233371166,1.6640564568092127,0.0014699022093283402,0.00029130172158862733,0.0014850339819192503
IFF,0.0016425985114807606,0.7791214405646223,0.0012797837185341944,0.0002903997450691953,0.0014804357743462056
ADTN,0.000929317693661366,1.761091759539108,0.0016366137323009207,0.0002901443601512848,0.0014791338414928794
OLN,0.0006727067775960986,1.9318426420144843,0.0012995636385322972,0.0002876440934052277,0.0014663876721207638
TPC,0.0009450534083893643,1.7360760429627091,0.0016406845816250286,0.0002860565089221562,0.0014582942873866416
HZO,0.0007056578929888211,1.776736902002962,0.0012537684186628955,0.00028563182363519493,0.0014561292741511577
ATKR,0.0009783148860121084,1.418302883919959,0.0013875468242127993,0.0002804737681744844,0.0014298339004128711
PLXS,0.0010437036140701073,1.333844947999658,0.0013921387928363972,0.0002802777524374283,0.0014288346271201086
SGRY,0.001726097682500292,0.713794083564418,0.0012320783134229616,0.0002796237326844202,0.0014255004842500742
UPBD,0.0009748090693323732,1.3303105135441269,0.0012967987536310218,0.0002794015327865025,0.001424367726100252
FNF,0.001970377558252251,0.6095285900810238,0.001201001455008785,0.0002767907912902396,0.0014110583648688337
PHR,0.0012876628656226714,1.0518710782150573,0.0013544553268400098,0.0002761886531063196,0.0014079887102850712
AIR,0.0011196724820782252,1.2400521284243116,0.0013884522445392349,0.0002756646991195097,0.0014053176327811986
RTX,0.0026299635320421325,0.5845737152755396,0.00153740755296505,0.00027473693737341444,0.0014005879740872419
BFH,0.000877478522789741,1.5133876621027567,0.0013279651701501465,0.0002703545044487749,0.0013782466649419356
MAT,0.0009873457229340663,1.2400830754967054,0.0012243907206745948,0.00027004152977472685,0.001376651143899675
ARCB,0.0006913769954574634,1.7919946914418183,0.0012389439056447685,0.0002697612097680745,0.0013752220938637863
PUMP,0.0007038813853762798,2.0921279316808015,0.0014726099069358933,0.0002690027274545663,0.0013713554088194907
NU,0.001177211230408529,1.2286580588634388,0.0014463900652259836,0.00026627473216643517,0.00135744829669088
IP,0.0010797656581829067,1.1359446587836783,0.0012265540321509158,0.0002632970300354897,0.0013422681981031617
FFIV,0.001298638747948885,1.0500836483443199,0.001363679314327465,0.0002622282855302904,0.0013368198200449926
PTC,0.0013552356932195538,1.021264282217553,0.0013840538074714756,0.00026212701753498477,0.0013363035635206933
AXTI,0.000850315412252914,1.7705128104365362,0.0015054943303054087,0.0002620514084835271,0.0013359181143371354
THO,0.0010244064836670414,1.1188818559510596,0.001146189827693678,0.0002614910400309631,0.0013330613986613244
D,0.003378943408062818,0.32563523825906715,0.0011003030417484402,0.0002606518138115677,0.0013287830873368214
SNDX,0.0011651657358542535,1.058738649677999,0.0012336059978294044,0.0002601879869868476,0.0013264185335240988
OEC,0.0009226293605655874,1.2676132588168685,0.0011695372104266679,0.00025989962630044235,0.0013249484927154622
ABG,0.0010344918261510185,1.111940638468857,0.0011502935016611774,0.00025943776059434803,0.0013225939365360732
BLKB,0.002347559180021477,0.5649004193390638,0.001326137165217401,0.0002594012199262778,0.0013224076549943425
DCO,0.001501511334954788,0.8854467267794935,0.0013295082967580247,0.00025909037411950736,0.0013208229867552612
RILY,0.0008554555473190915,1.3501971911554336,0.0011550336771485713,0.0002560860079053157,0.0013055069567027328
VSH,0.0005740199706408919,2.2153840781432623,0.0012716747034940948,0.0002558335558584621,0.0013042199754025943
CTVA,0.0018146142391314637,0.6579646681868939,0.0011939520557373465,0.00025456264000539304,0.00129774094321674
NBR,0.0005849327169359948,2.2445533990604685,0.001312912718020362,0.0002535027950772571,0.001292337934524367
USNA,0.0012366088278146924,0.8709122685719201,0.0010769777995681567,0.00025112312040702936,0.0012802065343667283
DSGR,0.0011332854274447527,1.0431960215237006,0.0011822388491611526,0.0002508723137237033,0.0012789279410044905
HPE,0.0008186633718821629,1.6525917084015693,0.001352916300344533,0.00024887674630143946,0.0012687546903312323
R,0.001038325306785333,1.1938369220852114,0.0012395910883757847,0.00024876237439879997,0.0012681716310857525
KWR,0.000819154455948165,1.3689349856315014,0.0011213691933833815,0.0002478764120995961,0.0012636550627872821
ENPH,0.0009322806765949382,1.204990138951052,0.0011233890220315153,0.00024721372826857065,0.0012602767511076451
OII,0.0008249119222064389,1.497725693925439,0.0012354917811140066,0.0002430895371884661,0.001239251939209923
TNET,0.001279511667347395,0.785529652448069,0.0010050943553546485,0.00024218722560712824,0.001234652023516811
INTC,0.000833180725358781,1.553475294066496,0.0012943256723372686,0.00024213522486845706,0.0012343869277130842
GTES,0.0007565791752645948,1.5966954626665146,0.0012080265362929522,0.00024136658424588588,0.0012304684563831628
NBIS,0.0006033520798696304,2.5677823813420964,0.0015492768404353461,0.00024075174285164412,0.001227334041801058
HOG,0.0008712607724854721,1.2173945185049087,0.001060668088612166,0.0002407236468529517,0.0012271908105404026
PAR,0.0007959187239908305,1.4226336822114631,0.0011323007850521244,0.0002391781297992263,0.0012193118823559028
CNX,0.0025628426360229575,0.4673365085887859,0.0011977099295814495,0.0002380760387222677,0.0012136935060156327
CBT,0.0011605527867971737,0.8748159971781136,0.0010152701434598082,0.0002380388495466769,0.001213503918431973
CNS,0.0011044689913157861,0.9784810369765562,0.0010807019639311214,0.00023614258528801248,0.0012038369077206792
CWEN,0.0022226059077558855,0.5837980703355056,0.0012975530400641806,0.00023609259647349798,0.0012035820685530113
WY,0.0013389290542333164,0.7022800229556793,0.0009403031269429994,0.00023458687102971397,0.0011959059949642069
WABC,0.0014630783632241574,0.6602655171259556,0.000966020192089995,0.00023404595261177733,0.001193148434082997
SLM,0.0009857335818522221,1.163392487114321,0.001146795043423165,0.00023354742124112617,0.0011906069591393121
WDAY,0.0012441335962235078,0.9939323202775175,0.0012365845920296432,0.0002333468446086188,0.0011895844347490408
MRSH,0.0028552309952078296,0.35719067575155045,0.0010198618886050565,0.0002318842578348933,0.0011821282788133912
RYAM,0.0008322126502946827,1.367418695389666,0.0011379831365527315,0.0002315910634279823,0.0011806335960659053
HBNC,0.0010688393672833197,0.9548443042218253,0.0010205751819785374,0.00023078350138226936,0.001176516706286292
MSM,0.0011906301334585294,0.8480035875239482,0.0010096586245869502,0.00023006057165427738,0.00117283126561415
UHAL,0.0011959142167122802,0.8528629135514234,0.0010199508832228036,0.00023002106311406154,0.001172629854086348
DVN,0.0008854377803558086,1.298883174698597,0.0011500802351466317,0.000229334023466116,0.0011691273783077606
OSK,0.0007735847924181207,1.3566988625622467,0.0010495216079691161,0.00022693056020492487,0.001156874705725881
TTC,0.0011699715604913971,0.8407105173329992,0.0009836073958856188,0.00022601326008131345,0.0011521983795862592
EQR,0.0015409913240264832,0.6531118987336797,0.0010064397695670635,0.00022516713342943693,0.0011478848903827227
EMR,0.0009064870660994768,1.3005962656803185,0.0011789736930564875,0.00022426687279669205,0.0011432954302692728
LECO,0.0009644825578661423,1.140260066194469,0.0010997609452758582,0.00022409801955284523,0.0011424346292973379
CAL,0.0005882868087466466,1.6709226703679951,0.0009829817654132128,0.00022344079684882788,0.0011390841580270962
FULT,0.0009082094960127068,1.124190377889536,0.0010210003765253898,0.00022178681834968312,0.001130652301657698
FOXA,0.00129042553376231,0.850528488085813,0.0010975436782181857,0.0002212724320913407,0.001128029999704572
KE,0.0009043916337509409,1.2406975220464367,0.0011220764589543208,0.00022073300473264066,0.0011252800401297441
ROOT,0.0005410457274035235,2.0704653580706984,0.0011202164357211578,0.0002200570713379423,0.0011218341831840078
BKE,0.001142325545989321,0.8829422794600292,0.0010086075214612337,0.00021981072324567244,0.0011205783193792675
TRS,0.0012828882005702623,0.8856491236117424,0.001136188810526898,0.00021961004872204449,0.0011195552959475219
MS,0.0008898752496238115,1.3503501385730905,0.0012016431666422773,0.0002192940099439628,0.0011179441543363567
NMIH,0.0014851468050861383,0.6635934698532934,0.0009855337216286434,0.00021647837303649529,0.001103590251909923
ROL,0.00314747469839979,0.28899222200542063,0.0009095957067963965,0.00021561179503973822,0.0010991725033084056
HII,0.0015755038437813632,0.6359826091729569,0.0010019930453300941,0.0002151675090340631,0.0010969075671023283
GD,0.001780203211247286,0.5923777644069685,0.0010545527984687738,0.00021506264283811162,0.0010963729672252892
OTIS,0.0022040383440925233,0.44705976567510075,0.0009853368656489406,0.00021476458509267677,0.001094853491548554
SPOT,0.0014730536056889254,0.9934274325265438,0.0014633718614735169,0.00021344721930901622,0.0010881376611556384
EXEL,0.0018200762726389055,0.6147930656920338,0.0011189702714490028,0.00021342149924261086,0.0010880065422167564
CALY,0.0006557585796213845,1.423669993165636,0.0009335838125678837,0.00021335921403812475,0.0010876890169898945
STC,0.0014452717201960466,0.6431180302162607,0.0009294803018197481,0.00021241613649525764,0.0010828812795309298
EWTX,0.0009022151918781938,1.1109896038527274,0.001002351698614667,0.00021241555173315477,0.0010828782984582833
CWST,0.0021200058272893233,0.45977146662155804,0.0009747181884590617,0.00020821489053685422,0.0010614636477345733
HLMN,0.0008320557639004052,1.0624231408111235,0.0008839952980130672,0.00020782520769148307,0.0010594770742794243
MANU,0.0015478438420793725,0.7333978946264135,0.0011351854149914706,0.00020706665553084797,0.0010556100331597972
KRO,0.0006515216609991154,1.3909959976070498,0.0009062640228040667,0.00020655720475104344,0.0010530128919002157
BLK,0.0009018598414780564,1.142504481024443,0.0010303789101446731,0.00020525277486649148,0.0010463630077353488
CDE,0.0008661659855963359,1.3238747904072674,0.0011466953126392533,0.000204245022949139,0.0010412255652429005
ABT,0.0035417973543745724,0.23179266101882473,0.0008209626335599155,0.00020377661222296557,0.0010388376430498236
MMI,0.001046673390031554,0.8595225389372375,0.0008996393696379669,0.00020376326826618992,0.0010387696165748785
AON,0.002551209545304948,0.35164946777329154,0.000897131478784626,0.00020334838031750818,0.001036654549423469
PAYO,0.0006802030218759516,1.5792840540263704,0.0010742337859492408,0.00020236198052485773,0.0010316259584358996
AFG,0.0017407216474889565,0.5176800322903706,0.0009011368386806301,0.00020051405428910094,0.0010222053712824384
RVLV,0.000563772357132484,1.699766620255632,0.0009582814340766335,0.0002001905795141596,0.001020556321525843
QTWO,0.0007452886885802911,1.3310484228622759,0.0009920153335118904,0.00019983783470726253,0.0010187580553764673
HAS,0.0008346315622278502,1.155948633994563,0.0009647912142460315,0.00019931174518729357,0.0010160760910872594
OSIS,0.0007739998919964987,1.241823030664532,0.0009611708916131125,0.00019833571628100367,0.0010111003700881817
PECO,0.001921704908930897,0.43825155555190054,0.000842190165650689,0.00019780136935816618,0.0010083763101882946
IDXX,0.0010277292927183598,1.0024828964052526,0.001030281038084823,0.0001973076049712416,0.001005859136964444
TTWO,0.0019889581473795373,0.5939113358575723,0.001181264790274983,0.00019638243114127255,0.0010011426712697212
WMB,0.0018896414511973293,0.5770794683609295,0.0010904732840497301,0.00019630779733186476,0.0010007621937958284
ALL,0.0018731121802113373,0.49185091145189813,0.0009212919330885983,0.00019588786819435753,0.0009986214270478826
FWONK,0.0016596909220710986,0.6003885261382068,0.0009964593865472284,0.00019558100801461895,0.0009970570772317386
FR,0.0011244244706484763,0.8152820379633853,0.0009167230739661904,0.00019547430713690427,0.000996513124286858
EMN,0.0006842899735267726,1.3059128662262072,0.000893623080658203,0.00019526560942964276,0.0009954491992762477
ATI,0.0006780850449676886,1.6177057174201082,0.0010969420541413009,0.0001952563238053426,0.0009954018618710519
FCBC,0.0011804508593325983,0.6543378947006148,0.000772413730093224,0.0001947743561891103,0.0009929448276853757
CXW,0.0016101481219566102,0.5866570518952826,0.0009446047503417909,0.0001945215138762727,0.0009916558568389858
SD,0.0011607441234125185,0.8739559141791678,0.0010144391915050844,0.00019310653706421704,0.0009844424128604508
ECPG,0.0006186605791952558,1.5544823944701507,0.0009616969785117316,0.00019288673529228056,0.0009833218801741637
NX,0.0006052284106126281,1.3576468461279958,0.0008216864428552942,0.00019284603028139292,0.0009831143691300377
WRLD,0.0006634751327267949,1.3513472530359516,0.0008965852980680177,0.00019226842492463093,0.0009801697810299323
CBZ,0.001111922747991651,0.7390069120816996,0.0008217185964667079,0.0001905735458787973,0.0009715294167897914
ZS,0.0008965720927738197,1.2865362712318054,0.0011534725171277263,0.00019031290171580415,0.0009702006727057439
NDAQ,0.0011396917360657934,0.9126951886486028,0.0010401911640498228,0.0001896328383038954,0.0009667337612469417
NEU,0.0016164103286269058,0.536029275046301,0.0008664432566312336,0.0001892418523149301,0.0009647405444650383
VRT,0.0005493371797627325,2.2177535781842286,0.0012182944960484328,0.00018905744117206556,0.000963800430509292
LMND,0.00044042073510019427,2.2026788534081874,0.000970105439807687,0.0001873291553680832,0.0009549897611614228
PFGC,0.0011385262413459655,0.7967916104922916,0.0009071681574297874,0.00018724765864322593,0.000954574297067465
MYE,0.0007634767327697611,1.1298515209690951,0.00086261534774443,0.0001865349657642478,0.0009509410430716338
MLKN,0.0006771314842837398,1.1959756964267942,0.0008098327984887546,0.00018640037105648283,0.0009502548895064319
CPT,0.001457629878743181,0.5385321661659247,0.0007849805760677394,0.0001863938347415627,0.0009502215678709814
BWA,0.0008907419601926883,0.9497437508689404,0.0008459766103297562,0.00018623393876030027,0.0009494064303412335
BCO,0.0009794439967754048,0.9010874765797564,0.0008825647195055406,0.0001853976773283736,0.0009451432332773545
GHC,0.0010025083511576906,0.8407166843049837,0.0008428254969733499,0.00018414425485775913,0.0009387533810224053
JAZZ,0.001183485223106355,0.796987443072344,0.0009432228618774365,0.000184047442503892,0.0009382598390186772
ALNT,0.0007251742474158014,1.236079077577,0.000896372714828319,0.0001836193233217686,0.0009360773200472908
EAT,0.0008301330815431725,1.102385456811792,0.0009151266363115508,0.00018352606003343777,0.0009356018709092578
SJM,0.0027516308632980838,0.2274902226311994,0.0006259691176905604,0.0001833017832112188,0.0009344585247575919
GTM,0.0005494303404867857,1.7474393624229372,0.0009600962038760462,0.00018250639925685043,0.0009304037179597853
CCEP,0.0038759747853465694,0.18038094029689847,0.0006991519763478834,0.00018241326188558326,0.000929928910737349
AVY,0.0012706640667535807,0.6069398777791972,0.0007712166933738359,0.0001802837503422605,0.0009190728231403471
LYV,0.0010566349562962487,0.9348123824502991,0.0009877554408755638,0.0001802433398888925,0.0009188668137280134
PPL,0.0036588147654291144,0.20381766655167582,0.0007457310878345793,0.00018000136318062238,0.0009176332349058411
AXSM,0.0015587102662016612,0.5621083919195089,0.0008761641212030455,0.00017914353959034063,0.0009132601156015229
CHEF,0.0012993083130216454,0.7539955241631918,0.000979672652526348,0.00017853480542121146,0.0009101568351877229
KEY,0.0007022006508851763,1.2121449549032146,0.0008511689763002199,0.0001785216350280971,0.0009100896935270989
ZTS,0.0012735565922975766,0.648045736380049,0.0008253229196771489,0.00017791239610524774,0.0009069838399172914
AIT,0.0006714018462307603,1.2816114023284555,0.0008604762616737188,0.00017787655207145706,0.0009068011097640402
INTU,0.0010714642270918157,0.946108888621857,0.0010137218290919147,0.00017584652497904468,0.0008964521863179016
STEP,0.000514878849141083,1.7345501855228507,0.0008930832032994575,0.0001752923285215445,0.0008936269350026717
SNPS,0.0006741479389401868,1.3903376093451478,0.000937293233771058,0.00017327471042955674,0.0008833412716952362
DKNG,0.000715252025643095,1.214056041125679,0.0008683560426593786,0.00017284332464528814,0.0008811420998350011
TRV,0.0016639774602604555,0.4568794903017495,0.0007602371739173965,0.00017180662016776514,0.000875857059396745
ABM,0.0010242190232063694,0.7179088263481058,0.000735295876873488,0.00017143301864999927,0.000873952467324466
CORT,0.0007308590315089906,1.275922339148897,0.0009325193650710486,0.00017113329435256816,0.0008724244956926312
FNB,0.0006767499281095187,1.1826916549096027,0.0008003864924358014,0.0001703757493854142,0.0008685625891686312
IVZ,0.0005510094820232663,1.5579761661838383,0.000858459640333551,0.00016970601895092424,0.0008651483544414241
SWK,0.0004603223426568936,1.7013468946693506,0.0007831679882262267,0.00016877812223434888,0.0008604180076782434
AD,0.0017845896533675856,0.5353227277355236,0.0009553314011293284,0.00016791584534617707,0.0008560221858005854
TR,0.003441338810201397,0.1259400360551328,0.0004334023338346917,0.00016767372539146062,0.0008547878767189438
OKE,0.0009022174271062399,0.9172174007217078,0.0008275295233762122,0.0001657395993600417,0.000844927849574896
CLFD,0.0006579661557389926,1.3287261129707997,0.0008742568125814115,0.0001656738806507354,0.0008445928206020652
PII,0.0004646387283715656,1.5224127453118137,0.0007073719220383453,0.00016530241645760797,0.0008426991244479467
SFL,0.001027248772226465,0.8038607957598435,0.0008257650154852883,0.00016337048623432185,0.0008328502913664579
OMCL,0.0007973286533322357,0.9519978920105276,0.0007590551972118812,0.00016274596287962093,0.0008296665188876161
BC,0.00045291507240800393,1.5971506998476404,0.0007233736248679882,0.0001621200537529678,0.0008264756818489461
BFAM,0.001018075473588253,0.7475627846142844,0.0007610753359831408,0.0001619622190788686,0.0008256710527060623
LXRX,0.0009148994292022839,0.9428263994562045,0.000862591334699326,0.0001611479356930583,0.0008215198980467424
PCAR,0.0007806423450374475,0.9134072559544859,0.0007130443822625299,0.00016067390020178303,0.000819103301229736
RBCAA,0.0009907999241375574,0.6347848691806267,0.0006289448002278342,0.00015907840945703525,0.0008109696109759788
WH,0.0006752083284284798,1.1140902073455177,0.0007522429866203054,0.00015865840001319542,0.0008088284348324681
ONTO,0.0003952764743384541,2.3121381333210866,0.0009139338095226537,0.00015845524398467432,0.0008077927608778472
WELL,0.002670361038628575,0.3082759778779518,0.000823208160470407,0.00015805727474999987,0.0008057639440413832
MET,0.0006865690366569681,1.136808984433345,0.000780497849305388,0.0001574763351173333,0.0008028023580567598
PLD,0.0008299053680336484,0.872180456114261,0.0007238272424232611,0.00015746437894675525,0.0008027414064101124
GEN,0.000846561664010632,0.9194439589363883,0.000778366007841712,0.00015693717386729172,0.0008000537550835974
CB,0.0025018652547587447,0.24906033681479947,0.0006231154030154571,0.00015620179720877522,0.0007963048609079927
SFIX,0.0003996958206623632,1.9781719212568276,0.0007906670494779914,0.00015518157976720652,0.0007911038701228583
WGO,0.0004877855632339963,1.3640760218564834,0.0006653765906152538,0.0001550613151771722,0.0007904907704060129
MHO,0.0007706949412881896,0.7576756714788929,0.000583936807145915,0.00015455006928685516,0.0007878844778098109
UFPT,0.0007064594590884845,0.9144090730421724,0.0006459929391269756,0.00015438591753704666,0.000787047644696269
AMG,0.0006452546425534779,1.2132747959910604,0.0007828711948063555,0.00015384903800005323,0.0007843106737223788
COUR,0.0008449188608938117,0.9970621834372856,0.000842436644270128,0.00015334477918988324,0.0007817400007284096
MDGL,0.0009341296152553169,0.8301483096673696,0.0007754661211144317,0.0001532992423147236,0.0007815078572083724
YUMC,0.0011598184697989328,0.6584294823576284,0.000763658674698528,0.0001528503274221131,0.0007792193232893809
TNC,0.0007487397741970114,0.8938137316618787,0.0006692338916187032,0.0001527204550451805,0.0007785572438069605
EPAC,0.0006864334111181502,1.0767071053906832,0.0007390877311284763,0.00015265515533729773,0.0007782243508714623
KMI,0.001482228740923216,0.5402097038172726,0.0008007143491235794,0.0001521920405688031,0.0007758634270671244
WM,0.002851912358353194,0.21110736667143837,0.0006020597079496743,0.0001514993232441305,0.0007723320069251737
ATRC,0.0007175959551447643,1.0103390023034178,0.0007250151813779292,0.00015126764213073244,0.0007711509142612215
SLP,0.0008756811675494491,0.7393565345077995,0.0006474405933731044,0.00015123998115889397,0.0007710099007343221
BKU,0.0005676892684473321,1.2566063054437844,0.0007133619142636867,0.0001510935253796868,0.0007702632803306218
MCD,0.0035068430951825116,0.17709342273054313,0.0006210388467048428,0.00015103761681153425,0.0007699782627099425
CRGY,0.0004274013227152171,1.7851462192376841,0.0007629738553422552,0.00015095573443799884,0.0007695608326084067
BPOP,0.0007414216133493795,0.9474980407326969,0.0007024955260054122,0.00015070233677112765,0.0007682690306094669
USLM,0.0006481804737400478,1.177268163171245,0.0007630822357234134,0.00014871315475973855,0.0007581283322743335
EEFT,0.0006241150466548789,1.127257699944932,0.0007035384919932028,0.00014870969703545316,0.0007581107050593761
TWLO,0.0005304302480328548,1.5830757741733321,0.0008397112755495642,0.0001480053804299149,0.0007545201526673399
KIDS,0.0005844275614217285,1.0789983718695213,0.0006305963872497198,0.00014784688127937958,0.0007537121360742121
DY,0.0008325668609933228,1.0416841506919743,0.0008672717034881125,0.00014505054847769244,0.0007394566445082364
DINO,0.0006481584338180658,1.0903830233219791,0.0007067409526581815,0.00014463044534660123,0.0007373149907542564
HL,0.0009480218721375839,0.8993118048411645,0.0008525672608609502,0.00014398337374685742,0.0007340162690401726
GL,0.0009190269081288612,0.7590909631517079,0.0006976250208538733,0.00014256076633696114,0.0007267639248552333
AYI,0.0005983444443029625,1.2461542955517344,0.0007456294994876522,0.00014173226089191445,0.0007225402672215274
WERN,0.000689028640475734,0.8531656778390534,0.000587855587102001,0.00014103382564796538,0.0007189796975627625
MTG,0.0008988203807624574,0.7142617370971787,0.0006419930065017403,0.00014068776855954323,0.000717215524892624
GCMG,0.0012307913733092264,0.5555016457020543,0.0006837066333891667,0.00014033876526411537,0.0007154363326836468
BILL,0.000440576974222207,1.7525585361790694,0.0007721369370170747,0.00014032830843074424,0.0007153830245438434
DIOD,0.0004077803303895906,1.7387711108619786,0.000709036658059173,0.0001402706585401434,0.0007150891297939969
HOV,0.0003926940041005514,1.438181713731491,0.0005647653357894122,0.0001400407612923779,0.0007139171311411238
HUBG,0.0005441992812511954,1.1931384863249084,0.0006493051066911544,0.00014000806888334836,0.0007137504677307776
KTB,0.0004789998636568806,1.3154218640517146,0.000630086893532051,0.00013920371936473387,0.0007096499551695447
SYBT,0.0007089402345828902,0.8790407523685703,0.0006231873571920946,0.00013883410469161064,0.0007077656877274899
CNM,0.0005775505617443453,1.0734488257468398,0.0006199709723138952,0.0001386121022691234,0.0007066339362923663
NEM,0.0014466311639734645,0.5308877807906667,0.0007679988082644916,0.00013841148421204127,0.000705611200722769
CLBK,0.00076524735551075,0.7841612702095054,0.0006000773383217748,0.00013821498066756032,0.0007046094406249215
ESTC,0.0005515530172301864,1.4409312077831584,0.0007947499552739377,0.0001376512185870608,0.0007017354244924608
DOW,0.000410657698536528,1.5317333496379577,0.0006290180921339707,0.00013717408927155654,0.0006993030555952583
CCOI,0.0006172757348672552,1.0458290149228533,0.0006455648737320018,0.0001370569237156364,0.0006987057545182068
ACM,0.0008411358138812302,0.8262810662878921,0.0006950145971867168,0.00013603519903639021,0.0006934970799502314
APG,0.0006786519549195985,1.1203767654213095,0.0007603458820996681,0.00013600287779527256,0.0006933323087256201
INVH,0.001345388163972635,0.40558458273859666,0.0005456686971062879,0.0001358771991467949,0.0006926916085513363
LDOS,0.001144700124061355,0.5388904096052131,0.0006168679187305618,0.00013548539168183597,0.000690694203947407
KMX,0.0004818877478896953,1.280577239238971,0.0006170944818156712,0.00013499120969734092,0.0006881749018429594
ENVA,0.0004571008121958064,1.4128523418074208,0.000645815952952919,0.0001345762990661074,0.0006860597190576291
SCI,0.0017294193526800354,0.3033388200409505,0.0005246000257979463,0.0001337704113889425,0.0006819513650813011
AEE,0.002551537172358417,0.22000613938135102,0.0005613538427785841,0.00013367879496442212,0.0006814843115294966
TLRY,0.0004024808286496465,1.5767092634790012,0.0006345952509046022,0.00013334452864658734,0.0006797802473094552
CCI,0.002793167421158409,0.16093311857371476,0.0004495131437855233,0.00013276123977274095,0.0006768066850722894
KMB,0.003754528250596585,0.07153564071003438,0.00026858258397035125,0.00013108168664306512,0.0006682444511850154
AN,0.0006150453732560461,0.9890563746958997,0.0006083145471461114,0.00012984043713622003,0.0006619166557718851
MAR,0.0005715931640907013,1.1184211453802084,0.0006392818812738196,0.00012978927124352357,0.000661655815949329
CHWY,0.0009533560459506603,0.7364286806040706,0.0007020787350653585,0.00012890764609635542,0.0006571613581214821
FHI,0.0008157087057782755,0.7707036291775392,0.0006286696598950304,0.00012868878306559328,0.0006560456110661777
CABO,0.0006618927330299064,0.7765261202969488,0.0005139769960324573,0.00012867362032080443,0.0006559683125485176
HLIO,0.00040639822558772177,1.4487342366927682,0.0005887630231401236,0.00012848294941214647,0.000654996286783698
EVR,0.0003467974415417243,1.866411744506965,0.0006472668178584419,0.0001271872409151595,0.0006483908635881411
APPN,0.000672966581485299,1.0411174666264282,0.0007006372624402223,0.00012663807789408668,0.0006455912723483122
VCEL,0.0004520493897382067,1.2398813139895841,0.0005604875913367974,0.00012455210465627895,0.0006349571397155734
RL,0.0004414462718934557,1.4668643911325672,0.0006475418168387356,0.00012422397289347744,0.0006332843489896901
ROAD,0.0004956527515939375,1.3432273130239318,0.0006657743137164431,0.00012266785557525696,0.0006253513814644454
TEAM,0.0004489675987450107,1.4662639751709525,0.0006583050160588166,0.00012230557148600038,0.0006235044847804139
UCB,0.0005074065428063735,1.0987538684017142,0.0005575149017608428,0.0001219664539526996,0.0006217756894335485
ANIP,0.00103870660807401,0.6134946178558192,0.0006372409135846788,0.00012019736716476405,0.0006127570197781776
HIFS,0.0004900791918823077,1.0731783486666004,0.0005259423778601171,0.00011995544016065884,0.0006115236943440509
QNST,0.0004747360269178525,1.21650803310135,0.0005775201903481863,0.00011992774705531472,0.0006113825170029882
BRSL,0.0005956946397155352,0.9278002061595391,0.0005526856095362059,0.00011915100593856354,0.0006074227499709267
TPR,0.0004457959885777575,1.375180481802802,0.000613049942358117,0.00011878757086038387,0.0006055699856330609
CWH,0.00028616369756794333,1.782988566280464,0.0005102266008481836,0.0001187178871319712,0.0006052147432949268
NKE,0.0005081699084766447,1.0835500452063513,0.0005506275273023757,0.00011855140615565495,0.0006043660359621158
CAAP,0.0007635935100058051,0.8798507544380944,0.0006718483258626401,0.0001183423990097566,0.0006033005334569115
NBN,0.0005416246537873961,0.9345451509132745,0.0005061726938120921,0.00011814937448118397,0.0006023165091170929
PKE,0.0006741414751576313,0.8100554424126162,0.0005460919709075088,0.0001173272231863838,0.000598125244457211
EHC,0.0011700941126807241,0.49344958485782975,0.000577382454146894,0.00011705205005560287,0.0005967224328023665
HAYW,0.0004954294961845936,1.1034665778289707,0.0005466898907103445,0.00011646098287505141,0.0005937092173502599
EPRT,0.0011015568306640272,0.46580332406058317,0.0005131088333649448,0.00011634331569703414,0.0005931093590419765
BE,0.000384938056425821,1.9621862907917256,0.0007553201771227577,0.00011632963544997918,0.0005930396181848099
SMPL,0.0010595301320551792,0.4636827046875471,0.0004912857973292994,0.00011626424338786764,0.0005927062544344901
UAL,0.00027519886101683546,2.2023498139024884,0.0006060841603466044,0.00011624304952432354,0.0005925982097329364
MAA,0.00104295680101519,0.46117580113962975,0.00048098643826220564,0.00011542887343894727,0.0005884476020830536
MWA,0.0005276115446149919,0.9751397493295615,0.0005144949893592459,0.00011420910328741068,0.00058222930678674
HGV,0.0003790533861311886,1.4402967265217954,0.0005459493512217531,0.00011327086409090513,0.0005774462348488853
TNL,0.00039307327907094205,1.389220250672656,0.0005460653592836571,0.00011217372651347088,0.0005718531110717752
GSAT,0.0004122896566169506,1.4892035389201548,0.0006139832156941382,0.00011215696278277842,0.0005717676508499602
BLBD,0.0006449563456663732,0.8588716427126549,0.0005539347160804289,0.00011172345599210906,0.0005695576662606969
XNCR,0.00038626647825746745,1.4361958395275036,0.0005547543090223157,0.00011143345985803627,0.0005680792880644586
CHDN,0.0007653554131611636,0.6551232938978818,0.0005014021592727158,0.00011105394807875986,0.0005661445659293111
ZBH,0.0011705558410610459,0.35409518503772974,0.0004144881871375064,0.00011096999710219561,0.0005657165902471444
LMAT,0.0007061120449905514,0.7181973148955213,0.0005071277747275996,0.00011005385189277374,0.0005610461517720663
GHM,0.0003754920692201038,1.5679712279083973,0.0005887607608449111,0.00010995161127187297,0.000560524936876589
SAFE,0.0005832221028698273,0.7287832712443307,0.00042504251199147037,0.00010990493336331225,0.0005602869764552103
MGEE,0.0013845394363891262,0.29026482160712,0.0004018830925115122,0.0001095679844537235,0.000558569236586798
XYL,0.0006432123889347568,0.8951816774197504,0.0005757919452637805,0.00010893366195741915,0.0005553355088306741
UFPI,0.0005565483682518568,0.7824543712868053,0.000435473703571204,0.00010824663554242325,0.0005518331005126558
FIX,0.00037786474555835756,1.739357815294207,0.0006572419983110863,0.00010727294668036498,0.0005468693088807794
LYTS,0.00044776807804832467,1.1612061101930247,0.0005199510281791018,0.00010725474140574844,0.000546776499777873
AXON,0.0005478984013921227,1.1665425333884416,0.000639146789199444,0.00010614246438873294,0.0005411061962912756
WWD,0.00047436045292760336,1.192082160175844,0.0005654766334279292,0.00010605407432657861,0.0005406555904889917
DBX,0.0006792066672665013,0.8497018151211091,0.0005771231380187053,0.0001060463258649471,0.0005406160894219618
FDX,0.0004538916359034859,1.1282774783912584,0.0005121157104200682,0.00010588291272451854,0.0005397830216827631
SITE,0.0004319522389549322,1.1215779726122233,0.0004844681164323835,0.00010528018595002909,0.0005367103665091234
APOG,0.0005270415171665281,0.8144853986150574,0.0004292676201960643,0.00010448221656184286,0.0005326423793667016
GSIT,0.000315513464183088,1.9290806515287575,0.0006086509190524066,0.0001041400721324843,0.0005308981531343578
GLNG,0.0005646762017027615,1.0577348133276296,0.0005972776767986254,0.00010347455833873833,0.0005275054145203908
BEPC,0.0007385212662055192,0.8510960434927027,0.0006285525277027385,0.00010301588886671251,0.0005251671524987568
GSM,0.00046268322416851586,0.9567059456209399,0.0004426517915010853,0.0001030085263852351,0.000525129619129144
AMAL,0.00048664209336296327,0.9371468423774045,0.0004560551011630311,0.00010295595411312334,0.000524861609691483
MMSI,0.0005472989794470853,0.8968658021103014,0.0004908537381959595,0.00010291195899572894,0.0005246373259350641
BJRI,0.0004291986366196003,1.038562103021582,0.0004457494386616478,0.00010275051265357132,0.000523814284783597
ROIV,0.0006701736249808902,0.7630197882448334,0.0005113557374201912,0.00010266144567139745,0.0005233602280946291
AMGN,0.0009909558134488354,0.44929128989731676,0.00044522781565567204,0.00010158895683048624,0.0005178927616982873
WFRD,0.0002869037106159466,1.7861738538405423,0.000512459906472037,0.00010152172269431014,0.0005175500071947369
WVE,0.0004928253359507996,1.0385646668087005,0.0005118309808266282,0.0001014432783076513,0.0005171501036883521
ALKS,0.0006919274024227445,0.61962717225057,0.00042873701976588733,0.00010143137723971429,0.0005170894329507705
PATH,0.00039230880782853503,1.4337149690834659,0.0005624590102870595,0.00010122735837190111,0.0005160493603071796
IRTC,0.0006457799223106844,0.7898501901603704,0.0005100693944388433,0.0001012219467923723,0.0005160217724870586
FRSH,0.0003928239738232245,1.3126810171040113,0.0005156525735011099,0.00010117284845794691,0.0005157714729190379
HCA,0.0014202543123943057,0.31470037304670817,0.00044695456193168397,0.00010117205439666792,0.0005157674248551382
ALDX,0.0004143813870208405,0.9499253498632844,0.000393631384042605,0.0001009944660597777,0.0005148620930444086
OGE,0.0015637716059961032,0.2879855596971411,0.00045034364119128504,0.00010080168445120498,0.000513879307092241
MA,0.0006540395312546476,0.7797347176469742,0.000509977329232802,0.00010021807376487165,0.0005109041042795362
EXE,0.001042797743617333,0.5407917031626174,0.0005639363678249518,0.00010005792454362804,0.0005100876757516592
ALK,0.00027292911173203307,1.8334889213181835,0.0005004125026658953,9.990557948773644e-05,0.000509311032264135
VTR,0.0019717268212196674,0.24200238533271268,0.00047716259395964665,9.988522479759697e-05,0.00050920726560466
ATO,0.002271190428740516,0.17199337830339106,0.0003906297146094085,9.974552848328067e-05,0.0005084951044379589
AJG,0.001149818966116581,0.34032801362646253,0.00039131560476848886,9.870828276430996e-05,0.0005032073047920405
WK,0.0005304711441018203,0.9096931075515594,0.000482565943544416,9.83791034045604e-05,0.0005015291734967341
HR,0.0012549618010492855,0.316056341402807,0.0003966386354399145,9.801048740376635e-05,0.000499649997210123
EXLS,0.0005807765448454276,0.7904492197673055,0.0004590743667322198,9.766297021204925e-05,0.0004978783810446345
SHEN,0.0006674153948630752,0.5781006948998975,0.0003858333035572332,9.692916022284794e-05,0.0004941374736298316
HNRG,0.00044567375889823955,1.4142326089994586,0.000630286362809253,9.65595529623463e-05,0.0004922532439767569
MAC,0.00032938847330819067,1.3532596854510106,0.0004457481417802307,9.551088281894758e-05,0.00048690720348554945
PINS,0.00036856982878136386,1.4353875211735174,0.0005290405329138296,9.505233191602651e-05,0.0004845695459201774
GTY,0.0014843333256699804,0.22804067258192637,0.0003384883699215499,9.45324457603922e-05,0.0004819192059097034
NCNO,0.0005086968196243799,0.9240254932623823,0.0004700488296744227,9.425636738526197e-05,0.00048051177938813816
MUSA,0.0017828719409774168,0.19433932284776778,0.0003464821257338366,9.377318908688687e-05,0.0004780485732371418
COCO,0.0007706257867359593,0.7192884031568,0.0005543021915727608,9.33510762653471e-05,0.0004758966742343765
FIVN,0.00026205002644014527,1.8157635700351464,0.00047582089153676266,9.322941731671974e-05,0.0004752764661836622
DAR,0.0004216468907433515,1.00468798444207,0.0004236235648072035,9.314702717081689e-05,0.0004748564474972852
IMAX,0.0007501761052767507,0.6699099904114119,0.0005025504674928184,9.261678574774222e-05,0.00047215331712238445
HRMY,0.0006507034337020361,0.5939842222708821,0.0003865075729964964,9.233119195231101e-05,0.0004706973817131198
ATR,0.0007115899534864263,0.6067412204170957,0.00043175095681489864,9.229978763086643e-05,0.0004705372848751403
ANGO,0.0004115800657979752,1.0674394285855047,0.00043933679025257504,9.221555528456778e-05,0.00047010787479150566
COKE,0.0011648224274822987,0.37474956086468275,0.0004365166931843252,9.078617610525513e-05,0.00046282100864203347
AGX,0.0003655198372655858,1.5859342957169145,0.000579690445684358,9.007214906117446e-05,0.0004591809531741617
WMT,0.0008205520380677996,0.5824970679025048,0.0004779691562359177,8.989543713675388e-05,0.00045828008924742703
AVPT,0.0004288666867144808,1.1331760671310938,0.00048598146537465826,8.9678633927279e-05,0.000457174843004104
ETSY,0.00039991145762661886,1.0217285759069994,0.00040860096408973763,8.883326268337898e-05,0.00045286520481287575
SUI,0.0008796048466484284,0.44455168129203015,0.0003910298134501772,8.878717109543857e-05,0.0004526302334093467
SAFT,0.0012369747851628022,0.2548113664792708,0.000315195235307736,8.852920659691413e-05,0.0004513151500505928
IRT,0.000623402072674426,0.6029682777558828,0.00037589167410994635,8.831235324054439e-05,0.0004502096481622206
ATEN,0.0004355793793464234,1.0754061609114902,0.00046842474811514687,8.814223947264583e-05,0.0004493424211347111
OMC,0.0005188467964988659,0.7195445059647261,0.0003733333618581572,8.746358194735173e-05,0.00044588267677875363
PODD,0.0005691362399154734,0.835042175192138,0.0004752527637596914,8.740825034437875e-05,0.00044560060048259983
UMH,0.000814229061126189,0.41920474695646875,0.0003413286875340072,8.738664451611667e-05,0.00044549045561630206
MNST,0.0014490132739735685,0.3129689159312579,0.00045349611352551056,8.712498645267089e-05,0.0004441565427449978
SLDB,0.0002599017674411978,1.5826730837193521,0.00041133953174027045,8.638128855259032e-05,0.000440365227513908
BBIO,0.00047148489369129863,1.0414457521010052,0.000491025939714597,8.635574023658592e-05,0.0004402349841454842
TALO,0.00027907487272513313,1.5413185439758266,0.0004301432764889413,8.623511815027026e-05,0.0004396200619398348
MCB,0.0003734155968005213,0.9817907597572703,0.00036661598248799833,8.594844129969785e-05,0.00043815860519797996
ES,0.0008822830276770639,0.41973575316659273,0.0003703257311281342,8.540168775473743e-05,0.0004353712972837904
TTMI,0.00026971079437200897,1.883985432325791,0.0005081312075378818,8.518284349398643e-05,0.00043425564591657265
SBCF,0.00037625759704678843,1.0341944905680736,0.0003891235339001709,8.509935465540145e-05,0.00043383002617861327
GRBK,0.0004128339828842153,0.7629014544718173,0.0003149516459977612,8.509033281096946e-05,0.0004337840335030876
ORI,0.0007814844301456855,0.456229037890197,0.00035653588969153496,8.492515882414217e-05,0.00043294198910310975
AR,0.00042888495303329544,1.100471064881513,0.0004719754809762083,8.448543419268624e-05,0.0004307003064352636
DXPE,0.00027503480444777533,1.5513194210522243,0.00042666683360513454,8.402159316994903e-05,0.0004283356802421315
ARLO,0.00030430442299827153,1.4972503304560443,0.0004556198978933979,8.396806724039208e-05,0.0004280628091314755
LGIH,0.0002723014782151808,1.0764565993209243,0.0002931207232295743,8.384358175697708e-05,0.00042742819162177204
BL,0.0004249354969385744,0.9435240252955953,0.00040093685056246785,8.300063843848852e-05,0.00042313093080930395
WD,0.0003686738633808208,0.9734205489609612,0.000358874714479717,8.234358519041135e-05,0.00041978132341253426
ORLY,0.0021482477723966434,0.15511097402550167,0.00033321680442455757,8.22467388462417e-05,0.00041928760812883376
ESS,0.0005406983758798247,0.6666069456530547,0.00036043329286481726,8.218482514438032e-05,0.00041897197679404747
UNH,0.001127440288300973,0.298018023089976,0.0003359975258714486,8.203845827755286e-05,0.00041822580965888447
IIIN,0.00040147123862189994,0.8818994766191978,0.0003540572752183146,8.180218152510536e-05,0.0004170212887772071
ARVN,0.00035434820703916683,1.0550996569903945,0.00037387267170218625,8.179159379049864e-05,0.0004169673133128783
DORM,0.0004546103611507849,0.7356616262162236,0.0003344393975789311,8.14082452343248e-05,0.00041501303158143776
PLUS,0.00037557800689465905,1.0077367908926216,0.00037848377539787063,8.061308673792975e-05,0.0004109593741512012
CARG,0.000335623311300323,1.1983640421934938,0.00040219890798422035,8.030679987692598e-05,0.000409397947070285
CRI,0.00025092865971095826,1.3965761105135832,0.00035044097159551654,7.971757027566505e-05,0.0004063940994573934
BW,0.0001420848139969507,2.9212319384228764,0.0004150626966127662,7.967565579957046e-05,0.0004061804226517935
GIC,0.0004985777557034485,0.7056295895754958,0.0003518112171284962,7.913931271749012e-05,0.00040344618648417685
NXRT,0.0004519363493964798,0.7418713891918226,0.0003352786473530474,7.905724791319622e-05,0.000403027826364534
NHC,0.0006546942477512435,0.5061925136665613,0.0003314013269522404,7.893978735856569e-05,0.0004024290214065333
TTD,0.0002734190018503673,1.5532140757915391,0.00042467824226286336,7.855100324405383e-05,0.00040044702961282934
KFY,0.00043203394280705293,0.8178741760136315,0.0003533494049832388,7.851970554065784e-05,0.0004002874763055381
IVT,0.0006132004655965768,0.5735022397005421,0.000351671840405052,7.85057705531167e-05,0.0004002164368007822
IBOC,0.000394680836942589,0.8714583980077334,0.00034394792988634007,7.838194248253187e-05,0.0003995851707315976
PNC,0.00038463326335393523,0.9655670499290224,0.000371389205401232,7.779406465810624e-05,0.00039658821437401834
WLY,0.0005666271176391751,0.5544222900562141,0.0003141507041694633,7.778710841202444e-05,0.0003965527519615007
TRUP,0.000296384971540549,1.339564241538144,0.00039702670960501985,7.774856339366706e-05,0.0003963562523947208
ICHR,0.00014898441718098947,2.8227360651678755,0.00042054368752479545,7.761618957219127e-05,0.00039568142073860834
OI,0.0003147172253207517,1.0661968804578603,0.000335550523863339,7.75764289562497e-05,0.0003954787241479625
FTI,0.0003190380824656334,1.324588929990669,0.00042259431227942816,7.711232670989033e-05,0.0003931127662567077
ANF,0.0002479324124386776,1.4380042165152938,0.0003565278544976272,7.709927645339396e-05,0.00039304623704340897
FRME,0.00038629669640246245,0.8385527343063182,0.00032393015102178253,7.702199969837674e-05,0.0003926522860341695
FTAI,0.0002132997568699267,1.9768875312338938,0.00042166962977137915,7.566907055659436e-05,0.0003857551563511772
LEA,0.00031682520980180924,1.0406918082209526,0.00032971740047862757,7.532734361904589e-05,0.0003840130584602717
PSA,0.0006395088455311685,0.46354765982209795,0.0002964428287815047,7.466304682528967e-05,0.0003806265240195275
URBN,0.00025766778704742316,1.3225764758345702,0.00034078535372927344,7.46369725503706e-05,0.00038049359935263033
TRST,0.00041929221214945337,0.7485722776666008,0.00031387052625658394,7.463654137554403e-05,0.00038049140125621635
ACA,0.0003127734613168473,1.1258354931709444,0.0003521314640724361,7.420307678972556e-05,0.0003782816318240672
IRON,0.00031037820698484543,1.2232635228384554,0.0003796743388885653,7.396897274650666e-05,0.0003770881872484951
LNT,0.0012667816696279198,0.24118584287070374,0.0003055298047223672,7.338932733255707e-05,0.0003741331990922823
XPRO,0.000197953335763794,1.756525021582871,0.00034770998737489953,7.289207899024739e-05,0.00037159826492932636
ATEC,0.0004149336318927728,0.7286230481886257,0.00030233020766568924,7.259520861171374e-05,0.00037008484235858617
BA,0.0003161213456916641,1.2646772190486577,0.0003997914643512531,7.208043411794729e-05,0.0003674605612108489
FISI,0.0003469808293195103,0.9391815041194804,0.0003258779771809224,7.178943107787048e-05,0.0003659770498845198
HRB,0.0012869591992327517,0.2085456154342276,0.0002683896982427349,7.178352485600402e-05,0.00036594694041544904
ATEX,0.0005264227257786515,0.6804082350531708,0.0003581823577389316,7.140879362005317e-05,0.000364036589125938
VLO,0.000338466627374306,1.0417793611185844,0.00035260754682596646,7.135286772049512e-05,0.000363751483151074
CVBF,0.00037483412081941296,0.7940498400692586,0.000297636973689156,7.115181463322273e-05,0.0003627265298307125
SCL,0.000306047842734778,1.0063348890210053,0.0003079866218536209,7.064985270499463e-05,0.00036016756616588007
LNN,0.0003921588284883577,0.8274426953734647,0.00032448895805890695,7.035877370408851e-05,0.00035868366759703077
UTHR,0.0007700184890506303,0.4159502318408312,0.0003202893690423362,7.002606522344094e-05,0.0003569875451122756
PB,0.00038903134312828324,0.7835602806680252,0.00030482950841025645,6.974098294053103e-05,0.00035553421735487153
DTM,0.0005826203331413076,0.6608436803408684,0.0003850209651945245,6.911443653164894e-05,0.00035234013149995397
CTSH,0.0003690052632427823,0.8947720751756418,0.00033017560514247827,6.882850612830349e-05,0.00035088248008918917
BV,0.00034492533190636377,0.9195425456851579,0.00031717351777247574,6.845662065260267e-05,0.0003489866362686098
NRIM,0.0003467130895638949,0.8183589406672426,0.0002837357566909758,6.76648429351686e-05,0.0003449502137919294
REZI,0.00020871539152319567,1.6168639263202071,0.00033746438742165345,6.758072353410897e-05,0.00034452137949451776
PCTY,0.0003800831389051528,0.8775671443392828,0.0003335484748205059,6.682141890197054e-05,0.0003406505023324987
Z,0.00027431425216613054,1.146154640975214,0.0003144065532058556,6.660569627198175e-05,0.0003395507648010647
GATX,0.00045200098922153935,0.6598043684908825,0.000298232227250572,6.636300755272338e-05,0.00033831355620112343
APPF,0.0003841111210755094,0.8263767524000738,0.000317420500795131,6.587528196510364e-05,0.00033582716831602303
MRCY,0.0003599759852165007,0.866137792719649,0.00031178880526750086,6.563957087064226e-05,0.0003346255311156606
EGBN,0.00027733138113464096,0.9434677981088725,0.0002616532275055922,6.531205400116132e-05,0.0003329558750690758
PG,0.0014757300725783107,0.1404927328662623,0.00020732935086945447,6.51004307622028e-05,0.00033187703592077504
WSBC,0.00031629096283124496,0.8804677905659131,0.0002784840052199916,6.486659402846522e-05,0.000330684954068572
WU,0.0003892568590158252,0.746291584712672,0.00029049911817519733,6.483455415161707e-05,0.0003305216172175691
HRL,0.0012877760757556485,0.08317947966712265,0.00010711654390912397,6.468843080617368e-05,0.00032977669153586784
RARE,0.0003232519268261296,0.9933554067531221,0.00032110404925610045,6.448301194676213e-05,0.000328729481841776
CNC,0.0010524233851671998,0.1478652248018146,0.0001556168204344347,6.408318251174385e-05,0.0003266911818456908
JKHY,0.0006756001349082983,0.3986097192297408,0.0002693007800873718,6.402676376112737e-05,0.0003264035633536819
GPRE,0.00018572493713235936,1.7124380155298047,0.0003180424427773352,6.400735840541113e-05,0.0003263046363287653
CDNA,0.00024376844515195837,1.3279988902219098,0.0003237242246329212,6.367120184724151e-05,0.00032459093580751723
LGND,0.0003777228287326924,0.8823802182031097,0.00033329515203744893,6.215841444223213e-05,0.00031687886087844794
PFS,0.0002741475731188511,1.0124712266257225,0.00027756652963210817,6.194147740056513e-05,0.0003157729323688064
PM,0.004360879143512821,0.09647720422914281,0.00042072542774729586,6.166675045587117e-05,0.00031437239533663766
STNE,0.0003194337519495381,1.0102198272722518,0.00032269830971938974,6.103767552734133e-05,0.00031116541928120775
QLYS,0.00031962352536258194,0.9185239659542793,0.00029358186812832694,6.063988615674296e-05,0.0003091375193780995
HAE,0.00037853513765690735,0.7038225312796051,0.0002664215587639583,6.0606669427215127e-05,0.00030896818302180183
NVCR,0.00021463870641918285,1.317337901531714,0.00028275170310172797,6.0560020910809864e-05,0.00030873037243939216
MPC,0.0002834324461544346,1.047421503308656,0.00029687323883752757,5.97289547950181e-05,0.00030449366070132945
RNR,0.0007029524448209581,0.37903517491563876,0.0002664437028800878,5.9048028358295083e-05,0.00030102234960777927
LTH,0.00027524105743017505,1.1071224683248233,0.00030472555888642986,5.813510186194566e-05,0.0002963683198867057
KMT,0.00024210963770055855,1.0554590545336264,0.00025553680930091036,5.802913065779071e-05,0.00029582808676203765
BRX,0.00037557135950376503,0.7024002981416689,0.00026380143488891647,5.790117105253384e-05,0.0002951757584438831
GSBC,0.0003101069821571139,0.7580987428483278,0.00023509171332179686,5.7635663529008566e-05,0.00029382222131839005
THC,0.0002966947878802295,1.0061219905031054,0.0002985111505539531,5.76012127456274e-05,0.00029364659384957265
SVRA,0.0003931608953422746,0.749109111815182,0.00029452040911031306,5.708656953072246e-05,0.0002910229819514689
ALLE,0.0003790723532250329,0.6972759136077692,0.0002643180214184318,5.688977097749372e-05,0.00029001971792150233
LFST,0.0003811270467028208,0.6992919717897513,0.0002665190839912202,5.6136056903758126e-05,0.0002861773410002674
CSIQ,0.000145209332457761,2.144411812953393,0.00031138860787349927,5.575845510723832e-05,0.00028425235581168836
SLVM,0.0002384613585996157,1.0161567312086133,0.00024231411467415042,5.5751390533692965e-05,0.0002842163411540152
ALX,0.0004757567108626189,0.4294303521451968,0.000204304371881175,5.4045259044108885e-05,0.0002755186128129762
FSK,0.0003376755342173668,0.7971003219262729,0.00026916127703128926,5.3721091959440506e-05,0.0002738660337141404
NSSC,0.00023961617647853782,1.124411715069019,0.0002694272359525134,5.3717092501837964e-05,0.00027384564478400764
TCBK,0.00028955279649689117,0.8193896298856999,0.00023725655875395704,5.3538051979990375e-05,0.0002729329098450096
KRG,0.00032134822520038666,0.7174893703968757,0.00023056393577717884,5.2759329673639856e-05,0.00026896304285932063
BKD,0.0003194071539649723,0.8923921966013842,0.0002850364517369982,5.266629248438475e-05,0.00026848874635714893
AMH,0.0004687553843075632,0.46920483513116207,0.0002199422928108747,5.219440716044888e-05,0.0002660831109294141
SAH,0.0002345024833009994,0.9654206743225876,0.0002263935455587722,5.168813492852295e-05,0.000263502173664739
IESC,0.0001562790054608674,1.9030372033240794,0.00029740476149051764,5.140706723242402e-05,0.0002620693119650196
HOMB,0.00026370958296229686,0.8635691234356032,0.0002277314534003192,5.12117439047727e-05,0.0002610735685226469
IRWD,0.00021084703126945925,1.0556170036558334,0.0002225737113783944,5.116877098222732e-05,0.00026085449583768556
TER,0.00015571553732256452,1.9087614530095351,0.0002972238152759787,5.093316063066477e-05,0.00025965337221694557
LXU,0.00019891133470668678,1.2547370497734096,0.0002495814212763594,5.0489088785743315e-05,0.0002573895277860732
GCO,0.00011571797755731676,1.9614965037752412,0.00022698040840261863,4.937173251013419e-05,0.0002516933306261624
CALX,0.0002081998920598749,1.2631458350614788,0.00026298682651568043,4.9216385699448506e-05,0.0002509013844214063
TRN,0.00021523544397826795,1.0412460184373487,0.00022411304906896651,4.9089745180220505e-05,0.0002502557807033237
MOH,0.0006561588074242198,0.14141316255665437,9.278949209726167e-05,4.870312220817502e-05,0.00024828480624925246
EXPE,0.0001613046718406178,1.540876185368038,0.0002485505274278143,4.8691675635156016e-05,0.00024822645249213414
LXP,0.0003311649057342388,0.6554405507292884,0.00021705890819666236,4.7979943511582525e-05,0.0002445980963541543
CDZI,0.00019087741069811034,1.2810885166328543,0.0002445308589299623,4.767996845575725e-05,0.00024306884637513167
PLOW,0.0002949335373067171,0.7143809682797306,0.00021069490595933862,4.7634771000247836e-05,0.0002428384331906104
AZO,0.0014435722314685981,0.1421335644903654,0.0002051800668579427,4.746086931961994e-05,0.00024195189567261392
BRK/B,0.00047099052263229136,0.48987315652033986,0.00023072561401304514,4.7454120384119824e-05,0.0002419174901136464
TYL,0.00037027064828154196,0.6463313787990111,0.00023931753863261273,4.718641728306658e-05,0.00024055276010120024
CAC,0.00023892818938196488,0.8533460669515194,0.0002038884306929475,4.683614234404052e-05,0.00023876708515004785
VZ,0.0016439241193624136,0.09543731652632158,0.00015689170652484512,4.6731883999914404e-05,0.00023823558405530125
CCL,0.00012517768549053263,1.8546945203720984,0.0002321663673521528,4.598666580626527e-05,0.00023443651848343251
BRZE,0.00016268455411642057,1.411044330286175,0.00022955511771110965,4.59653695526484e-05,0.00023432795180508903
VIRT,0.00030520260307506777,0.8275274985530996,0.00025256354667460535,4.592166724485095e-05,0.00023410516076968565
CDNS,0.00019729170131515812,1.3221143405551554,0.00026084218758129496,4.55965806206507e-05,0.00023244789392837763
TGTX,0.0003576370944018814,0.5131440080320206,0.00018351933204230754,4.519861812599542e-05,0.0002304191114520178
JBLU,0.00010489579702686839,1.9932825906930878,0.00020908696605053252,4.512178558154031e-05,0.0002300274249943789
CNOB,0.00020001053185848342,0.9592777528851627,0.00019186565355457222,4.501689818830706e-05,0.00022949271705521244
RYTM,0.000333099766175676,0.6767971246854017,0.00022544096398107713,4.458818141869703e-05,0.00022730715162835023
BXC,0.0001434933910132757,1.2346456027673194,0.00017716348424071243,4.401387816405471e-05,0.00022437939739325833
ASTE,0.0001776581351188081,1.14273363372881,0.0002030159263057995,4.401247996106172e-05,0.00022437226946093135
PRVA,0.0003585490754298825,0.5744396531165231,0.00020596480651519178,4.3877122269784846e-05,0.00022368222626391877
FLEX,0.00014386587428238604,1.7144039685900085,0.00024664422581439384,4.3672378900647475e-05,0.00022263846016777803
KBH,0.00022753218215880469,0.6931527325684016,0.0001577145538106268,4.3661201395147515e-05,0.00022258147809637108
GNW,0.00021732399676268517,0.9580313527585166,0.00020820320260544274,4.3132123258610715e-05,0.00021988427806760773
PEGA,0.00016491491401010664,1.4259958091880771,0.0002351679762510242,4.143415885282712e-05,0.00021122818489752052
EQBK,0.00023066261196857932,0.753480310606315,0.00017379973651134907,4.105246317323978e-05,0.00020928232940498265
AXS,0.0003391185319524561,0.5171243688533668,0.00017536645680239416,4.093612540270489e-05,0.00020868924831475482
UGI,0.00039233096900251574,0.4645068944383243,0.00018224044000333706,4.068584345056206e-05,0.000207413329992109
ODC,0.00035027670076531015,0.48149688493572945,0.00016865714028406148,4.048670543864915e-05,0.00020639813958001757
BAND,0.00016583797107494382,1.3069110227995901,0.00021673547239656367,3.9911102705945526e-05,0.0002034637607047784
PRG,0.00015882110083395646,1.1053757624981173,0.000175556995435125,3.9517644663208464e-05,0.00020145794158109634
FMBH,0.0001974869786845495,0.8646282585657026,0.00017075282246942406,3.939959966121009e-05,0.00020085615715494432
JNJ,0.0015365474780569058,0.06912850484667749,0.00010621922978400688,3.9353758409218863e-05,0.00020062246194501064
OHI,0.0011341845531333313,0.1430053287105257,0.00016219443483923276,3.828365443783151e-05,0.00019516715343179447
ADM,0.0003948372549946126,0.37849341561933114,0.00014944330125667173,3.823992813154303e-05,0.00019494424005391233
BH,0.00020722939864965524,0.88125397664798,0.00018262173163837822,3.8079385409292926e-05,0.0001941258054878856
ST,9.902716609659492e-05,1.9029967205935596,0.00018844837233149387,3.804854353719684e-05,0.00019396857597383084
VRTS,0.00015720247278299594,1.116597887455964,0.00017553194901234696,3.7951592008902624e-05,0.00019347432446947745
SHOO,0.00011341168394547472,1.4798741553117793,0.00016783501998129588,3.7825722463601637e-05,0.00019283265111773304
UHT,0.00041450275425065664,0.31312555975905193,0.00012979140694640561,3.757923569584226e-05,0.00019157608035591297
KRYS,0.00020273305564027925,0.8514404951310961,0.00017261513327379943,3.59384418326743e-05,0.00018321143825616608
NAT,0.00048132534213231017,0.3932532378449392,0.00018928274925035412,3.557030571359678e-05,0.00018133470836998288
RDWR,0.0002182926259554672,0.8785556807024636,0.00019178222658863375,3.555355533597388e-05,0.00018124931622109914
DLTR,0.00020417495918502711,0.6935464288434289,0.0001416048138020284,3.533490774597752e-05,0.0001801346674664039
RUN,0.0001064949468606675,1.7608029430825598,0.00018751661585568414,3.510287106242374e-05,0.0001789517621328892
PLNT,0.0003194465213359053,0.4925306527741998,0.00015733720368002078,3.451731164622146e-05,0.00017596662484378937
BKH,0.0005274453464100733,0.26768698143660674,0.0001411902526532979,3.4158598352333075e-05,0.00017413793180248043
ASTS,8.368506158725279e-05,2.3370807873588433,0.00019557874962451005,3.401958375997902e-05,0.00017342924600240146
NYT,0.00042995861815427644,0.42921441709416935,0.0001845444376657023,3.3942561544957955e-05,0.00017303659261866863
AIG,0.00029132357247874514,0.5563028893961578,0.0001620641451191369,3.378479845837101e-05,0.0001722323284234678
AGIO,0.0001625317494508641,0.9559352734081208,0.00015536983234881195,3.3686301713289256e-05,0.00017173019952166407
ROKU,0.00010328857559106593,1.860405064293273,0.0001921585891132576,3.3104173621042273e-05,0.00016876255486065035
LKQ,0.00019465456621578105,0.6504762007061428,0.00012661816268214355,3.294943035762215e-05,0.00016797368549386892
RAMP,0.00015377817480896256,1.0977493039421018,0.0001688098843580255,3.276482681778742e-05,0.00016703259071302755
CGNX,0.00011321673593034974,1.4781249240001826,0.00016734847919259695,3.259915522608169e-05,0.0001661880095612927
TGT,0.00014098077951204432,1.014083939284153,0.00014296634425092452,3.218293668938273e-05,0.00016406615917355103
SIBN,0.00016893647948880026,0.8515030929763007,0.0001438499348012408,3.196114155917333e-05,0.00016293546449866575
CROX,0.00011865555070541566,1.220476153156649,0.00014481627007562943,3.1667073883530045e-05,0.0001614363298937183
AEO,8.396044676844882e-05,1.7516896561539996,0.0001470726461303603,3.124948210798363e-05,0.0001593074788389615
PRGS,0.00019186530794860373,0.816068277883796,0.00015657519144326125,3.118928372461921e-05,0.00015900059206717983
SBRA,0.0008420554171867031,0.1272429869233968,0.00010714564643786311,3.1133997161030344e-05,0.00015871874537837466
TOST,0.00010362632300797987,1.5267717230170652,0.00015821373972881638,3.1080241258591623e-05,0.00015844470188348942
TCBI,0.00012356327862411332,1.1430934624043372,0.00014124437598846953,3.0842741810198385e-05,0.00015723394779103986
ALGT,7.066457591700919e-05,2.059875371495478,0.0001455602195686197,3.074457647007485e-05,0.00015673350836646282
IART,9.427352914002747e-05,1.4297880241636998,0.00013479116296005885,3.067408278244638e-05,0.0001563741369179586
WNC,0.00010446980940993039,1.2230935788995951,0.00012777635307815037,3.0628043208011434e-05,0.00015613943067531734
BBSI,0.00020776982121779194,0.6876129764264793,0.0001428652251791634,3.055176931795006e-05,0.00015575059219521297
ABEO,0.0001929791454076719,0.7495852753824689,0.00014465432585348325,3.0477510053929783e-05,0.00015537202412516853
ITIC,0.00015436388812606645,0.8791999729964262,0.00013571672627206096,3.0306469672091218e-05,0.00015450007329039314
YOU,0.000187595899923762,0.7341606455607104,0.00013772552699257154,3.0276772890495314e-05,0.00015434868136046204
AZZ,0.00012344991533678806,1.175679748732182,0.0001451375654441641,2.9520908176293905e-05,0.00015049534063799307
NGVC,0.00032281082153946594,0.4004802858289511,0.00012927937007880386,2.9151181880354936e-05,0.00014861050415132833
VTOL,0.00012982925492420228,1.0861887239810828,0.00014101907274153397,2.8604047385188207e-05,0.00014582125418201216
CYTK,0.00021512522565504753,0.6350751381461373,0.00013662068240159826,2.8577099003075555e-05,0.00014568387338324178
VTRS,0.00015115556305866584,0.8877155451339672,0.0001341831430606553,2.8411269142439343e-05,0.00014483848538855812
LH,0.00020850840492775142,0.6296629632824363,0.00013129002011610211,2.8091783934473654e-05,0.00014320977414043306
MTH,0.00011988301678348208,0.894700681319121,0.00010725941679477302,2.790660358744249e-05,0.00014226573884045215
TFX,0.00014530872215718258,0.8514338243054403,0.00012372076101122663,2.7137945640162453e-05,0.00013834717919048502
BKNG,0.00015393900943299767,0.9839296806007783,0.0001514651603834096,2.7027370004560902e-05,0.00013778347302512115
PCRX,0.00040028777374062364,0.24613652474183365,9.852544152516252e-05,2.6708313298196647e-05,0.000136156946245512
VCYT,0.00010413274436235154,1.2339810376028348,0.0001284978319366853,2.658197188436099e-05,0.00013551286734393025
RDN,0.00018238846864604327,0.6333049239616674,0.00011550751526736738,2.6438561984898792e-05,0.00013478177460309935
BXMT,0.00016190571548627792,0.736070089369648,0.0001191739544674414,2.6187061412656233e-05,0.00013349964384803376
CVX,0.00018981478176486772,0.6880812129811775,0.0001306079852785277,2.6130775930608352e-05,0.0001332127047490337
MMS,0.0002366747089879662,0.4450734814199577,0.00010533763669332947,2.5649798891859036e-05,0.0001307607204518921
HCSG,0.0001499008867247092,0.7892140219287201,0.00011830388170268923,2.4502011676547363e-05,0.00012490938867995916
PAX,0.00012342471486482062,1.0058535180890513,0.00012414718366591786,2.4177695429089985e-05,0.00012325604916059001
HUN,6.972001618164671e-05,1.5420886233780757,0.00010751444377545273,2.4018652324406927e-05,0.00012244525953066185
BCRX,0.00014526886973980252,0.8212069705933775,0.0001192958084405472,2.3927184685251663e-05,0.00012197896447531262
BJ,0.0026945712277316593,-0.01390323983858608,-3.746327004130661e-05,2.3749455496264302e-05,0.00012107291461132348
EZPW,0.00033432758511500315,0.3331529925418152,0.00011138223547034172,2.3671244108509456e-05,0.00012067419891559879
GLW,0.00011074519571106737,1.2680772559513693,0.00014043346388708768,2.3558360198828176e-05,0.0001200987253448475
BGC,0.00011301016103414716,1.0600612954217312,0.0001197976977016765,2.3124257762035838e-05,0.00011788570419703242
OSCR,9.762034642035114e-05,1.0754346724382924,0.00010498430527588295,2.265703844467306e-05,0.00011550385571529681
RPD,9.348681666655896e-05,1.1779902993881957,0.00011012656315388914,2.2305503656413458e-05,0.00011371175814874169
OFIX,0.00010402703554323747,0.9558630103702295,9.943559535424983e-05,2.224382246141964e-05,0.00011339731211625114
BANC,8.573008703179259e-05,1.199711466465766,0.00010285136843314964,2.2117795909043643e-05,0.00011275483835440095
VICI,0.0002631356307045527,0.3467330338737229,9.123781555446511e-05,2.206974849092605e-05,0.00011250989627764636
U,6.39956729189083e-05,1.9680317627522868,0.00012594551698311788,2.1863541910241074e-05,0.00011145867084052036
MGPI,0.00013634077918531014,0.6253409446468954,8.525947164963561e-05,2.1692969774804692e-05,0.00011058910709022686
CMPR,9.383632880859072e-05,1.0439807160318046,9.79633177393884e-05,2.1685424209500836e-05,0.00011055064037321637
ADEA,7.679191744976388e-05,1.440460625700915,0.00011061573345845989,2.1062931597462973e-05,0.00010737722046574544
MAGN,5.520459846883607e-05,1.7590588644148286,9.710813829306737e-05,2.0905465220811483e-05,0.0001065744688751888
WASH,9.807522088404364e-05,0.923102139437347,9.053344622385105e-05,2.0601902567571193e-05,0.00010502692959788918
NNI,0.0001335834342903987,0.7152075948880289,9.55398867557191e-05,2.054725826228645e-05,0.00010474835709298373
IDT,0.00014519098033969908,0.6572767204545061,9.543065139725208e-05,2.0282947861956493e-05,0.00010340092281032966
ROP,0.00016678979111339152,0.6085587543541316,0.00010150138751895135,2.0186453634571143e-05,0.00010290900259116718
DHT,0.000245596294065109,0.4246117237594396,0.00010428306577191617,1.977217639882458e-05,0.00010079704880776998
PRIM,8.401676275914944e-05,1.3188190361633336,0.00011080290608358493,1.948944649325889e-05,9.935571329083541e-05
DAN,5.8074027993631325e-05,1.6409646565495608,9.529742740101881e-05,1.9072393916747497e-05,9.722961103167673e-05
PGC,8.101602260043853e-05,1.0507785986740448,8.512990269823354e-05,1.9033499190678308e-05,9.703132868162678e-05
UNFI,9.244212990170297e-05,1.0889175487358318,0.00010066185749248173,1.895519458382393e-05,9.66321377620352e-05
WTM,0.00019306744143360302,0.3874379804898623,7.480165960737991e-05,1.864276470165756e-05,9.503939402727863e-05
RWT,9.151531212793847e-05,0.9741533704782925,8.914994975980422e-05,1.8583028367090393e-05,9.473486274506116e-05
DG,0.0007012299716364017,-0.05246358600927693,-3.678903892922919e-05,1.7991804528216902e-05,9.172084866076485e-05
CXM,8.389284447892336e-05,1.1172812133795997,9.373189907327754e-05,1.7905109834256347e-05,9.127888571636e-05
PENN,5.3639178627563105e-05,1.6492040583343341,8.846195107829735e-05,1.7797560465068523e-05,9.073060722659726e-05
HFWA,8.561248592302394e-05,0.8398291461365889,7.189986095136392e-05,1.775114885744897e-05,9.049400438712668e-05
CNO,8.709827689788736e-05,0.9834428780473526,8.56561801054236e-05,1.773235824319887e-05,9.039821126736634e-05
LQDA,8.10214028054068e-05,1.1645155303071493,9.435068185416745e-05,1.7034610721599296e-05,8.684114756474056e-05
SHBI,7.934947360625522e-05,0.95030430532453,7.54061463932595e-05,1.6761801300916473e-05,8.54503859238814e-05
ASB,6.359180073728742e-05,1.213405000479688,7.716260900413246e-05,1.6744731754491634e-05,8.536336667676335e-05
PFSI,0.00010763989285302074,0.6307199847519591,6.789063157895976e-05,1.6673177483189865e-05,8.49985884535002e-05
MSEX,0.0011567691552179394,-0.11931642554860018,-0.00013802156078547838,1.573914334836952e-05,8.023695359972628e-05
FE,0.0004999847412872898,0.12835493359482478,6.417550826635572e-05,1.5188095747040697e-05,7.74277549133415e-05
POR,0.00024153641644112232,0.2406447499076015,5.812447052805217e-05,1.5091525436466707e-05,7.693544682788022e-05
PPC,0.0008539488181555898,-0.022941070442264174,-1.9590499991395624e-05,1.472239257088229e-05,7.505363560394857e-05
WMG,0.0001286651563070659,0.5862569177412108,7.543083795727157e-05,1.4659981020084854e-05,7.473546627321816e-05
TBPH,0.00014628916428108325,0.5021693135279655,7.346192920361135e-05,1.4564369756769895e-05,7.42480473376121e-05
AEP,0.0008355350649597759,0.09037607261034646,7.551237769929525e-05,1.4491755737308141e-05,7.387786659897323e-05
ITRN,8.020250589865026e-05,0.9489180752982119,7.610560753144069e-05,1.4410741859656946e-05,7.34648640232831e-05
KO,0.0006789841737067931,0.05304215426619432,3.60147832860602e-05,1.4396618851524048e-05,7.339286600387594e-05
INSW,0.00011600102232724973,0.6468629603036365,7.503676470085299e-05,1.4272214915073127e-05,7.275866421438211e-05
SXT,0.00011114032849466084,0.5463174412422335,6.07178998820244e-05,1.3878015415961449e-05,7.0749065202595e-05
HHH,7.092913998536527e-05,0.8891646759910884,6.306768577341387e-05,1.3796636307933295e-05,7.033420071027061e-05
CMS,0.0003887801570774953,0.11649096445923678,4.5289375460571e-05,1.3668251141905593e-05,6.967970291573054e-05
UE,8.334920303551363e-05,0.7304349419068424,6.088117027722701e-05,1.3650057015489301e-05,6.95869506454996e-05
ENSG,0.00012342229325989145,0.49997028192873993,6.170747875743955e-05,1.3509534722916027e-05,6.88705787045771e-05
CNMD,5.9922628250704376e-05,0.9699316646321017,5.81208545683363e-05,1.3384102970713095e-05,6.823113718869043e-05
JPM,7.412885903193714e-05,0.9984389654469339,7.401314132160893e-05,1.3314561438750364e-05,6.787661975722389e-05
T,0.00041914273107039656,0.12520695013491814,5.247958302854455e-05,1.2984518246294625e-05,6.619408470859814e-05
CTO,0.00011250012171111076,0.4930149162599485,5.546423808463729e-05,1.2492297747915661e-05,6.36847821109216e-05
CWT,0.0005534467115670227,-0.0026406041354755153,-1.4614336753292048e-06,1.2346641979128876e-05,6.29422400993903e-05
ANDE,6.923321773293413e-05,0.7868572055106617,5.4476656233847744e-05,1.2178336548044886e-05,6.20842318351815e-05
NPK,8.00231468915571e-05,0.659019316671716,5.273679958239431e-05,1.2104933697252355e-05,6.171002969452065e-05
TNDM,4.222617593727215e-05,1.2701535267955038,5.363372628981366e-05,1.189571309332992e-05,6.0643438996573273e-05
SPB,5.102739561642126e-05,0.9525969061394742,4.8608539192557864e-05,1.1769472814751574e-05,5.999987567482765e-05
CVI,6.363144966664081e-05,0.9082764693462714,5.779494844260149e-05,1.1660748609686487e-05,5.944560796127523e-05
SBGI,5.5888557422765604e-05,0.9524231543228757,5.3229556151145585e-05,1.151621800814037e-05,5.870880196660859e-05
AGM,6.894694830070092e-05,0.7421550709366705,5.116932730697365e-05,1.1390419425585867e-05,5.8067490377538995e-05
SPNT,8.187188001313535e-05,0.6032670646226566,4.939060873066251e-05,1.1193059829411458e-05,5.706136619338209e-05
VHC,9.474399407292811e-05,0.5724011317931306,5.4231569437945706e-05,1.0904836075391378e-05,5.559202345561207e-05
MYRG,4.449403340891246e-05,1.3929251068427755,6.197685623997541e-05,1.079921314893944e-05,5.505356582413816e-05
EXC,0.0009705077241078379,0.00880537684860747,8.54568624525388e-06,1.0754658589006361e-05,5.482643007228182e-05
MFA,6.078137376809219e-05,0.8227010395078929,5.000489938172721e-05,1.0582520691785515e-05,5.394888418770899e-05
PGNY,8.250167928807245e-05,0.5949425368834754,4.90837583727927e-05,1.0364879311293755e-05,5.283936501240351e-05
MTUS,3.683460586278053e-05,1.2711244365866061,4.68213676242166e-05,1.034420955331983e-05,5.273399216111404e-05
HIW,6.48945999644132e-05,0.6913649305326516,4.486585059634074e-05,1.0290900291444954e-05,5.246222560579302e-05
ASH,3.8578639677855745e-05,1.182334250611648,4.5612847033134364e-05,1.0143040102294043e-05,5.170844562720369e-05
TMHC,5.128819613040142e-05,0.7507948149631184,3.8506911723516854e-05,1.006622721838632e-05,5.131685939753741e-05
NTRA,4.6666196777991535e-05,1.199842487776169,5.599208563715761e-05,9.816272477453334e-06,5.004260917270867e-05
RGNX,2.5490211783109402e-05,1.87257105927693,4.773223287989046e-05,9.727118643138112e-06,4.9588109718141514e-05
WMK,0.00013269021003657505,0.22466900908962362,2.9811378004811347e-05,9.622622484372384e-06,4.9055396262481694e-05
HLF,3.833934060393663e-05,0.9124355418884713,3.498217701959959e-05,9.248475318277962e-06,4.714802251659754e-05
MSBI,4.9641801115377914e-05,0.7402688196612238,3.674827751753803e-05,9.119141102267124e-06,4.648868653755306e-05
DK,3.267198372984209e-05,1.390255394686149,4.542240163551105e-05,9.103058112383135e-06,4.640669668051296e-05
UVSP,4.419539870809947e-05,0.8663270118996832,3.828766770250293e-05,8.7789098780003e-06,4.4754213678996676e-05
BTU,3.9818006216628467e-05,1.0362948624405075,4.126319527491627e-05,8.66807502434481e-06,4.418918603974404e-05
NVDA,3.363522345072192e-05,1.7794294036797071,5.985150560755181e-05,8.487421710441865e-06,4.3268229209728955e-05
EBAY,7.930411356676949e-05,0.5943690014040246,4.713590678791214e-05,8.446848919052659e-06,4.306139221053202e-05
SEB,0.00010134858642079316,0.4040213708651444,4.0946994820973406e-05,8.43728105227081e-06,4.3012615954669086e-05
HLX,2.7196547377652304e-05,1.4145561718846142,3.847104394701039e-05,8.415976647974033e-06,4.2904007724780425e-05
ABUS,4.737522356368669e-05,0.8743483101255151,4.1422446664727934e-05,8.388775531321313e-06,4.276533850458102e-05
ADT,5.6740784325034406e-05,0.6933672798287597,3.934220328279943e-05,8.213025292266417e-06,4.186937717656825e-05
OSBC,3.920541117759124e-05,0.867325358462499,3.4003847303273984e-05,7.947369014697668e-06,4.051508171429534e-05
KRNY,3.8018261209670126e-05,0.8560288537785324,3.254472856596676e-05,7.79790249861686e-06,3.975311280340599e-05
AMT,0.0003058686820118731,0.03008074913246375,9.200759091076482e-06,7.751593384380585e-06,3.951703246739422e-05
RYN,5.938173622200123e-05,0.5311182439303963,3.1538723463767296e-05,7.60708266949076e-06,3.8780327853386154e-05
SOC,1.747193621655189e-05,2.400078043203138,4.19340104855919e-05,7.252611494604647e-06,3.6973260811537026e-05
BHE,2.7161871882291214e-05,1.3112022238599597,3.561470681625955e-05,7.023198546323406e-06,3.580373108053517e-05
PD,2.6273223058541748e-05,1.3870221945344887,3.644154350415271e-05,6.955863939244014e-06,3.546046438397479e-05
THG,7.005977402335026e-05,0.434308313342653,3.0427542289248664e-05,6.851803844843235e-06,3.492997395122304e-05
DRH,2.414681954651958e-05,1.1399915654895643,2.7527170616430864e-05,5.790645507072112e-06,2.952026959660042e-05
KLIC,1.7400704025421873e-05,1.6306892140479718,2.8375140371096574e-05,5.54728739296642e-06,2.8279648472729776e-05
XHR,1.9380745198222574e-05,1.3150830758169991,2.548729000690408e-05,5.38340879893682e-06,2.744420788653653e-05
IMKTA,5.532676808631745e-05,0.34421995054071436,1.9044577374249765e-05,5.121747679790291e-06,2.611027943750265e-05
TK,5.335929480495301e-05,0.49263491761238354,2.628665180009291e-05,5.0096650051675e-06,2.553889050203217e-05
NJR,0.00012678295044330412,0.09106431358982293,1.1545402357012027e-05,4.948207167455304e-06,2.5225583127945395e-05
EVTC,2.8304536670814063e-05,0.7362974389677506,2.0840557861889174e-05,4.8756423138050125e-06,2.485565303286735e-05
ADMA,2.12610618699675e-05,1.1685200399773878,2.4843976866256142e-05,4.8666696151874636e-06,2.4809910898959203e-05
CNXC,2.0242984740635782e-05,1.0244966196307252,2.0738869438017712e-05,4.834378344429399e-06,2.464529246095766e-05
POST,0.00010421646945709343,0.15060892868540454,1.5695930816308025e-05,4.830717046093445e-06,2.4626627441001083e-05
VIAV,2.771922766375762e-05,0.9211361014019945,2.5533181304068012e-05,4.755636094290749e-06,2.424387046924758e-05
MITK,2.3029692364353525e-05,1.0308192243578467,2.3739449620222724e-05,4.7374809580642895e-06,2.4151316968033675e-05
PLAB,1.256527849414265e-05,1.7974614359643777,2.2585603525373962e-05,4.517028310858781e-06,2.3027466169216366e-05
CVCO,2.074792425715537e-05,0.8761351760558758,1.8177986271836796e-05,4.458465241496423e-06,2.2728916103620084e-05
MCRI,2.9094804801468235e-05,0.7180198940882625,2.0890648662068894e-05,4.3539042210427e-06,2.2195871988016766e-05
SAIC,3.963844610553313e-05,0.4168014225782078,1.652136072557583e-05,4.27981778944856e-06,2.1818185004512415e-05
ACIC,4.187189936072924e-05,0.4280275444688452,1.7922326265619548e-05,4.27172783014936e-06,2.1776943008391907e-05
CACI,4.6061601807405326e-05,0.4111346613159091,1.8937521058755854e-05,4.26883204493376e-06,2.176218051599724e-05
KDP,8.038246403929839e-05,0.1878316874388896,1.5098373860997279e-05,4.236400795018087e-06,2.1596848474915437e-05
AAMI,1.9635029500334227e-05,1.0794879537857023,2.1195777817837695e-05,4.222389646970187e-06,2.1525420709698807e-05
TRGP,2.0313142275044434e-05,1.0382884811575113,2.1090901640292318e-05,4.197641620848971e-06,2.1399257158124157e-05
ACAD,2.1760625206162325e-05,0.8957520304186617,1.9492124211599413e-05,4.132101914038772e-06,2.1065140726379835e-05
KODK,1.1973652591201498e-05,1.770752065780613,2.1202370060809444e-05,4.0569390258058795e-06,2.0681966048948055e-05
AFL,3.713122516567754e-05,0.48146200046132487,1.7877273947846997e-05,3.869837056565854e-06,1.9728134465357802e-05
SR,7.356316877772292e-05,0.1904534214294494,1.4010357184909377e-05,3.855041580074556e-06,1.9652708253495952e-05
CVNA,9.191636093241526e-06,2.4905516640512873,2.2892244567376557e-05,3.826763837221806e-06,1.9508550474958653e-05
FET,1.2726155184674572e-05,1.524926939998061,1.9406456883706253e-05,3.817020147229135e-06,1.9458877885763188e-05
MCY,2.811422814680869e-05,0.6510634308283332,1.830414583235176e-05,3.8124325444994687e-06,1.9435490636584067e-05
OCFC,1.7767884736985562e-05,0.9694161768224946,1.7224474891951297e-05,3.8117375186252643e-06,1.9431947447632496e-05
OIS,9.963102473686139e-06,1.8947148863748406,1.8877238571371126e-05,3.7300626483603707e-06,1.9015575181959804e-05
MGNI,1.0295271529616908e-05,1.8600308471590892,1.914952262496619e-05,3.493778527998225e-06,1.7811016739214974e-05
NUS,1.5944620706694405e-05,1.0243352119259768,1.6332636430671133e-05,3.4882643656536692e-06,1.778290595971519e-05
NTGR,1.206692506319889e-05,1.5012935123903124,1.8115996311880553e-05,3.255827222976504e-06,1.6597959116101072e-05
KSS,6.814054970647205e-06,2.1647475226527235,1.4750708616928014e-05,3.2058528402517e-06,1.6343193520597397e-05
HWM,1.5444048678198055e-05,1.2069295351507645,1.8639878492023357e-05,3.1747571569033743e-06,1.6184670096116998e-05
ROG,1.0664870129082315e-05,1.245186719104884,1.3279754645711688e-05,2.9570646669229296e-06,1.5074890368532314e-05
CWK,1.0057786775246269e-05,1.3276493416078854,1.3353213990188205e-05,2.9239523337539826e-06,1.4906086216918134e-05
LNC,9.793692103369962e-06,1.47970178967186,1.4491743732851696e-05,2.8512587869137426e-06,1.4535500053763067e-05
M,8.879238188278274e-06,1.5098876185376442,1.3406651802527989e-05,2.7740724268829463e-06,1.4142009871277096e-05
DLX,1.2574956082714792e-05,0.9489256113565593,1.1932697888572018e-05,2.7668910298763666e-06,1.4105399656499567e-05
SGHC,1.3872380936760184e-05,1.0370479811151037,1.4386324643726799e-05,2.6648782528621554e-06,1.358534629179618e-05
VSAT,7.766611570126694e-06,1.8870123188207255,1.4655691708324648e-05,2.6620430998123845e-06,1.3570892897563249e-05
XENE,1.3189429720240647e-05,0.8962123959952434,1.1820530411387743e-05,2.5151679859413563e-06,1.2822134757696315e-05
AORT,1.6568905162591678e-05,0.7314085535859779,1.2118638959474421e-05,2.4431172982626258e-06,1.2454825841566164e-05
SENEA,6.437776919003458e-05,0.1316504807478835,8.475364263344334e-06,2.4107860086895555e-06,1.2290003390694815e-05
TOWN,1.4074988617526128e-05,0.740088116299417,1.0416731812880648e-05,2.4098106824373805e-06,1.228503125177288e-05
CHCT,2.0693761348194267e-05,0.42806437062212893,8.858261927319317e-06,2.3791369473822182e-06,1.2128658887542121e-05
CENX,6.9049764356022355e-06,1.8450319173839762,1.2739901912470367e-05,2.2835840116214335e-06,1.1641537301363167e-05
TVTX,1.0103684642968787e-05,1.2752311916099,1.2884533806903733e-05,2.185422595941986e-06,1.1141117883303085e-05
GBTG,9.313885998515738e-06,1.1287584325916216,1.0513127361021675e-05,2.177016403939999e-06,1.109826375695804e-05
HMN,2.1638522905329732e-05,0.4140183116106673,8.958744719013367e-06,2.1012015375136076e-06,1.0711765344371056e-05
KALU,7.676093466736252e-06,1.2522239741966765,9.612188267221613e-06,1.9822023362092903e-06,1.010511648285928e-05
VVX,9.191582362968925e-06,0.9289536322253863,8.538553821978781e-06,1.946664446533209e-06,9.92394702897872e-06
REX,1.247576924327044e-05,0.7124337418808563,8.888158964825258e-06,1.9178354629842232e-06,9.776979067371912e-06
ASC,1.991531868401333e-05,0.4566854197514269,9.095035672692063e-06,1.8998135038561696e-06,9.685104492858706e-06
HURN,1.2331289924518523e-05,0.7665821508085005,9.452946752580601e-06,1.8526763885859602e-06,9.444803070662654e-06
COHR,4.351721725810286e-06,2.5109297285249124,1.0926867451604786e-05,1.8096060512700308e-06,9.225233772623266e-06
ORN,6.646593578811747e-06,1.3335093031500629,8.863294371602934e-06,1.7376911081803732e-06,8.858616872065614e-06
NLY,1.1289558786079683e-05,0.7173019921073805,8.098023007268338e-06,1.6493125842997372e-06,8.408069891021854e-06
ACMR,4.40937912762955e-06,1.9232477451723993,8.480328464823774e-06,1.596730331335469e-06,8.140009571735154e-06
HCC,1.05203227759108e-05,0.670600855044435,7.054937448869226e-06,1.57373963112629e-06,8.022804733766624e-06
NWPX,8.099451921214241e-06,0.9695229397942997,7.85260443737822e-06,1.5685874594432435e-06,7.996539355078575e-06
RIGL,7.560778765636414e-06,0.9393318839180356,7.102080561812732e-06,1.5400338630837802e-06,7.850975296381765e-06
EG,1.329022968550995e-05,0.4886958416511007,6.494879981896729e-06,1.5315356647806106e-06,7.807652128923395e-06
SITC,7.96545589518543e-06,0.8682466124329378,6.915980097478724e-06,1.501812466663083e-06,7.656125529577785e-06
CENTA,9.513066336446939e-06,0.5939025449913132,5.649834307887025e-06,1.443634583677354e-06,7.359539114781593e-06
CSR,1.2970895909870853e-05,0.43347133615425,5.6225115811694146e-06,1.4275843302018215e-06,7.277716145457562e-06
PMT,1.1166785023464946e-05,0.5781325313077554,6.455881692185322e-06,1.402465932949499e-06,7.149664470075695e-06
TTI,3.88414596143954e-06,1.6009651554389996,6.218382342903816e-06,1.284429104195154e-06,6.5479217104989894e-06
BRC,8.049455184788152e-06,0.7138899814980711,5.746425412937967e-06,1.273202176818842e-06,6.490687690131931e-06
GH,5.939383298020869e-06,1.0441909245211956,6.201850137046159e-06,1.235390296032559e-06,6.297925602830549e-06
GBX,4.7002195551386765e-06,1.107124639654732,5.203728881281032e-06,1.1862447781418172e-06,6.047385497098399e-06
XERS,6.519451193839538e-06,0.9190631150705941,5.99178712276087e-06,1.1821342552850877e-06,6.026430364762039e-06
BLX,7.537863752854933e-06,0.7764234882266241,5.8525744687686585e-06,1.1551570687600504e-06,5.888902723291971e-06
RCUS,4.246419876340896e-06,1.389222653667393,5.899222689196263e-06,1.0854214410322791e-06,5.533395806403726e-06
VRDN,5.414149785762786e-06,0.9436470539319904,5.109046494881571e-06,1.0577991338266798e-06,5.392579388856919e-06
CRAI,7.191045994297536e-06,0.6888835743401309,4.953793467795967e-06,1.0531900209657655e-06,5.369082482667587e-06
CPS,3.2759880406034795e-06,1.4815359887767636,4.853494180956329e-06,1.050868872610065e-06,5.357249445202196e-06
SCHL,6.927958559955122e-06,0.593578535643192,4.112287497014878e-06,1.0506974037781765e-06,5.35637531016171e-06
DAVE,2.3036075083667373e-06,2.323403623225012,5.352210031427619e-06,1.006105280735608e-06,5.129048064435181e-06
ARDX,6.382968620644276e-06,0.6969097607495789,4.448353134285272e-06,1.0015091917161304e-06,5.105617552797188e-06
TEN,7.078755018121131e-06,0.7709098149771786,5.457081721288536e-06,1.0005483379507222e-06,5.100719193510107e-06
LADR,7.4994925196428154e-06,0.6053319087256317,4.539682121388983e-06,9.914808756185663e-07,5.054493961405093e-06
NOMD,1.7710495614826558e-05,0.1444710347230177,2.5586536269314604e-06,9.331603213959696e-07,4.757180219513697e-06
AMRC,2.6103071846203543e-06,1.6706194659413827,4.36082999471341e-06,8.957311482629839e-07,4.566369146669723e-06
OPLN,4.6630581887256114e-06,0.931500685285583,4.343641898324456e-06,8.691826336499811e-07,4.4310268419460145e-06
DGICA,1.0538601963330771e-05,0.29635129063003646,3.12312829326931e-06,8.108994976355378e-07,4.133903855228832e-06
QURE,3.656103559073044e-06,0.9894772046046983,3.617631129376884e-06,7.458509472513218e-07,3.8022913015221858e-06
INVA,2.813653728411645e-05,0.07047627379370106,1.9829583052420686e-06,7.35754908523607e-07,3.7508224653214776e-06
ARQT,3.1122893828344326e-06,1.1909670731592366,3.7066341770988907e-06,7.003428584021627e-07,3.5702945319025438e-06
SO,3.833719098287783e-05,0.033176840455799515,1.2719068687624535e-06,6.908984737306298e-07,3.5221477784296964e-06
PARR,3.431085189246048e-06,0.9383985623778515,3.21972540898443e-06,6.888245751031382e-07,3.5115752012403656e-06
OGS,1.328707087868219e-05,0.17169377500988398,2.2813073579848414e-06,6.749906090702741e-07,3.441050696436609e-06
NEXA,5.3089148876481035e-06,0.6008325712371787,3.189768982424948e-06,5.190471785862349e-07,2.64606296940595e-06
PTCT,2.5680386353136015e-06,0.9697592835228807,2.4903793070407943e-06,5.149283415390997e-07,2.6250654519603734e-06
UVE,4.692424564063998e-06,0.4848594837099026,2.275166551479735e-06,4.6463141377553414e-07,2.36865554642431e-06
HCI,6.46730414421851e-06,0.3142545779560292,2.0323799343546663e-06,4.4314183423544484e-07,2.2591033072540382e-06
CVS,6.503054873081085e-06,0.32292160545947135,2.0999769200063827e-06,4.374926278115013e-07,2.230304083326759e-06
AXGN,2.9702291568138215e-06,0.6980879310882501,2.073481126938158e-06,4.1398509231267554e-07,2.1104644584301098e-06
HRTG,3.731199254165271e-06,0.38101458551349876,1.4216413372940564e-06,3.966387927766253e-07,2.022034345037363e-06
ZYME,2.8574678613094537e-06,0.7451112680225074,2.129131501473849e-06,3.9054075369057535e-07,1.990947006395937e-06
NWN,6.639671653397491e-06,0.10687269844016284,7.095996263552475e-07,2.9393629846743785e-07,1.4984648541148409e-06
FBRX,1.7672191070213759e-06,0.9021166951145979,1.5942378603694944e-06,2.893328038520001e-07,1.4749965893128858e-06
ALHC,1.9958327139676582e-05,0.09359949919588255,1.868089425061319e-06,2.430014861320101e-07,1.23880306163286e-06
INSM,2.12109315512654e-06,0.5830400620479942,1.2366822847745537e-06,2.2988476768966352e-07,1.171935030397331e-06
PTGX,4.286269332916344e-06,-0.1201411451382747,-5.149573060276383e-07,4.455619048207364e-08,2.2714406427088435e-07
MO,0.001842073709945644,-0.017670255789131183,-3.254991363717337e-05,-5.578251195185506e-06,-2.8437499577261543e-05
KR,0.0011407208756584021,-0.23246897152599164,-0.00026518220876253735,-3.547620299056236e-05,-0.00018085497985778894
